{
  "id" : "1ce7d5f0-e5bf-11e8-bc3f-812dc60f5413-763",
  "name" : "CVE-2018-8287",
  "createdDate" : 0,
  "version" : 3,
  "text" : "CVE-2018-8287 | A remote code execution vulnerability exists in the way the scripting engine handles objects in memory in Microsoft browsers, aka \"Scripting Engine Memory Corruption Vulnerability.\" This affects ChakraCore, Internet Explorer 11, Microsoft Edge, Internet Explorer 10. This CVE ID is unique from CVE-2018-8242, CVE-2018-8283, CVE-2018-8288, CVE-2018-8291, CVE-2018-8296, CVE-2018-8298. | CONFIRM:https://portal.msrc.microsoft.com/en-US/security-guidance/advisory/CVE-2018-8287   |   BID:104634   |   URL:http://www.securityfocus.com/bid/104634   |   SECTRACK:1041256   |   URL:http://www.securitytracker.com/id/1041256   |   SECTRACK:1041258   |   URL:http://www.securitytracker.com/id/1041258",
  "docLength" : 0,
  "language" : "EN",
  "status" : "READY",
  "modifiedDate" : 1541946962154,
  "documentSet" : [ ],
  "preannotation" : [ ],
  "sentences" : [ {
    "id" : "s0",
    "begin" : 0,
    "end" : 196,
    "text" : "CVE-2018-8287 | A remote code execution vulnerability exists in the way the scripting engine handles objects in memory in Microsoft browsers, aka \"Scripting Engine Memory Corruption Vulnerability.",
    "tokens" : [ {
      "id" : "s0-t0",
      "begin" : 0,
      "end" : 13,
      "text" : "CVE-2018-8287",
      "whiteSpace" : false
    }, {
      "id" : "s0-t1",
      "begin" : 14,
      "end" : 15,
      "text" : "|",
      "whiteSpace" : false
    }, {
      "id" : "s0-t2",
      "begin" : 16,
      "end" : 17,
      "text" : "A",
      "whiteSpace" : false
    }, {
      "id" : "s0-t3",
      "begin" : 18,
      "end" : 24,
      "text" : "remote",
      "whiteSpace" : false
    }, {
      "id" : "s0-t4",
      "begin" : 25,
      "end" : 29,
      "text" : "code",
      "whiteSpace" : false
    }, {
      "id" : "s0-t5",
      "begin" : 30,
      "end" : 39,
      "text" : "execution",
      "whiteSpace" : false
    }, {
      "id" : "s0-t6",
      "begin" : 40,
      "end" : 53,
      "text" : "vulnerability",
      "whiteSpace" : false
    }, {
      "id" : "s0-t7",
      "begin" : 54,
      "end" : 60,
      "text" : "exists",
      "whiteSpace" : false
    }, {
      "id" : "s0-t8",
      "begin" : 61,
      "end" : 63,
      "text" : "in",
      "whiteSpace" : false
    }, {
      "id" : "s0-t9",
      "begin" : 64,
      "end" : 67,
      "text" : "the",
      "whiteSpace" : false
    }, {
      "id" : "s0-t10",
      "begin" : 68,
      "end" : 71,
      "text" : "way",
      "whiteSpace" : false
    }, {
      "id" : "s0-t11",
      "begin" : 72,
      "end" : 75,
      "text" : "the",
      "whiteSpace" : false
    }, {
      "id" : "s0-t12",
      "begin" : 76,
      "end" : 85,
      "text" : "scripting",
      "whiteSpace" : false
    }, {
      "id" : "s0-t13",
      "begin" : 86,
      "end" : 92,
      "text" : "engine",
      "whiteSpace" : false
    }, {
      "id" : "s0-t14",
      "begin" : 93,
      "end" : 100,
      "text" : "handles",
      "whiteSpace" : false
    }, {
      "id" : "s0-t15",
      "begin" : 101,
      "end" : 108,
      "text" : "objects",
      "whiteSpace" : false
    }, {
      "id" : "s0-t16",
      "begin" : 109,
      "end" : 111,
      "text" : "in",
      "whiteSpace" : false
    }, {
      "id" : "s0-t17",
      "begin" : 112,
      "end" : 118,
      "text" : "memory",
      "whiteSpace" : false
    }, {
      "id" : "s0-t18",
      "begin" : 119,
      "end" : 121,
      "text" : "in",
      "whiteSpace" : false
    }, {
      "id" : "s0-t19",
      "begin" : 122,
      "end" : 131,
      "text" : "Microsoft",
      "whiteSpace" : false
    }, {
      "id" : "s0-t20",
      "begin" : 132,
      "end" : 140,
      "text" : "browsers",
      "whiteSpace" : false
    }, {
      "id" : "s0-t21",
      "begin" : 140,
      "end" : 141,
      "text" : ",",
      "whiteSpace" : false
    }, {
      "id" : "s0-t22",
      "begin" : 142,
      "end" : 145,
      "text" : "aka",
      "whiteSpace" : false
    }, {
      "id" : "s0-t23",
      "begin" : 146,
      "end" : 147,
      "text" : "\"",
      "whiteSpace" : false
    }, {
      "id" : "s0-t24",
      "begin" : 147,
      "end" : 156,
      "text" : "Scripting",
      "whiteSpace" : false
    }, {
      "id" : "s0-t25",
      "begin" : 157,
      "end" : 163,
      "text" : "Engine",
      "whiteSpace" : false
    }, {
      "id" : "s0-t26",
      "begin" : 164,
      "end" : 170,
      "text" : "Memory",
      "whiteSpace" : false
    }, {
      "id" : "s0-t27",
      "begin" : 171,
      "end" : 181,
      "text" : "Corruption",
      "whiteSpace" : false
    }, {
      "id" : "s0-t28",
      "begin" : 182,
      "end" : 195,
      "text" : "Vulnerability",
      "whiteSpace" : false
    }, {
      "id" : "s0-t29",
      "begin" : 195,
      "end" : 196,
      "text" : ".",
      "whiteSpace" : false
    } ]
  }, {
    "id" : "s1",
    "begin" : 196,
    "end" : 282,
    "text" : "\" This affects ChakraCore, Internet Explorer 11, Microsoft Edge, Internet Explorer 10.",
    "tokens" : [ {
      "id" : "s1-t0",
      "begin" : 196,
      "end" : 197,
      "text" : "\"",
      "whiteSpace" : false
    }, {
      "id" : "s1-t1",
      "begin" : 198,
      "end" : 202,
      "text" : "This",
      "whiteSpace" : false
    }, {
      "id" : "s1-t2",
      "begin" : 203,
      "end" : 210,
      "text" : "affects",
      "whiteSpace" : false
    }, {
      "id" : "s1-t3",
      "begin" : 211,
      "end" : 221,
      "text" : "ChakraCore",
      "whiteSpace" : false
    }, {
      "id" : "s1-t4",
      "begin" : 221,
      "end" : 222,
      "text" : ",",
      "whiteSpace" : false
    }, {
      "id" : "s1-t5",
      "begin" : 223,
      "end" : 231,
      "text" : "Internet",
      "whiteSpace" : false
    }, {
      "id" : "s1-t6",
      "begin" : 232,
      "end" : 240,
      "text" : "Explorer",
      "whiteSpace" : false
    }, {
      "id" : "s1-t7",
      "begin" : 241,
      "end" : 243,
      "text" : "11",
      "whiteSpace" : false
    }, {
      "id" : "s1-t8",
      "begin" : 243,
      "end" : 244,
      "text" : ",",
      "whiteSpace" : false
    }, {
      "id" : "s1-t9",
      "begin" : 245,
      "end" : 254,
      "text" : "Microsoft",
      "whiteSpace" : false
    }, {
      "id" : "s1-t10",
      "begin" : 255,
      "end" : 259,
      "text" : "Edge",
      "whiteSpace" : false
    }, {
      "id" : "s1-t11",
      "begin" : 259,
      "end" : 260,
      "text" : ",",
      "whiteSpace" : false
    }, {
      "id" : "s1-t12",
      "begin" : 261,
      "end" : 269,
      "text" : "Internet",
      "whiteSpace" : false
    }, {
      "id" : "s1-t13",
      "begin" : 270,
      "end" : 278,
      "text" : "Explorer",
      "whiteSpace" : false
    }, {
      "id" : "s1-t14",
      "begin" : 279,
      "end" : 281,
      "text" : "10",
      "whiteSpace" : false
    }, {
      "id" : "s1-t15",
      "begin" : 281,
      "end" : 282,
      "text" : ".",
      "whiteSpace" : false
    } ]
  }, {
    "id" : "s2",
    "begin" : 283,
    "end" : 399,
    "text" : "This CVE ID is unique from CVE-2018-8242, CVE-2018-8283, CVE-2018-8288, CVE-2018-8291, CVE-2018-8296, CVE-2018-8298.",
    "tokens" : [ {
      "id" : "s2-t0",
      "begin" : 283,
      "end" : 287,
      "text" : "This",
      "whiteSpace" : false
    }, {
      "id" : "s2-t1",
      "begin" : 288,
      "end" : 291,
      "text" : "CVE",
      "whiteSpace" : false
    }, {
      "id" : "s2-t2",
      "begin" : 292,
      "end" : 294,
      "text" : "ID",
      "whiteSpace" : false
    }, {
      "id" : "s2-t3",
      "begin" : 295,
      "end" : 297,
      "text" : "is",
      "whiteSpace" : false
    }, {
      "id" : "s2-t4",
      "begin" : 298,
      "end" : 304,
      "text" : "unique",
      "whiteSpace" : false
    }, {
      "id" : "s2-t5",
      "begin" : 305,
      "end" : 309,
      "text" : "from",
      "whiteSpace" : false
    }, {
      "id" : "s2-t6",
      "begin" : 310,
      "end" : 323,
      "text" : "CVE-2018-8242",
      "whiteSpace" : false
    }, {
      "id" : "s2-t7",
      "begin" : 323,
      "end" : 324,
      "text" : ",",
      "whiteSpace" : false
    }, {
      "id" : "s2-t8",
      "begin" : 325,
      "end" : 338,
      "text" : "CVE-2018-8283",
      "whiteSpace" : false
    }, {
      "id" : "s2-t9",
      "begin" : 338,
      "end" : 339,
      "text" : ",",
      "whiteSpace" : false
    }, {
      "id" : "s2-t10",
      "begin" : 340,
      "end" : 353,
      "text" : "CVE-2018-8288",
      "whiteSpace" : false
    }, {
      "id" : "s2-t11",
      "begin" : 353,
      "end" : 354,
      "text" : ",",
      "whiteSpace" : false
    }, {
      "id" : "s2-t12",
      "begin" : 355,
      "end" : 368,
      "text" : "CVE-2018-8291",
      "whiteSpace" : false
    }, {
      "id" : "s2-t13",
      "begin" : 368,
      "end" : 369,
      "text" : ",",
      "whiteSpace" : false
    }, {
      "id" : "s2-t14",
      "begin" : 370,
      "end" : 383,
      "text" : "CVE-2018-8296",
      "whiteSpace" : false
    }, {
      "id" : "s2-t15",
      "begin" : 383,
      "end" : 384,
      "text" : ",",
      "whiteSpace" : false
    }, {
      "id" : "s2-t16",
      "begin" : 385,
      "end" : 398,
      "text" : "CVE-2018-8298",
      "whiteSpace" : false
    }, {
      "id" : "s2-t17",
      "begin" : 398,
      "end" : 399,
      "text" : ".",
      "whiteSpace" : false
    } ]
  }, {
    "id" : "s3",
    "begin" : 400,
    "end" : 707,
    "text" : "| CONFIRM:https://portal.msrc.microsoft.com/en-US/security-guidance/advisory/CVE-2018-8287   |   BID:104634   |   URL:http://www.securityfocus.com/bid/104634   |   SECTRACK:1041256   |   URL:http://www.securitytracker.com/id/1041256   |   SECTRACK:1041258   |   URL:http://www.securitytracker.com/id/1041258",
    "tokens" : [ {
      "id" : "s3-t0",
      "begin" : 400,
      "end" : 401,
      "text" : "|",
      "whiteSpace" : false
    }, {
      "id" : "s3-t1",
      "begin" : 402,
      "end" : 490,
      "text" : "CONFIRM:https://portal.msrc.microsoft.com/en-US/security-guidance/advisory/CVE-2018-8287",
      "whiteSpace" : false
    }, {
      "id" : "s3-t2",
      "begin" : 493,
      "end" : 494,
      "text" : "|",
      "whiteSpace" : false
    }, {
      "id" : "s3-t3",
      "begin" : 497,
      "end" : 500,
      "text" : "BID",
      "whiteSpace" : false
    }, {
      "id" : "s3-t4",
      "begin" : 500,
      "end" : 501,
      "text" : ":",
      "whiteSpace" : false
    }, {
      "id" : "s3-t5",
      "begin" : 501,
      "end" : 507,
      "text" : "104634",
      "whiteSpace" : false
    }, {
      "id" : "s3-t6",
      "begin" : 510,
      "end" : 511,
      "text" : "|",
      "whiteSpace" : false
    }, {
      "id" : "s3-t7",
      "begin" : 514,
      "end" : 551,
      "text" : "URL:http://www.securityfocus.com/bid/",
      "whiteSpace" : false
    }, {
      "id" : "s3-t8",
      "begin" : 551,
      "end" : 557,
      "text" : "104634",
      "whiteSpace" : false
    }, {
      "id" : "s3-t9",
      "begin" : 560,
      "end" : 561,
      "text" : "|",
      "whiteSpace" : false
    }, {
      "id" : "s3-t10",
      "begin" : 564,
      "end" : 572,
      "text" : "SECTRACK",
      "whiteSpace" : false
    }, {
      "id" : "s3-t11",
      "begin" : 572,
      "end" : 573,
      "text" : ":",
      "whiteSpace" : false
    }, {
      "id" : "s3-t12",
      "begin" : 573,
      "end" : 580,
      "text" : "1041256",
      "whiteSpace" : false
    }, {
      "id" : "s3-t13",
      "begin" : 583,
      "end" : 584,
      "text" : "|",
      "whiteSpace" : false
    }, {
      "id" : "s3-t14",
      "begin" : 587,
      "end" : 625,
      "text" : "URL:http://www.securitytracker.com/id/",
      "whiteSpace" : false
    }, {
      "id" : "s3-t15",
      "begin" : 625,
      "end" : 632,
      "text" : "1041256",
      "whiteSpace" : false
    }, {
      "id" : "s3-t16",
      "begin" : 635,
      "end" : 636,
      "text" : "|",
      "whiteSpace" : false
    }, {
      "id" : "s3-t17",
      "begin" : 639,
      "end" : 647,
      "text" : "SECTRACK",
      "whiteSpace" : false
    }, {
      "id" : "s3-t18",
      "begin" : 647,
      "end" : 648,
      "text" : ":",
      "whiteSpace" : false
    }, {
      "id" : "s3-t19",
      "begin" : 648,
      "end" : 655,
      "text" : "1041258",
      "whiteSpace" : false
    }, {
      "id" : "s3-t20",
      "begin" : 658,
      "end" : 659,
      "text" : "|",
      "whiteSpace" : false
    }, {
      "id" : "s3-t21",
      "begin" : 662,
      "end" : 700,
      "text" : "URL:http://www.securitytracker.com/id/",
      "whiteSpace" : false
    }, {
      "id" : "s3-t22",
      "begin" : 700,
      "end" : 707,
      "text" : "1041258",
      "whiteSpace" : false
    } ]
  } ],
  "mentions" : [ ],
  "relations" : [ ],
  "corefs" : [ ],
  "typeResolved" : true,
  "userResolved" : false
}