{
  "id" : "1ce7d5f0-e5bf-11e8-bc3f-812dc60f5413-215",
  "name" : "CVE-2018-9245",
  "createdDate" : 0,
  "version" : 3,
  "text" : "CVE-2018-9245 | The Ericsson-LG iPECS NMS A.1Ac login portal has a SQL injection vulnerability in the User ID and password fields that allows users to bypass the login page and execute remote code on the operating system. | EXPLOIT-DB:44515   |   URL:https://www.exploit-db.com/exploits/44515/   |   MISC:https://gist.github.com/berkgoksel/99ba5c1f3f9f6e4e33e7ad966c007693",
  "docLength" : 0,
  "language" : "EN",
  "status" : "READY",
  "modifiedDate" : 1541946962154,
  "documentSet" : [ ],
  "preannotation" : [ ],
  "sentences" : [ {
    "id" : "s0",
    "begin" : 0,
    "end" : 221,
    "text" : "CVE-2018-9245 | The Ericsson-LG iPECS NMS A.1Ac login portal has a SQL injection vulnerability in the User ID and password fields that allows users to bypass the login page and execute remote code on the operating system.",
    "tokens" : [ {
      "id" : "s0-t0",
      "begin" : 0,
      "end" : 13,
      "text" : "CVE-2018-9245",
      "whiteSpace" : false
    }, {
      "id" : "s0-t1",
      "begin" : 14,
      "end" : 15,
      "text" : "|",
      "whiteSpace" : false
    }, {
      "id" : "s0-t2",
      "begin" : 16,
      "end" : 19,
      "text" : "The",
      "whiteSpace" : false
    }, {
      "id" : "s0-t3",
      "begin" : 20,
      "end" : 31,
      "text" : "Ericsson-LG",
      "whiteSpace" : false
    }, {
      "id" : "s0-t4",
      "begin" : 32,
      "end" : 37,
      "text" : "iPECS",
      "whiteSpace" : false
    }, {
      "id" : "s0-t5",
      "begin" : 38,
      "end" : 41,
      "text" : "NMS",
      "whiteSpace" : false
    }, {
      "id" : "s0-t6",
      "begin" : 42,
      "end" : 47,
      "text" : "A.1Ac",
      "whiteSpace" : false
    }, {
      "id" : "s0-t7",
      "begin" : 48,
      "end" : 53,
      "text" : "login",
      "whiteSpace" : false
    }, {
      "id" : "s0-t8",
      "begin" : 54,
      "end" : 60,
      "text" : "portal",
      "whiteSpace" : false
    }, {
      "id" : "s0-t9",
      "begin" : 61,
      "end" : 64,
      "text" : "has",
      "whiteSpace" : false
    }, {
      "id" : "s0-t10",
      "begin" : 65,
      "end" : 66,
      "text" : "a",
      "whiteSpace" : false
    }, {
      "id" : "s0-t11",
      "begin" : 67,
      "end" : 70,
      "text" : "SQL",
      "whiteSpace" : false
    }, {
      "id" : "s0-t12",
      "begin" : 71,
      "end" : 80,
      "text" : "injection",
      "whiteSpace" : false
    }, {
      "id" : "s0-t13",
      "begin" : 81,
      "end" : 94,
      "text" : "vulnerability",
      "whiteSpace" : false
    }, {
      "id" : "s0-t14",
      "begin" : 95,
      "end" : 97,
      "text" : "in",
      "whiteSpace" : false
    }, {
      "id" : "s0-t15",
      "begin" : 98,
      "end" : 101,
      "text" : "the",
      "whiteSpace" : false
    }, {
      "id" : "s0-t16",
      "begin" : 102,
      "end" : 106,
      "text" : "User",
      "whiteSpace" : false
    }, {
      "id" : "s0-t17",
      "begin" : 107,
      "end" : 109,
      "text" : "ID",
      "whiteSpace" : false
    }, {
      "id" : "s0-t18",
      "begin" : 110,
      "end" : 113,
      "text" : "and",
      "whiteSpace" : false
    }, {
      "id" : "s0-t19",
      "begin" : 114,
      "end" : 122,
      "text" : "password",
      "whiteSpace" : false
    }, {
      "id" : "s0-t20",
      "begin" : 123,
      "end" : 129,
      "text" : "fields",
      "whiteSpace" : false
    }, {
      "id" : "s0-t21",
      "begin" : 130,
      "end" : 134,
      "text" : "that",
      "whiteSpace" : false
    }, {
      "id" : "s0-t22",
      "begin" : 135,
      "end" : 141,
      "text" : "allows",
      "whiteSpace" : false
    }, {
      "id" : "s0-t23",
      "begin" : 142,
      "end" : 147,
      "text" : "users",
      "whiteSpace" : false
    }, {
      "id" : "s0-t24",
      "begin" : 148,
      "end" : 150,
      "text" : "to",
      "whiteSpace" : false
    }, {
      "id" : "s0-t25",
      "begin" : 151,
      "end" : 157,
      "text" : "bypass",
      "whiteSpace" : false
    }, {
      "id" : "s0-t26",
      "begin" : 158,
      "end" : 161,
      "text" : "the",
      "whiteSpace" : false
    }, {
      "id" : "s0-t27",
      "begin" : 162,
      "end" : 167,
      "text" : "login",
      "whiteSpace" : false
    }, {
      "id" : "s0-t28",
      "begin" : 168,
      "end" : 172,
      "text" : "page",
      "whiteSpace" : false
    }, {
      "id" : "s0-t29",
      "begin" : 173,
      "end" : 176,
      "text" : "and",
      "whiteSpace" : false
    }, {
      "id" : "s0-t30",
      "begin" : 177,
      "end" : 184,
      "text" : "execute",
      "whiteSpace" : false
    }, {
      "id" : "s0-t31",
      "begin" : 185,
      "end" : 191,
      "text" : "remote",
      "whiteSpace" : false
    }, {
      "id" : "s0-t32",
      "begin" : 192,
      "end" : 196,
      "text" : "code",
      "whiteSpace" : false
    }, {
      "id" : "s0-t33",
      "begin" : 197,
      "end" : 199,
      "text" : "on",
      "whiteSpace" : false
    }, {
      "id" : "s0-t34",
      "begin" : 200,
      "end" : 203,
      "text" : "the",
      "whiteSpace" : false
    }, {
      "id" : "s0-t35",
      "begin" : 204,
      "end" : 213,
      "text" : "operating",
      "whiteSpace" : false
    }, {
      "id" : "s0-t36",
      "begin" : 214,
      "end" : 220,
      "text" : "system",
      "whiteSpace" : false
    }, {
      "id" : "s0-t37",
      "begin" : 220,
      "end" : 221,
      "text" : ".",
      "whiteSpace" : false
    } ]
  }, {
    "id" : "s1",
    "begin" : 222,
    "end" : 372,
    "text" : "| EXPLOIT-DB:44515   |   URL:https://www.exploit-db.com/exploits/44515/   |   MISC:https://gist.github.com/berkgoksel/99ba5c1f3f9f6e4e33e7ad966c007693",
    "tokens" : [ {
      "id" : "s1-t0",
      "begin" : 222,
      "end" : 223,
      "text" : "|",
      "whiteSpace" : false
    }, {
      "id" : "s1-t1",
      "begin" : 224,
      "end" : 234,
      "text" : "EXPLOIT-DB",
      "whiteSpace" : false
    }, {
      "id" : "s1-t2",
      "begin" : 234,
      "end" : 235,
      "text" : ":",
      "whiteSpace" : false
    }, {
      "id" : "s1-t3",
      "begin" : 235,
      "end" : 240,
      "text" : "44515",
      "whiteSpace" : false
    }, {
      "id" : "s1-t4",
      "begin" : 243,
      "end" : 244,
      "text" : "|",
      "whiteSpace" : false
    }, {
      "id" : "s1-t5",
      "begin" : 247,
      "end" : 292,
      "text" : "URL:https://www.exploit-db.com/exploits/44515",
      "whiteSpace" : false
    }, {
      "id" : "s1-t6",
      "begin" : 292,
      "end" : 293,
      "text" : "/",
      "whiteSpace" : false
    }, {
      "id" : "s1-t7",
      "begin" : 296,
      "end" : 297,
      "text" : "|",
      "whiteSpace" : false
    }, {
      "id" : "s1-t8",
      "begin" : 300,
      "end" : 372,
      "text" : "MISC:https://gist.github.com/berkgoksel/99ba5c1f3f9f6e4e33e7ad966c007693",
      "whiteSpace" : false
    } ]
  } ],
  "mentions" : [ ],
  "relations" : [ ],
  "corefs" : [ ],
  "typeResolved" : true,
  "userResolved" : false
}