{
  "id" : "1ce7d5f0-e5bf-11e8-bc3f-812dc60f5413-219",
  "name" : "CVE-2018-9240",
  "createdDate" : 0,
  "version" : 3,
  "text" : "CVE-2018-9240 | ncmpc through 0.29 is prone to a NULL pointer dereference flaw. If a user uses the chat screen and another client sends a long chat message, a crash and denial of service could occur. | CONFIRM:https://bugs.debian.org/894724",
  "docLength" : 0,
  "language" : "EN",
  "status" : "READY",
  "modifiedDate" : 1541946962154,
  "documentSet" : [ ],
  "preannotation" : [ ],
  "sentences" : [ {
    "id" : "s0",
    "begin" : 0,
    "end" : 79,
    "text" : "CVE-2018-9240 | ncmpc through 0.29 is prone to a NULL pointer dereference flaw.",
    "tokens" : [ {
      "id" : "s0-t0",
      "begin" : 0,
      "end" : 13,
      "text" : "CVE-2018-9240",
      "whiteSpace" : false
    }, {
      "id" : "s0-t1",
      "begin" : 14,
      "end" : 15,
      "text" : "|",
      "whiteSpace" : false
    }, {
      "id" : "s0-t2",
      "begin" : 16,
      "end" : 21,
      "text" : "ncmpc",
      "whiteSpace" : false
    }, {
      "id" : "s0-t3",
      "begin" : 22,
      "end" : 29,
      "text" : "through",
      "whiteSpace" : false
    }, {
      "id" : "s0-t4",
      "begin" : 30,
      "end" : 34,
      "text" : "0.29",
      "whiteSpace" : false
    }, {
      "id" : "s0-t5",
      "begin" : 35,
      "end" : 37,
      "text" : "is",
      "whiteSpace" : false
    }, {
      "id" : "s0-t6",
      "begin" : 38,
      "end" : 43,
      "text" : "prone",
      "whiteSpace" : false
    }, {
      "id" : "s0-t7",
      "begin" : 44,
      "end" : 46,
      "text" : "to",
      "whiteSpace" : false
    }, {
      "id" : "s0-t8",
      "begin" : 47,
      "end" : 48,
      "text" : "a",
      "whiteSpace" : false
    }, {
      "id" : "s0-t9",
      "begin" : 49,
      "end" : 53,
      "text" : "NULL",
      "whiteSpace" : false
    }, {
      "id" : "s0-t10",
      "begin" : 54,
      "end" : 61,
      "text" : "pointer",
      "whiteSpace" : false
    }, {
      "id" : "s0-t11",
      "begin" : 62,
      "end" : 73,
      "text" : "dereference",
      "whiteSpace" : false
    }, {
      "id" : "s0-t12",
      "begin" : 74,
      "end" : 78,
      "text" : "flaw",
      "whiteSpace" : false
    }, {
      "id" : "s0-t13",
      "begin" : 78,
      "end" : 79,
      "text" : ".",
      "whiteSpace" : false
    } ]
  }, {
    "id" : "s1",
    "begin" : 80,
    "end" : 199,
    "text" : "If a user uses the chat screen and another client sends a long chat message, a crash and denial of service could occur.",
    "tokens" : [ {
      "id" : "s1-t0",
      "begin" : 80,
      "end" : 82,
      "text" : "If",
      "whiteSpace" : false
    }, {
      "id" : "s1-t1",
      "begin" : 83,
      "end" : 84,
      "text" : "a",
      "whiteSpace" : false
    }, {
      "id" : "s1-t2",
      "begin" : 85,
      "end" : 89,
      "text" : "user",
      "whiteSpace" : false
    }, {
      "id" : "s1-t3",
      "begin" : 90,
      "end" : 94,
      "text" : "uses",
      "whiteSpace" : false
    }, {
      "id" : "s1-t4",
      "begin" : 95,
      "end" : 98,
      "text" : "the",
      "whiteSpace" : false
    }, {
      "id" : "s1-t5",
      "begin" : 99,
      "end" : 103,
      "text" : "chat",
      "whiteSpace" : false
    }, {
      "id" : "s1-t6",
      "begin" : 104,
      "end" : 110,
      "text" : "screen",
      "whiteSpace" : false
    }, {
      "id" : "s1-t7",
      "begin" : 111,
      "end" : 114,
      "text" : "and",
      "whiteSpace" : false
    }, {
      "id" : "s1-t8",
      "begin" : 115,
      "end" : 122,
      "text" : "another",
      "whiteSpace" : false
    }, {
      "id" : "s1-t9",
      "begin" : 123,
      "end" : 129,
      "text" : "client",
      "whiteSpace" : false
    }, {
      "id" : "s1-t10",
      "begin" : 130,
      "end" : 135,
      "text" : "sends",
      "whiteSpace" : false
    }, {
      "id" : "s1-t11",
      "begin" : 136,
      "end" : 137,
      "text" : "a",
      "whiteSpace" : false
    }, {
      "id" : "s1-t12",
      "begin" : 138,
      "end" : 142,
      "text" : "long",
      "whiteSpace" : false
    }, {
      "id" : "s1-t13",
      "begin" : 143,
      "end" : 147,
      "text" : "chat",
      "whiteSpace" : false
    }, {
      "id" : "s1-t14",
      "begin" : 148,
      "end" : 155,
      "text" : "message",
      "whiteSpace" : false
    }, {
      "id" : "s1-t15",
      "begin" : 155,
      "end" : 156,
      "text" : ",",
      "whiteSpace" : false
    }, {
      "id" : "s1-t16",
      "begin" : 157,
      "end" : 158,
      "text" : "a",
      "whiteSpace" : false
    }, {
      "id" : "s1-t17",
      "begin" : 159,
      "end" : 164,
      "text" : "crash",
      "whiteSpace" : false
    }, {
      "id" : "s1-t18",
      "begin" : 165,
      "end" : 168,
      "text" : "and",
      "whiteSpace" : false
    }, {
      "id" : "s1-t19",
      "begin" : 169,
      "end" : 175,
      "text" : "denial",
      "whiteSpace" : false
    }, {
      "id" : "s1-t20",
      "begin" : 176,
      "end" : 178,
      "text" : "of",
      "whiteSpace" : false
    }, {
      "id" : "s1-t21",
      "begin" : 179,
      "end" : 186,
      "text" : "service",
      "whiteSpace" : false
    }, {
      "id" : "s1-t22",
      "begin" : 187,
      "end" : 192,
      "text" : "could",
      "whiteSpace" : false
    }, {
      "id" : "s1-t23",
      "begin" : 193,
      "end" : 198,
      "text" : "occur",
      "whiteSpace" : false
    }, {
      "id" : "s1-t24",
      "begin" : 198,
      "end" : 199,
      "text" : ".",
      "whiteSpace" : false
    } ]
  }, {
    "id" : "s2",
    "begin" : 200,
    "end" : 240,
    "text" : "| CONFIRM:https://bugs.debian.org/894724",
    "tokens" : [ {
      "id" : "s2-t0",
      "begin" : 200,
      "end" : 201,
      "text" : "|",
      "whiteSpace" : false
    }, {
      "id" : "s2-t1",
      "begin" : 202,
      "end" : 234,
      "text" : "CONFIRM:https://bugs.debian.org/",
      "whiteSpace" : false
    }, {
      "id" : "s2-t2",
      "begin" : 234,
      "end" : 240,
      "text" : "894724",
      "whiteSpace" : false
    } ]
  } ],
  "mentions" : [ ],
  "relations" : [ ],
  "corefs" : [ ],
  "typeResolved" : true,
  "userResolved" : false
}