{
  "id" : "1ce7d5f0-e5bf-11e8-bc3f-812dc60f5413-210",
  "name" : "CVE-2018-9250",
  "createdDate" : 0,
  "version" : 3,
  "text" : "CVE-2018-9250 | interface\\super\\edit_list.php in OpenEMR before v5_0_1_1 allows remote authenticated users to execute arbitrary SQL commands via the newlistname parameter. | MISC:https://github.com/openemr/openemr/commit/2a5dd0601e1f616251006d7471997ecd7aaf9651   |   MISC:https://github.com/openemr/openemr/pull/1578",
  "docLength" : 0,
  "language" : "EN",
  "status" : "READY",
  "modifiedDate" : 1541946962154,
  "documentSet" : [ ],
  "preannotation" : [ ],
  "sentences" : [ {
    "id" : "s0",
    "begin" : 0,
    "end" : 171,
    "text" : "CVE-2018-9250 | interface\\super\\edit_list.php in OpenEMR before v5_0_1_1 allows remote authenticated users to execute arbitrary SQL commands via the newlistname parameter.",
    "tokens" : [ {
      "id" : "s0-t0",
      "begin" : 0,
      "end" : 13,
      "text" : "CVE-2018-9250",
      "whiteSpace" : false
    }, {
      "id" : "s0-t1",
      "begin" : 14,
      "end" : 15,
      "text" : "|",
      "whiteSpace" : false
    }, {
      "id" : "s0-t2",
      "begin" : 16,
      "end" : 45,
      "text" : "interface\\super\\edit_list.php",
      "whiteSpace" : false
    }, {
      "id" : "s0-t3",
      "begin" : 46,
      "end" : 48,
      "text" : "in",
      "whiteSpace" : false
    }, {
      "id" : "s0-t4",
      "begin" : 49,
      "end" : 56,
      "text" : "OpenEMR",
      "whiteSpace" : false
    }, {
      "id" : "s0-t5",
      "begin" : 57,
      "end" : 63,
      "text" : "before",
      "whiteSpace" : false
    }, {
      "id" : "s0-t6",
      "begin" : 64,
      "end" : 72,
      "text" : "v5_0_1_1",
      "whiteSpace" : false
    }, {
      "id" : "s0-t7",
      "begin" : 73,
      "end" : 79,
      "text" : "allows",
      "whiteSpace" : false
    }, {
      "id" : "s0-t8",
      "begin" : 80,
      "end" : 86,
      "text" : "remote",
      "whiteSpace" : false
    }, {
      "id" : "s0-t9",
      "begin" : 87,
      "end" : 100,
      "text" : "authenticated",
      "whiteSpace" : false
    }, {
      "id" : "s0-t10",
      "begin" : 101,
      "end" : 106,
      "text" : "users",
      "whiteSpace" : false
    }, {
      "id" : "s0-t11",
      "begin" : 107,
      "end" : 109,
      "text" : "to",
      "whiteSpace" : false
    }, {
      "id" : "s0-t12",
      "begin" : 110,
      "end" : 117,
      "text" : "execute",
      "whiteSpace" : false
    }, {
      "id" : "s0-t13",
      "begin" : 118,
      "end" : 127,
      "text" : "arbitrary",
      "whiteSpace" : false
    }, {
      "id" : "s0-t14",
      "begin" : 128,
      "end" : 131,
      "text" : "SQL",
      "whiteSpace" : false
    }, {
      "id" : "s0-t15",
      "begin" : 132,
      "end" : 140,
      "text" : "commands",
      "whiteSpace" : false
    }, {
      "id" : "s0-t16",
      "begin" : 141,
      "end" : 144,
      "text" : "via",
      "whiteSpace" : false
    }, {
      "id" : "s0-t17",
      "begin" : 145,
      "end" : 148,
      "text" : "the",
      "whiteSpace" : false
    }, {
      "id" : "s0-t18",
      "begin" : 149,
      "end" : 160,
      "text" : "newlistname",
      "whiteSpace" : false
    }, {
      "id" : "s0-t19",
      "begin" : 161,
      "end" : 170,
      "text" : "parameter",
      "whiteSpace" : false
    }, {
      "id" : "s0-t20",
      "begin" : 170,
      "end" : 171,
      "text" : ".",
      "whiteSpace" : false
    } ]
  }, {
    "id" : "s1",
    "begin" : 172,
    "end" : 317,
    "text" : "| MISC:https://github.com/openemr/openemr/commit/2a5dd0601e1f616251006d7471997ecd7aaf9651   |   MISC:https://github.com/openemr/openemr/pull/1578",
    "tokens" : [ {
      "id" : "s1-t0",
      "begin" : 172,
      "end" : 173,
      "text" : "|",
      "whiteSpace" : false
    }, {
      "id" : "s1-t1",
      "begin" : 174,
      "end" : 261,
      "text" : "MISC:https://github.com/openemr/openemr/commit/2a5dd0601e1f616251006d7471997ecd7aaf9651",
      "whiteSpace" : false
    }, {
      "id" : "s1-t2",
      "begin" : 264,
      "end" : 265,
      "text" : "|",
      "whiteSpace" : false
    }, {
      "id" : "s1-t3",
      "begin" : 268,
      "end" : 313,
      "text" : "MISC:https://github.com/openemr/openemr/pull/",
      "whiteSpace" : false
    }, {
      "id" : "s1-t4",
      "begin" : 313,
      "end" : 317,
      "text" : "1578",
      "whiteSpace" : false
    } ]
  } ],
  "mentions" : [ ],
  "relations" : [ ],
  "corefs" : [ ],
  "typeResolved" : true,
  "userResolved" : false
}