{
  "id" : "1ce7d5f0-e5bf-11e8-bc3f-812dc60f5413-772",
  "name" : "CVE-2018-8276",
  "createdDate" : 0,
  "version" : 3,
  "text" : "CVE-2018-8276 | A security feature bypass vulnerability exists in the Microsoft Chakra scripting engine that allows Control Flow Guard (CFG) to be bypassed, aka \"Scripting Engine Security Feature Bypass Vulnerability.\" This affects Microsoft Edge, ChakraCore. | CONFIRM:https://portal.msrc.microsoft.com/en-US/security-guidance/advisory/CVE-2018-8276   |   BID:104626   |   URL:http://www.securityfocus.com/bid/104626   |   SECTRACK:1041256   |   URL:http://www.securitytracker.com/id/1041256",
  "docLength" : 0,
  "language" : "EN",
  "status" : "READY",
  "modifiedDate" : 1541946962154,
  "documentSet" : [ ],
  "preannotation" : [ ],
  "sentences" : [ {
    "id" : "s0",
    "begin" : 0,
    "end" : 217,
    "text" : "CVE-2018-8276 | A security feature bypass vulnerability exists in the Microsoft Chakra scripting engine that allows Control Flow Guard (CFG) to be bypassed, aka \"Scripting Engine Security Feature Bypass Vulnerability.",
    "tokens" : [ {
      "id" : "s0-t0",
      "begin" : 0,
      "end" : 13,
      "text" : "CVE-2018-8276",
      "whiteSpace" : false
    }, {
      "id" : "s0-t1",
      "begin" : 14,
      "end" : 15,
      "text" : "|",
      "whiteSpace" : false
    }, {
      "id" : "s0-t2",
      "begin" : 16,
      "end" : 17,
      "text" : "A",
      "whiteSpace" : false
    }, {
      "id" : "s0-t3",
      "begin" : 18,
      "end" : 26,
      "text" : "security",
      "whiteSpace" : false
    }, {
      "id" : "s0-t4",
      "begin" : 27,
      "end" : 34,
      "text" : "feature",
      "whiteSpace" : false
    }, {
      "id" : "s0-t5",
      "begin" : 35,
      "end" : 41,
      "text" : "bypass",
      "whiteSpace" : false
    }, {
      "id" : "s0-t6",
      "begin" : 42,
      "end" : 55,
      "text" : "vulnerability",
      "whiteSpace" : false
    }, {
      "id" : "s0-t7",
      "begin" : 56,
      "end" : 62,
      "text" : "exists",
      "whiteSpace" : false
    }, {
      "id" : "s0-t8",
      "begin" : 63,
      "end" : 65,
      "text" : "in",
      "whiteSpace" : false
    }, {
      "id" : "s0-t9",
      "begin" : 66,
      "end" : 69,
      "text" : "the",
      "whiteSpace" : false
    }, {
      "id" : "s0-t10",
      "begin" : 70,
      "end" : 79,
      "text" : "Microsoft",
      "whiteSpace" : false
    }, {
      "id" : "s0-t11",
      "begin" : 80,
      "end" : 86,
      "text" : "Chakra",
      "whiteSpace" : false
    }, {
      "id" : "s0-t12",
      "begin" : 87,
      "end" : 96,
      "text" : "scripting",
      "whiteSpace" : false
    }, {
      "id" : "s0-t13",
      "begin" : 97,
      "end" : 103,
      "text" : "engine",
      "whiteSpace" : false
    }, {
      "id" : "s0-t14",
      "begin" : 104,
      "end" : 108,
      "text" : "that",
      "whiteSpace" : false
    }, {
      "id" : "s0-t15",
      "begin" : 109,
      "end" : 115,
      "text" : "allows",
      "whiteSpace" : false
    }, {
      "id" : "s0-t16",
      "begin" : 116,
      "end" : 123,
      "text" : "Control",
      "whiteSpace" : false
    }, {
      "id" : "s0-t17",
      "begin" : 124,
      "end" : 128,
      "text" : "Flow",
      "whiteSpace" : false
    }, {
      "id" : "s0-t18",
      "begin" : 129,
      "end" : 134,
      "text" : "Guard",
      "whiteSpace" : false
    }, {
      "id" : "s0-t19",
      "begin" : 135,
      "end" : 136,
      "text" : "(",
      "whiteSpace" : false
    }, {
      "id" : "s0-t20",
      "begin" : 136,
      "end" : 139,
      "text" : "CFG",
      "whiteSpace" : false
    }, {
      "id" : "s0-t21",
      "begin" : 139,
      "end" : 140,
      "text" : ")",
      "whiteSpace" : false
    }, {
      "id" : "s0-t22",
      "begin" : 141,
      "end" : 143,
      "text" : "to",
      "whiteSpace" : false
    }, {
      "id" : "s0-t23",
      "begin" : 144,
      "end" : 146,
      "text" : "be",
      "whiteSpace" : false
    }, {
      "id" : "s0-t24",
      "begin" : 147,
      "end" : 155,
      "text" : "bypassed",
      "whiteSpace" : false
    }, {
      "id" : "s0-t25",
      "begin" : 155,
      "end" : 156,
      "text" : ",",
      "whiteSpace" : false
    }, {
      "id" : "s0-t26",
      "begin" : 157,
      "end" : 160,
      "text" : "aka",
      "whiteSpace" : false
    }, {
      "id" : "s0-t27",
      "begin" : 161,
      "end" : 162,
      "text" : "\"",
      "whiteSpace" : false
    }, {
      "id" : "s0-t28",
      "begin" : 162,
      "end" : 171,
      "text" : "Scripting",
      "whiteSpace" : false
    }, {
      "id" : "s0-t29",
      "begin" : 172,
      "end" : 178,
      "text" : "Engine",
      "whiteSpace" : false
    }, {
      "id" : "s0-t30",
      "begin" : 179,
      "end" : 187,
      "text" : "Security",
      "whiteSpace" : false
    }, {
      "id" : "s0-t31",
      "begin" : 188,
      "end" : 195,
      "text" : "Feature",
      "whiteSpace" : false
    }, {
      "id" : "s0-t32",
      "begin" : 196,
      "end" : 202,
      "text" : "Bypass",
      "whiteSpace" : false
    }, {
      "id" : "s0-t33",
      "begin" : 203,
      "end" : 216,
      "text" : "Vulnerability",
      "whiteSpace" : false
    }, {
      "id" : "s0-t34",
      "begin" : 216,
      "end" : 217,
      "text" : ".",
      "whiteSpace" : false
    } ]
  }, {
    "id" : "s1",
    "begin" : 217,
    "end" : 259,
    "text" : "\" This affects Microsoft Edge, ChakraCore.",
    "tokens" : [ {
      "id" : "s1-t0",
      "begin" : 217,
      "end" : 218,
      "text" : "\"",
      "whiteSpace" : false
    }, {
      "id" : "s1-t1",
      "begin" : 219,
      "end" : 223,
      "text" : "This",
      "whiteSpace" : false
    }, {
      "id" : "s1-t2",
      "begin" : 224,
      "end" : 231,
      "text" : "affects",
      "whiteSpace" : false
    }, {
      "id" : "s1-t3",
      "begin" : 232,
      "end" : 241,
      "text" : "Microsoft",
      "whiteSpace" : false
    }, {
      "id" : "s1-t4",
      "begin" : 242,
      "end" : 246,
      "text" : "Edge",
      "whiteSpace" : false
    }, {
      "id" : "s1-t5",
      "begin" : 246,
      "end" : 247,
      "text" : ",",
      "whiteSpace" : false
    }, {
      "id" : "s1-t6",
      "begin" : 248,
      "end" : 258,
      "text" : "ChakraCore",
      "whiteSpace" : false
    }, {
      "id" : "s1-t7",
      "begin" : 258,
      "end" : 259,
      "text" : ".",
      "whiteSpace" : false
    } ]
  }, {
    "id" : "s2",
    "begin" : 260,
    "end" : 492,
    "text" : "| CONFIRM:https://portal.msrc.microsoft.com/en-US/security-guidance/advisory/CVE-2018-8276   |   BID:104626   |   URL:http://www.securityfocus.com/bid/104626   |   SECTRACK:1041256   |   URL:http://www.securitytracker.com/id/1041256",
    "tokens" : [ {
      "id" : "s2-t0",
      "begin" : 260,
      "end" : 261,
      "text" : "|",
      "whiteSpace" : false
    }, {
      "id" : "s2-t1",
      "begin" : 262,
      "end" : 350,
      "text" : "CONFIRM:https://portal.msrc.microsoft.com/en-US/security-guidance/advisory/CVE-2018-8276",
      "whiteSpace" : false
    }, {
      "id" : "s2-t2",
      "begin" : 353,
      "end" : 354,
      "text" : "|",
      "whiteSpace" : false
    }, {
      "id" : "s2-t3",
      "begin" : 357,
      "end" : 360,
      "text" : "BID",
      "whiteSpace" : false
    }, {
      "id" : "s2-t4",
      "begin" : 360,
      "end" : 361,
      "text" : ":",
      "whiteSpace" : false
    }, {
      "id" : "s2-t5",
      "begin" : 361,
      "end" : 367,
      "text" : "104626",
      "whiteSpace" : false
    }, {
      "id" : "s2-t6",
      "begin" : 370,
      "end" : 371,
      "text" : "|",
      "whiteSpace" : false
    }, {
      "id" : "s2-t7",
      "begin" : 374,
      "end" : 411,
      "text" : "URL:http://www.securityfocus.com/bid/",
      "whiteSpace" : false
    }, {
      "id" : "s2-t8",
      "begin" : 411,
      "end" : 417,
      "text" : "104626",
      "whiteSpace" : false
    }, {
      "id" : "s2-t9",
      "begin" : 420,
      "end" : 421,
      "text" : "|",
      "whiteSpace" : false
    }, {
      "id" : "s2-t10",
      "begin" : 424,
      "end" : 432,
      "text" : "SECTRACK",
      "whiteSpace" : false
    }, {
      "id" : "s2-t11",
      "begin" : 432,
      "end" : 433,
      "text" : ":",
      "whiteSpace" : false
    }, {
      "id" : "s2-t12",
      "begin" : 433,
      "end" : 440,
      "text" : "1041256",
      "whiteSpace" : false
    }, {
      "id" : "s2-t13",
      "begin" : 443,
      "end" : 444,
      "text" : "|",
      "whiteSpace" : false
    }, {
      "id" : "s2-t14",
      "begin" : 447,
      "end" : 485,
      "text" : "URL:http://www.securitytracker.com/id/",
      "whiteSpace" : false
    }, {
      "id" : "s2-t15",
      "begin" : 485,
      "end" : 492,
      "text" : "1041256",
      "whiteSpace" : false
    } ]
  } ],
  "mentions" : [ ],
  "relations" : [ ],
  "corefs" : [ ],
  "typeResolved" : true,
  "userResolved" : false
}