{
  "id" : "1ce7d5f0-e5bf-11e8-bc3f-812dc60f5413-755",
  "name" : "CVE-2018-8297",
  "createdDate" : 0,
  "version" : 3,
  "text" : "CVE-2018-8297 | An information disclosure vulnerability exists when Microsoft Edge improperly handles objects in memory, aka \"Microsoft Edge Information Disclosure Vulnerability.\" This affects Microsoft Edge. This CVE ID is unique from CVE-2018-8289, CVE-2018-8324, CVE-2018-8325. | CONFIRM:https://portal.msrc.microsoft.com/en-US/security-guidance/advisory/CVE-2018-8297   |   BID:104647   |   URL:http://www.securityfocus.com/bid/104647   |   SECTRACK:1041255   |   URL:http://www.securitytracker.com/id/1041255",
  "docLength" : 0,
  "language" : "EN",
  "status" : "READY",
  "modifiedDate" : 1541946962154,
  "documentSet" : [ ],
  "preannotation" : [ ],
  "sentences" : [ {
    "id" : "s0",
    "begin" : 0,
    "end" : 178,
    "text" : "CVE-2018-8297 | An information disclosure vulnerability exists when Microsoft Edge improperly handles objects in memory, aka \"Microsoft Edge Information Disclosure Vulnerability.",
    "tokens" : [ {
      "id" : "s0-t0",
      "begin" : 0,
      "end" : 13,
      "text" : "CVE-2018-8297",
      "whiteSpace" : false
    }, {
      "id" : "s0-t1",
      "begin" : 14,
      "end" : 15,
      "text" : "|",
      "whiteSpace" : false
    }, {
      "id" : "s0-t2",
      "begin" : 16,
      "end" : 18,
      "text" : "An",
      "whiteSpace" : false
    }, {
      "id" : "s0-t3",
      "begin" : 19,
      "end" : 30,
      "text" : "information",
      "whiteSpace" : false
    }, {
      "id" : "s0-t4",
      "begin" : 31,
      "end" : 41,
      "text" : "disclosure",
      "whiteSpace" : false
    }, {
      "id" : "s0-t5",
      "begin" : 42,
      "end" : 55,
      "text" : "vulnerability",
      "whiteSpace" : false
    }, {
      "id" : "s0-t6",
      "begin" : 56,
      "end" : 62,
      "text" : "exists",
      "whiteSpace" : false
    }, {
      "id" : "s0-t7",
      "begin" : 63,
      "end" : 67,
      "text" : "when",
      "whiteSpace" : false
    }, {
      "id" : "s0-t8",
      "begin" : 68,
      "end" : 77,
      "text" : "Microsoft",
      "whiteSpace" : false
    }, {
      "id" : "s0-t9",
      "begin" : 78,
      "end" : 82,
      "text" : "Edge",
      "whiteSpace" : false
    }, {
      "id" : "s0-t10",
      "begin" : 83,
      "end" : 93,
      "text" : "improperly",
      "whiteSpace" : false
    }, {
      "id" : "s0-t11",
      "begin" : 94,
      "end" : 101,
      "text" : "handles",
      "whiteSpace" : false
    }, {
      "id" : "s0-t12",
      "begin" : 102,
      "end" : 109,
      "text" : "objects",
      "whiteSpace" : false
    }, {
      "id" : "s0-t13",
      "begin" : 110,
      "end" : 112,
      "text" : "in",
      "whiteSpace" : false
    }, {
      "id" : "s0-t14",
      "begin" : 113,
      "end" : 119,
      "text" : "memory",
      "whiteSpace" : false
    }, {
      "id" : "s0-t15",
      "begin" : 119,
      "end" : 120,
      "text" : ",",
      "whiteSpace" : false
    }, {
      "id" : "s0-t16",
      "begin" : 121,
      "end" : 124,
      "text" : "aka",
      "whiteSpace" : false
    }, {
      "id" : "s0-t17",
      "begin" : 125,
      "end" : 126,
      "text" : "\"",
      "whiteSpace" : false
    }, {
      "id" : "s0-t18",
      "begin" : 126,
      "end" : 135,
      "text" : "Microsoft",
      "whiteSpace" : false
    }, {
      "id" : "s0-t19",
      "begin" : 136,
      "end" : 140,
      "text" : "Edge",
      "whiteSpace" : false
    }, {
      "id" : "s0-t20",
      "begin" : 141,
      "end" : 152,
      "text" : "Information",
      "whiteSpace" : false
    }, {
      "id" : "s0-t21",
      "begin" : 153,
      "end" : 163,
      "text" : "Disclosure",
      "whiteSpace" : false
    }, {
      "id" : "s0-t22",
      "begin" : 164,
      "end" : 177,
      "text" : "Vulnerability",
      "whiteSpace" : false
    }, {
      "id" : "s0-t23",
      "begin" : 177,
      "end" : 178,
      "text" : ".",
      "whiteSpace" : false
    } ]
  }, {
    "id" : "s1",
    "begin" : 178,
    "end" : 208,
    "text" : "\" This affects Microsoft Edge.",
    "tokens" : [ {
      "id" : "s1-t0",
      "begin" : 178,
      "end" : 179,
      "text" : "\"",
      "whiteSpace" : false
    }, {
      "id" : "s1-t1",
      "begin" : 180,
      "end" : 184,
      "text" : "This",
      "whiteSpace" : false
    }, {
      "id" : "s1-t2",
      "begin" : 185,
      "end" : 192,
      "text" : "affects",
      "whiteSpace" : false
    }, {
      "id" : "s1-t3",
      "begin" : 193,
      "end" : 202,
      "text" : "Microsoft",
      "whiteSpace" : false
    }, {
      "id" : "s1-t4",
      "begin" : 203,
      "end" : 207,
      "text" : "Edge",
      "whiteSpace" : false
    }, {
      "id" : "s1-t5",
      "begin" : 207,
      "end" : 208,
      "text" : ".",
      "whiteSpace" : false
    } ]
  }, {
    "id" : "s2",
    "begin" : 209,
    "end" : 280,
    "text" : "This CVE ID is unique from CVE-2018-8289, CVE-2018-8324, CVE-2018-8325.",
    "tokens" : [ {
      "id" : "s2-t0",
      "begin" : 209,
      "end" : 213,
      "text" : "This",
      "whiteSpace" : false
    }, {
      "id" : "s2-t1",
      "begin" : 214,
      "end" : 217,
      "text" : "CVE",
      "whiteSpace" : false
    }, {
      "id" : "s2-t2",
      "begin" : 218,
      "end" : 220,
      "text" : "ID",
      "whiteSpace" : false
    }, {
      "id" : "s2-t3",
      "begin" : 221,
      "end" : 223,
      "text" : "is",
      "whiteSpace" : false
    }, {
      "id" : "s2-t4",
      "begin" : 224,
      "end" : 230,
      "text" : "unique",
      "whiteSpace" : false
    }, {
      "id" : "s2-t5",
      "begin" : 231,
      "end" : 235,
      "text" : "from",
      "whiteSpace" : false
    }, {
      "id" : "s2-t6",
      "begin" : 236,
      "end" : 249,
      "text" : "CVE-2018-8289",
      "whiteSpace" : false
    }, {
      "id" : "s2-t7",
      "begin" : 249,
      "end" : 250,
      "text" : ",",
      "whiteSpace" : false
    }, {
      "id" : "s2-t8",
      "begin" : 251,
      "end" : 264,
      "text" : "CVE-2018-8324",
      "whiteSpace" : false
    }, {
      "id" : "s2-t9",
      "begin" : 264,
      "end" : 265,
      "text" : ",",
      "whiteSpace" : false
    }, {
      "id" : "s2-t10",
      "begin" : 266,
      "end" : 279,
      "text" : "CVE-2018-8325",
      "whiteSpace" : false
    }, {
      "id" : "s2-t11",
      "begin" : 279,
      "end" : 280,
      "text" : ".",
      "whiteSpace" : false
    } ]
  }, {
    "id" : "s3",
    "begin" : 281,
    "end" : 513,
    "text" : "| CONFIRM:https://portal.msrc.microsoft.com/en-US/security-guidance/advisory/CVE-2018-8297   |   BID:104647   |   URL:http://www.securityfocus.com/bid/104647   |   SECTRACK:1041255   |   URL:http://www.securitytracker.com/id/1041255",
    "tokens" : [ {
      "id" : "s3-t0",
      "begin" : 281,
      "end" : 282,
      "text" : "|",
      "whiteSpace" : false
    }, {
      "id" : "s3-t1",
      "begin" : 283,
      "end" : 371,
      "text" : "CONFIRM:https://portal.msrc.microsoft.com/en-US/security-guidance/advisory/CVE-2018-8297",
      "whiteSpace" : false
    }, {
      "id" : "s3-t2",
      "begin" : 374,
      "end" : 375,
      "text" : "|",
      "whiteSpace" : false
    }, {
      "id" : "s3-t3",
      "begin" : 378,
      "end" : 381,
      "text" : "BID",
      "whiteSpace" : false
    }, {
      "id" : "s3-t4",
      "begin" : 381,
      "end" : 382,
      "text" : ":",
      "whiteSpace" : false
    }, {
      "id" : "s3-t5",
      "begin" : 382,
      "end" : 388,
      "text" : "104647",
      "whiteSpace" : false
    }, {
      "id" : "s3-t6",
      "begin" : 391,
      "end" : 392,
      "text" : "|",
      "whiteSpace" : false
    }, {
      "id" : "s3-t7",
      "begin" : 395,
      "end" : 432,
      "text" : "URL:http://www.securityfocus.com/bid/",
      "whiteSpace" : false
    }, {
      "id" : "s3-t8",
      "begin" : 432,
      "end" : 438,
      "text" : "104647",
      "whiteSpace" : false
    }, {
      "id" : "s3-t9",
      "begin" : 441,
      "end" : 442,
      "text" : "|",
      "whiteSpace" : false
    }, {
      "id" : "s3-t10",
      "begin" : 445,
      "end" : 453,
      "text" : "SECTRACK",
      "whiteSpace" : false
    }, {
      "id" : "s3-t11",
      "begin" : 453,
      "end" : 454,
      "text" : ":",
      "whiteSpace" : false
    }, {
      "id" : "s3-t12",
      "begin" : 454,
      "end" : 461,
      "text" : "1041255",
      "whiteSpace" : false
    }, {
      "id" : "s3-t13",
      "begin" : 464,
      "end" : 465,
      "text" : "|",
      "whiteSpace" : false
    }, {
      "id" : "s3-t14",
      "begin" : 468,
      "end" : 506,
      "text" : "URL:http://www.securitytracker.com/id/",
      "whiteSpace" : false
    }, {
      "id" : "s3-t15",
      "begin" : 506,
      "end" : 513,
      "text" : "1041255",
      "whiteSpace" : false
    } ]
  } ],
  "mentions" : [ ],
  "relations" : [ ],
  "corefs" : [ ],
  "typeResolved" : true,
  "userResolved" : false
}