{
  "id" : "1ce7d5f0-e5bf-11e8-bc3f-812dc60f5413-234",
  "name" : "CVE-2018-9183",
  "createdDate" : 0,
  "version" : 3,
  "text" : "CVE-2018-9183 | The Joom Sky JS Jobs extension before 1.2.1 for Joomla! has XSS. | EXPLOIT-DB:44401   |   URL:https://www.exploit-db.com/exploits/44401/   |   MISC:https://vel.joomla.org/resolved/2146-js-jobs-1-2-0-xss-cross-site-scripting   |   MISC:https://www.joomsky.com/products/js-jobs.html",
  "docLength" : 0,
  "language" : "EN",
  "status" : "READY",
  "modifiedDate" : 1541946962154,
  "documentSet" : [ ],
  "preannotation" : [ ],
  "sentences" : [ {
    "id" : "s0",
    "begin" : 0,
    "end" : 71,
    "text" : "CVE-2018-9183 | The Joom Sky JS Jobs extension before 1.2.1 for Joomla!",
    "tokens" : [ {
      "id" : "s0-t0",
      "begin" : 0,
      "end" : 13,
      "text" : "CVE-2018-9183",
      "whiteSpace" : false
    }, {
      "id" : "s0-t1",
      "begin" : 14,
      "end" : 15,
      "text" : "|",
      "whiteSpace" : false
    }, {
      "id" : "s0-t2",
      "begin" : 16,
      "end" : 19,
      "text" : "The",
      "whiteSpace" : false
    }, {
      "id" : "s0-t3",
      "begin" : 20,
      "end" : 24,
      "text" : "Joom",
      "whiteSpace" : false
    }, {
      "id" : "s0-t4",
      "begin" : 25,
      "end" : 28,
      "text" : "Sky",
      "whiteSpace" : false
    }, {
      "id" : "s0-t5",
      "begin" : 29,
      "end" : 31,
      "text" : "JS",
      "whiteSpace" : false
    }, {
      "id" : "s0-t6",
      "begin" : 32,
      "end" : 36,
      "text" : "Jobs",
      "whiteSpace" : false
    }, {
      "id" : "s0-t7",
      "begin" : 37,
      "end" : 46,
      "text" : "extension",
      "whiteSpace" : false
    }, {
      "id" : "s0-t8",
      "begin" : 47,
      "end" : 53,
      "text" : "before",
      "whiteSpace" : false
    }, {
      "id" : "s0-t9",
      "begin" : 54,
      "end" : 59,
      "text" : "1.2.1",
      "whiteSpace" : false
    }, {
      "id" : "s0-t10",
      "begin" : 60,
      "end" : 63,
      "text" : "for",
      "whiteSpace" : false
    }, {
      "id" : "s0-t11",
      "begin" : 64,
      "end" : 70,
      "text" : "Joomla",
      "whiteSpace" : false
    }, {
      "id" : "s0-t12",
      "begin" : 70,
      "end" : 71,
      "text" : "!",
      "whiteSpace" : false
    } ]
  }, {
    "id" : "s1",
    "begin" : 72,
    "end" : 80,
    "text" : "has XSS.",
    "tokens" : [ {
      "id" : "s1-t0",
      "begin" : 72,
      "end" : 75,
      "text" : "has",
      "whiteSpace" : false
    }, {
      "id" : "s1-t1",
      "begin" : 76,
      "end" : 79,
      "text" : "XSS",
      "whiteSpace" : false
    }, {
      "id" : "s1-t2",
      "begin" : 79,
      "end" : 80,
      "text" : ".",
      "whiteSpace" : false
    } ]
  }, {
    "id" : "s2",
    "begin" : 81,
    "end" : 296,
    "text" : "| EXPLOIT-DB:44401   |   URL:https://www.exploit-db.com/exploits/44401/   |   MISC:https://vel.joomla.org/resolved/2146-js-jobs-1-2-0-xss-cross-site-scripting   |   MISC:https://www.joomsky.com/products/js-jobs.html",
    "tokens" : [ {
      "id" : "s2-t0",
      "begin" : 81,
      "end" : 82,
      "text" : "|",
      "whiteSpace" : false
    }, {
      "id" : "s2-t1",
      "begin" : 83,
      "end" : 93,
      "text" : "EXPLOIT-DB",
      "whiteSpace" : false
    }, {
      "id" : "s2-t2",
      "begin" : 93,
      "end" : 94,
      "text" : ":",
      "whiteSpace" : false
    }, {
      "id" : "s2-t3",
      "begin" : 94,
      "end" : 99,
      "text" : "44401",
      "whiteSpace" : false
    }, {
      "id" : "s2-t4",
      "begin" : 102,
      "end" : 103,
      "text" : "|",
      "whiteSpace" : false
    }, {
      "id" : "s2-t5",
      "begin" : 106,
      "end" : 151,
      "text" : "URL:https://www.exploit-db.com/exploits/44401",
      "whiteSpace" : false
    }, {
      "id" : "s2-t6",
      "begin" : 151,
      "end" : 152,
      "text" : "/",
      "whiteSpace" : false
    }, {
      "id" : "s2-t7",
      "begin" : 155,
      "end" : 156,
      "text" : "|",
      "whiteSpace" : false
    }, {
      "id" : "s2-t8",
      "begin" : 159,
      "end" : 200,
      "text" : "MISC:https://vel.joomla.org/resolved/2146",
      "whiteSpace" : false
    }, {
      "id" : "s2-t9",
      "begin" : 200,
      "end" : 201,
      "text" : "-",
      "whiteSpace" : false
    }, {
      "id" : "s2-t10",
      "begin" : 201,
      "end" : 203,
      "text" : "js",
      "whiteSpace" : false
    }, {
      "id" : "s2-t11",
      "begin" : 203,
      "end" : 204,
      "text" : "-",
      "whiteSpace" : false
    }, {
      "id" : "s2-t12",
      "begin" : 204,
      "end" : 208,
      "text" : "jobs",
      "whiteSpace" : false
    }, {
      "id" : "s2-t13",
      "begin" : 208,
      "end" : 209,
      "text" : "-",
      "whiteSpace" : false
    }, {
      "id" : "s2-t14",
      "begin" : 209,
      "end" : 210,
      "text" : "1",
      "whiteSpace" : false
    }, {
      "id" : "s2-t15",
      "begin" : 210,
      "end" : 211,
      "text" : "-",
      "whiteSpace" : false
    }, {
      "id" : "s2-t16",
      "begin" : 211,
      "end" : 212,
      "text" : "2",
      "whiteSpace" : false
    }, {
      "id" : "s2-t17",
      "begin" : 212,
      "end" : 213,
      "text" : "-",
      "whiteSpace" : false
    }, {
      "id" : "s2-t18",
      "begin" : 213,
      "end" : 214,
      "text" : "0",
      "whiteSpace" : false
    }, {
      "id" : "s2-t19",
      "begin" : 214,
      "end" : 215,
      "text" : "-",
      "whiteSpace" : false
    }, {
      "id" : "s2-t20",
      "begin" : 215,
      "end" : 218,
      "text" : "xss",
      "whiteSpace" : false
    }, {
      "id" : "s2-t21",
      "begin" : 218,
      "end" : 219,
      "text" : "-",
      "whiteSpace" : false
    }, {
      "id" : "s2-t22",
      "begin" : 219,
      "end" : 224,
      "text" : "cross",
      "whiteSpace" : false
    }, {
      "id" : "s2-t23",
      "begin" : 224,
      "end" : 225,
      "text" : "-",
      "whiteSpace" : false
    }, {
      "id" : "s2-t24",
      "begin" : 225,
      "end" : 229,
      "text" : "site",
      "whiteSpace" : false
    }, {
      "id" : "s2-t25",
      "begin" : 229,
      "end" : 230,
      "text" : "-",
      "whiteSpace" : false
    }, {
      "id" : "s2-t26",
      "begin" : 230,
      "end" : 239,
      "text" : "scripting",
      "whiteSpace" : false
    }, {
      "id" : "s2-t27",
      "begin" : 242,
      "end" : 243,
      "text" : "|",
      "whiteSpace" : false
    }, {
      "id" : "s2-t28",
      "begin" : 246,
      "end" : 296,
      "text" : "MISC:https://www.joomsky.com/products/js-jobs.html",
      "whiteSpace" : false
    } ]
  } ],
  "mentions" : [ ],
  "relations" : [ ],
  "corefs" : [ ],
  "typeResolved" : true,
  "userResolved" : false
}