{
  "id" : "1ce7d5f0-e5bf-11e8-bc3f-812dc60f5413-227",
  "name" : "CVE-2018-9208",
  "createdDate" : 0,
  "version" : 3,
  "text" : "CVE-2018-9208 | Unauthenticated arbitrary file upload vulnerability in jQuery Picture Cut <= v1.1Beta | MISC:http://www.vapidlabs.com/advisory.php?v=207",
  "docLength" : 0,
  "language" : "EN",
  "status" : "READY",
  "modifiedDate" : 1541946962154,
  "documentSet" : [ ],
  "preannotation" : [ ],
  "sentences" : [ {
    "id" : "s0",
    "begin" : 0,
    "end" : 152,
    "text" : "CVE-2018-9208 | Unauthenticated arbitrary file upload vulnerability in jQuery Picture Cut <= v1.1Beta | MISC:http://www.vapidlabs.com/advisory.php?v=207",
    "tokens" : [ {
      "id" : "s0-t0",
      "begin" : 0,
      "end" : 13,
      "text" : "CVE-2018-9208",
      "whiteSpace" : false
    }, {
      "id" : "s0-t1",
      "begin" : 14,
      "end" : 15,
      "text" : "|",
      "whiteSpace" : false
    }, {
      "id" : "s0-t2",
      "begin" : 16,
      "end" : 31,
      "text" : "Unauthenticated",
      "whiteSpace" : false
    }, {
      "id" : "s0-t3",
      "begin" : 32,
      "end" : 41,
      "text" : "arbitrary",
      "whiteSpace" : false
    }, {
      "id" : "s0-t4",
      "begin" : 42,
      "end" : 46,
      "text" : "file",
      "whiteSpace" : false
    }, {
      "id" : "s0-t5",
      "begin" : 47,
      "end" : 53,
      "text" : "upload",
      "whiteSpace" : false
    }, {
      "id" : "s0-t6",
      "begin" : 54,
      "end" : 67,
      "text" : "vulnerability",
      "whiteSpace" : false
    }, {
      "id" : "s0-t7",
      "begin" : 68,
      "end" : 70,
      "text" : "in",
      "whiteSpace" : false
    }, {
      "id" : "s0-t8",
      "begin" : 71,
      "end" : 77,
      "text" : "jQuery",
      "whiteSpace" : false
    }, {
      "id" : "s0-t9",
      "begin" : 78,
      "end" : 85,
      "text" : "Picture",
      "whiteSpace" : false
    }, {
      "id" : "s0-t10",
      "begin" : 86,
      "end" : 89,
      "text" : "Cut",
      "whiteSpace" : false
    }, {
      "id" : "s0-t11",
      "begin" : 90,
      "end" : 91,
      "text" : "<",
      "whiteSpace" : false
    }, {
      "id" : "s0-t12",
      "begin" : 91,
      "end" : 92,
      "text" : "=",
      "whiteSpace" : false
    }, {
      "id" : "s0-t13",
      "begin" : 93,
      "end" : 101,
      "text" : "v1.1Beta",
      "whiteSpace" : false
    }, {
      "id" : "s0-t14",
      "begin" : 102,
      "end" : 103,
      "text" : "|",
      "whiteSpace" : false
    }, {
      "id" : "s0-t15",
      "begin" : 104,
      "end" : 152,
      "text" : "MISC:http://www.vapidlabs.com/advisory.php?v=207",
      "whiteSpace" : false
    } ]
  } ],
  "mentions" : [ ],
  "relations" : [ ],
  "corefs" : [ ],
  "typeResolved" : true,
  "userResolved" : false
}