{
  "id" : "1ce7d5f0-e5bf-11e8-bc3f-812dc60f5413-766",
  "name" : "CVE-2018-8283",
  "createdDate" : 0,
  "version" : 3,
  "text" : "CVE-2018-8283 | A remote code execution vulnerability exists in the way that the ChakraCore scripting engine handles objects in memory, aka \"Scripting Engine Memory Corruption Vulnerability.\" This affects ChakraCore. This CVE ID is unique from CVE-2018-8242, CVE-2018-8287, CVE-2018-8288, CVE-2018-8291, CVE-2018-8296, CVE-2018-8298. | CONFIRM:https://portal.msrc.microsoft.com/en-US/security-guidance/advisory/CVE-2018-8283   |   BID:104633   |   URL:http://www.securityfocus.com/bid/104633",
  "docLength" : 0,
  "language" : "EN",
  "status" : "READY",
  "modifiedDate" : 1541946962154,
  "documentSet" : [ ],
  "preannotation" : [ ],
  "sentences" : [ {
    "id" : "s0",
    "begin" : 0,
    "end" : 190,
    "text" : "CVE-2018-8283 | A remote code execution vulnerability exists in the way that the ChakraCore scripting engine handles objects in memory, aka \"Scripting Engine Memory Corruption Vulnerability.",
    "tokens" : [ {
      "id" : "s0-t0",
      "begin" : 0,
      "end" : 13,
      "text" : "CVE-2018-8283",
      "whiteSpace" : false
    }, {
      "id" : "s0-t1",
      "begin" : 14,
      "end" : 15,
      "text" : "|",
      "whiteSpace" : false
    }, {
      "id" : "s0-t2",
      "begin" : 16,
      "end" : 17,
      "text" : "A",
      "whiteSpace" : false
    }, {
      "id" : "s0-t3",
      "begin" : 18,
      "end" : 24,
      "text" : "remote",
      "whiteSpace" : false
    }, {
      "id" : "s0-t4",
      "begin" : 25,
      "end" : 29,
      "text" : "code",
      "whiteSpace" : false
    }, {
      "id" : "s0-t5",
      "begin" : 30,
      "end" : 39,
      "text" : "execution",
      "whiteSpace" : false
    }, {
      "id" : "s0-t6",
      "begin" : 40,
      "end" : 53,
      "text" : "vulnerability",
      "whiteSpace" : false
    }, {
      "id" : "s0-t7",
      "begin" : 54,
      "end" : 60,
      "text" : "exists",
      "whiteSpace" : false
    }, {
      "id" : "s0-t8",
      "begin" : 61,
      "end" : 63,
      "text" : "in",
      "whiteSpace" : false
    }, {
      "id" : "s0-t9",
      "begin" : 64,
      "end" : 67,
      "text" : "the",
      "whiteSpace" : false
    }, {
      "id" : "s0-t10",
      "begin" : 68,
      "end" : 71,
      "text" : "way",
      "whiteSpace" : false
    }, {
      "id" : "s0-t11",
      "begin" : 72,
      "end" : 76,
      "text" : "that",
      "whiteSpace" : false
    }, {
      "id" : "s0-t12",
      "begin" : 77,
      "end" : 80,
      "text" : "the",
      "whiteSpace" : false
    }, {
      "id" : "s0-t13",
      "begin" : 81,
      "end" : 91,
      "text" : "ChakraCore",
      "whiteSpace" : false
    }, {
      "id" : "s0-t14",
      "begin" : 92,
      "end" : 101,
      "text" : "scripting",
      "whiteSpace" : false
    }, {
      "id" : "s0-t15",
      "begin" : 102,
      "end" : 108,
      "text" : "engine",
      "whiteSpace" : false
    }, {
      "id" : "s0-t16",
      "begin" : 109,
      "end" : 116,
      "text" : "handles",
      "whiteSpace" : false
    }, {
      "id" : "s0-t17",
      "begin" : 117,
      "end" : 124,
      "text" : "objects",
      "whiteSpace" : false
    }, {
      "id" : "s0-t18",
      "begin" : 125,
      "end" : 127,
      "text" : "in",
      "whiteSpace" : false
    }, {
      "id" : "s0-t19",
      "begin" : 128,
      "end" : 134,
      "text" : "memory",
      "whiteSpace" : false
    }, {
      "id" : "s0-t20",
      "begin" : 134,
      "end" : 135,
      "text" : ",",
      "whiteSpace" : false
    }, {
      "id" : "s0-t21",
      "begin" : 136,
      "end" : 139,
      "text" : "aka",
      "whiteSpace" : false
    }, {
      "id" : "s0-t22",
      "begin" : 140,
      "end" : 141,
      "text" : "\"",
      "whiteSpace" : false
    }, {
      "id" : "s0-t23",
      "begin" : 141,
      "end" : 150,
      "text" : "Scripting",
      "whiteSpace" : false
    }, {
      "id" : "s0-t24",
      "begin" : 151,
      "end" : 157,
      "text" : "Engine",
      "whiteSpace" : false
    }, {
      "id" : "s0-t25",
      "begin" : 158,
      "end" : 164,
      "text" : "Memory",
      "whiteSpace" : false
    }, {
      "id" : "s0-t26",
      "begin" : 165,
      "end" : 175,
      "text" : "Corruption",
      "whiteSpace" : false
    }, {
      "id" : "s0-t27",
      "begin" : 176,
      "end" : 189,
      "text" : "Vulnerability",
      "whiteSpace" : false
    }, {
      "id" : "s0-t28",
      "begin" : 189,
      "end" : 190,
      "text" : ".",
      "whiteSpace" : false
    } ]
  }, {
    "id" : "s1",
    "begin" : 190,
    "end" : 216,
    "text" : "\" This affects ChakraCore.",
    "tokens" : [ {
      "id" : "s1-t0",
      "begin" : 190,
      "end" : 191,
      "text" : "\"",
      "whiteSpace" : false
    }, {
      "id" : "s1-t1",
      "begin" : 192,
      "end" : 196,
      "text" : "This",
      "whiteSpace" : false
    }, {
      "id" : "s1-t2",
      "begin" : 197,
      "end" : 204,
      "text" : "affects",
      "whiteSpace" : false
    }, {
      "id" : "s1-t3",
      "begin" : 205,
      "end" : 215,
      "text" : "ChakraCore",
      "whiteSpace" : false
    }, {
      "id" : "s1-t4",
      "begin" : 215,
      "end" : 216,
      "text" : ".",
      "whiteSpace" : false
    } ]
  }, {
    "id" : "s2",
    "begin" : 217,
    "end" : 333,
    "text" : "This CVE ID is unique from CVE-2018-8242, CVE-2018-8287, CVE-2018-8288, CVE-2018-8291, CVE-2018-8296, CVE-2018-8298.",
    "tokens" : [ {
      "id" : "s2-t0",
      "begin" : 217,
      "end" : 221,
      "text" : "This",
      "whiteSpace" : false
    }, {
      "id" : "s2-t1",
      "begin" : 222,
      "end" : 225,
      "text" : "CVE",
      "whiteSpace" : false
    }, {
      "id" : "s2-t2",
      "begin" : 226,
      "end" : 228,
      "text" : "ID",
      "whiteSpace" : false
    }, {
      "id" : "s2-t3",
      "begin" : 229,
      "end" : 231,
      "text" : "is",
      "whiteSpace" : false
    }, {
      "id" : "s2-t4",
      "begin" : 232,
      "end" : 238,
      "text" : "unique",
      "whiteSpace" : false
    }, {
      "id" : "s2-t5",
      "begin" : 239,
      "end" : 243,
      "text" : "from",
      "whiteSpace" : false
    }, {
      "id" : "s2-t6",
      "begin" : 244,
      "end" : 257,
      "text" : "CVE-2018-8242",
      "whiteSpace" : false
    }, {
      "id" : "s2-t7",
      "begin" : 257,
      "end" : 258,
      "text" : ",",
      "whiteSpace" : false
    }, {
      "id" : "s2-t8",
      "begin" : 259,
      "end" : 272,
      "text" : "CVE-2018-8287",
      "whiteSpace" : false
    }, {
      "id" : "s2-t9",
      "begin" : 272,
      "end" : 273,
      "text" : ",",
      "whiteSpace" : false
    }, {
      "id" : "s2-t10",
      "begin" : 274,
      "end" : 287,
      "text" : "CVE-2018-8288",
      "whiteSpace" : false
    }, {
      "id" : "s2-t11",
      "begin" : 287,
      "end" : 288,
      "text" : ",",
      "whiteSpace" : false
    }, {
      "id" : "s2-t12",
      "begin" : 289,
      "end" : 302,
      "text" : "CVE-2018-8291",
      "whiteSpace" : false
    }, {
      "id" : "s2-t13",
      "begin" : 302,
      "end" : 303,
      "text" : ",",
      "whiteSpace" : false
    }, {
      "id" : "s2-t14",
      "begin" : 304,
      "end" : 317,
      "text" : "CVE-2018-8296",
      "whiteSpace" : false
    }, {
      "id" : "s2-t15",
      "begin" : 317,
      "end" : 318,
      "text" : ",",
      "whiteSpace" : false
    }, {
      "id" : "s2-t16",
      "begin" : 319,
      "end" : 332,
      "text" : "CVE-2018-8298",
      "whiteSpace" : false
    }, {
      "id" : "s2-t17",
      "begin" : 332,
      "end" : 333,
      "text" : ".",
      "whiteSpace" : false
    } ]
  }, {
    "id" : "s3",
    "begin" : 334,
    "end" : 491,
    "text" : "| CONFIRM:https://portal.msrc.microsoft.com/en-US/security-guidance/advisory/CVE-2018-8283   |   BID:104633   |   URL:http://www.securityfocus.com/bid/104633",
    "tokens" : [ {
      "id" : "s3-t0",
      "begin" : 334,
      "end" : 335,
      "text" : "|",
      "whiteSpace" : false
    }, {
      "id" : "s3-t1",
      "begin" : 336,
      "end" : 424,
      "text" : "CONFIRM:https://portal.msrc.microsoft.com/en-US/security-guidance/advisory/CVE-2018-8283",
      "whiteSpace" : false
    }, {
      "id" : "s3-t2",
      "begin" : 427,
      "end" : 428,
      "text" : "|",
      "whiteSpace" : false
    }, {
      "id" : "s3-t3",
      "begin" : 431,
      "end" : 434,
      "text" : "BID",
      "whiteSpace" : false
    }, {
      "id" : "s3-t4",
      "begin" : 434,
      "end" : 435,
      "text" : ":",
      "whiteSpace" : false
    }, {
      "id" : "s3-t5",
      "begin" : 435,
      "end" : 441,
      "text" : "104633",
      "whiteSpace" : false
    }, {
      "id" : "s3-t6",
      "begin" : 444,
      "end" : 445,
      "text" : "|",
      "whiteSpace" : false
    }, {
      "id" : "s3-t7",
      "begin" : 448,
      "end" : 485,
      "text" : "URL:http://www.securityfocus.com/bid/",
      "whiteSpace" : false
    }, {
      "id" : "s3-t8",
      "begin" : 485,
      "end" : 491,
      "text" : "104633",
      "whiteSpace" : false
    } ]
  } ],
  "mentions" : [ ],
  "relations" : [ ],
  "corefs" : [ ],
  "typeResolved" : true,
  "userResolved" : false
}