{
  "id" : "1ce7d5f0-e5bf-11e8-bc3f-812dc60f5413-226",
  "name" : "CVE-2018-9232",
  "createdDate" : 0,
  "version" : 3,
  "text" : "CVE-2018-9232 | Due to the lack of firmware authentication in the upgrade process of T&W WIFI Repeater BE126 devices, an attacker can craft a malicious firmware and use it as an update. | MISC:https://www.digitalwhisper.co.il/files/Zines/0x5E/DW94-3-Repeater2.pdf",
  "docLength" : 0,
  "language" : "EN",
  "status" : "READY",
  "modifiedDate" : 1541946962154,
  "documentSet" : [ ],
  "preannotation" : [ ],
  "sentences" : [ {
    "id" : "s0",
    "begin" : 0,
    "end" : 185,
    "text" : "CVE-2018-9232 | Due to the lack of firmware authentication in the upgrade process of T&W WIFI Repeater BE126 devices, an attacker can craft a malicious firmware and use it as an update.",
    "tokens" : [ {
      "id" : "s0-t0",
      "begin" : 0,
      "end" : 13,
      "text" : "CVE-2018-9232",
      "whiteSpace" : false
    }, {
      "id" : "s0-t1",
      "begin" : 14,
      "end" : 15,
      "text" : "|",
      "whiteSpace" : false
    }, {
      "id" : "s0-t2",
      "begin" : 16,
      "end" : 19,
      "text" : "Due",
      "whiteSpace" : false
    }, {
      "id" : "s0-t3",
      "begin" : 20,
      "end" : 22,
      "text" : "to",
      "whiteSpace" : false
    }, {
      "id" : "s0-t4",
      "begin" : 23,
      "end" : 26,
      "text" : "the",
      "whiteSpace" : false
    }, {
      "id" : "s0-t5",
      "begin" : 27,
      "end" : 31,
      "text" : "lack",
      "whiteSpace" : false
    }, {
      "id" : "s0-t6",
      "begin" : 32,
      "end" : 34,
      "text" : "of",
      "whiteSpace" : false
    }, {
      "id" : "s0-t7",
      "begin" : 35,
      "end" : 43,
      "text" : "firmware",
      "whiteSpace" : false
    }, {
      "id" : "s0-t8",
      "begin" : 44,
      "end" : 58,
      "text" : "authentication",
      "whiteSpace" : false
    }, {
      "id" : "s0-t9",
      "begin" : 59,
      "end" : 61,
      "text" : "in",
      "whiteSpace" : false
    }, {
      "id" : "s0-t10",
      "begin" : 62,
      "end" : 65,
      "text" : "the",
      "whiteSpace" : false
    }, {
      "id" : "s0-t11",
      "begin" : 66,
      "end" : 73,
      "text" : "upgrade",
      "whiteSpace" : false
    }, {
      "id" : "s0-t12",
      "begin" : 74,
      "end" : 81,
      "text" : "process",
      "whiteSpace" : false
    }, {
      "id" : "s0-t13",
      "begin" : 82,
      "end" : 84,
      "text" : "of",
      "whiteSpace" : false
    }, {
      "id" : "s0-t14",
      "begin" : 85,
      "end" : 88,
      "text" : "T&W",
      "whiteSpace" : false
    }, {
      "id" : "s0-t15",
      "begin" : 89,
      "end" : 93,
      "text" : "WIFI",
      "whiteSpace" : false
    }, {
      "id" : "s0-t16",
      "begin" : 94,
      "end" : 102,
      "text" : "Repeater",
      "whiteSpace" : false
    }, {
      "id" : "s0-t17",
      "begin" : 103,
      "end" : 108,
      "text" : "BE126",
      "whiteSpace" : false
    }, {
      "id" : "s0-t18",
      "begin" : 109,
      "end" : 116,
      "text" : "devices",
      "whiteSpace" : false
    }, {
      "id" : "s0-t19",
      "begin" : 116,
      "end" : 117,
      "text" : ",",
      "whiteSpace" : false
    }, {
      "id" : "s0-t20",
      "begin" : 118,
      "end" : 120,
      "text" : "an",
      "whiteSpace" : false
    }, {
      "id" : "s0-t21",
      "begin" : 121,
      "end" : 129,
      "text" : "attacker",
      "whiteSpace" : false
    }, {
      "id" : "s0-t22",
      "begin" : 130,
      "end" : 133,
      "text" : "can",
      "whiteSpace" : false
    }, {
      "id" : "s0-t23",
      "begin" : 134,
      "end" : 139,
      "text" : "craft",
      "whiteSpace" : false
    }, {
      "id" : "s0-t24",
      "begin" : 140,
      "end" : 141,
      "text" : "a",
      "whiteSpace" : false
    }, {
      "id" : "s0-t25",
      "begin" : 142,
      "end" : 151,
      "text" : "malicious",
      "whiteSpace" : false
    }, {
      "id" : "s0-t26",
      "begin" : 152,
      "end" : 160,
      "text" : "firmware",
      "whiteSpace" : false
    }, {
      "id" : "s0-t27",
      "begin" : 161,
      "end" : 164,
      "text" : "and",
      "whiteSpace" : false
    }, {
      "id" : "s0-t28",
      "begin" : 165,
      "end" : 168,
      "text" : "use",
      "whiteSpace" : false
    }, {
      "id" : "s0-t29",
      "begin" : 169,
      "end" : 171,
      "text" : "it",
      "whiteSpace" : false
    }, {
      "id" : "s0-t30",
      "begin" : 172,
      "end" : 174,
      "text" : "as",
      "whiteSpace" : false
    }, {
      "id" : "s0-t31",
      "begin" : 175,
      "end" : 177,
      "text" : "an",
      "whiteSpace" : false
    }, {
      "id" : "s0-t32",
      "begin" : 178,
      "end" : 184,
      "text" : "update",
      "whiteSpace" : false
    }, {
      "id" : "s0-t33",
      "begin" : 184,
      "end" : 185,
      "text" : ".",
      "whiteSpace" : false
    } ]
  }, {
    "id" : "s1",
    "begin" : 186,
    "end" : 263,
    "text" : "| MISC:https://www.digitalwhisper.co.il/files/Zines/0x5E/DW94-3-Repeater2.pdf",
    "tokens" : [ {
      "id" : "s1-t0",
      "begin" : 186,
      "end" : 187,
      "text" : "|",
      "whiteSpace" : false
    }, {
      "id" : "s1-t1",
      "begin" : 188,
      "end" : 223,
      "text" : "MISC:https://www.digitalwhisper.co.",
      "whiteSpace" : false
    }, {
      "id" : "s1-t2",
      "begin" : 223,
      "end" : 263,
      "text" : "il/files/Zines/0x5E/DW94-3-Repeater2.pdf",
      "whiteSpace" : false
    } ]
  } ],
  "mentions" : [ ],
  "relations" : [ ],
  "corefs" : [ ],
  "typeResolved" : true,
  "userResolved" : false
}