{
  "id" : "1ce7d5f0-e5bf-11e8-bc3f-812dc60f5413-775",
  "name" : "CVE-2018-8273",
  "createdDate" : 0,
  "version" : 3,
  "text" : "CVE-2018-8273 | A buffer overflow vulnerability exists in the Microsoft SQL Server that could allow remote code execution on an affected system, aka \"Microsoft SQL Server Remote Code Execution Vulnerability.\" This affects Microsoft SQL Server. | CONFIRM:https://portal.msrc.microsoft.com/en-US/security-guidance/advisory/CVE-2018-8273   |   BID:104967   |   URL:http://www.securityfocus.com/bid/104967   |   SECTRACK:1041467   |   URL:http://www.securitytracker.com/id/1041467",
  "docLength" : 0,
  "language" : "EN",
  "status" : "READY",
  "modifiedDate" : 1541946962154,
  "documentSet" : [ ],
  "preannotation" : [ ],
  "sentences" : [ {
    "id" : "s0",
    "begin" : 0,
    "end" : 207,
    "text" : "CVE-2018-8273 | A buffer overflow vulnerability exists in the Microsoft SQL Server that could allow remote code execution on an affected system, aka \"Microsoft SQL Server Remote Code Execution Vulnerability.",
    "tokens" : [ {
      "id" : "s0-t0",
      "begin" : 0,
      "end" : 13,
      "text" : "CVE-2018-8273",
      "whiteSpace" : false
    }, {
      "id" : "s0-t1",
      "begin" : 14,
      "end" : 15,
      "text" : "|",
      "whiteSpace" : false
    }, {
      "id" : "s0-t2",
      "begin" : 16,
      "end" : 17,
      "text" : "A",
      "whiteSpace" : false
    }, {
      "id" : "s0-t3",
      "begin" : 18,
      "end" : 24,
      "text" : "buffer",
      "whiteSpace" : false
    }, {
      "id" : "s0-t4",
      "begin" : 25,
      "end" : 33,
      "text" : "overflow",
      "whiteSpace" : false
    }, {
      "id" : "s0-t5",
      "begin" : 34,
      "end" : 47,
      "text" : "vulnerability",
      "whiteSpace" : false
    }, {
      "id" : "s0-t6",
      "begin" : 48,
      "end" : 54,
      "text" : "exists",
      "whiteSpace" : false
    }, {
      "id" : "s0-t7",
      "begin" : 55,
      "end" : 57,
      "text" : "in",
      "whiteSpace" : false
    }, {
      "id" : "s0-t8",
      "begin" : 58,
      "end" : 61,
      "text" : "the",
      "whiteSpace" : false
    }, {
      "id" : "s0-t9",
      "begin" : 62,
      "end" : 71,
      "text" : "Microsoft",
      "whiteSpace" : false
    }, {
      "id" : "s0-t10",
      "begin" : 72,
      "end" : 75,
      "text" : "SQL",
      "whiteSpace" : false
    }, {
      "id" : "s0-t11",
      "begin" : 76,
      "end" : 82,
      "text" : "Server",
      "whiteSpace" : false
    }, {
      "id" : "s0-t12",
      "begin" : 83,
      "end" : 87,
      "text" : "that",
      "whiteSpace" : false
    }, {
      "id" : "s0-t13",
      "begin" : 88,
      "end" : 93,
      "text" : "could",
      "whiteSpace" : false
    }, {
      "id" : "s0-t14",
      "begin" : 94,
      "end" : 99,
      "text" : "allow",
      "whiteSpace" : false
    }, {
      "id" : "s0-t15",
      "begin" : 100,
      "end" : 106,
      "text" : "remote",
      "whiteSpace" : false
    }, {
      "id" : "s0-t16",
      "begin" : 107,
      "end" : 111,
      "text" : "code",
      "whiteSpace" : false
    }, {
      "id" : "s0-t17",
      "begin" : 112,
      "end" : 121,
      "text" : "execution",
      "whiteSpace" : false
    }, {
      "id" : "s0-t18",
      "begin" : 122,
      "end" : 124,
      "text" : "on",
      "whiteSpace" : false
    }, {
      "id" : "s0-t19",
      "begin" : 125,
      "end" : 127,
      "text" : "an",
      "whiteSpace" : false
    }, {
      "id" : "s0-t20",
      "begin" : 128,
      "end" : 136,
      "text" : "affected",
      "whiteSpace" : false
    }, {
      "id" : "s0-t21",
      "begin" : 137,
      "end" : 143,
      "text" : "system",
      "whiteSpace" : false
    }, {
      "id" : "s0-t22",
      "begin" : 143,
      "end" : 144,
      "text" : ",",
      "whiteSpace" : false
    }, {
      "id" : "s0-t23",
      "begin" : 145,
      "end" : 148,
      "text" : "aka",
      "whiteSpace" : false
    }, {
      "id" : "s0-t24",
      "begin" : 149,
      "end" : 150,
      "text" : "\"",
      "whiteSpace" : false
    }, {
      "id" : "s0-t25",
      "begin" : 150,
      "end" : 159,
      "text" : "Microsoft",
      "whiteSpace" : false
    }, {
      "id" : "s0-t26",
      "begin" : 160,
      "end" : 163,
      "text" : "SQL",
      "whiteSpace" : false
    }, {
      "id" : "s0-t27",
      "begin" : 164,
      "end" : 170,
      "text" : "Server",
      "whiteSpace" : false
    }, {
      "id" : "s0-t28",
      "begin" : 171,
      "end" : 177,
      "text" : "Remote",
      "whiteSpace" : false
    }, {
      "id" : "s0-t29",
      "begin" : 178,
      "end" : 182,
      "text" : "Code",
      "whiteSpace" : false
    }, {
      "id" : "s0-t30",
      "begin" : 183,
      "end" : 192,
      "text" : "Execution",
      "whiteSpace" : false
    }, {
      "id" : "s0-t31",
      "begin" : 193,
      "end" : 206,
      "text" : "Vulnerability",
      "whiteSpace" : false
    }, {
      "id" : "s0-t32",
      "begin" : 206,
      "end" : 207,
      "text" : ".",
      "whiteSpace" : false
    } ]
  }, {
    "id" : "s1",
    "begin" : 207,
    "end" : 243,
    "text" : "\" This affects Microsoft SQL Server.",
    "tokens" : [ {
      "id" : "s1-t0",
      "begin" : 207,
      "end" : 208,
      "text" : "\"",
      "whiteSpace" : false
    }, {
      "id" : "s1-t1",
      "begin" : 209,
      "end" : 213,
      "text" : "This",
      "whiteSpace" : false
    }, {
      "id" : "s1-t2",
      "begin" : 214,
      "end" : 221,
      "text" : "affects",
      "whiteSpace" : false
    }, {
      "id" : "s1-t3",
      "begin" : 222,
      "end" : 231,
      "text" : "Microsoft",
      "whiteSpace" : false
    }, {
      "id" : "s1-t4",
      "begin" : 232,
      "end" : 235,
      "text" : "SQL",
      "whiteSpace" : false
    }, {
      "id" : "s1-t5",
      "begin" : 236,
      "end" : 242,
      "text" : "Server",
      "whiteSpace" : false
    }, {
      "id" : "s1-t6",
      "begin" : 242,
      "end" : 243,
      "text" : ".",
      "whiteSpace" : false
    } ]
  }, {
    "id" : "s2",
    "begin" : 244,
    "end" : 476,
    "text" : "| CONFIRM:https://portal.msrc.microsoft.com/en-US/security-guidance/advisory/CVE-2018-8273   |   BID:104967   |   URL:http://www.securityfocus.com/bid/104967   |   SECTRACK:1041467   |   URL:http://www.securitytracker.com/id/1041467",
    "tokens" : [ {
      "id" : "s2-t0",
      "begin" : 244,
      "end" : 245,
      "text" : "|",
      "whiteSpace" : false
    }, {
      "id" : "s2-t1",
      "begin" : 246,
      "end" : 334,
      "text" : "CONFIRM:https://portal.msrc.microsoft.com/en-US/security-guidance/advisory/CVE-2018-8273",
      "whiteSpace" : false
    }, {
      "id" : "s2-t2",
      "begin" : 337,
      "end" : 338,
      "text" : "|",
      "whiteSpace" : false
    }, {
      "id" : "s2-t3",
      "begin" : 341,
      "end" : 344,
      "text" : "BID",
      "whiteSpace" : false
    }, {
      "id" : "s2-t4",
      "begin" : 344,
      "end" : 345,
      "text" : ":",
      "whiteSpace" : false
    }, {
      "id" : "s2-t5",
      "begin" : 345,
      "end" : 351,
      "text" : "104967",
      "whiteSpace" : false
    }, {
      "id" : "s2-t6",
      "begin" : 354,
      "end" : 355,
      "text" : "|",
      "whiteSpace" : false
    }, {
      "id" : "s2-t7",
      "begin" : 358,
      "end" : 395,
      "text" : "URL:http://www.securityfocus.com/bid/",
      "whiteSpace" : false
    }, {
      "id" : "s2-t8",
      "begin" : 395,
      "end" : 401,
      "text" : "104967",
      "whiteSpace" : false
    }, {
      "id" : "s2-t9",
      "begin" : 404,
      "end" : 405,
      "text" : "|",
      "whiteSpace" : false
    }, {
      "id" : "s2-t10",
      "begin" : 408,
      "end" : 416,
      "text" : "SECTRACK",
      "whiteSpace" : false
    }, {
      "id" : "s2-t11",
      "begin" : 416,
      "end" : 417,
      "text" : ":",
      "whiteSpace" : false
    }, {
      "id" : "s2-t12",
      "begin" : 417,
      "end" : 424,
      "text" : "1041467",
      "whiteSpace" : false
    }, {
      "id" : "s2-t13",
      "begin" : 427,
      "end" : 428,
      "text" : "|",
      "whiteSpace" : false
    }, {
      "id" : "s2-t14",
      "begin" : 431,
      "end" : 469,
      "text" : "URL:http://www.securitytracker.com/id/",
      "whiteSpace" : false
    }, {
      "id" : "s2-t15",
      "begin" : 469,
      "end" : 476,
      "text" : "1041467",
      "whiteSpace" : false
    } ]
  } ],
  "mentions" : [ ],
  "relations" : [ ],
  "corefs" : [ ],
  "typeResolved" : true,
  "userResolved" : false
}