{
  "id" : "1ce7d5f0-e5bf-11e8-bc3f-812dc60f5413-753",
  "name" : "CVE-2018-8299",
  "createdDate" : 0,
  "version" : 3,
  "text" : "CVE-2018-8299 | An elevation of privilege vulnerability exists when Microsoft SharePoint Server does not properly sanitize a specially crafted web request to an affected SharePoint server, aka \"Microsoft SharePoint Elevation of Privilege Vulnerability.\" This affects Microsoft SharePoint. This CVE ID is unique from CVE-2018-8323. | CONFIRM:https://portal.msrc.microsoft.com/en-US/security-guidance/advisory/CVE-2018-8299   |   BID:104610   |   URL:http://www.securityfocus.com/bid/104610   |   SECTRACK:1041261   |   URL:http://www.securitytracker.com/id/1041261",
  "docLength" : 0,
  "language" : "EN",
  "status" : "READY",
  "modifiedDate" : 1541946962154,
  "documentSet" : [ ],
  "preannotation" : [ ],
  "sentences" : [ {
    "id" : "s0",
    "begin" : 0,
    "end" : 252,
    "text" : "CVE-2018-8299 | An elevation of privilege vulnerability exists when Microsoft SharePoint Server does not properly sanitize a specially crafted web request to an affected SharePoint server, aka \"Microsoft SharePoint Elevation of Privilege Vulnerability.",
    "tokens" : [ {
      "id" : "s0-t0",
      "begin" : 0,
      "end" : 13,
      "text" : "CVE-2018-8299",
      "whiteSpace" : false
    }, {
      "id" : "s0-t1",
      "begin" : 14,
      "end" : 15,
      "text" : "|",
      "whiteSpace" : false
    }, {
      "id" : "s0-t2",
      "begin" : 16,
      "end" : 18,
      "text" : "An",
      "whiteSpace" : false
    }, {
      "id" : "s0-t3",
      "begin" : 19,
      "end" : 28,
      "text" : "elevation",
      "whiteSpace" : false
    }, {
      "id" : "s0-t4",
      "begin" : 29,
      "end" : 31,
      "text" : "of",
      "whiteSpace" : false
    }, {
      "id" : "s0-t5",
      "begin" : 32,
      "end" : 41,
      "text" : "privilege",
      "whiteSpace" : false
    }, {
      "id" : "s0-t6",
      "begin" : 42,
      "end" : 55,
      "text" : "vulnerability",
      "whiteSpace" : false
    }, {
      "id" : "s0-t7",
      "begin" : 56,
      "end" : 62,
      "text" : "exists",
      "whiteSpace" : false
    }, {
      "id" : "s0-t8",
      "begin" : 63,
      "end" : 67,
      "text" : "when",
      "whiteSpace" : false
    }, {
      "id" : "s0-t9",
      "begin" : 68,
      "end" : 77,
      "text" : "Microsoft",
      "whiteSpace" : false
    }, {
      "id" : "s0-t10",
      "begin" : 78,
      "end" : 88,
      "text" : "SharePoint",
      "whiteSpace" : false
    }, {
      "id" : "s0-t11",
      "begin" : 89,
      "end" : 95,
      "text" : "Server",
      "whiteSpace" : false
    }, {
      "id" : "s0-t12",
      "begin" : 96,
      "end" : 100,
      "text" : "does",
      "whiteSpace" : false
    }, {
      "id" : "s0-t13",
      "begin" : 101,
      "end" : 104,
      "text" : "not",
      "whiteSpace" : false
    }, {
      "id" : "s0-t14",
      "begin" : 105,
      "end" : 113,
      "text" : "properly",
      "whiteSpace" : false
    }, {
      "id" : "s0-t15",
      "begin" : 114,
      "end" : 122,
      "text" : "sanitize",
      "whiteSpace" : false
    }, {
      "id" : "s0-t16",
      "begin" : 123,
      "end" : 124,
      "text" : "a",
      "whiteSpace" : false
    }, {
      "id" : "s0-t17",
      "begin" : 125,
      "end" : 134,
      "text" : "specially",
      "whiteSpace" : false
    }, {
      "id" : "s0-t18",
      "begin" : 135,
      "end" : 142,
      "text" : "crafted",
      "whiteSpace" : false
    }, {
      "id" : "s0-t19",
      "begin" : 143,
      "end" : 146,
      "text" : "web",
      "whiteSpace" : false
    }, {
      "id" : "s0-t20",
      "begin" : 147,
      "end" : 154,
      "text" : "request",
      "whiteSpace" : false
    }, {
      "id" : "s0-t21",
      "begin" : 155,
      "end" : 157,
      "text" : "to",
      "whiteSpace" : false
    }, {
      "id" : "s0-t22",
      "begin" : 158,
      "end" : 160,
      "text" : "an",
      "whiteSpace" : false
    }, {
      "id" : "s0-t23",
      "begin" : 161,
      "end" : 169,
      "text" : "affected",
      "whiteSpace" : false
    }, {
      "id" : "s0-t24",
      "begin" : 170,
      "end" : 180,
      "text" : "SharePoint",
      "whiteSpace" : false
    }, {
      "id" : "s0-t25",
      "begin" : 181,
      "end" : 187,
      "text" : "server",
      "whiteSpace" : false
    }, {
      "id" : "s0-t26",
      "begin" : 187,
      "end" : 188,
      "text" : ",",
      "whiteSpace" : false
    }, {
      "id" : "s0-t27",
      "begin" : 189,
      "end" : 192,
      "text" : "aka",
      "whiteSpace" : false
    }, {
      "id" : "s0-t28",
      "begin" : 193,
      "end" : 194,
      "text" : "\"",
      "whiteSpace" : false
    }, {
      "id" : "s0-t29",
      "begin" : 194,
      "end" : 203,
      "text" : "Microsoft",
      "whiteSpace" : false
    }, {
      "id" : "s0-t30",
      "begin" : 204,
      "end" : 214,
      "text" : "SharePoint",
      "whiteSpace" : false
    }, {
      "id" : "s0-t31",
      "begin" : 215,
      "end" : 224,
      "text" : "Elevation",
      "whiteSpace" : false
    }, {
      "id" : "s0-t32",
      "begin" : 225,
      "end" : 227,
      "text" : "of",
      "whiteSpace" : false
    }, {
      "id" : "s0-t33",
      "begin" : 228,
      "end" : 237,
      "text" : "Privilege",
      "whiteSpace" : false
    }, {
      "id" : "s0-t34",
      "begin" : 238,
      "end" : 251,
      "text" : "Vulnerability",
      "whiteSpace" : false
    }, {
      "id" : "s0-t35",
      "begin" : 251,
      "end" : 252,
      "text" : ".",
      "whiteSpace" : false
    } ]
  }, {
    "id" : "s1",
    "begin" : 252,
    "end" : 288,
    "text" : "\" This affects Microsoft SharePoint.",
    "tokens" : [ {
      "id" : "s1-t0",
      "begin" : 252,
      "end" : 253,
      "text" : "\"",
      "whiteSpace" : false
    }, {
      "id" : "s1-t1",
      "begin" : 254,
      "end" : 258,
      "text" : "This",
      "whiteSpace" : false
    }, {
      "id" : "s1-t2",
      "begin" : 259,
      "end" : 266,
      "text" : "affects",
      "whiteSpace" : false
    }, {
      "id" : "s1-t3",
      "begin" : 267,
      "end" : 276,
      "text" : "Microsoft",
      "whiteSpace" : false
    }, {
      "id" : "s1-t4",
      "begin" : 277,
      "end" : 287,
      "text" : "SharePoint",
      "whiteSpace" : false
    }, {
      "id" : "s1-t5",
      "begin" : 287,
      "end" : 288,
      "text" : ".",
      "whiteSpace" : false
    } ]
  }, {
    "id" : "s2",
    "begin" : 289,
    "end" : 330,
    "text" : "This CVE ID is unique from CVE-2018-8323.",
    "tokens" : [ {
      "id" : "s2-t0",
      "begin" : 289,
      "end" : 293,
      "text" : "This",
      "whiteSpace" : false
    }, {
      "id" : "s2-t1",
      "begin" : 294,
      "end" : 297,
      "text" : "CVE",
      "whiteSpace" : false
    }, {
      "id" : "s2-t2",
      "begin" : 298,
      "end" : 300,
      "text" : "ID",
      "whiteSpace" : false
    }, {
      "id" : "s2-t3",
      "begin" : 301,
      "end" : 303,
      "text" : "is",
      "whiteSpace" : false
    }, {
      "id" : "s2-t4",
      "begin" : 304,
      "end" : 310,
      "text" : "unique",
      "whiteSpace" : false
    }, {
      "id" : "s2-t5",
      "begin" : 311,
      "end" : 315,
      "text" : "from",
      "whiteSpace" : false
    }, {
      "id" : "s2-t6",
      "begin" : 316,
      "end" : 329,
      "text" : "CVE-2018-8323",
      "whiteSpace" : false
    }, {
      "id" : "s2-t7",
      "begin" : 329,
      "end" : 330,
      "text" : ".",
      "whiteSpace" : false
    } ]
  }, {
    "id" : "s3",
    "begin" : 331,
    "end" : 563,
    "text" : "| CONFIRM:https://portal.msrc.microsoft.com/en-US/security-guidance/advisory/CVE-2018-8299   |   BID:104610   |   URL:http://www.securityfocus.com/bid/104610   |   SECTRACK:1041261   |   URL:http://www.securitytracker.com/id/1041261",
    "tokens" : [ {
      "id" : "s3-t0",
      "begin" : 331,
      "end" : 332,
      "text" : "|",
      "whiteSpace" : false
    }, {
      "id" : "s3-t1",
      "begin" : 333,
      "end" : 421,
      "text" : "CONFIRM:https://portal.msrc.microsoft.com/en-US/security-guidance/advisory/CVE-2018-8299",
      "whiteSpace" : false
    }, {
      "id" : "s3-t2",
      "begin" : 424,
      "end" : 425,
      "text" : "|",
      "whiteSpace" : false
    }, {
      "id" : "s3-t3",
      "begin" : 428,
      "end" : 431,
      "text" : "BID",
      "whiteSpace" : false
    }, {
      "id" : "s3-t4",
      "begin" : 431,
      "end" : 432,
      "text" : ":",
      "whiteSpace" : false
    }, {
      "id" : "s3-t5",
      "begin" : 432,
      "end" : 438,
      "text" : "104610",
      "whiteSpace" : false
    }, {
      "id" : "s3-t6",
      "begin" : 441,
      "end" : 442,
      "text" : "|",
      "whiteSpace" : false
    }, {
      "id" : "s3-t7",
      "begin" : 445,
      "end" : 482,
      "text" : "URL:http://www.securityfocus.com/bid/",
      "whiteSpace" : false
    }, {
      "id" : "s3-t8",
      "begin" : 482,
      "end" : 488,
      "text" : "104610",
      "whiteSpace" : false
    }, {
      "id" : "s3-t9",
      "begin" : 491,
      "end" : 492,
      "text" : "|",
      "whiteSpace" : false
    }, {
      "id" : "s3-t10",
      "begin" : 495,
      "end" : 503,
      "text" : "SECTRACK",
      "whiteSpace" : false
    }, {
      "id" : "s3-t11",
      "begin" : 503,
      "end" : 504,
      "text" : ":",
      "whiteSpace" : false
    }, {
      "id" : "s3-t12",
      "begin" : 504,
      "end" : 511,
      "text" : "1041261",
      "whiteSpace" : false
    }, {
      "id" : "s3-t13",
      "begin" : 514,
      "end" : 515,
      "text" : "|",
      "whiteSpace" : false
    }, {
      "id" : "s3-t14",
      "begin" : 518,
      "end" : 556,
      "text" : "URL:http://www.securitytracker.com/id/",
      "whiteSpace" : false
    }, {
      "id" : "s3-t15",
      "begin" : 556,
      "end" : 563,
      "text" : "1041261",
      "whiteSpace" : false
    } ]
  } ],
  "mentions" : [ ],
  "relations" : [ ],
  "corefs" : [ ],
  "typeResolved" : true,
  "userResolved" : false
}