{
  "id" : "1ce7d5f0-e5bf-11e8-bc3f-812dc60f5413-779",
  "name" : "CVE-2018-8266",
  "createdDate" : 0,
  "version" : 3,
  "text" : "CVE-2018-8266 | A remote code execution vulnerability exists in the way that the Chakra scripting engine handles objects in memory in Microsoft Edge, aka \"Chakra Scripting Engine Memory Corruption Vulnerability.\" This affects Microsoft Edge, ChakraCore. This CVE ID is unique from CVE-2018-8380, CVE-2018-8381, CVE-2018-8384. | CONFIRM:https://portal.msrc.microsoft.com/en-US/security-guidance/advisory/CVE-2018-8266   |   BID:104977   |   URL:http://www.securityfocus.com/bid/104977   |   SECTRACK:1041457   |   URL:http://www.securitytracker.com/id/1041457",
  "docLength" : 0,
  "language" : "EN",
  "status" : "READY",
  "modifiedDate" : 1541946962154,
  "documentSet" : [ ],
  "preannotation" : [ ],
  "sentences" : [ {
    "id" : "s0",
    "begin" : 0,
    "end" : 211,
    "text" : "CVE-2018-8266 | A remote code execution vulnerability exists in the way that the Chakra scripting engine handles objects in memory in Microsoft Edge, aka \"Chakra Scripting Engine Memory Corruption Vulnerability.",
    "tokens" : [ {
      "id" : "s0-t0",
      "begin" : 0,
      "end" : 13,
      "text" : "CVE-2018-8266",
      "whiteSpace" : false
    }, {
      "id" : "s0-t1",
      "begin" : 14,
      "end" : 15,
      "text" : "|",
      "whiteSpace" : false
    }, {
      "id" : "s0-t2",
      "begin" : 16,
      "end" : 17,
      "text" : "A",
      "whiteSpace" : false
    }, {
      "id" : "s0-t3",
      "begin" : 18,
      "end" : 24,
      "text" : "remote",
      "whiteSpace" : false
    }, {
      "id" : "s0-t4",
      "begin" : 25,
      "end" : 29,
      "text" : "code",
      "whiteSpace" : false
    }, {
      "id" : "s0-t5",
      "begin" : 30,
      "end" : 39,
      "text" : "execution",
      "whiteSpace" : false
    }, {
      "id" : "s0-t6",
      "begin" : 40,
      "end" : 53,
      "text" : "vulnerability",
      "whiteSpace" : false
    }, {
      "id" : "s0-t7",
      "begin" : 54,
      "end" : 60,
      "text" : "exists",
      "whiteSpace" : false
    }, {
      "id" : "s0-t8",
      "begin" : 61,
      "end" : 63,
      "text" : "in",
      "whiteSpace" : false
    }, {
      "id" : "s0-t9",
      "begin" : 64,
      "end" : 67,
      "text" : "the",
      "whiteSpace" : false
    }, {
      "id" : "s0-t10",
      "begin" : 68,
      "end" : 71,
      "text" : "way",
      "whiteSpace" : false
    }, {
      "id" : "s0-t11",
      "begin" : 72,
      "end" : 76,
      "text" : "that",
      "whiteSpace" : false
    }, {
      "id" : "s0-t12",
      "begin" : 77,
      "end" : 80,
      "text" : "the",
      "whiteSpace" : false
    }, {
      "id" : "s0-t13",
      "begin" : 81,
      "end" : 87,
      "text" : "Chakra",
      "whiteSpace" : false
    }, {
      "id" : "s0-t14",
      "begin" : 88,
      "end" : 97,
      "text" : "scripting",
      "whiteSpace" : false
    }, {
      "id" : "s0-t15",
      "begin" : 98,
      "end" : 104,
      "text" : "engine",
      "whiteSpace" : false
    }, {
      "id" : "s0-t16",
      "begin" : 105,
      "end" : 112,
      "text" : "handles",
      "whiteSpace" : false
    }, {
      "id" : "s0-t17",
      "begin" : 113,
      "end" : 120,
      "text" : "objects",
      "whiteSpace" : false
    }, {
      "id" : "s0-t18",
      "begin" : 121,
      "end" : 123,
      "text" : "in",
      "whiteSpace" : false
    }, {
      "id" : "s0-t19",
      "begin" : 124,
      "end" : 130,
      "text" : "memory",
      "whiteSpace" : false
    }, {
      "id" : "s0-t20",
      "begin" : 131,
      "end" : 133,
      "text" : "in",
      "whiteSpace" : false
    }, {
      "id" : "s0-t21",
      "begin" : 134,
      "end" : 143,
      "text" : "Microsoft",
      "whiteSpace" : false
    }, {
      "id" : "s0-t22",
      "begin" : 144,
      "end" : 148,
      "text" : "Edge",
      "whiteSpace" : false
    }, {
      "id" : "s0-t23",
      "begin" : 148,
      "end" : 149,
      "text" : ",",
      "whiteSpace" : false
    }, {
      "id" : "s0-t24",
      "begin" : 150,
      "end" : 153,
      "text" : "aka",
      "whiteSpace" : false
    }, {
      "id" : "s0-t25",
      "begin" : 154,
      "end" : 155,
      "text" : "\"",
      "whiteSpace" : false
    }, {
      "id" : "s0-t26",
      "begin" : 155,
      "end" : 161,
      "text" : "Chakra",
      "whiteSpace" : false
    }, {
      "id" : "s0-t27",
      "begin" : 162,
      "end" : 171,
      "text" : "Scripting",
      "whiteSpace" : false
    }, {
      "id" : "s0-t28",
      "begin" : 172,
      "end" : 178,
      "text" : "Engine",
      "whiteSpace" : false
    }, {
      "id" : "s0-t29",
      "begin" : 179,
      "end" : 185,
      "text" : "Memory",
      "whiteSpace" : false
    }, {
      "id" : "s0-t30",
      "begin" : 186,
      "end" : 196,
      "text" : "Corruption",
      "whiteSpace" : false
    }, {
      "id" : "s0-t31",
      "begin" : 197,
      "end" : 210,
      "text" : "Vulnerability",
      "whiteSpace" : false
    }, {
      "id" : "s0-t32",
      "begin" : 210,
      "end" : 211,
      "text" : ".",
      "whiteSpace" : false
    } ]
  }, {
    "id" : "s1",
    "begin" : 211,
    "end" : 253,
    "text" : "\" This affects Microsoft Edge, ChakraCore.",
    "tokens" : [ {
      "id" : "s1-t0",
      "begin" : 211,
      "end" : 212,
      "text" : "\"",
      "whiteSpace" : false
    }, {
      "id" : "s1-t1",
      "begin" : 213,
      "end" : 217,
      "text" : "This",
      "whiteSpace" : false
    }, {
      "id" : "s1-t2",
      "begin" : 218,
      "end" : 225,
      "text" : "affects",
      "whiteSpace" : false
    }, {
      "id" : "s1-t3",
      "begin" : 226,
      "end" : 235,
      "text" : "Microsoft",
      "whiteSpace" : false
    }, {
      "id" : "s1-t4",
      "begin" : 236,
      "end" : 240,
      "text" : "Edge",
      "whiteSpace" : false
    }, {
      "id" : "s1-t5",
      "begin" : 240,
      "end" : 241,
      "text" : ",",
      "whiteSpace" : false
    }, {
      "id" : "s1-t6",
      "begin" : 242,
      "end" : 252,
      "text" : "ChakraCore",
      "whiteSpace" : false
    }, {
      "id" : "s1-t7",
      "begin" : 252,
      "end" : 253,
      "text" : ".",
      "whiteSpace" : false
    } ]
  }, {
    "id" : "s2",
    "begin" : 254,
    "end" : 325,
    "text" : "This CVE ID is unique from CVE-2018-8380, CVE-2018-8381, CVE-2018-8384.",
    "tokens" : [ {
      "id" : "s2-t0",
      "begin" : 254,
      "end" : 258,
      "text" : "This",
      "whiteSpace" : false
    }, {
      "id" : "s2-t1",
      "begin" : 259,
      "end" : 262,
      "text" : "CVE",
      "whiteSpace" : false
    }, {
      "id" : "s2-t2",
      "begin" : 263,
      "end" : 265,
      "text" : "ID",
      "whiteSpace" : false
    }, {
      "id" : "s2-t3",
      "begin" : 266,
      "end" : 268,
      "text" : "is",
      "whiteSpace" : false
    }, {
      "id" : "s2-t4",
      "begin" : 269,
      "end" : 275,
      "text" : "unique",
      "whiteSpace" : false
    }, {
      "id" : "s2-t5",
      "begin" : 276,
      "end" : 280,
      "text" : "from",
      "whiteSpace" : false
    }, {
      "id" : "s2-t6",
      "begin" : 281,
      "end" : 294,
      "text" : "CVE-2018-8380",
      "whiteSpace" : false
    }, {
      "id" : "s2-t7",
      "begin" : 294,
      "end" : 295,
      "text" : ",",
      "whiteSpace" : false
    }, {
      "id" : "s2-t8",
      "begin" : 296,
      "end" : 309,
      "text" : "CVE-2018-8381",
      "whiteSpace" : false
    }, {
      "id" : "s2-t9",
      "begin" : 309,
      "end" : 310,
      "text" : ",",
      "whiteSpace" : false
    }, {
      "id" : "s2-t10",
      "begin" : 311,
      "end" : 324,
      "text" : "CVE-2018-8384",
      "whiteSpace" : false
    }, {
      "id" : "s2-t11",
      "begin" : 324,
      "end" : 325,
      "text" : ".",
      "whiteSpace" : false
    } ]
  }, {
    "id" : "s3",
    "begin" : 326,
    "end" : 558,
    "text" : "| CONFIRM:https://portal.msrc.microsoft.com/en-US/security-guidance/advisory/CVE-2018-8266   |   BID:104977   |   URL:http://www.securityfocus.com/bid/104977   |   SECTRACK:1041457   |   URL:http://www.securitytracker.com/id/1041457",
    "tokens" : [ {
      "id" : "s3-t0",
      "begin" : 326,
      "end" : 327,
      "text" : "|",
      "whiteSpace" : false
    }, {
      "id" : "s3-t1",
      "begin" : 328,
      "end" : 416,
      "text" : "CONFIRM:https://portal.msrc.microsoft.com/en-US/security-guidance/advisory/CVE-2018-8266",
      "whiteSpace" : false
    }, {
      "id" : "s3-t2",
      "begin" : 419,
      "end" : 420,
      "text" : "|",
      "whiteSpace" : false
    }, {
      "id" : "s3-t3",
      "begin" : 423,
      "end" : 426,
      "text" : "BID",
      "whiteSpace" : false
    }, {
      "id" : "s3-t4",
      "begin" : 426,
      "end" : 427,
      "text" : ":",
      "whiteSpace" : false
    }, {
      "id" : "s3-t5",
      "begin" : 427,
      "end" : 433,
      "text" : "104977",
      "whiteSpace" : false
    }, {
      "id" : "s3-t6",
      "begin" : 436,
      "end" : 437,
      "text" : "|",
      "whiteSpace" : false
    }, {
      "id" : "s3-t7",
      "begin" : 440,
      "end" : 477,
      "text" : "URL:http://www.securityfocus.com/bid/",
      "whiteSpace" : false
    }, {
      "id" : "s3-t8",
      "begin" : 477,
      "end" : 483,
      "text" : "104977",
      "whiteSpace" : false
    }, {
      "id" : "s3-t9",
      "begin" : 486,
      "end" : 487,
      "text" : "|",
      "whiteSpace" : false
    }, {
      "id" : "s3-t10",
      "begin" : 490,
      "end" : 498,
      "text" : "SECTRACK",
      "whiteSpace" : false
    }, {
      "id" : "s3-t11",
      "begin" : 498,
      "end" : 499,
      "text" : ":",
      "whiteSpace" : false
    }, {
      "id" : "s3-t12",
      "begin" : 499,
      "end" : 506,
      "text" : "1041457",
      "whiteSpace" : false
    }, {
      "id" : "s3-t13",
      "begin" : 509,
      "end" : 510,
      "text" : "|",
      "whiteSpace" : false
    }, {
      "id" : "s3-t14",
      "begin" : 513,
      "end" : 551,
      "text" : "URL:http://www.securitytracker.com/id/",
      "whiteSpace" : false
    }, {
      "id" : "s3-t15",
      "begin" : 551,
      "end" : 558,
      "text" : "1041457",
      "whiteSpace" : false
    } ]
  } ],
  "mentions" : [ ],
  "relations" : [ ],
  "corefs" : [ ],
  "typeResolved" : true,
  "userResolved" : false
}