{
  "id" : "1ce7d5f0-e5bf-11e8-bc3f-812dc60f5413-778",
  "name" : "CVE-2018-8267",
  "createdDate" : 0,
  "version" : 3,
  "text" : "CVE-2018-8267 | A remote code execution vulnerability exists in the way that the scripting engine handles objects in memory in Internet Explorer, aka \"Scripting Engine Memory Corruption Vulnerability.\" This affects Internet Explorer 9, Internet Explorer 11, Internet Explorer 10. This CVE ID is unique from CVE-2018-8243. | CONFIRM:https://portal.msrc.microsoft.com/en-US/security-guidance/advisory/CVE-2018-8267   |   BID:104404   |   URL:http://www.securityfocus.com/bid/104404   |   SECTRACK:1041099   |   URL:http://www.securitytracker.com/id/1041099",
  "docLength" : 0,
  "language" : "EN",
  "status" : "READY",
  "modifiedDate" : 1541946962154,
  "documentSet" : [ ],
  "preannotation" : [ ],
  "sentences" : [ {
    "id" : "s0",
    "begin" : 0,
    "end" : 200,
    "text" : "CVE-2018-8267 | A remote code execution vulnerability exists in the way that the scripting engine handles objects in memory in Internet Explorer, aka \"Scripting Engine Memory Corruption Vulnerability.",
    "tokens" : [ {
      "id" : "s0-t0",
      "begin" : 0,
      "end" : 13,
      "text" : "CVE-2018-8267",
      "whiteSpace" : false
    }, {
      "id" : "s0-t1",
      "begin" : 14,
      "end" : 15,
      "text" : "|",
      "whiteSpace" : false
    }, {
      "id" : "s0-t2",
      "begin" : 16,
      "end" : 17,
      "text" : "A",
      "whiteSpace" : false
    }, {
      "id" : "s0-t3",
      "begin" : 18,
      "end" : 24,
      "text" : "remote",
      "whiteSpace" : false
    }, {
      "id" : "s0-t4",
      "begin" : 25,
      "end" : 29,
      "text" : "code",
      "whiteSpace" : false
    }, {
      "id" : "s0-t5",
      "begin" : 30,
      "end" : 39,
      "text" : "execution",
      "whiteSpace" : false
    }, {
      "id" : "s0-t6",
      "begin" : 40,
      "end" : 53,
      "text" : "vulnerability",
      "whiteSpace" : false
    }, {
      "id" : "s0-t7",
      "begin" : 54,
      "end" : 60,
      "text" : "exists",
      "whiteSpace" : false
    }, {
      "id" : "s0-t8",
      "begin" : 61,
      "end" : 63,
      "text" : "in",
      "whiteSpace" : false
    }, {
      "id" : "s0-t9",
      "begin" : 64,
      "end" : 67,
      "text" : "the",
      "whiteSpace" : false
    }, {
      "id" : "s0-t10",
      "begin" : 68,
      "end" : 71,
      "text" : "way",
      "whiteSpace" : false
    }, {
      "id" : "s0-t11",
      "begin" : 72,
      "end" : 76,
      "text" : "that",
      "whiteSpace" : false
    }, {
      "id" : "s0-t12",
      "begin" : 77,
      "end" : 80,
      "text" : "the",
      "whiteSpace" : false
    }, {
      "id" : "s0-t13",
      "begin" : 81,
      "end" : 90,
      "text" : "scripting",
      "whiteSpace" : false
    }, {
      "id" : "s0-t14",
      "begin" : 91,
      "end" : 97,
      "text" : "engine",
      "whiteSpace" : false
    }, {
      "id" : "s0-t15",
      "begin" : 98,
      "end" : 105,
      "text" : "handles",
      "whiteSpace" : false
    }, {
      "id" : "s0-t16",
      "begin" : 106,
      "end" : 113,
      "text" : "objects",
      "whiteSpace" : false
    }, {
      "id" : "s0-t17",
      "begin" : 114,
      "end" : 116,
      "text" : "in",
      "whiteSpace" : false
    }, {
      "id" : "s0-t18",
      "begin" : 117,
      "end" : 123,
      "text" : "memory",
      "whiteSpace" : false
    }, {
      "id" : "s0-t19",
      "begin" : 124,
      "end" : 126,
      "text" : "in",
      "whiteSpace" : false
    }, {
      "id" : "s0-t20",
      "begin" : 127,
      "end" : 135,
      "text" : "Internet",
      "whiteSpace" : false
    }, {
      "id" : "s0-t21",
      "begin" : 136,
      "end" : 144,
      "text" : "Explorer",
      "whiteSpace" : false
    }, {
      "id" : "s0-t22",
      "begin" : 144,
      "end" : 145,
      "text" : ",",
      "whiteSpace" : false
    }, {
      "id" : "s0-t23",
      "begin" : 146,
      "end" : 149,
      "text" : "aka",
      "whiteSpace" : false
    }, {
      "id" : "s0-t24",
      "begin" : 150,
      "end" : 151,
      "text" : "\"",
      "whiteSpace" : false
    }, {
      "id" : "s0-t25",
      "begin" : 151,
      "end" : 160,
      "text" : "Scripting",
      "whiteSpace" : false
    }, {
      "id" : "s0-t26",
      "begin" : 161,
      "end" : 167,
      "text" : "Engine",
      "whiteSpace" : false
    }, {
      "id" : "s0-t27",
      "begin" : 168,
      "end" : 174,
      "text" : "Memory",
      "whiteSpace" : false
    }, {
      "id" : "s0-t28",
      "begin" : 175,
      "end" : 185,
      "text" : "Corruption",
      "whiteSpace" : false
    }, {
      "id" : "s0-t29",
      "begin" : 186,
      "end" : 199,
      "text" : "Vulnerability",
      "whiteSpace" : false
    }, {
      "id" : "s0-t30",
      "begin" : 199,
      "end" : 200,
      "text" : ".",
      "whiteSpace" : false
    } ]
  }, {
    "id" : "s1",
    "begin" : 200,
    "end" : 279,
    "text" : "\" This affects Internet Explorer 9, Internet Explorer 11, Internet Explorer 10.",
    "tokens" : [ {
      "id" : "s1-t0",
      "begin" : 200,
      "end" : 201,
      "text" : "\"",
      "whiteSpace" : false
    }, {
      "id" : "s1-t1",
      "begin" : 202,
      "end" : 206,
      "text" : "This",
      "whiteSpace" : false
    }, {
      "id" : "s1-t2",
      "begin" : 207,
      "end" : 214,
      "text" : "affects",
      "whiteSpace" : false
    }, {
      "id" : "s1-t3",
      "begin" : 215,
      "end" : 223,
      "text" : "Internet",
      "whiteSpace" : false
    }, {
      "id" : "s1-t4",
      "begin" : 224,
      "end" : 232,
      "text" : "Explorer",
      "whiteSpace" : false
    }, {
      "id" : "s1-t5",
      "begin" : 233,
      "end" : 234,
      "text" : "9",
      "whiteSpace" : false
    }, {
      "id" : "s1-t6",
      "begin" : 234,
      "end" : 235,
      "text" : ",",
      "whiteSpace" : false
    }, {
      "id" : "s1-t7",
      "begin" : 236,
      "end" : 244,
      "text" : "Internet",
      "whiteSpace" : false
    }, {
      "id" : "s1-t8",
      "begin" : 245,
      "end" : 253,
      "text" : "Explorer",
      "whiteSpace" : false
    }, {
      "id" : "s1-t9",
      "begin" : 254,
      "end" : 256,
      "text" : "11",
      "whiteSpace" : false
    }, {
      "id" : "s1-t10",
      "begin" : 256,
      "end" : 257,
      "text" : ",",
      "whiteSpace" : false
    }, {
      "id" : "s1-t11",
      "begin" : 258,
      "end" : 266,
      "text" : "Internet",
      "whiteSpace" : false
    }, {
      "id" : "s1-t12",
      "begin" : 267,
      "end" : 275,
      "text" : "Explorer",
      "whiteSpace" : false
    }, {
      "id" : "s1-t13",
      "begin" : 276,
      "end" : 278,
      "text" : "10",
      "whiteSpace" : false
    }, {
      "id" : "s1-t14",
      "begin" : 278,
      "end" : 279,
      "text" : ".",
      "whiteSpace" : false
    } ]
  }, {
    "id" : "s2",
    "begin" : 280,
    "end" : 321,
    "text" : "This CVE ID is unique from CVE-2018-8243.",
    "tokens" : [ {
      "id" : "s2-t0",
      "begin" : 280,
      "end" : 284,
      "text" : "This",
      "whiteSpace" : false
    }, {
      "id" : "s2-t1",
      "begin" : 285,
      "end" : 288,
      "text" : "CVE",
      "whiteSpace" : false
    }, {
      "id" : "s2-t2",
      "begin" : 289,
      "end" : 291,
      "text" : "ID",
      "whiteSpace" : false
    }, {
      "id" : "s2-t3",
      "begin" : 292,
      "end" : 294,
      "text" : "is",
      "whiteSpace" : false
    }, {
      "id" : "s2-t4",
      "begin" : 295,
      "end" : 301,
      "text" : "unique",
      "whiteSpace" : false
    }, {
      "id" : "s2-t5",
      "begin" : 302,
      "end" : 306,
      "text" : "from",
      "whiteSpace" : false
    }, {
      "id" : "s2-t6",
      "begin" : 307,
      "end" : 320,
      "text" : "CVE-2018-8243",
      "whiteSpace" : false
    }, {
      "id" : "s2-t7",
      "begin" : 320,
      "end" : 321,
      "text" : ".",
      "whiteSpace" : false
    } ]
  }, {
    "id" : "s3",
    "begin" : 322,
    "end" : 554,
    "text" : "| CONFIRM:https://portal.msrc.microsoft.com/en-US/security-guidance/advisory/CVE-2018-8267   |   BID:104404   |   URL:http://www.securityfocus.com/bid/104404   |   SECTRACK:1041099   |   URL:http://www.securitytracker.com/id/1041099",
    "tokens" : [ {
      "id" : "s3-t0",
      "begin" : 322,
      "end" : 323,
      "text" : "|",
      "whiteSpace" : false
    }, {
      "id" : "s3-t1",
      "begin" : 324,
      "end" : 412,
      "text" : "CONFIRM:https://portal.msrc.microsoft.com/en-US/security-guidance/advisory/CVE-2018-8267",
      "whiteSpace" : false
    }, {
      "id" : "s3-t2",
      "begin" : 415,
      "end" : 416,
      "text" : "|",
      "whiteSpace" : false
    }, {
      "id" : "s3-t3",
      "begin" : 419,
      "end" : 422,
      "text" : "BID",
      "whiteSpace" : false
    }, {
      "id" : "s3-t4",
      "begin" : 422,
      "end" : 423,
      "text" : ":",
      "whiteSpace" : false
    }, {
      "id" : "s3-t5",
      "begin" : 423,
      "end" : 429,
      "text" : "104404",
      "whiteSpace" : false
    }, {
      "id" : "s3-t6",
      "begin" : 432,
      "end" : 433,
      "text" : "|",
      "whiteSpace" : false
    }, {
      "id" : "s3-t7",
      "begin" : 436,
      "end" : 473,
      "text" : "URL:http://www.securityfocus.com/bid/",
      "whiteSpace" : false
    }, {
      "id" : "s3-t8",
      "begin" : 473,
      "end" : 479,
      "text" : "104404",
      "whiteSpace" : false
    }, {
      "id" : "s3-t9",
      "begin" : 482,
      "end" : 483,
      "text" : "|",
      "whiteSpace" : false
    }, {
      "id" : "s3-t10",
      "begin" : 486,
      "end" : 494,
      "text" : "SECTRACK",
      "whiteSpace" : false
    }, {
      "id" : "s3-t11",
      "begin" : 494,
      "end" : 495,
      "text" : ":",
      "whiteSpace" : false
    }, {
      "id" : "s3-t12",
      "begin" : 495,
      "end" : 502,
      "text" : "1041099",
      "whiteSpace" : false
    }, {
      "id" : "s3-t13",
      "begin" : 505,
      "end" : 506,
      "text" : "|",
      "whiteSpace" : false
    }, {
      "id" : "s3-t14",
      "begin" : 509,
      "end" : 547,
      "text" : "URL:http://www.securitytracker.com/id/",
      "whiteSpace" : false
    }, {
      "id" : "s3-t15",
      "begin" : 547,
      "end" : 554,
      "text" : "1041099",
      "whiteSpace" : false
    } ]
  } ],
  "mentions" : [ ],
  "relations" : [ ],
  "corefs" : [ ],
  "typeResolved" : true,
  "userResolved" : false
}