{
  "id" : "1ce7d5f0-e5bf-11e8-bc3f-812dc60f5413-494",
  "name" : "CVE-2018-8843",
  "createdDate" : 0,
  "version" : 3,
  "text" : "CVE-2018-8843 | Rockwell Automation Arena versions 16.10.00 and prior contains a use after free vulnerability caused by processing specially crafted Arena Simulation Software files that may cause the software application to crash, potentially losing any unsaved data. | MISC:https://ics-cert.us-cert.gov/advisories/ICSA-18-130-02   |   BID:104166   |   URL:http://www.securityfocus.com/bid/104166",
  "docLength" : 0,
  "language" : "EN",
  "status" : "READY",
  "modifiedDate" : 1541946962154,
  "documentSet" : [ ],
  "preannotation" : [ ],
  "sentences" : [ {
    "id" : "s0",
    "begin" : 0,
    "end" : 267,
    "text" : "CVE-2018-8843 | Rockwell Automation Arena versions 16.10.00 and prior contains a use after free vulnerability caused by processing specially crafted Arena Simulation Software files that may cause the software application to crash, potentially losing any unsaved data.",
    "tokens" : [ {
      "id" : "s0-t0",
      "begin" : 0,
      "end" : 13,
      "text" : "CVE-2018-8843",
      "whiteSpace" : false
    }, {
      "id" : "s0-t1",
      "begin" : 14,
      "end" : 15,
      "text" : "|",
      "whiteSpace" : false
    }, {
      "id" : "s0-t2",
      "begin" : 16,
      "end" : 24,
      "text" : "Rockwell",
      "whiteSpace" : false
    }, {
      "id" : "s0-t3",
      "begin" : 25,
      "end" : 35,
      "text" : "Automation",
      "whiteSpace" : false
    }, {
      "id" : "s0-t4",
      "begin" : 36,
      "end" : 41,
      "text" : "Arena",
      "whiteSpace" : false
    }, {
      "id" : "s0-t5",
      "begin" : 42,
      "end" : 50,
      "text" : "versions",
      "whiteSpace" : false
    }, {
      "id" : "s0-t6",
      "begin" : 51,
      "end" : 59,
      "text" : "16.10.00",
      "whiteSpace" : false
    }, {
      "id" : "s0-t7",
      "begin" : 60,
      "end" : 63,
      "text" : "and",
      "whiteSpace" : false
    }, {
      "id" : "s0-t8",
      "begin" : 64,
      "end" : 69,
      "text" : "prior",
      "whiteSpace" : false
    }, {
      "id" : "s0-t9",
      "begin" : 70,
      "end" : 78,
      "text" : "contains",
      "whiteSpace" : false
    }, {
      "id" : "s0-t10",
      "begin" : 79,
      "end" : 80,
      "text" : "a",
      "whiteSpace" : false
    }, {
      "id" : "s0-t11",
      "begin" : 81,
      "end" : 84,
      "text" : "use",
      "whiteSpace" : false
    }, {
      "id" : "s0-t12",
      "begin" : 85,
      "end" : 90,
      "text" : "after",
      "whiteSpace" : false
    }, {
      "id" : "s0-t13",
      "begin" : 91,
      "end" : 95,
      "text" : "free",
      "whiteSpace" : false
    }, {
      "id" : "s0-t14",
      "begin" : 96,
      "end" : 109,
      "text" : "vulnerability",
      "whiteSpace" : false
    }, {
      "id" : "s0-t15",
      "begin" : 110,
      "end" : 116,
      "text" : "caused",
      "whiteSpace" : false
    }, {
      "id" : "s0-t16",
      "begin" : 117,
      "end" : 119,
      "text" : "by",
      "whiteSpace" : false
    }, {
      "id" : "s0-t17",
      "begin" : 120,
      "end" : 130,
      "text" : "processing",
      "whiteSpace" : false
    }, {
      "id" : "s0-t18",
      "begin" : 131,
      "end" : 140,
      "text" : "specially",
      "whiteSpace" : false
    }, {
      "id" : "s0-t19",
      "begin" : 141,
      "end" : 148,
      "text" : "crafted",
      "whiteSpace" : false
    }, {
      "id" : "s0-t20",
      "begin" : 149,
      "end" : 154,
      "text" : "Arena",
      "whiteSpace" : false
    }, {
      "id" : "s0-t21",
      "begin" : 155,
      "end" : 165,
      "text" : "Simulation",
      "whiteSpace" : false
    }, {
      "id" : "s0-t22",
      "begin" : 166,
      "end" : 174,
      "text" : "Software",
      "whiteSpace" : false
    }, {
      "id" : "s0-t23",
      "begin" : 175,
      "end" : 180,
      "text" : "files",
      "whiteSpace" : false
    }, {
      "id" : "s0-t24",
      "begin" : 181,
      "end" : 185,
      "text" : "that",
      "whiteSpace" : false
    }, {
      "id" : "s0-t25",
      "begin" : 186,
      "end" : 189,
      "text" : "may",
      "whiteSpace" : false
    }, {
      "id" : "s0-t26",
      "begin" : 190,
      "end" : 195,
      "text" : "cause",
      "whiteSpace" : false
    }, {
      "id" : "s0-t27",
      "begin" : 196,
      "end" : 199,
      "text" : "the",
      "whiteSpace" : false
    }, {
      "id" : "s0-t28",
      "begin" : 200,
      "end" : 208,
      "text" : "software",
      "whiteSpace" : false
    }, {
      "id" : "s0-t29",
      "begin" : 209,
      "end" : 220,
      "text" : "application",
      "whiteSpace" : false
    }, {
      "id" : "s0-t30",
      "begin" : 221,
      "end" : 223,
      "text" : "to",
      "whiteSpace" : false
    }, {
      "id" : "s0-t31",
      "begin" : 224,
      "end" : 229,
      "text" : "crash",
      "whiteSpace" : false
    }, {
      "id" : "s0-t32",
      "begin" : 229,
      "end" : 230,
      "text" : ",",
      "whiteSpace" : false
    }, {
      "id" : "s0-t33",
      "begin" : 231,
      "end" : 242,
      "text" : "potentially",
      "whiteSpace" : false
    }, {
      "id" : "s0-t34",
      "begin" : 243,
      "end" : 249,
      "text" : "losing",
      "whiteSpace" : false
    }, {
      "id" : "s0-t35",
      "begin" : 250,
      "end" : 253,
      "text" : "any",
      "whiteSpace" : false
    }, {
      "id" : "s0-t36",
      "begin" : 254,
      "end" : 261,
      "text" : "unsaved",
      "whiteSpace" : false
    }, {
      "id" : "s0-t37",
      "begin" : 262,
      "end" : 266,
      "text" : "data",
      "whiteSpace" : false
    }, {
      "id" : "s0-t38",
      "begin" : 266,
      "end" : 267,
      "text" : ".",
      "whiteSpace" : false
    } ]
  }, {
    "id" : "s1",
    "begin" : 268,
    "end" : 396,
    "text" : "| MISC:https://ics-cert.us-cert.gov/advisories/ICSA-18-130-02   |   BID:104166   |   URL:http://www.securityfocus.com/bid/104166",
    "tokens" : [ {
      "id" : "s1-t0",
      "begin" : 268,
      "end" : 269,
      "text" : "|",
      "whiteSpace" : false
    }, {
      "id" : "s1-t1",
      "begin" : 270,
      "end" : 329,
      "text" : "MISC:https://ics-cert.us-cert.gov/advisories/ICSA-18-130-02",
      "whiteSpace" : false
    }, {
      "id" : "s1-t2",
      "begin" : 332,
      "end" : 333,
      "text" : "|",
      "whiteSpace" : false
    }, {
      "id" : "s1-t3",
      "begin" : 336,
      "end" : 339,
      "text" : "BID",
      "whiteSpace" : false
    }, {
      "id" : "s1-t4",
      "begin" : 339,
      "end" : 340,
      "text" : ":",
      "whiteSpace" : false
    }, {
      "id" : "s1-t5",
      "begin" : 340,
      "end" : 346,
      "text" : "104166",
      "whiteSpace" : false
    }, {
      "id" : "s1-t6",
      "begin" : 349,
      "end" : 350,
      "text" : "|",
      "whiteSpace" : false
    }, {
      "id" : "s1-t7",
      "begin" : 353,
      "end" : 390,
      "text" : "URL:http://www.securityfocus.com/bid/",
      "whiteSpace" : false
    }, {
      "id" : "s1-t8",
      "begin" : 390,
      "end" : 396,
      "text" : "104166",
      "whiteSpace" : false
    } ]
  } ],
  "mentions" : [ ],
  "relations" : [ ],
  "corefs" : [ ],
  "typeResolved" : true,
  "userResolved" : false
}