{
  "id" : "1ce7d5f0-e5bf-11e8-bc3f-812dc60f5413-211",
  "name" : "CVE-2018-9249",
  "createdDate" : 0,
  "version" : 3,
  "text" : "CVE-2018-9249 | FiberHome VDSL2 Modem HG 150-UB devices allow authentication bypass by ignoring the parent.location='login.html' JavaScript code in the response to an unauthenticated request. | MISC:https://gist.github.com/pak0s/cd7ac9c2ee659138816f92693d2df602",
  "docLength" : 0,
  "language" : "EN",
  "status" : "READY",
  "modifiedDate" : 1541946962154,
  "documentSet" : [ ],
  "preannotation" : [ ],
  "sentences" : [ {
    "id" : "s0",
    "begin" : 0,
    "end" : 191,
    "text" : "CVE-2018-9249 | FiberHome VDSL2 Modem HG 150-UB devices allow authentication bypass by ignoring the parent.location='login.html' JavaScript code in the response to an unauthenticated request.",
    "tokens" : [ {
      "id" : "s0-t0",
      "begin" : 0,
      "end" : 13,
      "text" : "CVE-2018-9249",
      "whiteSpace" : false
    }, {
      "id" : "s0-t1",
      "begin" : 14,
      "end" : 15,
      "text" : "|",
      "whiteSpace" : false
    }, {
      "id" : "s0-t2",
      "begin" : 16,
      "end" : 25,
      "text" : "FiberHome",
      "whiteSpace" : false
    }, {
      "id" : "s0-t3",
      "begin" : 26,
      "end" : 31,
      "text" : "VDSL2",
      "whiteSpace" : false
    }, {
      "id" : "s0-t4",
      "begin" : 32,
      "end" : 37,
      "text" : "Modem",
      "whiteSpace" : false
    }, {
      "id" : "s0-t5",
      "begin" : 38,
      "end" : 40,
      "text" : "HG",
      "whiteSpace" : false
    }, {
      "id" : "s0-t6",
      "begin" : 41,
      "end" : 47,
      "text" : "150-UB",
      "whiteSpace" : false
    }, {
      "id" : "s0-t7",
      "begin" : 48,
      "end" : 55,
      "text" : "devices",
      "whiteSpace" : false
    }, {
      "id" : "s0-t8",
      "begin" : 56,
      "end" : 61,
      "text" : "allow",
      "whiteSpace" : false
    }, {
      "id" : "s0-t9",
      "begin" : 62,
      "end" : 76,
      "text" : "authentication",
      "whiteSpace" : false
    }, {
      "id" : "s0-t10",
      "begin" : 77,
      "end" : 83,
      "text" : "bypass",
      "whiteSpace" : false
    }, {
      "id" : "s0-t11",
      "begin" : 84,
      "end" : 86,
      "text" : "by",
      "whiteSpace" : false
    }, {
      "id" : "s0-t12",
      "begin" : 87,
      "end" : 95,
      "text" : "ignoring",
      "whiteSpace" : false
    }, {
      "id" : "s0-t13",
      "begin" : 96,
      "end" : 99,
      "text" : "the",
      "whiteSpace" : false
    }, {
      "id" : "s0-t14",
      "begin" : 100,
      "end" : 116,
      "text" : "parent.location=",
      "whiteSpace" : false
    }, {
      "id" : "s0-t15",
      "begin" : 116,
      "end" : 117,
      "text" : "'",
      "whiteSpace" : false
    }, {
      "id" : "s0-t16",
      "begin" : 117,
      "end" : 128,
      "text" : "login.html'",
      "whiteSpace" : false
    }, {
      "id" : "s0-t17",
      "begin" : 129,
      "end" : 139,
      "text" : "JavaScript",
      "whiteSpace" : false
    }, {
      "id" : "s0-t18",
      "begin" : 140,
      "end" : 144,
      "text" : "code",
      "whiteSpace" : false
    }, {
      "id" : "s0-t19",
      "begin" : 145,
      "end" : 147,
      "text" : "in",
      "whiteSpace" : false
    }, {
      "id" : "s0-t20",
      "begin" : 148,
      "end" : 151,
      "text" : "the",
      "whiteSpace" : false
    }, {
      "id" : "s0-t21",
      "begin" : 152,
      "end" : 160,
      "text" : "response",
      "whiteSpace" : false
    }, {
      "id" : "s0-t22",
      "begin" : 161,
      "end" : 163,
      "text" : "to",
      "whiteSpace" : false
    }, {
      "id" : "s0-t23",
      "begin" : 164,
      "end" : 166,
      "text" : "an",
      "whiteSpace" : false
    }, {
      "id" : "s0-t24",
      "begin" : 167,
      "end" : 182,
      "text" : "unauthenticated",
      "whiteSpace" : false
    }, {
      "id" : "s0-t25",
      "begin" : 183,
      "end" : 190,
      "text" : "request",
      "whiteSpace" : false
    }, {
      "id" : "s0-t26",
      "begin" : 190,
      "end" : 191,
      "text" : ".",
      "whiteSpace" : false
    } ]
  }, {
    "id" : "s1",
    "begin" : 192,
    "end" : 261,
    "text" : "| MISC:https://gist.github.com/pak0s/cd7ac9c2ee659138816f92693d2df602",
    "tokens" : [ {
      "id" : "s1-t0",
      "begin" : 192,
      "end" : 193,
      "text" : "|",
      "whiteSpace" : false
    }, {
      "id" : "s1-t1",
      "begin" : 194,
      "end" : 261,
      "text" : "MISC:https://gist.github.com/pak0s/cd7ac9c2ee659138816f92693d2df602",
      "whiteSpace" : false
    } ]
  } ],
  "mentions" : [ ],
  "relations" : [ ],
  "corefs" : [ ],
  "typeResolved" : true,
  "userResolved" : false
}