{
  "id" : "1ce7d5f0-e5bf-11e8-bc3f-812dc60f5413-814",
  "name" : "CVE-2018-8215",
  "createdDate" : 0,
  "version" : 3,
  "text" : "CVE-2018-8215 | A security feature bypass vulnerability exists in Device Guard that could allow an attacker to inject malicious code into a Windows PowerShell session, aka \"Device Guard Code Integrity Policy Security Feature Bypass Vulnerability.\" This affects Windows Server 2016, Windows 10, Windows 10 Servers. This CVE ID is unique from CVE-2018-8201, CVE-2018-8211, CVE-2018-8212, CVE-2018-8216, CVE-2018-8217, CVE-2018-8221. | CONFIRM:https://portal.msrc.microsoft.com/en-US/security-guidance/advisory/CVE-2018-8215   |   BID:104333   |   URL:http://www.securityfocus.com/bid/104333   |   SECTRACK:1041098   |   URL:http://www.securitytracker.com/id/1041098",
  "docLength" : 0,
  "language" : "EN",
  "status" : "READY",
  "modifiedDate" : 1541946962154,
  "documentSet" : [ ],
  "preannotation" : [ ],
  "sentences" : [ {
    "id" : "s0",
    "begin" : 0,
    "end" : 246,
    "text" : "CVE-2018-8215 | A security feature bypass vulnerability exists in Device Guard that could allow an attacker to inject malicious code into a Windows PowerShell session, aka \"Device Guard Code Integrity Policy Security Feature Bypass Vulnerability.",
    "tokens" : [ {
      "id" : "s0-t0",
      "begin" : 0,
      "end" : 13,
      "text" : "CVE-2018-8215",
      "whiteSpace" : false
    }, {
      "id" : "s0-t1",
      "begin" : 14,
      "end" : 15,
      "text" : "|",
      "whiteSpace" : false
    }, {
      "id" : "s0-t2",
      "begin" : 16,
      "end" : 17,
      "text" : "A",
      "whiteSpace" : false
    }, {
      "id" : "s0-t3",
      "begin" : 18,
      "end" : 26,
      "text" : "security",
      "whiteSpace" : false
    }, {
      "id" : "s0-t4",
      "begin" : 27,
      "end" : 34,
      "text" : "feature",
      "whiteSpace" : false
    }, {
      "id" : "s0-t5",
      "begin" : 35,
      "end" : 41,
      "text" : "bypass",
      "whiteSpace" : false
    }, {
      "id" : "s0-t6",
      "begin" : 42,
      "end" : 55,
      "text" : "vulnerability",
      "whiteSpace" : false
    }, {
      "id" : "s0-t7",
      "begin" : 56,
      "end" : 62,
      "text" : "exists",
      "whiteSpace" : false
    }, {
      "id" : "s0-t8",
      "begin" : 63,
      "end" : 65,
      "text" : "in",
      "whiteSpace" : false
    }, {
      "id" : "s0-t9",
      "begin" : 66,
      "end" : 72,
      "text" : "Device",
      "whiteSpace" : false
    }, {
      "id" : "s0-t10",
      "begin" : 73,
      "end" : 78,
      "text" : "Guard",
      "whiteSpace" : false
    }, {
      "id" : "s0-t11",
      "begin" : 79,
      "end" : 83,
      "text" : "that",
      "whiteSpace" : false
    }, {
      "id" : "s0-t12",
      "begin" : 84,
      "end" : 89,
      "text" : "could",
      "whiteSpace" : false
    }, {
      "id" : "s0-t13",
      "begin" : 90,
      "end" : 95,
      "text" : "allow",
      "whiteSpace" : false
    }, {
      "id" : "s0-t14",
      "begin" : 96,
      "end" : 98,
      "text" : "an",
      "whiteSpace" : false
    }, {
      "id" : "s0-t15",
      "begin" : 99,
      "end" : 107,
      "text" : "attacker",
      "whiteSpace" : false
    }, {
      "id" : "s0-t16",
      "begin" : 108,
      "end" : 110,
      "text" : "to",
      "whiteSpace" : false
    }, {
      "id" : "s0-t17",
      "begin" : 111,
      "end" : 117,
      "text" : "inject",
      "whiteSpace" : false
    }, {
      "id" : "s0-t18",
      "begin" : 118,
      "end" : 127,
      "text" : "malicious",
      "whiteSpace" : false
    }, {
      "id" : "s0-t19",
      "begin" : 128,
      "end" : 132,
      "text" : "code",
      "whiteSpace" : false
    }, {
      "id" : "s0-t20",
      "begin" : 133,
      "end" : 137,
      "text" : "into",
      "whiteSpace" : false
    }, {
      "id" : "s0-t21",
      "begin" : 138,
      "end" : 139,
      "text" : "a",
      "whiteSpace" : false
    }, {
      "id" : "s0-t22",
      "begin" : 140,
      "end" : 147,
      "text" : "Windows",
      "whiteSpace" : false
    }, {
      "id" : "s0-t23",
      "begin" : 148,
      "end" : 158,
      "text" : "PowerShell",
      "whiteSpace" : false
    }, {
      "id" : "s0-t24",
      "begin" : 159,
      "end" : 166,
      "text" : "session",
      "whiteSpace" : false
    }, {
      "id" : "s0-t25",
      "begin" : 166,
      "end" : 167,
      "text" : ",",
      "whiteSpace" : false
    }, {
      "id" : "s0-t26",
      "begin" : 168,
      "end" : 171,
      "text" : "aka",
      "whiteSpace" : false
    }, {
      "id" : "s0-t27",
      "begin" : 172,
      "end" : 173,
      "text" : "\"",
      "whiteSpace" : false
    }, {
      "id" : "s0-t28",
      "begin" : 173,
      "end" : 179,
      "text" : "Device",
      "whiteSpace" : false
    }, {
      "id" : "s0-t29",
      "begin" : 180,
      "end" : 185,
      "text" : "Guard",
      "whiteSpace" : false
    }, {
      "id" : "s0-t30",
      "begin" : 186,
      "end" : 190,
      "text" : "Code",
      "whiteSpace" : false
    }, {
      "id" : "s0-t31",
      "begin" : 191,
      "end" : 200,
      "text" : "Integrity",
      "whiteSpace" : false
    }, {
      "id" : "s0-t32",
      "begin" : 201,
      "end" : 207,
      "text" : "Policy",
      "whiteSpace" : false
    }, {
      "id" : "s0-t33",
      "begin" : 208,
      "end" : 216,
      "text" : "Security",
      "whiteSpace" : false
    }, {
      "id" : "s0-t34",
      "begin" : 217,
      "end" : 224,
      "text" : "Feature",
      "whiteSpace" : false
    }, {
      "id" : "s0-t35",
      "begin" : 225,
      "end" : 231,
      "text" : "Bypass",
      "whiteSpace" : false
    }, {
      "id" : "s0-t36",
      "begin" : 232,
      "end" : 245,
      "text" : "Vulnerability",
      "whiteSpace" : false
    }, {
      "id" : "s0-t37",
      "begin" : 245,
      "end" : 246,
      "text" : ".",
      "whiteSpace" : false
    } ]
  }, {
    "id" : "s1",
    "begin" : 246,
    "end" : 313,
    "text" : "\" This affects Windows Server 2016, Windows 10, Windows 10 Servers.",
    "tokens" : [ {
      "id" : "s1-t0",
      "begin" : 246,
      "end" : 247,
      "text" : "\"",
      "whiteSpace" : false
    }, {
      "id" : "s1-t1",
      "begin" : 248,
      "end" : 252,
      "text" : "This",
      "whiteSpace" : false
    }, {
      "id" : "s1-t2",
      "begin" : 253,
      "end" : 260,
      "text" : "affects",
      "whiteSpace" : false
    }, {
      "id" : "s1-t3",
      "begin" : 261,
      "end" : 268,
      "text" : "Windows",
      "whiteSpace" : false
    }, {
      "id" : "s1-t4",
      "begin" : 269,
      "end" : 275,
      "text" : "Server",
      "whiteSpace" : false
    }, {
      "id" : "s1-t5",
      "begin" : 276,
      "end" : 280,
      "text" : "2016",
      "whiteSpace" : false
    }, {
      "id" : "s1-t6",
      "begin" : 280,
      "end" : 281,
      "text" : ",",
      "whiteSpace" : false
    }, {
      "id" : "s1-t7",
      "begin" : 282,
      "end" : 289,
      "text" : "Windows",
      "whiteSpace" : false
    }, {
      "id" : "s1-t8",
      "begin" : 290,
      "end" : 292,
      "text" : "10",
      "whiteSpace" : false
    }, {
      "id" : "s1-t9",
      "begin" : 292,
      "end" : 293,
      "text" : ",",
      "whiteSpace" : false
    }, {
      "id" : "s1-t10",
      "begin" : 294,
      "end" : 301,
      "text" : "Windows",
      "whiteSpace" : false
    }, {
      "id" : "s1-t11",
      "begin" : 302,
      "end" : 304,
      "text" : "10",
      "whiteSpace" : false
    }, {
      "id" : "s1-t12",
      "begin" : 305,
      "end" : 312,
      "text" : "Servers",
      "whiteSpace" : false
    }, {
      "id" : "s1-t13",
      "begin" : 312,
      "end" : 313,
      "text" : ".",
      "whiteSpace" : false
    } ]
  }, {
    "id" : "s2",
    "begin" : 314,
    "end" : 430,
    "text" : "This CVE ID is unique from CVE-2018-8201, CVE-2018-8211, CVE-2018-8212, CVE-2018-8216, CVE-2018-8217, CVE-2018-8221.",
    "tokens" : [ {
      "id" : "s2-t0",
      "begin" : 314,
      "end" : 318,
      "text" : "This",
      "whiteSpace" : false
    }, {
      "id" : "s2-t1",
      "begin" : 319,
      "end" : 322,
      "text" : "CVE",
      "whiteSpace" : false
    }, {
      "id" : "s2-t2",
      "begin" : 323,
      "end" : 325,
      "text" : "ID",
      "whiteSpace" : false
    }, {
      "id" : "s2-t3",
      "begin" : 326,
      "end" : 328,
      "text" : "is",
      "whiteSpace" : false
    }, {
      "id" : "s2-t4",
      "begin" : 329,
      "end" : 335,
      "text" : "unique",
      "whiteSpace" : false
    }, {
      "id" : "s2-t5",
      "begin" : 336,
      "end" : 340,
      "text" : "from",
      "whiteSpace" : false
    }, {
      "id" : "s2-t6",
      "begin" : 341,
      "end" : 354,
      "text" : "CVE-2018-8201",
      "whiteSpace" : false
    }, {
      "id" : "s2-t7",
      "begin" : 354,
      "end" : 355,
      "text" : ",",
      "whiteSpace" : false
    }, {
      "id" : "s2-t8",
      "begin" : 356,
      "end" : 369,
      "text" : "CVE-2018-8211",
      "whiteSpace" : false
    }, {
      "id" : "s2-t9",
      "begin" : 369,
      "end" : 370,
      "text" : ",",
      "whiteSpace" : false
    }, {
      "id" : "s2-t10",
      "begin" : 371,
      "end" : 384,
      "text" : "CVE-2018-8212",
      "whiteSpace" : false
    }, {
      "id" : "s2-t11",
      "begin" : 384,
      "end" : 385,
      "text" : ",",
      "whiteSpace" : false
    }, {
      "id" : "s2-t12",
      "begin" : 386,
      "end" : 399,
      "text" : "CVE-2018-8216",
      "whiteSpace" : false
    }, {
      "id" : "s2-t13",
      "begin" : 399,
      "end" : 400,
      "text" : ",",
      "whiteSpace" : false
    }, {
      "id" : "s2-t14",
      "begin" : 401,
      "end" : 414,
      "text" : "CVE-2018-8217",
      "whiteSpace" : false
    }, {
      "id" : "s2-t15",
      "begin" : 414,
      "end" : 415,
      "text" : ",",
      "whiteSpace" : false
    }, {
      "id" : "s2-t16",
      "begin" : 416,
      "end" : 429,
      "text" : "CVE-2018-8221",
      "whiteSpace" : false
    }, {
      "id" : "s2-t17",
      "begin" : 429,
      "end" : 430,
      "text" : ".",
      "whiteSpace" : false
    } ]
  }, {
    "id" : "s3",
    "begin" : 431,
    "end" : 663,
    "text" : "| CONFIRM:https://portal.msrc.microsoft.com/en-US/security-guidance/advisory/CVE-2018-8215   |   BID:104333   |   URL:http://www.securityfocus.com/bid/104333   |   SECTRACK:1041098   |   URL:http://www.securitytracker.com/id/1041098",
    "tokens" : [ {
      "id" : "s3-t0",
      "begin" : 431,
      "end" : 432,
      "text" : "|",
      "whiteSpace" : false
    }, {
      "id" : "s3-t1",
      "begin" : 433,
      "end" : 521,
      "text" : "CONFIRM:https://portal.msrc.microsoft.com/en-US/security-guidance/advisory/CVE-2018-8215",
      "whiteSpace" : false
    }, {
      "id" : "s3-t2",
      "begin" : 524,
      "end" : 525,
      "text" : "|",
      "whiteSpace" : false
    }, {
      "id" : "s3-t3",
      "begin" : 528,
      "end" : 531,
      "text" : "BID",
      "whiteSpace" : false
    }, {
      "id" : "s3-t4",
      "begin" : 531,
      "end" : 532,
      "text" : ":",
      "whiteSpace" : false
    }, {
      "id" : "s3-t5",
      "begin" : 532,
      "end" : 538,
      "text" : "104333",
      "whiteSpace" : false
    }, {
      "id" : "s3-t6",
      "begin" : 541,
      "end" : 542,
      "text" : "|",
      "whiteSpace" : false
    }, {
      "id" : "s3-t7",
      "begin" : 545,
      "end" : 582,
      "text" : "URL:http://www.securityfocus.com/bid/",
      "whiteSpace" : false
    }, {
      "id" : "s3-t8",
      "begin" : 582,
      "end" : 588,
      "text" : "104333",
      "whiteSpace" : false
    }, {
      "id" : "s3-t9",
      "begin" : 591,
      "end" : 592,
      "text" : "|",
      "whiteSpace" : false
    }, {
      "id" : "s3-t10",
      "begin" : 595,
      "end" : 603,
      "text" : "SECTRACK",
      "whiteSpace" : false
    }, {
      "id" : "s3-t11",
      "begin" : 603,
      "end" : 604,
      "text" : ":",
      "whiteSpace" : false
    }, {
      "id" : "s3-t12",
      "begin" : 604,
      "end" : 611,
      "text" : "1041098",
      "whiteSpace" : false
    }, {
      "id" : "s3-t13",
      "begin" : 614,
      "end" : 615,
      "text" : "|",
      "whiteSpace" : false
    }, {
      "id" : "s3-t14",
      "begin" : 618,
      "end" : 656,
      "text" : "URL:http://www.securitytracker.com/id/",
      "whiteSpace" : false
    }, {
      "id" : "s3-t15",
      "begin" : 656,
      "end" : 663,
      "text" : "1041098",
      "whiteSpace" : false
    } ]
  } ],
  "mentions" : [ ],
  "relations" : [ ],
  "corefs" : [ ],
  "typeResolved" : true,
  "userResolved" : false
}