{
  "id" : "1ce7d5f0-e5bf-11e8-bc3f-812dc60f5413-782",
  "name" : "CVE-2018-8260",
  "createdDate" : 0,
  "version" : 3,
  "text" : "CVE-2018-8260 | A Remote Code Execution vulnerability exists in .NET software when the software fails to check the source markup of a file, aka \".NET Framework Remote Code Execution Vulnerability.\" This affects .NET Framework 4.7.2, Microsoft .NET Framework 4.7.2. | CONFIRM:https://portal.msrc.microsoft.com/en-US/security-guidance/advisory/CVE-2018-8260   |   BID:104666   |   URL:http://www.securityfocus.com/bid/104666   |   SECTRACK:1041257   |   URL:http://www.securitytracker.com/id/1041257",
  "docLength" : 0,
  "language" : "EN",
  "status" : "READY",
  "modifiedDate" : 1541946962154,
  "documentSet" : [ ],
  "preannotation" : [ ],
  "sentences" : [ {
    "id" : "s0",
    "begin" : 0,
    "end" : 146,
    "text" : "CVE-2018-8260 | A Remote Code Execution vulnerability exists in .NET software when the software fails to check the source markup of a file, aka \".",
    "tokens" : [ {
      "id" : "s0-t0",
      "begin" : 0,
      "end" : 13,
      "text" : "CVE-2018-8260",
      "whiteSpace" : false
    }, {
      "id" : "s0-t1",
      "begin" : 14,
      "end" : 15,
      "text" : "|",
      "whiteSpace" : false
    }, {
      "id" : "s0-t2",
      "begin" : 16,
      "end" : 17,
      "text" : "A",
      "whiteSpace" : false
    }, {
      "id" : "s0-t3",
      "begin" : 18,
      "end" : 24,
      "text" : "Remote",
      "whiteSpace" : false
    }, {
      "id" : "s0-t4",
      "begin" : 25,
      "end" : 29,
      "text" : "Code",
      "whiteSpace" : false
    }, {
      "id" : "s0-t5",
      "begin" : 30,
      "end" : 39,
      "text" : "Execution",
      "whiteSpace" : false
    }, {
      "id" : "s0-t6",
      "begin" : 40,
      "end" : 53,
      "text" : "vulnerability",
      "whiteSpace" : false
    }, {
      "id" : "s0-t7",
      "begin" : 54,
      "end" : 60,
      "text" : "exists",
      "whiteSpace" : false
    }, {
      "id" : "s0-t8",
      "begin" : 61,
      "end" : 63,
      "text" : "in",
      "whiteSpace" : false
    }, {
      "id" : "s0-t9",
      "begin" : 64,
      "end" : 68,
      "text" : ".NET",
      "whiteSpace" : false
    }, {
      "id" : "s0-t10",
      "begin" : 69,
      "end" : 77,
      "text" : "software",
      "whiteSpace" : false
    }, {
      "id" : "s0-t11",
      "begin" : 78,
      "end" : 82,
      "text" : "when",
      "whiteSpace" : false
    }, {
      "id" : "s0-t12",
      "begin" : 83,
      "end" : 86,
      "text" : "the",
      "whiteSpace" : false
    }, {
      "id" : "s0-t13",
      "begin" : 87,
      "end" : 95,
      "text" : "software",
      "whiteSpace" : false
    }, {
      "id" : "s0-t14",
      "begin" : 96,
      "end" : 101,
      "text" : "fails",
      "whiteSpace" : false
    }, {
      "id" : "s0-t15",
      "begin" : 102,
      "end" : 104,
      "text" : "to",
      "whiteSpace" : false
    }, {
      "id" : "s0-t16",
      "begin" : 105,
      "end" : 110,
      "text" : "check",
      "whiteSpace" : false
    }, {
      "id" : "s0-t17",
      "begin" : 111,
      "end" : 114,
      "text" : "the",
      "whiteSpace" : false
    }, {
      "id" : "s0-t18",
      "begin" : 115,
      "end" : 121,
      "text" : "source",
      "whiteSpace" : false
    }, {
      "id" : "s0-t19",
      "begin" : 122,
      "end" : 128,
      "text" : "markup",
      "whiteSpace" : false
    }, {
      "id" : "s0-t20",
      "begin" : 129,
      "end" : 131,
      "text" : "of",
      "whiteSpace" : false
    }, {
      "id" : "s0-t21",
      "begin" : 132,
      "end" : 133,
      "text" : "a",
      "whiteSpace" : false
    }, {
      "id" : "s0-t22",
      "begin" : 134,
      "end" : 138,
      "text" : "file",
      "whiteSpace" : false
    }, {
      "id" : "s0-t23",
      "begin" : 138,
      "end" : 139,
      "text" : ",",
      "whiteSpace" : false
    }, {
      "id" : "s0-t24",
      "begin" : 140,
      "end" : 143,
      "text" : "aka",
      "whiteSpace" : false
    }, {
      "id" : "s0-t25",
      "begin" : 144,
      "end" : 145,
      "text" : "\"",
      "whiteSpace" : false
    }, {
      "id" : "s0-t26",
      "begin" : 145,
      "end" : 146,
      "text" : ".",
      "whiteSpace" : false
    } ]
  }, {
    "id" : "s1",
    "begin" : 146,
    "end" : 196,
    "text" : "NET Framework Remote Code Execution Vulnerability.",
    "tokens" : [ {
      "id" : "s1-t0",
      "begin" : 146,
      "end" : 149,
      "text" : "NET",
      "whiteSpace" : false
    }, {
      "id" : "s1-t1",
      "begin" : 150,
      "end" : 159,
      "text" : "Framework",
      "whiteSpace" : false
    }, {
      "id" : "s1-t2",
      "begin" : 160,
      "end" : 166,
      "text" : "Remote",
      "whiteSpace" : false
    }, {
      "id" : "s1-t3",
      "begin" : 167,
      "end" : 171,
      "text" : "Code",
      "whiteSpace" : false
    }, {
      "id" : "s1-t4",
      "begin" : 172,
      "end" : 181,
      "text" : "Execution",
      "whiteSpace" : false
    }, {
      "id" : "s1-t5",
      "begin" : 182,
      "end" : 195,
      "text" : "Vulnerability",
      "whiteSpace" : false
    }, {
      "id" : "s1-t6",
      "begin" : 195,
      "end" : 196,
      "text" : ".",
      "whiteSpace" : false
    } ]
  }, {
    "id" : "s2",
    "begin" : 196,
    "end" : 264,
    "text" : "\" This affects .NET Framework 4.7.2, Microsoft .NET Framework 4.7.2.",
    "tokens" : [ {
      "id" : "s2-t0",
      "begin" : 196,
      "end" : 197,
      "text" : "\"",
      "whiteSpace" : false
    }, {
      "id" : "s2-t1",
      "begin" : 198,
      "end" : 202,
      "text" : "This",
      "whiteSpace" : false
    }, {
      "id" : "s2-t2",
      "begin" : 203,
      "end" : 210,
      "text" : "affects",
      "whiteSpace" : false
    }, {
      "id" : "s2-t3",
      "begin" : 211,
      "end" : 215,
      "text" : ".NET",
      "whiteSpace" : false
    }, {
      "id" : "s2-t4",
      "begin" : 216,
      "end" : 225,
      "text" : "Framework",
      "whiteSpace" : false
    }, {
      "id" : "s2-t5",
      "begin" : 226,
      "end" : 231,
      "text" : "4.7.2",
      "whiteSpace" : false
    }, {
      "id" : "s2-t6",
      "begin" : 231,
      "end" : 232,
      "text" : ",",
      "whiteSpace" : false
    }, {
      "id" : "s2-t7",
      "begin" : 233,
      "end" : 242,
      "text" : "Microsoft",
      "whiteSpace" : false
    }, {
      "id" : "s2-t8",
      "begin" : 243,
      "end" : 247,
      "text" : ".NET",
      "whiteSpace" : false
    }, {
      "id" : "s2-t9",
      "begin" : 248,
      "end" : 257,
      "text" : "Framework",
      "whiteSpace" : false
    }, {
      "id" : "s2-t10",
      "begin" : 258,
      "end" : 263,
      "text" : "4.7.2",
      "whiteSpace" : false
    }, {
      "id" : "s2-t11",
      "begin" : 263,
      "end" : 264,
      "text" : ".",
      "whiteSpace" : false
    } ]
  }, {
    "id" : "s3",
    "begin" : 265,
    "end" : 497,
    "text" : "| CONFIRM:https://portal.msrc.microsoft.com/en-US/security-guidance/advisory/CVE-2018-8260   |   BID:104666   |   URL:http://www.securityfocus.com/bid/104666   |   SECTRACK:1041257   |   URL:http://www.securitytracker.com/id/1041257",
    "tokens" : [ {
      "id" : "s3-t0",
      "begin" : 265,
      "end" : 266,
      "text" : "|",
      "whiteSpace" : false
    }, {
      "id" : "s3-t1",
      "begin" : 267,
      "end" : 355,
      "text" : "CONFIRM:https://portal.msrc.microsoft.com/en-US/security-guidance/advisory/CVE-2018-8260",
      "whiteSpace" : false
    }, {
      "id" : "s3-t2",
      "begin" : 358,
      "end" : 359,
      "text" : "|",
      "whiteSpace" : false
    }, {
      "id" : "s3-t3",
      "begin" : 362,
      "end" : 365,
      "text" : "BID",
      "whiteSpace" : false
    }, {
      "id" : "s3-t4",
      "begin" : 365,
      "end" : 366,
      "text" : ":",
      "whiteSpace" : false
    }, {
      "id" : "s3-t5",
      "begin" : 366,
      "end" : 372,
      "text" : "104666",
      "whiteSpace" : false
    }, {
      "id" : "s3-t6",
      "begin" : 375,
      "end" : 376,
      "text" : "|",
      "whiteSpace" : false
    }, {
      "id" : "s3-t7",
      "begin" : 379,
      "end" : 416,
      "text" : "URL:http://www.securityfocus.com/bid/",
      "whiteSpace" : false
    }, {
      "id" : "s3-t8",
      "begin" : 416,
      "end" : 422,
      "text" : "104666",
      "whiteSpace" : false
    }, {
      "id" : "s3-t9",
      "begin" : 425,
      "end" : 426,
      "text" : "|",
      "whiteSpace" : false
    }, {
      "id" : "s3-t10",
      "begin" : 429,
      "end" : 437,
      "text" : "SECTRACK",
      "whiteSpace" : false
    }, {
      "id" : "s3-t11",
      "begin" : 437,
      "end" : 438,
      "text" : ":",
      "whiteSpace" : false
    }, {
      "id" : "s3-t12",
      "begin" : 438,
      "end" : 445,
      "text" : "1041257",
      "whiteSpace" : false
    }, {
      "id" : "s3-t13",
      "begin" : 448,
      "end" : 449,
      "text" : "|",
      "whiteSpace" : false
    }, {
      "id" : "s3-t14",
      "begin" : 452,
      "end" : 490,
      "text" : "URL:http://www.securitytracker.com/id/",
      "whiteSpace" : false
    }, {
      "id" : "s3-t15",
      "begin" : 490,
      "end" : 497,
      "text" : "1041257",
      "whiteSpace" : false
    } ]
  } ],
  "mentions" : [ ],
  "relations" : [ ],
  "corefs" : [ ],
  "typeResolved" : true,
  "userResolved" : false
}