{
  "id" : "1ce7d5f0-e5bf-11e8-bc3f-812dc60f5413-816",
  "name" : "CVE-2018-8213",
  "createdDate" : 0,
  "version" : 3,
  "text" : "CVE-2018-8213 | A remote code execution vulnerability exists when Windows improperly handles objects in memory, aka \"Windows Remote Code Execution Vulnerability.\" This affects Windows Server 2016, Windows 10, Windows 10 Servers. This CVE ID is unique from CVE-2018-8210. | CONFIRM:https://portal.msrc.microsoft.com/en-US/security-guidance/advisory/CVE-2018-8213   |   BID:104406   |   URL:http://www.securityfocus.com/bid/104406   |   SECTRACK:1041093   |   URL:http://www.securitytracker.com/id/1041093",
  "docLength" : 0,
  "language" : "EN",
  "status" : "READY",
  "modifiedDate" : 1541946962154,
  "documentSet" : [ ],
  "preannotation" : [ ],
  "sentences" : [ {
    "id" : "s0",
    "begin" : 0,
    "end" : 161,
    "text" : "CVE-2018-8213 | A remote code execution vulnerability exists when Windows improperly handles objects in memory, aka \"Windows Remote Code Execution Vulnerability.",
    "tokens" : [ {
      "id" : "s0-t0",
      "begin" : 0,
      "end" : 13,
      "text" : "CVE-2018-8213",
      "whiteSpace" : false
    }, {
      "id" : "s0-t1",
      "begin" : 14,
      "end" : 15,
      "text" : "|",
      "whiteSpace" : false
    }, {
      "id" : "s0-t2",
      "begin" : 16,
      "end" : 17,
      "text" : "A",
      "whiteSpace" : false
    }, {
      "id" : "s0-t3",
      "begin" : 18,
      "end" : 24,
      "text" : "remote",
      "whiteSpace" : false
    }, {
      "id" : "s0-t4",
      "begin" : 25,
      "end" : 29,
      "text" : "code",
      "whiteSpace" : false
    }, {
      "id" : "s0-t5",
      "begin" : 30,
      "end" : 39,
      "text" : "execution",
      "whiteSpace" : false
    }, {
      "id" : "s0-t6",
      "begin" : 40,
      "end" : 53,
      "text" : "vulnerability",
      "whiteSpace" : false
    }, {
      "id" : "s0-t7",
      "begin" : 54,
      "end" : 60,
      "text" : "exists",
      "whiteSpace" : false
    }, {
      "id" : "s0-t8",
      "begin" : 61,
      "end" : 65,
      "text" : "when",
      "whiteSpace" : false
    }, {
      "id" : "s0-t9",
      "begin" : 66,
      "end" : 73,
      "text" : "Windows",
      "whiteSpace" : false
    }, {
      "id" : "s0-t10",
      "begin" : 74,
      "end" : 84,
      "text" : "improperly",
      "whiteSpace" : false
    }, {
      "id" : "s0-t11",
      "begin" : 85,
      "end" : 92,
      "text" : "handles",
      "whiteSpace" : false
    }, {
      "id" : "s0-t12",
      "begin" : 93,
      "end" : 100,
      "text" : "objects",
      "whiteSpace" : false
    }, {
      "id" : "s0-t13",
      "begin" : 101,
      "end" : 103,
      "text" : "in",
      "whiteSpace" : false
    }, {
      "id" : "s0-t14",
      "begin" : 104,
      "end" : 110,
      "text" : "memory",
      "whiteSpace" : false
    }, {
      "id" : "s0-t15",
      "begin" : 110,
      "end" : 111,
      "text" : ",",
      "whiteSpace" : false
    }, {
      "id" : "s0-t16",
      "begin" : 112,
      "end" : 115,
      "text" : "aka",
      "whiteSpace" : false
    }, {
      "id" : "s0-t17",
      "begin" : 116,
      "end" : 117,
      "text" : "\"",
      "whiteSpace" : false
    }, {
      "id" : "s0-t18",
      "begin" : 117,
      "end" : 124,
      "text" : "Windows",
      "whiteSpace" : false
    }, {
      "id" : "s0-t19",
      "begin" : 125,
      "end" : 131,
      "text" : "Remote",
      "whiteSpace" : false
    }, {
      "id" : "s0-t20",
      "begin" : 132,
      "end" : 136,
      "text" : "Code",
      "whiteSpace" : false
    }, {
      "id" : "s0-t21",
      "begin" : 137,
      "end" : 146,
      "text" : "Execution",
      "whiteSpace" : false
    }, {
      "id" : "s0-t22",
      "begin" : 147,
      "end" : 160,
      "text" : "Vulnerability",
      "whiteSpace" : false
    }, {
      "id" : "s0-t23",
      "begin" : 160,
      "end" : 161,
      "text" : ".",
      "whiteSpace" : false
    } ]
  }, {
    "id" : "s1",
    "begin" : 161,
    "end" : 228,
    "text" : "\" This affects Windows Server 2016, Windows 10, Windows 10 Servers.",
    "tokens" : [ {
      "id" : "s1-t0",
      "begin" : 161,
      "end" : 162,
      "text" : "\"",
      "whiteSpace" : false
    }, {
      "id" : "s1-t1",
      "begin" : 163,
      "end" : 167,
      "text" : "This",
      "whiteSpace" : false
    }, {
      "id" : "s1-t2",
      "begin" : 168,
      "end" : 175,
      "text" : "affects",
      "whiteSpace" : false
    }, {
      "id" : "s1-t3",
      "begin" : 176,
      "end" : 183,
      "text" : "Windows",
      "whiteSpace" : false
    }, {
      "id" : "s1-t4",
      "begin" : 184,
      "end" : 190,
      "text" : "Server",
      "whiteSpace" : false
    }, {
      "id" : "s1-t5",
      "begin" : 191,
      "end" : 195,
      "text" : "2016",
      "whiteSpace" : false
    }, {
      "id" : "s1-t6",
      "begin" : 195,
      "end" : 196,
      "text" : ",",
      "whiteSpace" : false
    }, {
      "id" : "s1-t7",
      "begin" : 197,
      "end" : 204,
      "text" : "Windows",
      "whiteSpace" : false
    }, {
      "id" : "s1-t8",
      "begin" : 205,
      "end" : 207,
      "text" : "10",
      "whiteSpace" : false
    }, {
      "id" : "s1-t9",
      "begin" : 207,
      "end" : 208,
      "text" : ",",
      "whiteSpace" : false
    }, {
      "id" : "s1-t10",
      "begin" : 209,
      "end" : 216,
      "text" : "Windows",
      "whiteSpace" : false
    }, {
      "id" : "s1-t11",
      "begin" : 217,
      "end" : 219,
      "text" : "10",
      "whiteSpace" : false
    }, {
      "id" : "s1-t12",
      "begin" : 220,
      "end" : 227,
      "text" : "Servers",
      "whiteSpace" : false
    }, {
      "id" : "s1-t13",
      "begin" : 227,
      "end" : 228,
      "text" : ".",
      "whiteSpace" : false
    } ]
  }, {
    "id" : "s2",
    "begin" : 229,
    "end" : 270,
    "text" : "This CVE ID is unique from CVE-2018-8210.",
    "tokens" : [ {
      "id" : "s2-t0",
      "begin" : 229,
      "end" : 233,
      "text" : "This",
      "whiteSpace" : false
    }, {
      "id" : "s2-t1",
      "begin" : 234,
      "end" : 237,
      "text" : "CVE",
      "whiteSpace" : false
    }, {
      "id" : "s2-t2",
      "begin" : 238,
      "end" : 240,
      "text" : "ID",
      "whiteSpace" : false
    }, {
      "id" : "s2-t3",
      "begin" : 241,
      "end" : 243,
      "text" : "is",
      "whiteSpace" : false
    }, {
      "id" : "s2-t4",
      "begin" : 244,
      "end" : 250,
      "text" : "unique",
      "whiteSpace" : false
    }, {
      "id" : "s2-t5",
      "begin" : 251,
      "end" : 255,
      "text" : "from",
      "whiteSpace" : false
    }, {
      "id" : "s2-t6",
      "begin" : 256,
      "end" : 269,
      "text" : "CVE-2018-8210",
      "whiteSpace" : false
    }, {
      "id" : "s2-t7",
      "begin" : 269,
      "end" : 270,
      "text" : ".",
      "whiteSpace" : false
    } ]
  }, {
    "id" : "s3",
    "begin" : 271,
    "end" : 503,
    "text" : "| CONFIRM:https://portal.msrc.microsoft.com/en-US/security-guidance/advisory/CVE-2018-8213   |   BID:104406   |   URL:http://www.securityfocus.com/bid/104406   |   SECTRACK:1041093   |   URL:http://www.securitytracker.com/id/1041093",
    "tokens" : [ {
      "id" : "s3-t0",
      "begin" : 271,
      "end" : 272,
      "text" : "|",
      "whiteSpace" : false
    }, {
      "id" : "s3-t1",
      "begin" : 273,
      "end" : 361,
      "text" : "CONFIRM:https://portal.msrc.microsoft.com/en-US/security-guidance/advisory/CVE-2018-8213",
      "whiteSpace" : false
    }, {
      "id" : "s3-t2",
      "begin" : 364,
      "end" : 365,
      "text" : "|",
      "whiteSpace" : false
    }, {
      "id" : "s3-t3",
      "begin" : 368,
      "end" : 371,
      "text" : "BID",
      "whiteSpace" : false
    }, {
      "id" : "s3-t4",
      "begin" : 371,
      "end" : 372,
      "text" : ":",
      "whiteSpace" : false
    }, {
      "id" : "s3-t5",
      "begin" : 372,
      "end" : 378,
      "text" : "104406",
      "whiteSpace" : false
    }, {
      "id" : "s3-t6",
      "begin" : 381,
      "end" : 382,
      "text" : "|",
      "whiteSpace" : false
    }, {
      "id" : "s3-t7",
      "begin" : 385,
      "end" : 422,
      "text" : "URL:http://www.securityfocus.com/bid/",
      "whiteSpace" : false
    }, {
      "id" : "s3-t8",
      "begin" : 422,
      "end" : 428,
      "text" : "104406",
      "whiteSpace" : false
    }, {
      "id" : "s3-t9",
      "begin" : 431,
      "end" : 432,
      "text" : "|",
      "whiteSpace" : false
    }, {
      "id" : "s3-t10",
      "begin" : 435,
      "end" : 443,
      "text" : "SECTRACK",
      "whiteSpace" : false
    }, {
      "id" : "s3-t11",
      "begin" : 443,
      "end" : 444,
      "text" : ":",
      "whiteSpace" : false
    }, {
      "id" : "s3-t12",
      "begin" : 444,
      "end" : 451,
      "text" : "1041093",
      "whiteSpace" : false
    }, {
      "id" : "s3-t13",
      "begin" : 454,
      "end" : 455,
      "text" : "|",
      "whiteSpace" : false
    }, {
      "id" : "s3-t14",
      "begin" : 458,
      "end" : 496,
      "text" : "URL:http://www.securitytracker.com/id/",
      "whiteSpace" : false
    }, {
      "id" : "s3-t15",
      "begin" : 496,
      "end" : 503,
      "text" : "1041093",
      "whiteSpace" : false
    } ]
  } ],
  "mentions" : [ ],
  "relations" : [ ],
  "corefs" : [ ],
  "typeResolved" : true,
  "userResolved" : false
}