{
  "id" : "1ce7d5f0-e5bf-11e8-bc3f-812dc60f5413-762",
  "name" : "CVE-2018-8288",
  "createdDate" : 0,
  "version" : 3,
  "text" : "CVE-2018-8288 | A remote code execution vulnerability exists in the way the scripting engine handles objects in memory in Microsoft browsers, aka \"Scripting Engine Memory Corruption Vulnerability.\" This affects ChakraCore, Internet Explorer 11, Microsoft Edge. This CVE ID is unique from CVE-2018-8242, CVE-2018-8283, CVE-2018-8287, CVE-2018-8291, CVE-2018-8296, CVE-2018-8298. | EXPLOIT-DB:45213   |   URL:https://www.exploit-db.com/exploits/45213/   |   CONFIRM:https://portal.msrc.microsoft.com/en-US/security-guidance/advisory/CVE-2018-8288   |   BID:104636   |   URL:http://www.securityfocus.com/bid/104636   |   SECTRACK:1041256   |   URL:http://www.securitytracker.com/id/1041256   |   SECTRACK:1041258   |   URL:http://www.securitytracker.com/id/1041258",
  "docLength" : 0,
  "language" : "EN",
  "status" : "READY",
  "modifiedDate" : 1541946962154,
  "documentSet" : [ ],
  "preannotation" : [ ],
  "sentences" : [ {
    "id" : "s0",
    "begin" : 0,
    "end" : 196,
    "text" : "CVE-2018-8288 | A remote code execution vulnerability exists in the way the scripting engine handles objects in memory in Microsoft browsers, aka \"Scripting Engine Memory Corruption Vulnerability.",
    "tokens" : [ {
      "id" : "s0-t0",
      "begin" : 0,
      "end" : 13,
      "text" : "CVE-2018-8288",
      "whiteSpace" : false
    }, {
      "id" : "s0-t1",
      "begin" : 14,
      "end" : 15,
      "text" : "|",
      "whiteSpace" : false
    }, {
      "id" : "s0-t2",
      "begin" : 16,
      "end" : 17,
      "text" : "A",
      "whiteSpace" : false
    }, {
      "id" : "s0-t3",
      "begin" : 18,
      "end" : 24,
      "text" : "remote",
      "whiteSpace" : false
    }, {
      "id" : "s0-t4",
      "begin" : 25,
      "end" : 29,
      "text" : "code",
      "whiteSpace" : false
    }, {
      "id" : "s0-t5",
      "begin" : 30,
      "end" : 39,
      "text" : "execution",
      "whiteSpace" : false
    }, {
      "id" : "s0-t6",
      "begin" : 40,
      "end" : 53,
      "text" : "vulnerability",
      "whiteSpace" : false
    }, {
      "id" : "s0-t7",
      "begin" : 54,
      "end" : 60,
      "text" : "exists",
      "whiteSpace" : false
    }, {
      "id" : "s0-t8",
      "begin" : 61,
      "end" : 63,
      "text" : "in",
      "whiteSpace" : false
    }, {
      "id" : "s0-t9",
      "begin" : 64,
      "end" : 67,
      "text" : "the",
      "whiteSpace" : false
    }, {
      "id" : "s0-t10",
      "begin" : 68,
      "end" : 71,
      "text" : "way",
      "whiteSpace" : false
    }, {
      "id" : "s0-t11",
      "begin" : 72,
      "end" : 75,
      "text" : "the",
      "whiteSpace" : false
    }, {
      "id" : "s0-t12",
      "begin" : 76,
      "end" : 85,
      "text" : "scripting",
      "whiteSpace" : false
    }, {
      "id" : "s0-t13",
      "begin" : 86,
      "end" : 92,
      "text" : "engine",
      "whiteSpace" : false
    }, {
      "id" : "s0-t14",
      "begin" : 93,
      "end" : 100,
      "text" : "handles",
      "whiteSpace" : false
    }, {
      "id" : "s0-t15",
      "begin" : 101,
      "end" : 108,
      "text" : "objects",
      "whiteSpace" : false
    }, {
      "id" : "s0-t16",
      "begin" : 109,
      "end" : 111,
      "text" : "in",
      "whiteSpace" : false
    }, {
      "id" : "s0-t17",
      "begin" : 112,
      "end" : 118,
      "text" : "memory",
      "whiteSpace" : false
    }, {
      "id" : "s0-t18",
      "begin" : 119,
      "end" : 121,
      "text" : "in",
      "whiteSpace" : false
    }, {
      "id" : "s0-t19",
      "begin" : 122,
      "end" : 131,
      "text" : "Microsoft",
      "whiteSpace" : false
    }, {
      "id" : "s0-t20",
      "begin" : 132,
      "end" : 140,
      "text" : "browsers",
      "whiteSpace" : false
    }, {
      "id" : "s0-t21",
      "begin" : 140,
      "end" : 141,
      "text" : ",",
      "whiteSpace" : false
    }, {
      "id" : "s0-t22",
      "begin" : 142,
      "end" : 145,
      "text" : "aka",
      "whiteSpace" : false
    }, {
      "id" : "s0-t23",
      "begin" : 146,
      "end" : 147,
      "text" : "\"",
      "whiteSpace" : false
    }, {
      "id" : "s0-t24",
      "begin" : 147,
      "end" : 156,
      "text" : "Scripting",
      "whiteSpace" : false
    }, {
      "id" : "s0-t25",
      "begin" : 157,
      "end" : 163,
      "text" : "Engine",
      "whiteSpace" : false
    }, {
      "id" : "s0-t26",
      "begin" : 164,
      "end" : 170,
      "text" : "Memory",
      "whiteSpace" : false
    }, {
      "id" : "s0-t27",
      "begin" : 171,
      "end" : 181,
      "text" : "Corruption",
      "whiteSpace" : false
    }, {
      "id" : "s0-t28",
      "begin" : 182,
      "end" : 195,
      "text" : "Vulnerability",
      "whiteSpace" : false
    }, {
      "id" : "s0-t29",
      "begin" : 195,
      "end" : 196,
      "text" : ".",
      "whiteSpace" : false
    } ]
  }, {
    "id" : "s1",
    "begin" : 196,
    "end" : 260,
    "text" : "\" This affects ChakraCore, Internet Explorer 11, Microsoft Edge.",
    "tokens" : [ {
      "id" : "s1-t0",
      "begin" : 196,
      "end" : 197,
      "text" : "\"",
      "whiteSpace" : false
    }, {
      "id" : "s1-t1",
      "begin" : 198,
      "end" : 202,
      "text" : "This",
      "whiteSpace" : false
    }, {
      "id" : "s1-t2",
      "begin" : 203,
      "end" : 210,
      "text" : "affects",
      "whiteSpace" : false
    }, {
      "id" : "s1-t3",
      "begin" : 211,
      "end" : 221,
      "text" : "ChakraCore",
      "whiteSpace" : false
    }, {
      "id" : "s1-t4",
      "begin" : 221,
      "end" : 222,
      "text" : ",",
      "whiteSpace" : false
    }, {
      "id" : "s1-t5",
      "begin" : 223,
      "end" : 231,
      "text" : "Internet",
      "whiteSpace" : false
    }, {
      "id" : "s1-t6",
      "begin" : 232,
      "end" : 240,
      "text" : "Explorer",
      "whiteSpace" : false
    }, {
      "id" : "s1-t7",
      "begin" : 241,
      "end" : 243,
      "text" : "11",
      "whiteSpace" : false
    }, {
      "id" : "s1-t8",
      "begin" : 243,
      "end" : 244,
      "text" : ",",
      "whiteSpace" : false
    }, {
      "id" : "s1-t9",
      "begin" : 245,
      "end" : 254,
      "text" : "Microsoft",
      "whiteSpace" : false
    }, {
      "id" : "s1-t10",
      "begin" : 255,
      "end" : 259,
      "text" : "Edge",
      "whiteSpace" : false
    }, {
      "id" : "s1-t11",
      "begin" : 259,
      "end" : 260,
      "text" : ".",
      "whiteSpace" : false
    } ]
  }, {
    "id" : "s2",
    "begin" : 261,
    "end" : 377,
    "text" : "This CVE ID is unique from CVE-2018-8242, CVE-2018-8283, CVE-2018-8287, CVE-2018-8291, CVE-2018-8296, CVE-2018-8298.",
    "tokens" : [ {
      "id" : "s2-t0",
      "begin" : 261,
      "end" : 265,
      "text" : "This",
      "whiteSpace" : false
    }, {
      "id" : "s2-t1",
      "begin" : 266,
      "end" : 269,
      "text" : "CVE",
      "whiteSpace" : false
    }, {
      "id" : "s2-t2",
      "begin" : 270,
      "end" : 272,
      "text" : "ID",
      "whiteSpace" : false
    }, {
      "id" : "s2-t3",
      "begin" : 273,
      "end" : 275,
      "text" : "is",
      "whiteSpace" : false
    }, {
      "id" : "s2-t4",
      "begin" : 276,
      "end" : 282,
      "text" : "unique",
      "whiteSpace" : false
    }, {
      "id" : "s2-t5",
      "begin" : 283,
      "end" : 287,
      "text" : "from",
      "whiteSpace" : false
    }, {
      "id" : "s2-t6",
      "begin" : 288,
      "end" : 301,
      "text" : "CVE-2018-8242",
      "whiteSpace" : false
    }, {
      "id" : "s2-t7",
      "begin" : 301,
      "end" : 302,
      "text" : ",",
      "whiteSpace" : false
    }, {
      "id" : "s2-t8",
      "begin" : 303,
      "end" : 316,
      "text" : "CVE-2018-8283",
      "whiteSpace" : false
    }, {
      "id" : "s2-t9",
      "begin" : 316,
      "end" : 317,
      "text" : ",",
      "whiteSpace" : false
    }, {
      "id" : "s2-t10",
      "begin" : 318,
      "end" : 331,
      "text" : "CVE-2018-8287",
      "whiteSpace" : false
    }, {
      "id" : "s2-t11",
      "begin" : 331,
      "end" : 332,
      "text" : ",",
      "whiteSpace" : false
    }, {
      "id" : "s2-t12",
      "begin" : 333,
      "end" : 346,
      "text" : "CVE-2018-8291",
      "whiteSpace" : false
    }, {
      "id" : "s2-t13",
      "begin" : 346,
      "end" : 347,
      "text" : ",",
      "whiteSpace" : false
    }, {
      "id" : "s2-t14",
      "begin" : 348,
      "end" : 361,
      "text" : "CVE-2018-8296",
      "whiteSpace" : false
    }, {
      "id" : "s2-t15",
      "begin" : 361,
      "end" : 362,
      "text" : ",",
      "whiteSpace" : false
    }, {
      "id" : "s2-t16",
      "begin" : 363,
      "end" : 376,
      "text" : "CVE-2018-8298",
      "whiteSpace" : false
    }, {
      "id" : "s2-t17",
      "begin" : 376,
      "end" : 377,
      "text" : ".",
      "whiteSpace" : false
    } ]
  }, {
    "id" : "s3",
    "begin" : 378,
    "end" : 761,
    "text" : "| EXPLOIT-DB:45213   |   URL:https://www.exploit-db.com/exploits/45213/   |   CONFIRM:https://portal.msrc.microsoft.com/en-US/security-guidance/advisory/CVE-2018-8288   |   BID:104636   |   URL:http://www.securityfocus.com/bid/104636   |   SECTRACK:1041256   |   URL:http://www.securitytracker.com/id/1041256   |   SECTRACK:1041258   |   URL:http://www.securitytracker.com/id/1041258",
    "tokens" : [ {
      "id" : "s3-t0",
      "begin" : 378,
      "end" : 379,
      "text" : "|",
      "whiteSpace" : false
    }, {
      "id" : "s3-t1",
      "begin" : 380,
      "end" : 390,
      "text" : "EXPLOIT-DB",
      "whiteSpace" : false
    }, {
      "id" : "s3-t2",
      "begin" : 390,
      "end" : 391,
      "text" : ":",
      "whiteSpace" : false
    }, {
      "id" : "s3-t3",
      "begin" : 391,
      "end" : 396,
      "text" : "45213",
      "whiteSpace" : false
    }, {
      "id" : "s3-t4",
      "begin" : 399,
      "end" : 400,
      "text" : "|",
      "whiteSpace" : false
    }, {
      "id" : "s3-t5",
      "begin" : 403,
      "end" : 448,
      "text" : "URL:https://www.exploit-db.com/exploits/45213",
      "whiteSpace" : false
    }, {
      "id" : "s3-t6",
      "begin" : 448,
      "end" : 449,
      "text" : "/",
      "whiteSpace" : false
    }, {
      "id" : "s3-t7",
      "begin" : 452,
      "end" : 453,
      "text" : "|",
      "whiteSpace" : false
    }, {
      "id" : "s3-t8",
      "begin" : 456,
      "end" : 544,
      "text" : "CONFIRM:https://portal.msrc.microsoft.com/en-US/security-guidance/advisory/CVE-2018-8288",
      "whiteSpace" : false
    }, {
      "id" : "s3-t9",
      "begin" : 547,
      "end" : 548,
      "text" : "|",
      "whiteSpace" : false
    }, {
      "id" : "s3-t10",
      "begin" : 551,
      "end" : 554,
      "text" : "BID",
      "whiteSpace" : false
    }, {
      "id" : "s3-t11",
      "begin" : 554,
      "end" : 555,
      "text" : ":",
      "whiteSpace" : false
    }, {
      "id" : "s3-t12",
      "begin" : 555,
      "end" : 561,
      "text" : "104636",
      "whiteSpace" : false
    }, {
      "id" : "s3-t13",
      "begin" : 564,
      "end" : 565,
      "text" : "|",
      "whiteSpace" : false
    }, {
      "id" : "s3-t14",
      "begin" : 568,
      "end" : 605,
      "text" : "URL:http://www.securityfocus.com/bid/",
      "whiteSpace" : false
    }, {
      "id" : "s3-t15",
      "begin" : 605,
      "end" : 611,
      "text" : "104636",
      "whiteSpace" : false
    }, {
      "id" : "s3-t16",
      "begin" : 614,
      "end" : 615,
      "text" : "|",
      "whiteSpace" : false
    }, {
      "id" : "s3-t17",
      "begin" : 618,
      "end" : 626,
      "text" : "SECTRACK",
      "whiteSpace" : false
    }, {
      "id" : "s3-t18",
      "begin" : 626,
      "end" : 627,
      "text" : ":",
      "whiteSpace" : false
    }, {
      "id" : "s3-t19",
      "begin" : 627,
      "end" : 634,
      "text" : "1041256",
      "whiteSpace" : false
    }, {
      "id" : "s3-t20",
      "begin" : 637,
      "end" : 638,
      "text" : "|",
      "whiteSpace" : false
    }, {
      "id" : "s3-t21",
      "begin" : 641,
      "end" : 679,
      "text" : "URL:http://www.securitytracker.com/id/",
      "whiteSpace" : false
    }, {
      "id" : "s3-t22",
      "begin" : 679,
      "end" : 686,
      "text" : "1041256",
      "whiteSpace" : false
    }, {
      "id" : "s3-t23",
      "begin" : 689,
      "end" : 690,
      "text" : "|",
      "whiteSpace" : false
    }, {
      "id" : "s3-t24",
      "begin" : 693,
      "end" : 701,
      "text" : "SECTRACK",
      "whiteSpace" : false
    }, {
      "id" : "s3-t25",
      "begin" : 701,
      "end" : 702,
      "text" : ":",
      "whiteSpace" : false
    }, {
      "id" : "s3-t26",
      "begin" : 702,
      "end" : 709,
      "text" : "1041258",
      "whiteSpace" : false
    }, {
      "id" : "s3-t27",
      "begin" : 712,
      "end" : 713,
      "text" : "|",
      "whiteSpace" : false
    }, {
      "id" : "s3-t28",
      "begin" : 716,
      "end" : 754,
      "text" : "URL:http://www.securitytracker.com/id/",
      "whiteSpace" : false
    }, {
      "id" : "s3-t29",
      "begin" : 754,
      "end" : 761,
      "text" : "1041258",
      "whiteSpace" : false
    } ]
  } ],
  "mentions" : [ ],
  "relations" : [ ],
  "corefs" : [ ],
  "typeResolved" : true,
  "userResolved" : false
}