{
  "id" : "1ce7d5f0-e5bf-11e8-bc3f-812dc60f5413-783",
  "name" : "CVE-2018-8254",
  "createdDate" : 0,
  "version" : 3,
  "text" : "CVE-2018-8254 | An elevation of privilege vulnerability exists when Microsoft SharePoint Server does not properly sanitize a specially crafted web request to an affected SharePoint server, aka \"Microsoft SharePoint Elevation of Privilege Vulnerability.\" This affects Microsoft Project Server, Microsoft SharePoint. This CVE ID is unique from CVE-2018-8252. | CONFIRM:https://portal.msrc.microsoft.com/en-US/security-guidance/advisory/CVE-2018-8254   |   BID:104325   |   URL:http://www.securityfocus.com/bid/104325   |   SECTRACK:1041106   |   URL:http://www.securitytracker.com/id/1041106",
  "docLength" : 0,
  "language" : "EN",
  "status" : "READY",
  "modifiedDate" : 1541946962154,
  "documentSet" : [ ],
  "preannotation" : [ ],
  "sentences" : [ {
    "id" : "s0",
    "begin" : 0,
    "end" : 252,
    "text" : "CVE-2018-8254 | An elevation of privilege vulnerability exists when Microsoft SharePoint Server does not properly sanitize a specially crafted web request to an affected SharePoint server, aka \"Microsoft SharePoint Elevation of Privilege Vulnerability.",
    "tokens" : [ {
      "id" : "s0-t0",
      "begin" : 0,
      "end" : 13,
      "text" : "CVE-2018-8254",
      "whiteSpace" : false
    }, {
      "id" : "s0-t1",
      "begin" : 14,
      "end" : 15,
      "text" : "|",
      "whiteSpace" : false
    }, {
      "id" : "s0-t2",
      "begin" : 16,
      "end" : 18,
      "text" : "An",
      "whiteSpace" : false
    }, {
      "id" : "s0-t3",
      "begin" : 19,
      "end" : 28,
      "text" : "elevation",
      "whiteSpace" : false
    }, {
      "id" : "s0-t4",
      "begin" : 29,
      "end" : 31,
      "text" : "of",
      "whiteSpace" : false
    }, {
      "id" : "s0-t5",
      "begin" : 32,
      "end" : 41,
      "text" : "privilege",
      "whiteSpace" : false
    }, {
      "id" : "s0-t6",
      "begin" : 42,
      "end" : 55,
      "text" : "vulnerability",
      "whiteSpace" : false
    }, {
      "id" : "s0-t7",
      "begin" : 56,
      "end" : 62,
      "text" : "exists",
      "whiteSpace" : false
    }, {
      "id" : "s0-t8",
      "begin" : 63,
      "end" : 67,
      "text" : "when",
      "whiteSpace" : false
    }, {
      "id" : "s0-t9",
      "begin" : 68,
      "end" : 77,
      "text" : "Microsoft",
      "whiteSpace" : false
    }, {
      "id" : "s0-t10",
      "begin" : 78,
      "end" : 88,
      "text" : "SharePoint",
      "whiteSpace" : false
    }, {
      "id" : "s0-t11",
      "begin" : 89,
      "end" : 95,
      "text" : "Server",
      "whiteSpace" : false
    }, {
      "id" : "s0-t12",
      "begin" : 96,
      "end" : 100,
      "text" : "does",
      "whiteSpace" : false
    }, {
      "id" : "s0-t13",
      "begin" : 101,
      "end" : 104,
      "text" : "not",
      "whiteSpace" : false
    }, {
      "id" : "s0-t14",
      "begin" : 105,
      "end" : 113,
      "text" : "properly",
      "whiteSpace" : false
    }, {
      "id" : "s0-t15",
      "begin" : 114,
      "end" : 122,
      "text" : "sanitize",
      "whiteSpace" : false
    }, {
      "id" : "s0-t16",
      "begin" : 123,
      "end" : 124,
      "text" : "a",
      "whiteSpace" : false
    }, {
      "id" : "s0-t17",
      "begin" : 125,
      "end" : 134,
      "text" : "specially",
      "whiteSpace" : false
    }, {
      "id" : "s0-t18",
      "begin" : 135,
      "end" : 142,
      "text" : "crafted",
      "whiteSpace" : false
    }, {
      "id" : "s0-t19",
      "begin" : 143,
      "end" : 146,
      "text" : "web",
      "whiteSpace" : false
    }, {
      "id" : "s0-t20",
      "begin" : 147,
      "end" : 154,
      "text" : "request",
      "whiteSpace" : false
    }, {
      "id" : "s0-t21",
      "begin" : 155,
      "end" : 157,
      "text" : "to",
      "whiteSpace" : false
    }, {
      "id" : "s0-t22",
      "begin" : 158,
      "end" : 160,
      "text" : "an",
      "whiteSpace" : false
    }, {
      "id" : "s0-t23",
      "begin" : 161,
      "end" : 169,
      "text" : "affected",
      "whiteSpace" : false
    }, {
      "id" : "s0-t24",
      "begin" : 170,
      "end" : 180,
      "text" : "SharePoint",
      "whiteSpace" : false
    }, {
      "id" : "s0-t25",
      "begin" : 181,
      "end" : 187,
      "text" : "server",
      "whiteSpace" : false
    }, {
      "id" : "s0-t26",
      "begin" : 187,
      "end" : 188,
      "text" : ",",
      "whiteSpace" : false
    }, {
      "id" : "s0-t27",
      "begin" : 189,
      "end" : 192,
      "text" : "aka",
      "whiteSpace" : false
    }, {
      "id" : "s0-t28",
      "begin" : 193,
      "end" : 194,
      "text" : "\"",
      "whiteSpace" : false
    }, {
      "id" : "s0-t29",
      "begin" : 194,
      "end" : 203,
      "text" : "Microsoft",
      "whiteSpace" : false
    }, {
      "id" : "s0-t30",
      "begin" : 204,
      "end" : 214,
      "text" : "SharePoint",
      "whiteSpace" : false
    }, {
      "id" : "s0-t31",
      "begin" : 215,
      "end" : 224,
      "text" : "Elevation",
      "whiteSpace" : false
    }, {
      "id" : "s0-t32",
      "begin" : 225,
      "end" : 227,
      "text" : "of",
      "whiteSpace" : false
    }, {
      "id" : "s0-t33",
      "begin" : 228,
      "end" : 237,
      "text" : "Privilege",
      "whiteSpace" : false
    }, {
      "id" : "s0-t34",
      "begin" : 238,
      "end" : 251,
      "text" : "Vulnerability",
      "whiteSpace" : false
    }, {
      "id" : "s0-t35",
      "begin" : 251,
      "end" : 252,
      "text" : ".",
      "whiteSpace" : false
    } ]
  }, {
    "id" : "s1",
    "begin" : 252,
    "end" : 314,
    "text" : "\" This affects Microsoft Project Server, Microsoft SharePoint.",
    "tokens" : [ {
      "id" : "s1-t0",
      "begin" : 252,
      "end" : 253,
      "text" : "\"",
      "whiteSpace" : false
    }, {
      "id" : "s1-t1",
      "begin" : 254,
      "end" : 258,
      "text" : "This",
      "whiteSpace" : false
    }, {
      "id" : "s1-t2",
      "begin" : 259,
      "end" : 266,
      "text" : "affects",
      "whiteSpace" : false
    }, {
      "id" : "s1-t3",
      "begin" : 267,
      "end" : 276,
      "text" : "Microsoft",
      "whiteSpace" : false
    }, {
      "id" : "s1-t4",
      "begin" : 277,
      "end" : 284,
      "text" : "Project",
      "whiteSpace" : false
    }, {
      "id" : "s1-t5",
      "begin" : 285,
      "end" : 291,
      "text" : "Server",
      "whiteSpace" : false
    }, {
      "id" : "s1-t6",
      "begin" : 291,
      "end" : 292,
      "text" : ",",
      "whiteSpace" : false
    }, {
      "id" : "s1-t7",
      "begin" : 293,
      "end" : 302,
      "text" : "Microsoft",
      "whiteSpace" : false
    }, {
      "id" : "s1-t8",
      "begin" : 303,
      "end" : 313,
      "text" : "SharePoint",
      "whiteSpace" : false
    }, {
      "id" : "s1-t9",
      "begin" : 313,
      "end" : 314,
      "text" : ".",
      "whiteSpace" : false
    } ]
  }, {
    "id" : "s2",
    "begin" : 315,
    "end" : 356,
    "text" : "This CVE ID is unique from CVE-2018-8252.",
    "tokens" : [ {
      "id" : "s2-t0",
      "begin" : 315,
      "end" : 319,
      "text" : "This",
      "whiteSpace" : false
    }, {
      "id" : "s2-t1",
      "begin" : 320,
      "end" : 323,
      "text" : "CVE",
      "whiteSpace" : false
    }, {
      "id" : "s2-t2",
      "begin" : 324,
      "end" : 326,
      "text" : "ID",
      "whiteSpace" : false
    }, {
      "id" : "s2-t3",
      "begin" : 327,
      "end" : 329,
      "text" : "is",
      "whiteSpace" : false
    }, {
      "id" : "s2-t4",
      "begin" : 330,
      "end" : 336,
      "text" : "unique",
      "whiteSpace" : false
    }, {
      "id" : "s2-t5",
      "begin" : 337,
      "end" : 341,
      "text" : "from",
      "whiteSpace" : false
    }, {
      "id" : "s2-t6",
      "begin" : 342,
      "end" : 355,
      "text" : "CVE-2018-8252",
      "whiteSpace" : false
    }, {
      "id" : "s2-t7",
      "begin" : 355,
      "end" : 356,
      "text" : ".",
      "whiteSpace" : false
    } ]
  }, {
    "id" : "s3",
    "begin" : 357,
    "end" : 589,
    "text" : "| CONFIRM:https://portal.msrc.microsoft.com/en-US/security-guidance/advisory/CVE-2018-8254   |   BID:104325   |   URL:http://www.securityfocus.com/bid/104325   |   SECTRACK:1041106   |   URL:http://www.securitytracker.com/id/1041106",
    "tokens" : [ {
      "id" : "s3-t0",
      "begin" : 357,
      "end" : 358,
      "text" : "|",
      "whiteSpace" : false
    }, {
      "id" : "s3-t1",
      "begin" : 359,
      "end" : 447,
      "text" : "CONFIRM:https://portal.msrc.microsoft.com/en-US/security-guidance/advisory/CVE-2018-8254",
      "whiteSpace" : false
    }, {
      "id" : "s3-t2",
      "begin" : 450,
      "end" : 451,
      "text" : "|",
      "whiteSpace" : false
    }, {
      "id" : "s3-t3",
      "begin" : 454,
      "end" : 457,
      "text" : "BID",
      "whiteSpace" : false
    }, {
      "id" : "s3-t4",
      "begin" : 457,
      "end" : 458,
      "text" : ":",
      "whiteSpace" : false
    }, {
      "id" : "s3-t5",
      "begin" : 458,
      "end" : 464,
      "text" : "104325",
      "whiteSpace" : false
    }, {
      "id" : "s3-t6",
      "begin" : 467,
      "end" : 468,
      "text" : "|",
      "whiteSpace" : false
    }, {
      "id" : "s3-t7",
      "begin" : 471,
      "end" : 508,
      "text" : "URL:http://www.securityfocus.com/bid/",
      "whiteSpace" : false
    }, {
      "id" : "s3-t8",
      "begin" : 508,
      "end" : 514,
      "text" : "104325",
      "whiteSpace" : false
    }, {
      "id" : "s3-t9",
      "begin" : 517,
      "end" : 518,
      "text" : "|",
      "whiteSpace" : false
    }, {
      "id" : "s3-t10",
      "begin" : 521,
      "end" : 529,
      "text" : "SECTRACK",
      "whiteSpace" : false
    }, {
      "id" : "s3-t11",
      "begin" : 529,
      "end" : 530,
      "text" : ":",
      "whiteSpace" : false
    }, {
      "id" : "s3-t12",
      "begin" : 530,
      "end" : 537,
      "text" : "1041106",
      "whiteSpace" : false
    }, {
      "id" : "s3-t13",
      "begin" : 540,
      "end" : 541,
      "text" : "|",
      "whiteSpace" : false
    }, {
      "id" : "s3-t14",
      "begin" : 544,
      "end" : 582,
      "text" : "URL:http://www.securitytracker.com/id/",
      "whiteSpace" : false
    }, {
      "id" : "s3-t15",
      "begin" : 582,
      "end" : 589,
      "text" : "1041106",
      "whiteSpace" : false
    } ]
  } ],
  "mentions" : [ ],
  "relations" : [ ],
  "corefs" : [ ],
  "typeResolved" : true,
  "userResolved" : false
}