{
  "id" : "1ce7d5f0-e5bf-11e8-bc3f-812dc60f5413-767",
  "name" : "CVE-2018-8282",
  "createdDate" : 0,
  "version" : 3,
  "text" : "CVE-2018-8282 | An elevation of privilege vulnerability exists in Windows when the Windows kernel-mode driver fails to properly handle objects in memory, aka \"Win32k Elevation of Privilege Vulnerability.\" This affects Windows 7, Windows Server 2012 R2, Windows RT 8.1, Windows Server 2008, Windows Server 2012, Windows 8.1, Windows Server 2016, Windows Server 2008 R2, Windows 10, Windows 10 Servers. | CONFIRM:https://portal.msrc.microsoft.com/en-US/security-guidance/advisory/CVE-2018-8282   |   BID:104668   |   URL:http://www.securityfocus.com/bid/104668   |   SECTRACK:1041263   |   URL:http://www.securitytracker.com/id/1041263",
  "docLength" : 0,
  "language" : "EN",
  "status" : "READY",
  "modifiedDate" : 1541946962154,
  "documentSet" : [ ],
  "preannotation" : [ ],
  "sentences" : [ {
    "id" : "s0",
    "begin" : 0,
    "end" : 203,
    "text" : "CVE-2018-8282 | An elevation of privilege vulnerability exists in Windows when the Windows kernel-mode driver fails to properly handle objects in memory, aka \"Win32k Elevation of Privilege Vulnerability.",
    "tokens" : [ {
      "id" : "s0-t0",
      "begin" : 0,
      "end" : 13,
      "text" : "CVE-2018-8282",
      "whiteSpace" : false
    }, {
      "id" : "s0-t1",
      "begin" : 14,
      "end" : 15,
      "text" : "|",
      "whiteSpace" : false
    }, {
      "id" : "s0-t2",
      "begin" : 16,
      "end" : 18,
      "text" : "An",
      "whiteSpace" : false
    }, {
      "id" : "s0-t3",
      "begin" : 19,
      "end" : 28,
      "text" : "elevation",
      "whiteSpace" : false
    }, {
      "id" : "s0-t4",
      "begin" : 29,
      "end" : 31,
      "text" : "of",
      "whiteSpace" : false
    }, {
      "id" : "s0-t5",
      "begin" : 32,
      "end" : 41,
      "text" : "privilege",
      "whiteSpace" : false
    }, {
      "id" : "s0-t6",
      "begin" : 42,
      "end" : 55,
      "text" : "vulnerability",
      "whiteSpace" : false
    }, {
      "id" : "s0-t7",
      "begin" : 56,
      "end" : 62,
      "text" : "exists",
      "whiteSpace" : false
    }, {
      "id" : "s0-t8",
      "begin" : 63,
      "end" : 65,
      "text" : "in",
      "whiteSpace" : false
    }, {
      "id" : "s0-t9",
      "begin" : 66,
      "end" : 73,
      "text" : "Windows",
      "whiteSpace" : false
    }, {
      "id" : "s0-t10",
      "begin" : 74,
      "end" : 78,
      "text" : "when",
      "whiteSpace" : false
    }, {
      "id" : "s0-t11",
      "begin" : 79,
      "end" : 82,
      "text" : "the",
      "whiteSpace" : false
    }, {
      "id" : "s0-t12",
      "begin" : 83,
      "end" : 90,
      "text" : "Windows",
      "whiteSpace" : false
    }, {
      "id" : "s0-t13",
      "begin" : 91,
      "end" : 97,
      "text" : "kernel",
      "whiteSpace" : false
    }, {
      "id" : "s0-t14",
      "begin" : 97,
      "end" : 98,
      "text" : "-",
      "whiteSpace" : false
    }, {
      "id" : "s0-t15",
      "begin" : 98,
      "end" : 102,
      "text" : "mode",
      "whiteSpace" : false
    }, {
      "id" : "s0-t16",
      "begin" : 103,
      "end" : 109,
      "text" : "driver",
      "whiteSpace" : false
    }, {
      "id" : "s0-t17",
      "begin" : 110,
      "end" : 115,
      "text" : "fails",
      "whiteSpace" : false
    }, {
      "id" : "s0-t18",
      "begin" : 116,
      "end" : 118,
      "text" : "to",
      "whiteSpace" : false
    }, {
      "id" : "s0-t19",
      "begin" : 119,
      "end" : 127,
      "text" : "properly",
      "whiteSpace" : false
    }, {
      "id" : "s0-t20",
      "begin" : 128,
      "end" : 134,
      "text" : "handle",
      "whiteSpace" : false
    }, {
      "id" : "s0-t21",
      "begin" : 135,
      "end" : 142,
      "text" : "objects",
      "whiteSpace" : false
    }, {
      "id" : "s0-t22",
      "begin" : 143,
      "end" : 145,
      "text" : "in",
      "whiteSpace" : false
    }, {
      "id" : "s0-t23",
      "begin" : 146,
      "end" : 152,
      "text" : "memory",
      "whiteSpace" : false
    }, {
      "id" : "s0-t24",
      "begin" : 152,
      "end" : 153,
      "text" : ",",
      "whiteSpace" : false
    }, {
      "id" : "s0-t25",
      "begin" : 154,
      "end" : 157,
      "text" : "aka",
      "whiteSpace" : false
    }, {
      "id" : "s0-t26",
      "begin" : 158,
      "end" : 159,
      "text" : "\"",
      "whiteSpace" : false
    }, {
      "id" : "s0-t27",
      "begin" : 159,
      "end" : 165,
      "text" : "Win32k",
      "whiteSpace" : false
    }, {
      "id" : "s0-t28",
      "begin" : 166,
      "end" : 175,
      "text" : "Elevation",
      "whiteSpace" : false
    }, {
      "id" : "s0-t29",
      "begin" : 176,
      "end" : 178,
      "text" : "of",
      "whiteSpace" : false
    }, {
      "id" : "s0-t30",
      "begin" : 179,
      "end" : 188,
      "text" : "Privilege",
      "whiteSpace" : false
    }, {
      "id" : "s0-t31",
      "begin" : 189,
      "end" : 202,
      "text" : "Vulnerability",
      "whiteSpace" : false
    }, {
      "id" : "s0-t32",
      "begin" : 202,
      "end" : 203,
      "text" : ".",
      "whiteSpace" : false
    } ]
  }, {
    "id" : "s1",
    "begin" : 203,
    "end" : 400,
    "text" : "\" This affects Windows 7, Windows Server 2012 R2, Windows RT 8.1, Windows Server 2008, Windows Server 2012, Windows 8.1, Windows Server 2016, Windows Server 2008 R2, Windows 10, Windows 10 Servers.",
    "tokens" : [ {
      "id" : "s1-t0",
      "begin" : 203,
      "end" : 204,
      "text" : "\"",
      "whiteSpace" : false
    }, {
      "id" : "s1-t1",
      "begin" : 205,
      "end" : 209,
      "text" : "This",
      "whiteSpace" : false
    }, {
      "id" : "s1-t2",
      "begin" : 210,
      "end" : 217,
      "text" : "affects",
      "whiteSpace" : false
    }, {
      "id" : "s1-t3",
      "begin" : 218,
      "end" : 225,
      "text" : "Windows",
      "whiteSpace" : false
    }, {
      "id" : "s1-t4",
      "begin" : 226,
      "end" : 227,
      "text" : "7",
      "whiteSpace" : false
    }, {
      "id" : "s1-t5",
      "begin" : 227,
      "end" : 228,
      "text" : ",",
      "whiteSpace" : false
    }, {
      "id" : "s1-t6",
      "begin" : 229,
      "end" : 236,
      "text" : "Windows",
      "whiteSpace" : false
    }, {
      "id" : "s1-t7",
      "begin" : 237,
      "end" : 243,
      "text" : "Server",
      "whiteSpace" : false
    }, {
      "id" : "s1-t8",
      "begin" : 244,
      "end" : 248,
      "text" : "2012",
      "whiteSpace" : false
    }, {
      "id" : "s1-t9",
      "begin" : 249,
      "end" : 251,
      "text" : "R2",
      "whiteSpace" : false
    }, {
      "id" : "s1-t10",
      "begin" : 251,
      "end" : 252,
      "text" : ",",
      "whiteSpace" : false
    }, {
      "id" : "s1-t11",
      "begin" : 253,
      "end" : 260,
      "text" : "Windows",
      "whiteSpace" : false
    }, {
      "id" : "s1-t12",
      "begin" : 261,
      "end" : 263,
      "text" : "RT",
      "whiteSpace" : false
    }, {
      "id" : "s1-t13",
      "begin" : 264,
      "end" : 267,
      "text" : "8.1",
      "whiteSpace" : false
    }, {
      "id" : "s1-t14",
      "begin" : 267,
      "end" : 268,
      "text" : ",",
      "whiteSpace" : false
    }, {
      "id" : "s1-t15",
      "begin" : 269,
      "end" : 276,
      "text" : "Windows",
      "whiteSpace" : false
    }, {
      "id" : "s1-t16",
      "begin" : 277,
      "end" : 283,
      "text" : "Server",
      "whiteSpace" : false
    }, {
      "id" : "s1-t17",
      "begin" : 284,
      "end" : 288,
      "text" : "2008",
      "whiteSpace" : false
    }, {
      "id" : "s1-t18",
      "begin" : 288,
      "end" : 289,
      "text" : ",",
      "whiteSpace" : false
    }, {
      "id" : "s1-t19",
      "begin" : 290,
      "end" : 297,
      "text" : "Windows",
      "whiteSpace" : false
    }, {
      "id" : "s1-t20",
      "begin" : 298,
      "end" : 304,
      "text" : "Server",
      "whiteSpace" : false
    }, {
      "id" : "s1-t21",
      "begin" : 305,
      "end" : 309,
      "text" : "2012",
      "whiteSpace" : false
    }, {
      "id" : "s1-t22",
      "begin" : 309,
      "end" : 310,
      "text" : ",",
      "whiteSpace" : false
    }, {
      "id" : "s1-t23",
      "begin" : 311,
      "end" : 318,
      "text" : "Windows",
      "whiteSpace" : false
    }, {
      "id" : "s1-t24",
      "begin" : 319,
      "end" : 322,
      "text" : "8.1",
      "whiteSpace" : false
    }, {
      "id" : "s1-t25",
      "begin" : 322,
      "end" : 323,
      "text" : ",",
      "whiteSpace" : false
    }, {
      "id" : "s1-t26",
      "begin" : 324,
      "end" : 331,
      "text" : "Windows",
      "whiteSpace" : false
    }, {
      "id" : "s1-t27",
      "begin" : 332,
      "end" : 338,
      "text" : "Server",
      "whiteSpace" : false
    }, {
      "id" : "s1-t28",
      "begin" : 339,
      "end" : 343,
      "text" : "2016",
      "whiteSpace" : false
    }, {
      "id" : "s1-t29",
      "begin" : 343,
      "end" : 344,
      "text" : ",",
      "whiteSpace" : false
    }, {
      "id" : "s1-t30",
      "begin" : 345,
      "end" : 352,
      "text" : "Windows",
      "whiteSpace" : false
    }, {
      "id" : "s1-t31",
      "begin" : 353,
      "end" : 359,
      "text" : "Server",
      "whiteSpace" : false
    }, {
      "id" : "s1-t32",
      "begin" : 360,
      "end" : 364,
      "text" : "2008",
      "whiteSpace" : false
    }, {
      "id" : "s1-t33",
      "begin" : 365,
      "end" : 367,
      "text" : "R2",
      "whiteSpace" : false
    }, {
      "id" : "s1-t34",
      "begin" : 367,
      "end" : 368,
      "text" : ",",
      "whiteSpace" : false
    }, {
      "id" : "s1-t35",
      "begin" : 369,
      "end" : 376,
      "text" : "Windows",
      "whiteSpace" : false
    }, {
      "id" : "s1-t36",
      "begin" : 377,
      "end" : 379,
      "text" : "10",
      "whiteSpace" : false
    }, {
      "id" : "s1-t37",
      "begin" : 379,
      "end" : 380,
      "text" : ",",
      "whiteSpace" : false
    }, {
      "id" : "s1-t38",
      "begin" : 381,
      "end" : 388,
      "text" : "Windows",
      "whiteSpace" : false
    }, {
      "id" : "s1-t39",
      "begin" : 389,
      "end" : 391,
      "text" : "10",
      "whiteSpace" : false
    }, {
      "id" : "s1-t40",
      "begin" : 392,
      "end" : 399,
      "text" : "Servers",
      "whiteSpace" : false
    }, {
      "id" : "s1-t41",
      "begin" : 399,
      "end" : 400,
      "text" : ".",
      "whiteSpace" : false
    } ]
  }, {
    "id" : "s2",
    "begin" : 401,
    "end" : 633,
    "text" : "| CONFIRM:https://portal.msrc.microsoft.com/en-US/security-guidance/advisory/CVE-2018-8282   |   BID:104668   |   URL:http://www.securityfocus.com/bid/104668   |   SECTRACK:1041263   |   URL:http://www.securitytracker.com/id/1041263",
    "tokens" : [ {
      "id" : "s2-t0",
      "begin" : 401,
      "end" : 402,
      "text" : "|",
      "whiteSpace" : false
    }, {
      "id" : "s2-t1",
      "begin" : 403,
      "end" : 491,
      "text" : "CONFIRM:https://portal.msrc.microsoft.com/en-US/security-guidance/advisory/CVE-2018-8282",
      "whiteSpace" : false
    }, {
      "id" : "s2-t2",
      "begin" : 494,
      "end" : 495,
      "text" : "|",
      "whiteSpace" : false
    }, {
      "id" : "s2-t3",
      "begin" : 498,
      "end" : 501,
      "text" : "BID",
      "whiteSpace" : false
    }, {
      "id" : "s2-t4",
      "begin" : 501,
      "end" : 502,
      "text" : ":",
      "whiteSpace" : false
    }, {
      "id" : "s2-t5",
      "begin" : 502,
      "end" : 508,
      "text" : "104668",
      "whiteSpace" : false
    }, {
      "id" : "s2-t6",
      "begin" : 511,
      "end" : 512,
      "text" : "|",
      "whiteSpace" : false
    }, {
      "id" : "s2-t7",
      "begin" : 515,
      "end" : 552,
      "text" : "URL:http://www.securityfocus.com/bid/",
      "whiteSpace" : false
    }, {
      "id" : "s2-t8",
      "begin" : 552,
      "end" : 558,
      "text" : "104668",
      "whiteSpace" : false
    }, {
      "id" : "s2-t9",
      "begin" : 561,
      "end" : 562,
      "text" : "|",
      "whiteSpace" : false
    }, {
      "id" : "s2-t10",
      "begin" : 565,
      "end" : 573,
      "text" : "SECTRACK",
      "whiteSpace" : false
    }, {
      "id" : "s2-t11",
      "begin" : 573,
      "end" : 574,
      "text" : ":",
      "whiteSpace" : false
    }, {
      "id" : "s2-t12",
      "begin" : 574,
      "end" : 581,
      "text" : "1041263",
      "whiteSpace" : false
    }, {
      "id" : "s2-t13",
      "begin" : 584,
      "end" : 585,
      "text" : "|",
      "whiteSpace" : false
    }, {
      "id" : "s2-t14",
      "begin" : 588,
      "end" : 626,
      "text" : "URL:http://www.securitytracker.com/id/",
      "whiteSpace" : false
    }, {
      "id" : "s2-t15",
      "begin" : 626,
      "end" : 633,
      "text" : "1041263",
      "whiteSpace" : false
    } ]
  } ],
  "mentions" : [ ],
  "relations" : [ ],
  "corefs" : [ ],
  "typeResolved" : true,
  "userResolved" : false
}