{
  "id" : "5ca6f540-e5bf-11e8-bc3f-812dc60f5413-1994",
  "name" : "CVE-2018-4141",
  "createdDate" : 0,
  "version" : 3,
  "text" : "CVE-2018-4141 | An issue was discovered in certain Apple products. macOS before 10.13.5 is affected. The issue involves the \"Intel Graphics Driver\" component. It allows attackers to bypass intended memory-read restrictions via a crafted app. | CONFIRM:https://support.apple.com/HT208849   |   SECTRACK:1041027   |   URL:http://www.securitytracker.com/id/1041027",
  "docLength" : 0,
  "language" : "EN",
  "status" : "READY",
  "modifiedDate" : 1541947069127,
  "documentSet" : [ ],
  "preannotation" : [ ],
  "sentences" : [ {
    "id" : "s0",
    "begin" : 0,
    "end" : 66,
    "text" : "CVE-2018-4141 | An issue was discovered in certain Apple products.",
    "tokens" : [ {
      "id" : "s0-t0",
      "begin" : 0,
      "end" : 13,
      "text" : "CVE-2018-4141",
      "whiteSpace" : false
    }, {
      "id" : "s0-t1",
      "begin" : 14,
      "end" : 15,
      "text" : "|",
      "whiteSpace" : false
    }, {
      "id" : "s0-t2",
      "begin" : 16,
      "end" : 18,
      "text" : "An",
      "whiteSpace" : false
    }, {
      "id" : "s0-t3",
      "begin" : 19,
      "end" : 24,
      "text" : "issue",
      "whiteSpace" : false
    }, {
      "id" : "s0-t4",
      "begin" : 25,
      "end" : 28,
      "text" : "was",
      "whiteSpace" : false
    }, {
      "id" : "s0-t5",
      "begin" : 29,
      "end" : 39,
      "text" : "discovered",
      "whiteSpace" : false
    }, {
      "id" : "s0-t6",
      "begin" : 40,
      "end" : 42,
      "text" : "in",
      "whiteSpace" : false
    }, {
      "id" : "s0-t7",
      "begin" : 43,
      "end" : 50,
      "text" : "certain",
      "whiteSpace" : false
    }, {
      "id" : "s0-t8",
      "begin" : 51,
      "end" : 56,
      "text" : "Apple",
      "whiteSpace" : false
    }, {
      "id" : "s0-t9",
      "begin" : 57,
      "end" : 65,
      "text" : "products",
      "whiteSpace" : false
    }, {
      "id" : "s0-t10",
      "begin" : 65,
      "end" : 66,
      "text" : ".",
      "whiteSpace" : false
    } ]
  }, {
    "id" : "s1",
    "begin" : 67,
    "end" : 100,
    "text" : "macOS before 10.13.5 is affected.",
    "tokens" : [ {
      "id" : "s1-t0",
      "begin" : 67,
      "end" : 72,
      "text" : "macOS",
      "whiteSpace" : false
    }, {
      "id" : "s1-t1",
      "begin" : 73,
      "end" : 79,
      "text" : "before",
      "whiteSpace" : false
    }, {
      "id" : "s1-t2",
      "begin" : 80,
      "end" : 87,
      "text" : "10.13.5",
      "whiteSpace" : false
    }, {
      "id" : "s1-t3",
      "begin" : 88,
      "end" : 90,
      "text" : "is",
      "whiteSpace" : false
    }, {
      "id" : "s1-t4",
      "begin" : 91,
      "end" : 99,
      "text" : "affected",
      "whiteSpace" : false
    }, {
      "id" : "s1-t5",
      "begin" : 99,
      "end" : 100,
      "text" : ".",
      "whiteSpace" : false
    } ]
  }, {
    "id" : "s2",
    "begin" : 101,
    "end" : 158,
    "text" : "The issue involves the \"Intel Graphics Driver\" component.",
    "tokens" : [ {
      "id" : "s2-t0",
      "begin" : 101,
      "end" : 104,
      "text" : "The",
      "whiteSpace" : false
    }, {
      "id" : "s2-t1",
      "begin" : 105,
      "end" : 110,
      "text" : "issue",
      "whiteSpace" : false
    }, {
      "id" : "s2-t2",
      "begin" : 111,
      "end" : 119,
      "text" : "involves",
      "whiteSpace" : false
    }, {
      "id" : "s2-t3",
      "begin" : 120,
      "end" : 123,
      "text" : "the",
      "whiteSpace" : false
    }, {
      "id" : "s2-t4",
      "begin" : 124,
      "end" : 125,
      "text" : "\"",
      "whiteSpace" : false
    }, {
      "id" : "s2-t5",
      "begin" : 125,
      "end" : 130,
      "text" : "Intel",
      "whiteSpace" : false
    }, {
      "id" : "s2-t6",
      "begin" : 131,
      "end" : 139,
      "text" : "Graphics",
      "whiteSpace" : false
    }, {
      "id" : "s2-t7",
      "begin" : 140,
      "end" : 146,
      "text" : "Driver",
      "whiteSpace" : false
    }, {
      "id" : "s2-t8",
      "begin" : 146,
      "end" : 147,
      "text" : "\"",
      "whiteSpace" : false
    }, {
      "id" : "s2-t9",
      "begin" : 148,
      "end" : 157,
      "text" : "component",
      "whiteSpace" : false
    }, {
      "id" : "s2-t10",
      "begin" : 157,
      "end" : 158,
      "text" : ".",
      "whiteSpace" : false
    } ]
  }, {
    "id" : "s3",
    "begin" : 159,
    "end" : 241,
    "text" : "It allows attackers to bypass intended memory-read restrictions via a crafted app.",
    "tokens" : [ {
      "id" : "s3-t0",
      "begin" : 159,
      "end" : 161,
      "text" : "It",
      "whiteSpace" : false
    }, {
      "id" : "s3-t1",
      "begin" : 162,
      "end" : 168,
      "text" : "allows",
      "whiteSpace" : false
    }, {
      "id" : "s3-t2",
      "begin" : 169,
      "end" : 178,
      "text" : "attackers",
      "whiteSpace" : false
    }, {
      "id" : "s3-t3",
      "begin" : 179,
      "end" : 181,
      "text" : "to",
      "whiteSpace" : false
    }, {
      "id" : "s3-t4",
      "begin" : 182,
      "end" : 188,
      "text" : "bypass",
      "whiteSpace" : false
    }, {
      "id" : "s3-t5",
      "begin" : 189,
      "end" : 197,
      "text" : "intended",
      "whiteSpace" : false
    }, {
      "id" : "s3-t6",
      "begin" : 198,
      "end" : 204,
      "text" : "memory",
      "whiteSpace" : false
    }, {
      "id" : "s3-t7",
      "begin" : 204,
      "end" : 205,
      "text" : "-",
      "whiteSpace" : false
    }, {
      "id" : "s3-t8",
      "begin" : 205,
      "end" : 209,
      "text" : "read",
      "whiteSpace" : false
    }, {
      "id" : "s3-t9",
      "begin" : 210,
      "end" : 222,
      "text" : "restrictions",
      "whiteSpace" : false
    }, {
      "id" : "s3-t10",
      "begin" : 223,
      "end" : 226,
      "text" : "via",
      "whiteSpace" : false
    }, {
      "id" : "s3-t11",
      "begin" : 227,
      "end" : 228,
      "text" : "a",
      "whiteSpace" : false
    }, {
      "id" : "s3-t12",
      "begin" : 229,
      "end" : 236,
      "text" : "crafted",
      "whiteSpace" : false
    }, {
      "id" : "s3-t13",
      "begin" : 237,
      "end" : 240,
      "text" : "app",
      "whiteSpace" : false
    }, {
      "id" : "s3-t14",
      "begin" : 240,
      "end" : 241,
      "text" : ".",
      "whiteSpace" : false
    } ]
  }, {
    "id" : "s4",
    "begin" : 242,
    "end" : 361,
    "text" : "| CONFIRM:https://support.apple.com/HT208849   |   SECTRACK:1041027   |   URL:http://www.securitytracker.com/id/1041027",
    "tokens" : [ {
      "id" : "s4-t0",
      "begin" : 242,
      "end" : 243,
      "text" : "|",
      "whiteSpace" : false
    }, {
      "id" : "s4-t1",
      "begin" : 244,
      "end" : 286,
      "text" : "CONFIRM:https://support.apple.com/HT208849",
      "whiteSpace" : false
    }, {
      "id" : "s4-t2",
      "begin" : 289,
      "end" : 290,
      "text" : "|",
      "whiteSpace" : false
    }, {
      "id" : "s4-t3",
      "begin" : 293,
      "end" : 301,
      "text" : "SECTRACK",
      "whiteSpace" : false
    }, {
      "id" : "s4-t4",
      "begin" : 301,
      "end" : 302,
      "text" : ":",
      "whiteSpace" : false
    }, {
      "id" : "s4-t5",
      "begin" : 302,
      "end" : 309,
      "text" : "1041027",
      "whiteSpace" : false
    }, {
      "id" : "s4-t6",
      "begin" : 312,
      "end" : 313,
      "text" : "|",
      "whiteSpace" : false
    }, {
      "id" : "s4-t7",
      "begin" : 316,
      "end" : 354,
      "text" : "URL:http://www.securitytracker.com/id/",
      "whiteSpace" : false
    }, {
      "id" : "s4-t8",
      "begin" : 354,
      "end" : 361,
      "text" : "1041027",
      "whiteSpace" : false
    } ]
  } ],
  "mentions" : [ ],
  "relations" : [ ],
  "corefs" : [ ],
  "typeResolved" : true,
  "userResolved" : false
}