{
  "id" : "5ca6f540-e5bf-11e8-bc3f-812dc60f5413-792",
  "name" : "CVE-2018-6528",
  "createdDate" : 0,
  "version" : 3,
  "text" : "CVE-2018-6528 | XSS vulnerability in htdocs/webinc/body/bsc_sms_send.php in D-Link DIR-868L DIR868LA1_FW112b04 and previous versions, DIR-865L DIR-865L_REVA_FIRMWARE_PATCH_1.08.B01 and previous versions, and DIR-860L DIR860LA1_FW110b04 and previous versions allows remote attackers to read a cookie via a crafted receiver parameter to soap.cgi. | MISC:https://github.com/TheBeeMan/Pwning-multiple-dlink-router-via-SOAP-proto   |   CONFIRM:ftp://FTP2.DLINK.COM/SECURITY_ADVISEMENTS/DIR-860L/REVA/DIR-860L_REVA_FIRMWARE_PATCH_NOTES_1.11B01_EN_WW.pdf   |   CONFIRM:ftp://FTP2.DLINK.COM/SECURITY_ADVISEMENTS/DIR-868L/REVA/DIR-868L_REVA_FIRMWARE_PATCH_NOTES_1.20B01_EN_WW.pdf   |   CONFIRM:ftp://ftp2.dlink.com/SECURITY_ADVISEMENTS/DIR-865L/REVA/DIR-865L_REVA_FIRMWARE_PATCH_NOTES_1.10B01_EN_WW.pdf",
  "docLength" : 0,
  "language" : "EN",
  "status" : "READY",
  "modifiedDate" : 1541947069127,
  "documentSet" : [ ],
  "preannotation" : [ ],
  "sentences" : [ {
    "id" : "s0",
    "begin" : 0,
    "end" : 344,
    "text" : "CVE-2018-6528 | XSS vulnerability in htdocs/webinc/body/bsc_sms_send.php in D-Link DIR-868L DIR868LA1_FW112b04 and previous versions, DIR-865L DIR-865L_REVA_FIRMWARE_PATCH_1.08.B01 and previous versions, and DIR-860L DIR860LA1_FW110b04 and previous versions allows remote attackers to read a cookie via a crafted receiver parameter to soap.cgi.",
    "tokens" : [ {
      "id" : "s0-t0",
      "begin" : 0,
      "end" : 13,
      "text" : "CVE-2018-6528",
      "whiteSpace" : false
    }, {
      "id" : "s0-t1",
      "begin" : 14,
      "end" : 15,
      "text" : "|",
      "whiteSpace" : false
    }, {
      "id" : "s0-t2",
      "begin" : 16,
      "end" : 19,
      "text" : "XSS",
      "whiteSpace" : false
    }, {
      "id" : "s0-t3",
      "begin" : 20,
      "end" : 33,
      "text" : "vulnerability",
      "whiteSpace" : false
    }, {
      "id" : "s0-t4",
      "begin" : 34,
      "end" : 36,
      "text" : "in",
      "whiteSpace" : false
    }, {
      "id" : "s0-t5",
      "begin" : 37,
      "end" : 43,
      "text" : "htdocs",
      "whiteSpace" : false
    }, {
      "id" : "s0-t6",
      "begin" : 43,
      "end" : 44,
      "text" : "/",
      "whiteSpace" : false
    }, {
      "id" : "s0-t7",
      "begin" : 44,
      "end" : 72,
      "text" : "webinc/body/bsc_sms_send.php",
      "whiteSpace" : false
    }, {
      "id" : "s0-t8",
      "begin" : 73,
      "end" : 75,
      "text" : "in",
      "whiteSpace" : false
    }, {
      "id" : "s0-t9",
      "begin" : 76,
      "end" : 82,
      "text" : "D-Link",
      "whiteSpace" : false
    }, {
      "id" : "s0-t10",
      "begin" : 83,
      "end" : 86,
      "text" : "DIR",
      "whiteSpace" : false
    }, {
      "id" : "s0-t11",
      "begin" : 86,
      "end" : 87,
      "text" : "-",
      "whiteSpace" : false
    }, {
      "id" : "s0-t12",
      "begin" : 87,
      "end" : 91,
      "text" : "868L",
      "whiteSpace" : false
    }, {
      "id" : "s0-t13",
      "begin" : 92,
      "end" : 110,
      "text" : "DIR868LA1_FW112b04",
      "whiteSpace" : false
    }, {
      "id" : "s0-t14",
      "begin" : 111,
      "end" : 114,
      "text" : "and",
      "whiteSpace" : false
    }, {
      "id" : "s0-t15",
      "begin" : 115,
      "end" : 123,
      "text" : "previous",
      "whiteSpace" : false
    }, {
      "id" : "s0-t16",
      "begin" : 124,
      "end" : 132,
      "text" : "versions",
      "whiteSpace" : false
    }, {
      "id" : "s0-t17",
      "begin" : 132,
      "end" : 133,
      "text" : ",",
      "whiteSpace" : false
    }, {
      "id" : "s0-t18",
      "begin" : 134,
      "end" : 137,
      "text" : "DIR",
      "whiteSpace" : false
    }, {
      "id" : "s0-t19",
      "begin" : 137,
      "end" : 138,
      "text" : "-",
      "whiteSpace" : false
    }, {
      "id" : "s0-t20",
      "begin" : 138,
      "end" : 142,
      "text" : "865L",
      "whiteSpace" : false
    }, {
      "id" : "s0-t21",
      "begin" : 143,
      "end" : 180,
      "text" : "DIR-865L_REVA_FIRMWARE_PATCH_1.08.B01",
      "whiteSpace" : false
    }, {
      "id" : "s0-t22",
      "begin" : 181,
      "end" : 184,
      "text" : "and",
      "whiteSpace" : false
    }, {
      "id" : "s0-t23",
      "begin" : 185,
      "end" : 193,
      "text" : "previous",
      "whiteSpace" : false
    }, {
      "id" : "s0-t24",
      "begin" : 194,
      "end" : 202,
      "text" : "versions",
      "whiteSpace" : false
    }, {
      "id" : "s0-t25",
      "begin" : 202,
      "end" : 203,
      "text" : ",",
      "whiteSpace" : false
    }, {
      "id" : "s0-t26",
      "begin" : 204,
      "end" : 207,
      "text" : "and",
      "whiteSpace" : false
    }, {
      "id" : "s0-t27",
      "begin" : 208,
      "end" : 211,
      "text" : "DIR",
      "whiteSpace" : false
    }, {
      "id" : "s0-t28",
      "begin" : 211,
      "end" : 212,
      "text" : "-",
      "whiteSpace" : false
    }, {
      "id" : "s0-t29",
      "begin" : 212,
      "end" : 216,
      "text" : "860L",
      "whiteSpace" : false
    }, {
      "id" : "s0-t30",
      "begin" : 217,
      "end" : 235,
      "text" : "DIR860LA1_FW110b04",
      "whiteSpace" : false
    }, {
      "id" : "s0-t31",
      "begin" : 236,
      "end" : 239,
      "text" : "and",
      "whiteSpace" : false
    }, {
      "id" : "s0-t32",
      "begin" : 240,
      "end" : 248,
      "text" : "previous",
      "whiteSpace" : false
    }, {
      "id" : "s0-t33",
      "begin" : 249,
      "end" : 257,
      "text" : "versions",
      "whiteSpace" : false
    }, {
      "id" : "s0-t34",
      "begin" : 258,
      "end" : 264,
      "text" : "allows",
      "whiteSpace" : false
    }, {
      "id" : "s0-t35",
      "begin" : 265,
      "end" : 271,
      "text" : "remote",
      "whiteSpace" : false
    }, {
      "id" : "s0-t36",
      "begin" : 272,
      "end" : 281,
      "text" : "attackers",
      "whiteSpace" : false
    }, {
      "id" : "s0-t37",
      "begin" : 282,
      "end" : 284,
      "text" : "to",
      "whiteSpace" : false
    }, {
      "id" : "s0-t38",
      "begin" : 285,
      "end" : 289,
      "text" : "read",
      "whiteSpace" : false
    }, {
      "id" : "s0-t39",
      "begin" : 290,
      "end" : 291,
      "text" : "a",
      "whiteSpace" : false
    }, {
      "id" : "s0-t40",
      "begin" : 292,
      "end" : 298,
      "text" : "cookie",
      "whiteSpace" : false
    }, {
      "id" : "s0-t41",
      "begin" : 299,
      "end" : 302,
      "text" : "via",
      "whiteSpace" : false
    }, {
      "id" : "s0-t42",
      "begin" : 303,
      "end" : 304,
      "text" : "a",
      "whiteSpace" : false
    }, {
      "id" : "s0-t43",
      "begin" : 305,
      "end" : 312,
      "text" : "crafted",
      "whiteSpace" : false
    }, {
      "id" : "s0-t44",
      "begin" : 313,
      "end" : 321,
      "text" : "receiver",
      "whiteSpace" : false
    }, {
      "id" : "s0-t45",
      "begin" : 322,
      "end" : 331,
      "text" : "parameter",
      "whiteSpace" : false
    }, {
      "id" : "s0-t46",
      "begin" : 332,
      "end" : 334,
      "text" : "to",
      "whiteSpace" : false
    }, {
      "id" : "s0-t47",
      "begin" : 335,
      "end" : 343,
      "text" : "soap.cgi",
      "whiteSpace" : false
    }, {
      "id" : "s0-t48",
      "begin" : 343,
      "end" : 344,
      "text" : ".",
      "whiteSpace" : false
    } ]
  }, {
    "id" : "s1",
    "begin" : 345,
    "end" : 793,
    "text" : "| MISC:https://github.com/TheBeeMan/Pwning-multiple-dlink-router-via-SOAP-proto   |   CONFIRM:ftp://FTP2.DLINK.COM/SECURITY_ADVISEMENTS/DIR-860L/REVA/DIR-860L_REVA_FIRMWARE_PATCH_NOTES_1.11B01_EN_WW.pdf   |   CONFIRM:ftp://FTP2.DLINK.COM/SECURITY_ADVISEMENTS/DIR-868L/REVA/DIR-868L_REVA_FIRMWARE_PATCH_NOTES_1.20B01_EN_WW.pdf   |   CONFIRM:ftp://ftp2.dlink.com/SECURITY_ADVISEMENTS/DIR-865L/REVA/DIR-865L_REVA_FIRMWARE_PATCH_NOTES_1.10B01_EN_WW.pdf",
    "tokens" : [ {
      "id" : "s1-t0",
      "begin" : 345,
      "end" : 346,
      "text" : "|",
      "whiteSpace" : false
    }, {
      "id" : "s1-t1",
      "begin" : 347,
      "end" : 387,
      "text" : "MISC:https://github.com/TheBeeMan/Pwning",
      "whiteSpace" : false
    }, {
      "id" : "s1-t2",
      "begin" : 387,
      "end" : 388,
      "text" : "-",
      "whiteSpace" : false
    }, {
      "id" : "s1-t3",
      "begin" : 388,
      "end" : 396,
      "text" : "multiple",
      "whiteSpace" : false
    }, {
      "id" : "s1-t4",
      "begin" : 396,
      "end" : 397,
      "text" : "-",
      "whiteSpace" : false
    }, {
      "id" : "s1-t5",
      "begin" : 397,
      "end" : 402,
      "text" : "dlink",
      "whiteSpace" : false
    }, {
      "id" : "s1-t6",
      "begin" : 402,
      "end" : 403,
      "text" : "-",
      "whiteSpace" : false
    }, {
      "id" : "s1-t7",
      "begin" : 403,
      "end" : 409,
      "text" : "router",
      "whiteSpace" : false
    }, {
      "id" : "s1-t8",
      "begin" : 409,
      "end" : 410,
      "text" : "-",
      "whiteSpace" : false
    }, {
      "id" : "s1-t9",
      "begin" : 410,
      "end" : 413,
      "text" : "via",
      "whiteSpace" : false
    }, {
      "id" : "s1-t10",
      "begin" : 413,
      "end" : 414,
      "text" : "-",
      "whiteSpace" : false
    }, {
      "id" : "s1-t11",
      "begin" : 414,
      "end" : 418,
      "text" : "SOAP",
      "whiteSpace" : false
    }, {
      "id" : "s1-t12",
      "begin" : 418,
      "end" : 419,
      "text" : "-",
      "whiteSpace" : false
    }, {
      "id" : "s1-t13",
      "begin" : 419,
      "end" : 424,
      "text" : "proto",
      "whiteSpace" : false
    }, {
      "id" : "s1-t14",
      "begin" : 427,
      "end" : 428,
      "text" : "|",
      "whiteSpace" : false
    }, {
      "id" : "s1-t15",
      "begin" : 431,
      "end" : 547,
      "text" : "CONFIRM:ftp://FTP2.DLINK.COM/SECURITY_ADVISEMENTS/DIR-860L/REVA/DIR-860L_REVA_FIRMWARE_PATCH_NOTES_1.11B01_EN_WW.pdf",
      "whiteSpace" : false
    }, {
      "id" : "s1-t16",
      "begin" : 550,
      "end" : 551,
      "text" : "|",
      "whiteSpace" : false
    }, {
      "id" : "s1-t17",
      "begin" : 554,
      "end" : 670,
      "text" : "CONFIRM:ftp://FTP2.DLINK.COM/SECURITY_ADVISEMENTS/DIR-868L/REVA/DIR-868L_REVA_FIRMWARE_PATCH_NOTES_1.20B01_EN_WW.pdf",
      "whiteSpace" : false
    }, {
      "id" : "s1-t18",
      "begin" : 673,
      "end" : 674,
      "text" : "|",
      "whiteSpace" : false
    }, {
      "id" : "s1-t19",
      "begin" : 677,
      "end" : 793,
      "text" : "CONFIRM:ftp://ftp2.dlink.com/SECURITY_ADVISEMENTS/DIR-865L/REVA/DIR-865L_REVA_FIRMWARE_PATCH_NOTES_1.10B01_EN_WW.pdf",
      "whiteSpace" : false
    } ]
  } ],
  "mentions" : [ ],
  "relations" : [ ],
  "corefs" : [ ],
  "typeResolved" : true,
  "userResolved" : false
}