{
  "id" : "5ca6f540-e5bf-11e8-bc3f-812dc60f5413-1998",
  "name" : "CVE-2018-4137",
  "createdDate" : 0,
  "version" : 3,
  "text" : "CVE-2018-4137 | An issue was discovered in certain Apple products. iOS before 11.3 is affected. Safari before 11.1 is affected. The issue involves the \"Safari Login AutoFill\" component. It allows remote attackers to read autofilled data by leveraging lack of a user-confirmation requirement. | CONFIRM:https://support.apple.com/HT208693   |   CONFIRM:https://support.apple.com/HT208695   |   SECTRACK:1040604   |   URL:http://www.securitytracker.com/id/1040604",
  "docLength" : 0,
  "language" : "EN",
  "status" : "READY",
  "modifiedDate" : 1541947069127,
  "documentSet" : [ ],
  "preannotation" : [ ],
  "sentences" : [ {
    "id" : "s0",
    "begin" : 0,
    "end" : 66,
    "text" : "CVE-2018-4137 | An issue was discovered in certain Apple products.",
    "tokens" : [ {
      "id" : "s0-t0",
      "begin" : 0,
      "end" : 13,
      "text" : "CVE-2018-4137",
      "whiteSpace" : false
    }, {
      "id" : "s0-t1",
      "begin" : 14,
      "end" : 15,
      "text" : "|",
      "whiteSpace" : false
    }, {
      "id" : "s0-t2",
      "begin" : 16,
      "end" : 18,
      "text" : "An",
      "whiteSpace" : false
    }, {
      "id" : "s0-t3",
      "begin" : 19,
      "end" : 24,
      "text" : "issue",
      "whiteSpace" : false
    }, {
      "id" : "s0-t4",
      "begin" : 25,
      "end" : 28,
      "text" : "was",
      "whiteSpace" : false
    }, {
      "id" : "s0-t5",
      "begin" : 29,
      "end" : 39,
      "text" : "discovered",
      "whiteSpace" : false
    }, {
      "id" : "s0-t6",
      "begin" : 40,
      "end" : 42,
      "text" : "in",
      "whiteSpace" : false
    }, {
      "id" : "s0-t7",
      "begin" : 43,
      "end" : 50,
      "text" : "certain",
      "whiteSpace" : false
    }, {
      "id" : "s0-t8",
      "begin" : 51,
      "end" : 56,
      "text" : "Apple",
      "whiteSpace" : false
    }, {
      "id" : "s0-t9",
      "begin" : 57,
      "end" : 65,
      "text" : "products",
      "whiteSpace" : false
    }, {
      "id" : "s0-t10",
      "begin" : 65,
      "end" : 66,
      "text" : ".",
      "whiteSpace" : false
    } ]
  }, {
    "id" : "s1",
    "begin" : 67,
    "end" : 95,
    "text" : "iOS before 11.3 is affected.",
    "tokens" : [ {
      "id" : "s1-t0",
      "begin" : 67,
      "end" : 70,
      "text" : "iOS",
      "whiteSpace" : false
    }, {
      "id" : "s1-t1",
      "begin" : 71,
      "end" : 77,
      "text" : "before",
      "whiteSpace" : false
    }, {
      "id" : "s1-t2",
      "begin" : 78,
      "end" : 82,
      "text" : "11.3",
      "whiteSpace" : false
    }, {
      "id" : "s1-t3",
      "begin" : 83,
      "end" : 85,
      "text" : "is",
      "whiteSpace" : false
    }, {
      "id" : "s1-t4",
      "begin" : 86,
      "end" : 94,
      "text" : "affected",
      "whiteSpace" : false
    }, {
      "id" : "s1-t5",
      "begin" : 94,
      "end" : 95,
      "text" : ".",
      "whiteSpace" : false
    } ]
  }, {
    "id" : "s2",
    "begin" : 96,
    "end" : 127,
    "text" : "Safari before 11.1 is affected.",
    "tokens" : [ {
      "id" : "s2-t0",
      "begin" : 96,
      "end" : 102,
      "text" : "Safari",
      "whiteSpace" : false
    }, {
      "id" : "s2-t1",
      "begin" : 103,
      "end" : 109,
      "text" : "before",
      "whiteSpace" : false
    }, {
      "id" : "s2-t2",
      "begin" : 110,
      "end" : 114,
      "text" : "11.1",
      "whiteSpace" : false
    }, {
      "id" : "s2-t3",
      "begin" : 115,
      "end" : 117,
      "text" : "is",
      "whiteSpace" : false
    }, {
      "id" : "s2-t4",
      "begin" : 118,
      "end" : 126,
      "text" : "affected",
      "whiteSpace" : false
    }, {
      "id" : "s2-t5",
      "begin" : 126,
      "end" : 127,
      "text" : ".",
      "whiteSpace" : false
    } ]
  }, {
    "id" : "s3",
    "begin" : 128,
    "end" : 185,
    "text" : "The issue involves the \"Safari Login AutoFill\" component.",
    "tokens" : [ {
      "id" : "s3-t0",
      "begin" : 128,
      "end" : 131,
      "text" : "The",
      "whiteSpace" : false
    }, {
      "id" : "s3-t1",
      "begin" : 132,
      "end" : 137,
      "text" : "issue",
      "whiteSpace" : false
    }, {
      "id" : "s3-t2",
      "begin" : 138,
      "end" : 146,
      "text" : "involves",
      "whiteSpace" : false
    }, {
      "id" : "s3-t3",
      "begin" : 147,
      "end" : 150,
      "text" : "the",
      "whiteSpace" : false
    }, {
      "id" : "s3-t4",
      "begin" : 151,
      "end" : 152,
      "text" : "\"",
      "whiteSpace" : false
    }, {
      "id" : "s3-t5",
      "begin" : 152,
      "end" : 158,
      "text" : "Safari",
      "whiteSpace" : false
    }, {
      "id" : "s3-t6",
      "begin" : 159,
      "end" : 164,
      "text" : "Login",
      "whiteSpace" : false
    }, {
      "id" : "s3-t7",
      "begin" : 165,
      "end" : 173,
      "text" : "AutoFill",
      "whiteSpace" : false
    }, {
      "id" : "s3-t8",
      "begin" : 173,
      "end" : 174,
      "text" : "\"",
      "whiteSpace" : false
    }, {
      "id" : "s3-t9",
      "begin" : 175,
      "end" : 184,
      "text" : "component",
      "whiteSpace" : false
    }, {
      "id" : "s3-t10",
      "begin" : 184,
      "end" : 185,
      "text" : ".",
      "whiteSpace" : false
    } ]
  }, {
    "id" : "s4",
    "begin" : 186,
    "end" : 291,
    "text" : "It allows remote attackers to read autofilled data by leveraging lack of a user-confirmation requirement.",
    "tokens" : [ {
      "id" : "s4-t0",
      "begin" : 186,
      "end" : 188,
      "text" : "It",
      "whiteSpace" : false
    }, {
      "id" : "s4-t1",
      "begin" : 189,
      "end" : 195,
      "text" : "allows",
      "whiteSpace" : false
    }, {
      "id" : "s4-t2",
      "begin" : 196,
      "end" : 202,
      "text" : "remote",
      "whiteSpace" : false
    }, {
      "id" : "s4-t3",
      "begin" : 203,
      "end" : 212,
      "text" : "attackers",
      "whiteSpace" : false
    }, {
      "id" : "s4-t4",
      "begin" : 213,
      "end" : 215,
      "text" : "to",
      "whiteSpace" : false
    }, {
      "id" : "s4-t5",
      "begin" : 216,
      "end" : 220,
      "text" : "read",
      "whiteSpace" : false
    }, {
      "id" : "s4-t6",
      "begin" : 221,
      "end" : 231,
      "text" : "autofilled",
      "whiteSpace" : false
    }, {
      "id" : "s4-t7",
      "begin" : 232,
      "end" : 236,
      "text" : "data",
      "whiteSpace" : false
    }, {
      "id" : "s4-t8",
      "begin" : 237,
      "end" : 239,
      "text" : "by",
      "whiteSpace" : false
    }, {
      "id" : "s4-t9",
      "begin" : 240,
      "end" : 250,
      "text" : "leveraging",
      "whiteSpace" : false
    }, {
      "id" : "s4-t10",
      "begin" : 251,
      "end" : 255,
      "text" : "lack",
      "whiteSpace" : false
    }, {
      "id" : "s4-t11",
      "begin" : 256,
      "end" : 258,
      "text" : "of",
      "whiteSpace" : false
    }, {
      "id" : "s4-t12",
      "begin" : 259,
      "end" : 260,
      "text" : "a",
      "whiteSpace" : false
    }, {
      "id" : "s4-t13",
      "begin" : 261,
      "end" : 265,
      "text" : "user",
      "whiteSpace" : false
    }, {
      "id" : "s4-t14",
      "begin" : 265,
      "end" : 266,
      "text" : "-",
      "whiteSpace" : false
    }, {
      "id" : "s4-t15",
      "begin" : 266,
      "end" : 278,
      "text" : "confirmation",
      "whiteSpace" : false
    }, {
      "id" : "s4-t16",
      "begin" : 279,
      "end" : 290,
      "text" : "requirement",
      "whiteSpace" : false
    }, {
      "id" : "s4-t17",
      "begin" : 290,
      "end" : 291,
      "text" : ".",
      "whiteSpace" : false
    } ]
  }, {
    "id" : "s5",
    "begin" : 292,
    "end" : 460,
    "text" : "| CONFIRM:https://support.apple.com/HT208693   |   CONFIRM:https://support.apple.com/HT208695   |   SECTRACK:1040604   |   URL:http://www.securitytracker.com/id/1040604",
    "tokens" : [ {
      "id" : "s5-t0",
      "begin" : 292,
      "end" : 293,
      "text" : "|",
      "whiteSpace" : false
    }, {
      "id" : "s5-t1",
      "begin" : 294,
      "end" : 336,
      "text" : "CONFIRM:https://support.apple.com/HT208693",
      "whiteSpace" : false
    }, {
      "id" : "s5-t2",
      "begin" : 339,
      "end" : 340,
      "text" : "|",
      "whiteSpace" : false
    }, {
      "id" : "s5-t3",
      "begin" : 343,
      "end" : 385,
      "text" : "CONFIRM:https://support.apple.com/HT208695",
      "whiteSpace" : false
    }, {
      "id" : "s5-t4",
      "begin" : 388,
      "end" : 389,
      "text" : "|",
      "whiteSpace" : false
    }, {
      "id" : "s5-t5",
      "begin" : 392,
      "end" : 400,
      "text" : "SECTRACK",
      "whiteSpace" : false
    }, {
      "id" : "s5-t6",
      "begin" : 400,
      "end" : 401,
      "text" : ":",
      "whiteSpace" : false
    }, {
      "id" : "s5-t7",
      "begin" : 401,
      "end" : 408,
      "text" : "1040604",
      "whiteSpace" : false
    }, {
      "id" : "s5-t8",
      "begin" : 411,
      "end" : 412,
      "text" : "|",
      "whiteSpace" : false
    }, {
      "id" : "s5-t9",
      "begin" : 415,
      "end" : 453,
      "text" : "URL:http://www.securitytracker.com/id/",
      "whiteSpace" : false
    }, {
      "id" : "s5-t10",
      "begin" : 453,
      "end" : 460,
      "text" : "1040604",
      "whiteSpace" : false
    } ]
  } ],
  "mentions" : [ ],
  "relations" : [ ],
  "corefs" : [ ],
  "typeResolved" : true,
  "userResolved" : false
}