{
  "id" : "5ca6f540-e5bf-11e8-bc3f-812dc60f5413-1968",
  "name" : "CVE-2018-4171",
  "createdDate" : 0,
  "version" : 3,
  "text" : "CVE-2018-4171 | An issue was discovered in certain Apple products. macOS before 10.13.5 is affected. The issue involves the \"Bluetooth\" component. It allows attackers to obtain sensitive kernel memory-layout information via a crafted app that leverages device properties. | CONFIRM:https://support.apple.com/HT208849   |   SECTRACK:1041027   |   URL:http://www.securitytracker.com/id/1041027",
  "docLength" : 0,
  "language" : "EN",
  "status" : "READY",
  "modifiedDate" : 1541947069127,
  "documentSet" : [ ],
  "preannotation" : [ ],
  "sentences" : [ {
    "id" : "s0",
    "begin" : 0,
    "end" : 66,
    "text" : "CVE-2018-4171 | An issue was discovered in certain Apple products.",
    "tokens" : [ {
      "id" : "s0-t0",
      "begin" : 0,
      "end" : 13,
      "text" : "CVE-2018-4171",
      "whiteSpace" : false
    }, {
      "id" : "s0-t1",
      "begin" : 14,
      "end" : 15,
      "text" : "|",
      "whiteSpace" : false
    }, {
      "id" : "s0-t2",
      "begin" : 16,
      "end" : 18,
      "text" : "An",
      "whiteSpace" : false
    }, {
      "id" : "s0-t3",
      "begin" : 19,
      "end" : 24,
      "text" : "issue",
      "whiteSpace" : false
    }, {
      "id" : "s0-t4",
      "begin" : 25,
      "end" : 28,
      "text" : "was",
      "whiteSpace" : false
    }, {
      "id" : "s0-t5",
      "begin" : 29,
      "end" : 39,
      "text" : "discovered",
      "whiteSpace" : false
    }, {
      "id" : "s0-t6",
      "begin" : 40,
      "end" : 42,
      "text" : "in",
      "whiteSpace" : false
    }, {
      "id" : "s0-t7",
      "begin" : 43,
      "end" : 50,
      "text" : "certain",
      "whiteSpace" : false
    }, {
      "id" : "s0-t8",
      "begin" : 51,
      "end" : 56,
      "text" : "Apple",
      "whiteSpace" : false
    }, {
      "id" : "s0-t9",
      "begin" : 57,
      "end" : 65,
      "text" : "products",
      "whiteSpace" : false
    }, {
      "id" : "s0-t10",
      "begin" : 65,
      "end" : 66,
      "text" : ".",
      "whiteSpace" : false
    } ]
  }, {
    "id" : "s1",
    "begin" : 67,
    "end" : 100,
    "text" : "macOS before 10.13.5 is affected.",
    "tokens" : [ {
      "id" : "s1-t0",
      "begin" : 67,
      "end" : 72,
      "text" : "macOS",
      "whiteSpace" : false
    }, {
      "id" : "s1-t1",
      "begin" : 73,
      "end" : 79,
      "text" : "before",
      "whiteSpace" : false
    }, {
      "id" : "s1-t2",
      "begin" : 80,
      "end" : 87,
      "text" : "10.13.5",
      "whiteSpace" : false
    }, {
      "id" : "s1-t3",
      "begin" : 88,
      "end" : 90,
      "text" : "is",
      "whiteSpace" : false
    }, {
      "id" : "s1-t4",
      "begin" : 91,
      "end" : 99,
      "text" : "affected",
      "whiteSpace" : false
    }, {
      "id" : "s1-t5",
      "begin" : 99,
      "end" : 100,
      "text" : ".",
      "whiteSpace" : false
    } ]
  }, {
    "id" : "s2",
    "begin" : 101,
    "end" : 146,
    "text" : "The issue involves the \"Bluetooth\" component.",
    "tokens" : [ {
      "id" : "s2-t0",
      "begin" : 101,
      "end" : 104,
      "text" : "The",
      "whiteSpace" : false
    }, {
      "id" : "s2-t1",
      "begin" : 105,
      "end" : 110,
      "text" : "issue",
      "whiteSpace" : false
    }, {
      "id" : "s2-t2",
      "begin" : 111,
      "end" : 119,
      "text" : "involves",
      "whiteSpace" : false
    }, {
      "id" : "s2-t3",
      "begin" : 120,
      "end" : 123,
      "text" : "the",
      "whiteSpace" : false
    }, {
      "id" : "s2-t4",
      "begin" : 124,
      "end" : 125,
      "text" : "\"",
      "whiteSpace" : false
    }, {
      "id" : "s2-t5",
      "begin" : 125,
      "end" : 134,
      "text" : "Bluetooth",
      "whiteSpace" : false
    }, {
      "id" : "s2-t6",
      "begin" : 134,
      "end" : 135,
      "text" : "\"",
      "whiteSpace" : false
    }, {
      "id" : "s2-t7",
      "begin" : 136,
      "end" : 145,
      "text" : "component",
      "whiteSpace" : false
    }, {
      "id" : "s2-t8",
      "begin" : 145,
      "end" : 146,
      "text" : ".",
      "whiteSpace" : false
    } ]
  }, {
    "id" : "s3",
    "begin" : 147,
    "end" : 271,
    "text" : "It allows attackers to obtain sensitive kernel memory-layout information via a crafted app that leverages device properties.",
    "tokens" : [ {
      "id" : "s3-t0",
      "begin" : 147,
      "end" : 149,
      "text" : "It",
      "whiteSpace" : false
    }, {
      "id" : "s3-t1",
      "begin" : 150,
      "end" : 156,
      "text" : "allows",
      "whiteSpace" : false
    }, {
      "id" : "s3-t2",
      "begin" : 157,
      "end" : 166,
      "text" : "attackers",
      "whiteSpace" : false
    }, {
      "id" : "s3-t3",
      "begin" : 167,
      "end" : 169,
      "text" : "to",
      "whiteSpace" : false
    }, {
      "id" : "s3-t4",
      "begin" : 170,
      "end" : 176,
      "text" : "obtain",
      "whiteSpace" : false
    }, {
      "id" : "s3-t5",
      "begin" : 177,
      "end" : 186,
      "text" : "sensitive",
      "whiteSpace" : false
    }, {
      "id" : "s3-t6",
      "begin" : 187,
      "end" : 193,
      "text" : "kernel",
      "whiteSpace" : false
    }, {
      "id" : "s3-t7",
      "begin" : 194,
      "end" : 200,
      "text" : "memory",
      "whiteSpace" : false
    }, {
      "id" : "s3-t8",
      "begin" : 200,
      "end" : 201,
      "text" : "-",
      "whiteSpace" : false
    }, {
      "id" : "s3-t9",
      "begin" : 201,
      "end" : 207,
      "text" : "layout",
      "whiteSpace" : false
    }, {
      "id" : "s3-t10",
      "begin" : 208,
      "end" : 219,
      "text" : "information",
      "whiteSpace" : false
    }, {
      "id" : "s3-t11",
      "begin" : 220,
      "end" : 223,
      "text" : "via",
      "whiteSpace" : false
    }, {
      "id" : "s3-t12",
      "begin" : 224,
      "end" : 225,
      "text" : "a",
      "whiteSpace" : false
    }, {
      "id" : "s3-t13",
      "begin" : 226,
      "end" : 233,
      "text" : "crafted",
      "whiteSpace" : false
    }, {
      "id" : "s3-t14",
      "begin" : 234,
      "end" : 237,
      "text" : "app",
      "whiteSpace" : false
    }, {
      "id" : "s3-t15",
      "begin" : 238,
      "end" : 242,
      "text" : "that",
      "whiteSpace" : false
    }, {
      "id" : "s3-t16",
      "begin" : 243,
      "end" : 252,
      "text" : "leverages",
      "whiteSpace" : false
    }, {
      "id" : "s3-t17",
      "begin" : 253,
      "end" : 259,
      "text" : "device",
      "whiteSpace" : false
    }, {
      "id" : "s3-t18",
      "begin" : 260,
      "end" : 270,
      "text" : "properties",
      "whiteSpace" : false
    }, {
      "id" : "s3-t19",
      "begin" : 270,
      "end" : 271,
      "text" : ".",
      "whiteSpace" : false
    } ]
  }, {
    "id" : "s4",
    "begin" : 272,
    "end" : 391,
    "text" : "| CONFIRM:https://support.apple.com/HT208849   |   SECTRACK:1041027   |   URL:http://www.securitytracker.com/id/1041027",
    "tokens" : [ {
      "id" : "s4-t0",
      "begin" : 272,
      "end" : 273,
      "text" : "|",
      "whiteSpace" : false
    }, {
      "id" : "s4-t1",
      "begin" : 274,
      "end" : 316,
      "text" : "CONFIRM:https://support.apple.com/HT208849",
      "whiteSpace" : false
    }, {
      "id" : "s4-t2",
      "begin" : 319,
      "end" : 320,
      "text" : "|",
      "whiteSpace" : false
    }, {
      "id" : "s4-t3",
      "begin" : 323,
      "end" : 331,
      "text" : "SECTRACK",
      "whiteSpace" : false
    }, {
      "id" : "s4-t4",
      "begin" : 331,
      "end" : 332,
      "text" : ":",
      "whiteSpace" : false
    }, {
      "id" : "s4-t5",
      "begin" : 332,
      "end" : 339,
      "text" : "1041027",
      "whiteSpace" : false
    }, {
      "id" : "s4-t6",
      "begin" : 342,
      "end" : 343,
      "text" : "|",
      "whiteSpace" : false
    }, {
      "id" : "s4-t7",
      "begin" : 346,
      "end" : 384,
      "text" : "URL:http://www.securitytracker.com/id/",
      "whiteSpace" : false
    }, {
      "id" : "s4-t8",
      "begin" : 384,
      "end" : 391,
      "text" : "1041027",
      "whiteSpace" : false
    } ]
  } ],
  "mentions" : [ ],
  "relations" : [ ],
  "corefs" : [ ],
  "typeResolved" : true,
  "userResolved" : false
}