{
  "id" : "5ca6f540-e5bf-11e8-bc3f-812dc60f5413-1395",
  "name" : "CVE-2018-5451",
  "createdDate" : 0,
  "version" : 3,
  "text" : "CVE-2018-5451 | In Philips Alice 6 System version R8.0.2 or prior, when an actor claims to have a given identity, the software does not prove or insufficiently proves that the claim is correct. This weakness can lead to the exposure of resources or functionality to unintended actors, possibly providing attackers with sensitive information or the ability to execute arbitrary code. | MISC:https://ics-cert.us-cert.gov/advisories/ICSMA-18-086-01   |   BID:103537   |   URL:http://www.securityfocus.com/bid/103537",
  "docLength" : 0,
  "language" : "EN",
  "status" : "READY",
  "modifiedDate" : 1541947069127,
  "documentSet" : [ ],
  "preannotation" : [ ],
  "sentences" : [ {
    "id" : "s0",
    "begin" : 0,
    "end" : 193,
    "text" : "CVE-2018-5451 | In Philips Alice 6 System version R8.0.2 or prior, when an actor claims to have a given identity, the software does not prove or insufficiently proves that the claim is correct.",
    "tokens" : [ {
      "id" : "s0-t0",
      "begin" : 0,
      "end" : 13,
      "text" : "CVE-2018-5451",
      "whiteSpace" : false
    }, {
      "id" : "s0-t1",
      "begin" : 14,
      "end" : 15,
      "text" : "|",
      "whiteSpace" : false
    }, {
      "id" : "s0-t2",
      "begin" : 16,
      "end" : 18,
      "text" : "In",
      "whiteSpace" : false
    }, {
      "id" : "s0-t3",
      "begin" : 19,
      "end" : 26,
      "text" : "Philips",
      "whiteSpace" : false
    }, {
      "id" : "s0-t4",
      "begin" : 27,
      "end" : 32,
      "text" : "Alice",
      "whiteSpace" : false
    }, {
      "id" : "s0-t5",
      "begin" : 33,
      "end" : 34,
      "text" : "6",
      "whiteSpace" : false
    }, {
      "id" : "s0-t6",
      "begin" : 35,
      "end" : 41,
      "text" : "System",
      "whiteSpace" : false
    }, {
      "id" : "s0-t7",
      "begin" : 42,
      "end" : 49,
      "text" : "version",
      "whiteSpace" : false
    }, {
      "id" : "s0-t8",
      "begin" : 50,
      "end" : 56,
      "text" : "R8.0.2",
      "whiteSpace" : false
    }, {
      "id" : "s0-t9",
      "begin" : 57,
      "end" : 59,
      "text" : "or",
      "whiteSpace" : false
    }, {
      "id" : "s0-t10",
      "begin" : 60,
      "end" : 65,
      "text" : "prior",
      "whiteSpace" : false
    }, {
      "id" : "s0-t11",
      "begin" : 65,
      "end" : 66,
      "text" : ",",
      "whiteSpace" : false
    }, {
      "id" : "s0-t12",
      "begin" : 67,
      "end" : 71,
      "text" : "when",
      "whiteSpace" : false
    }, {
      "id" : "s0-t13",
      "begin" : 72,
      "end" : 74,
      "text" : "an",
      "whiteSpace" : false
    }, {
      "id" : "s0-t14",
      "begin" : 75,
      "end" : 80,
      "text" : "actor",
      "whiteSpace" : false
    }, {
      "id" : "s0-t15",
      "begin" : 81,
      "end" : 87,
      "text" : "claims",
      "whiteSpace" : false
    }, {
      "id" : "s0-t16",
      "begin" : 88,
      "end" : 90,
      "text" : "to",
      "whiteSpace" : false
    }, {
      "id" : "s0-t17",
      "begin" : 91,
      "end" : 95,
      "text" : "have",
      "whiteSpace" : false
    }, {
      "id" : "s0-t18",
      "begin" : 96,
      "end" : 97,
      "text" : "a",
      "whiteSpace" : false
    }, {
      "id" : "s0-t19",
      "begin" : 98,
      "end" : 103,
      "text" : "given",
      "whiteSpace" : false
    }, {
      "id" : "s0-t20",
      "begin" : 104,
      "end" : 112,
      "text" : "identity",
      "whiteSpace" : false
    }, {
      "id" : "s0-t21",
      "begin" : 112,
      "end" : 113,
      "text" : ",",
      "whiteSpace" : false
    }, {
      "id" : "s0-t22",
      "begin" : 114,
      "end" : 117,
      "text" : "the",
      "whiteSpace" : false
    }, {
      "id" : "s0-t23",
      "begin" : 118,
      "end" : 126,
      "text" : "software",
      "whiteSpace" : false
    }, {
      "id" : "s0-t24",
      "begin" : 127,
      "end" : 131,
      "text" : "does",
      "whiteSpace" : false
    }, {
      "id" : "s0-t25",
      "begin" : 132,
      "end" : 135,
      "text" : "not",
      "whiteSpace" : false
    }, {
      "id" : "s0-t26",
      "begin" : 136,
      "end" : 141,
      "text" : "prove",
      "whiteSpace" : false
    }, {
      "id" : "s0-t27",
      "begin" : 142,
      "end" : 144,
      "text" : "or",
      "whiteSpace" : false
    }, {
      "id" : "s0-t28",
      "begin" : 145,
      "end" : 159,
      "text" : "insufficiently",
      "whiteSpace" : false
    }, {
      "id" : "s0-t29",
      "begin" : 160,
      "end" : 166,
      "text" : "proves",
      "whiteSpace" : false
    }, {
      "id" : "s0-t30",
      "begin" : 167,
      "end" : 171,
      "text" : "that",
      "whiteSpace" : false
    }, {
      "id" : "s0-t31",
      "begin" : 172,
      "end" : 175,
      "text" : "the",
      "whiteSpace" : false
    }, {
      "id" : "s0-t32",
      "begin" : 176,
      "end" : 181,
      "text" : "claim",
      "whiteSpace" : false
    }, {
      "id" : "s0-t33",
      "begin" : 182,
      "end" : 184,
      "text" : "is",
      "whiteSpace" : false
    }, {
      "id" : "s0-t34",
      "begin" : 185,
      "end" : 192,
      "text" : "correct",
      "whiteSpace" : false
    }, {
      "id" : "s0-t35",
      "begin" : 192,
      "end" : 193,
      "text" : ".",
      "whiteSpace" : false
    } ]
  }, {
    "id" : "s1",
    "begin" : 194,
    "end" : 382,
    "text" : "This weakness can lead to the exposure of resources or functionality to unintended actors, possibly providing attackers with sensitive information or the ability to execute arbitrary code.",
    "tokens" : [ {
      "id" : "s1-t0",
      "begin" : 194,
      "end" : 198,
      "text" : "This",
      "whiteSpace" : false
    }, {
      "id" : "s1-t1",
      "begin" : 199,
      "end" : 207,
      "text" : "weakness",
      "whiteSpace" : false
    }, {
      "id" : "s1-t2",
      "begin" : 208,
      "end" : 211,
      "text" : "can",
      "whiteSpace" : false
    }, {
      "id" : "s1-t3",
      "begin" : 212,
      "end" : 216,
      "text" : "lead",
      "whiteSpace" : false
    }, {
      "id" : "s1-t4",
      "begin" : 217,
      "end" : 219,
      "text" : "to",
      "whiteSpace" : false
    }, {
      "id" : "s1-t5",
      "begin" : 220,
      "end" : 223,
      "text" : "the",
      "whiteSpace" : false
    }, {
      "id" : "s1-t6",
      "begin" : 224,
      "end" : 232,
      "text" : "exposure",
      "whiteSpace" : false
    }, {
      "id" : "s1-t7",
      "begin" : 233,
      "end" : 235,
      "text" : "of",
      "whiteSpace" : false
    }, {
      "id" : "s1-t8",
      "begin" : 236,
      "end" : 245,
      "text" : "resources",
      "whiteSpace" : false
    }, {
      "id" : "s1-t9",
      "begin" : 246,
      "end" : 248,
      "text" : "or",
      "whiteSpace" : false
    }, {
      "id" : "s1-t10",
      "begin" : 249,
      "end" : 262,
      "text" : "functionality",
      "whiteSpace" : false
    }, {
      "id" : "s1-t11",
      "begin" : 263,
      "end" : 265,
      "text" : "to",
      "whiteSpace" : false
    }, {
      "id" : "s1-t12",
      "begin" : 266,
      "end" : 276,
      "text" : "unintended",
      "whiteSpace" : false
    }, {
      "id" : "s1-t13",
      "begin" : 277,
      "end" : 283,
      "text" : "actors",
      "whiteSpace" : false
    }, {
      "id" : "s1-t14",
      "begin" : 283,
      "end" : 284,
      "text" : ",",
      "whiteSpace" : false
    }, {
      "id" : "s1-t15",
      "begin" : 285,
      "end" : 293,
      "text" : "possibly",
      "whiteSpace" : false
    }, {
      "id" : "s1-t16",
      "begin" : 294,
      "end" : 303,
      "text" : "providing",
      "whiteSpace" : false
    }, {
      "id" : "s1-t17",
      "begin" : 304,
      "end" : 313,
      "text" : "attackers",
      "whiteSpace" : false
    }, {
      "id" : "s1-t18",
      "begin" : 314,
      "end" : 318,
      "text" : "with",
      "whiteSpace" : false
    }, {
      "id" : "s1-t19",
      "begin" : 319,
      "end" : 328,
      "text" : "sensitive",
      "whiteSpace" : false
    }, {
      "id" : "s1-t20",
      "begin" : 329,
      "end" : 340,
      "text" : "information",
      "whiteSpace" : false
    }, {
      "id" : "s1-t21",
      "begin" : 341,
      "end" : 343,
      "text" : "or",
      "whiteSpace" : false
    }, {
      "id" : "s1-t22",
      "begin" : 344,
      "end" : 347,
      "text" : "the",
      "whiteSpace" : false
    }, {
      "id" : "s1-t23",
      "begin" : 348,
      "end" : 355,
      "text" : "ability",
      "whiteSpace" : false
    }, {
      "id" : "s1-t24",
      "begin" : 356,
      "end" : 358,
      "text" : "to",
      "whiteSpace" : false
    }, {
      "id" : "s1-t25",
      "begin" : 359,
      "end" : 366,
      "text" : "execute",
      "whiteSpace" : false
    }, {
      "id" : "s1-t26",
      "begin" : 367,
      "end" : 376,
      "text" : "arbitrary",
      "whiteSpace" : false
    }, {
      "id" : "s1-t27",
      "begin" : 377,
      "end" : 381,
      "text" : "code",
      "whiteSpace" : false
    }, {
      "id" : "s1-t28",
      "begin" : 381,
      "end" : 382,
      "text" : ".",
      "whiteSpace" : false
    } ]
  }, {
    "id" : "s2",
    "begin" : 383,
    "end" : 512,
    "text" : "| MISC:https://ics-cert.us-cert.gov/advisories/ICSMA-18-086-01   |   BID:103537   |   URL:http://www.securityfocus.com/bid/103537",
    "tokens" : [ {
      "id" : "s2-t0",
      "begin" : 383,
      "end" : 384,
      "text" : "|",
      "whiteSpace" : false
    }, {
      "id" : "s2-t1",
      "begin" : 385,
      "end" : 445,
      "text" : "MISC:https://ics-cert.us-cert.gov/advisories/ICSMA-18-086-01",
      "whiteSpace" : false
    }, {
      "id" : "s2-t2",
      "begin" : 448,
      "end" : 449,
      "text" : "|",
      "whiteSpace" : false
    }, {
      "id" : "s2-t3",
      "begin" : 452,
      "end" : 455,
      "text" : "BID",
      "whiteSpace" : false
    }, {
      "id" : "s2-t4",
      "begin" : 455,
      "end" : 456,
      "text" : ":",
      "whiteSpace" : false
    }, {
      "id" : "s2-t5",
      "begin" : 456,
      "end" : 462,
      "text" : "103537",
      "whiteSpace" : false
    }, {
      "id" : "s2-t6",
      "begin" : 465,
      "end" : 466,
      "text" : "|",
      "whiteSpace" : false
    }, {
      "id" : "s2-t7",
      "begin" : 469,
      "end" : 506,
      "text" : "URL:http://www.securityfocus.com/bid/",
      "whiteSpace" : false
    }, {
      "id" : "s2-t8",
      "begin" : 506,
      "end" : 512,
      "text" : "103537",
      "whiteSpace" : false
    } ]
  } ],
  "mentions" : [ ],
  "relations" : [ ],
  "corefs" : [ ],
  "typeResolved" : true,
  "userResolved" : false
}