{
  "id" : "5ca6f540-e5bf-11e8-bc3f-812dc60f5413-1401",
  "name" : "CVE-2018-5443",
  "createdDate" : 0,
  "version" : 3,
  "text" : "CVE-2018-5443 | A SQL Injection issue was discovered in Advantech WebAccess/SCADA versions prior to V8.2_20170817. WebAccess/SCADA does not properly sanitize its inputs for SQL commands. | MISC:https://ics-cert.us-cert.gov/advisories/ICSA-18-023-01   |   BID:102781   |   URL:http://www.securityfocus.com/bid/102781",
  "docLength" : 0,
  "language" : "EN",
  "status" : "READY",
  "modifiedDate" : 1541947069127,
  "documentSet" : [ ],
  "preannotation" : [ ],
  "sentences" : [ {
    "id" : "s0",
    "begin" : 0,
    "end" : 114,
    "text" : "CVE-2018-5443 | A SQL Injection issue was discovered in Advantech WebAccess/SCADA versions prior to V8.2_20170817.",
    "tokens" : [ {
      "id" : "s0-t0",
      "begin" : 0,
      "end" : 13,
      "text" : "CVE-2018-5443",
      "whiteSpace" : false
    }, {
      "id" : "s0-t1",
      "begin" : 14,
      "end" : 15,
      "text" : "|",
      "whiteSpace" : false
    }, {
      "id" : "s0-t2",
      "begin" : 16,
      "end" : 17,
      "text" : "A",
      "whiteSpace" : false
    }, {
      "id" : "s0-t3",
      "begin" : 18,
      "end" : 21,
      "text" : "SQL",
      "whiteSpace" : false
    }, {
      "id" : "s0-t4",
      "begin" : 22,
      "end" : 31,
      "text" : "Injection",
      "whiteSpace" : false
    }, {
      "id" : "s0-t5",
      "begin" : 32,
      "end" : 37,
      "text" : "issue",
      "whiteSpace" : false
    }, {
      "id" : "s0-t6",
      "begin" : 38,
      "end" : 41,
      "text" : "was",
      "whiteSpace" : false
    }, {
      "id" : "s0-t7",
      "begin" : 42,
      "end" : 52,
      "text" : "discovered",
      "whiteSpace" : false
    }, {
      "id" : "s0-t8",
      "begin" : 53,
      "end" : 55,
      "text" : "in",
      "whiteSpace" : false
    }, {
      "id" : "s0-t9",
      "begin" : 56,
      "end" : 65,
      "text" : "Advantech",
      "whiteSpace" : false
    }, {
      "id" : "s0-t10",
      "begin" : 66,
      "end" : 81,
      "text" : "WebAccess/SCADA",
      "whiteSpace" : false
    }, {
      "id" : "s0-t11",
      "begin" : 82,
      "end" : 90,
      "text" : "versions",
      "whiteSpace" : false
    }, {
      "id" : "s0-t12",
      "begin" : 91,
      "end" : 96,
      "text" : "prior",
      "whiteSpace" : false
    }, {
      "id" : "s0-t13",
      "begin" : 97,
      "end" : 99,
      "text" : "to",
      "whiteSpace" : false
    }, {
      "id" : "s0-t14",
      "begin" : 100,
      "end" : 113,
      "text" : "V8.2_20170817",
      "whiteSpace" : false
    }, {
      "id" : "s0-t15",
      "begin" : 113,
      "end" : 114,
      "text" : ".",
      "whiteSpace" : false
    } ]
  }, {
    "id" : "s1",
    "begin" : 115,
    "end" : 186,
    "text" : "WebAccess/SCADA does not properly sanitize its inputs for SQL commands.",
    "tokens" : [ {
      "id" : "s1-t0",
      "begin" : 115,
      "end" : 130,
      "text" : "WebAccess/SCADA",
      "whiteSpace" : false
    }, {
      "id" : "s1-t1",
      "begin" : 131,
      "end" : 135,
      "text" : "does",
      "whiteSpace" : false
    }, {
      "id" : "s1-t2",
      "begin" : 136,
      "end" : 139,
      "text" : "not",
      "whiteSpace" : false
    }, {
      "id" : "s1-t3",
      "begin" : 140,
      "end" : 148,
      "text" : "properly",
      "whiteSpace" : false
    }, {
      "id" : "s1-t4",
      "begin" : 149,
      "end" : 157,
      "text" : "sanitize",
      "whiteSpace" : false
    }, {
      "id" : "s1-t5",
      "begin" : 158,
      "end" : 161,
      "text" : "its",
      "whiteSpace" : false
    }, {
      "id" : "s1-t6",
      "begin" : 162,
      "end" : 168,
      "text" : "inputs",
      "whiteSpace" : false
    }, {
      "id" : "s1-t7",
      "begin" : 169,
      "end" : 172,
      "text" : "for",
      "whiteSpace" : false
    }, {
      "id" : "s1-t8",
      "begin" : 173,
      "end" : 176,
      "text" : "SQL",
      "whiteSpace" : false
    }, {
      "id" : "s1-t9",
      "begin" : 177,
      "end" : 185,
      "text" : "commands",
      "whiteSpace" : false
    }, {
      "id" : "s1-t10",
      "begin" : 185,
      "end" : 186,
      "text" : ".",
      "whiteSpace" : false
    } ]
  }, {
    "id" : "s2",
    "begin" : 187,
    "end" : 315,
    "text" : "| MISC:https://ics-cert.us-cert.gov/advisories/ICSA-18-023-01   |   BID:102781   |   URL:http://www.securityfocus.com/bid/102781",
    "tokens" : [ {
      "id" : "s2-t0",
      "begin" : 187,
      "end" : 188,
      "text" : "|",
      "whiteSpace" : false
    }, {
      "id" : "s2-t1",
      "begin" : 189,
      "end" : 248,
      "text" : "MISC:https://ics-cert.us-cert.gov/advisories/ICSA-18-023-01",
      "whiteSpace" : false
    }, {
      "id" : "s2-t2",
      "begin" : 251,
      "end" : 252,
      "text" : "|",
      "whiteSpace" : false
    }, {
      "id" : "s2-t3",
      "begin" : 255,
      "end" : 258,
      "text" : "BID",
      "whiteSpace" : false
    }, {
      "id" : "s2-t4",
      "begin" : 258,
      "end" : 259,
      "text" : ":",
      "whiteSpace" : false
    }, {
      "id" : "s2-t5",
      "begin" : 259,
      "end" : 265,
      "text" : "102781",
      "whiteSpace" : false
    }, {
      "id" : "s2-t6",
      "begin" : 268,
      "end" : 269,
      "text" : "|",
      "whiteSpace" : false
    }, {
      "id" : "s2-t7",
      "begin" : 272,
      "end" : 309,
      "text" : "URL:http://www.securityfocus.com/bid/",
      "whiteSpace" : false
    }, {
      "id" : "s2-t8",
      "begin" : 309,
      "end" : 315,
      "text" : "102781",
      "whiteSpace" : false
    } ]
  } ],
  "mentions" : [ ],
  "relations" : [ ],
  "corefs" : [ ],
  "typeResolved" : true,
  "userResolved" : false
}