{
  "id" : "5ca6f540-e5bf-11e8-bc3f-812dc60f5413-1355",
  "name" : "CVE-2018-5507",
  "createdDate" : 0,
  "version" : 3,
  "text" : "CVE-2018-5507 | On F5 BIG-IP versions 13.0.0, 12.1.0-12.1.3.1, 11.6.1-11.6.2, or 11.5.1-11.5.5, vCMP guests running on VIPRION 2100, 4200 and 4300 series blades cannot correctly decrypt ciphertext from established SSL sessions with small MTU. | CONFIRM:https://support.f5.com/csp/article/K52521791",
  "docLength" : 0,
  "language" : "EN",
  "status" : "READY",
  "modifiedDate" : 1541947069127,
  "documentSet" : [ ],
  "preannotation" : [ ],
  "sentences" : [ {
    "id" : "s0",
    "begin" : 0,
    "end" : 242,
    "text" : "CVE-2018-5507 | On F5 BIG-IP versions 13.0.0, 12.1.0-12.1.3.1, 11.6.1-11.6.2, or 11.5.1-11.5.5, vCMP guests running on VIPRION 2100, 4200 and 4300 series blades cannot correctly decrypt ciphertext from established SSL sessions with small MTU.",
    "tokens" : [ {
      "id" : "s0-t0",
      "begin" : 0,
      "end" : 13,
      "text" : "CVE-2018-5507",
      "whiteSpace" : false
    }, {
      "id" : "s0-t1",
      "begin" : 14,
      "end" : 15,
      "text" : "|",
      "whiteSpace" : false
    }, {
      "id" : "s0-t2",
      "begin" : 16,
      "end" : 18,
      "text" : "On",
      "whiteSpace" : false
    }, {
      "id" : "s0-t3",
      "begin" : 19,
      "end" : 21,
      "text" : "F5",
      "whiteSpace" : false
    }, {
      "id" : "s0-t4",
      "begin" : 22,
      "end" : 25,
      "text" : "BIG",
      "whiteSpace" : false
    }, {
      "id" : "s0-t5",
      "begin" : 25,
      "end" : 26,
      "text" : "-",
      "whiteSpace" : false
    }, {
      "id" : "s0-t6",
      "begin" : 26,
      "end" : 28,
      "text" : "IP",
      "whiteSpace" : false
    }, {
      "id" : "s0-t7",
      "begin" : 29,
      "end" : 37,
      "text" : "versions",
      "whiteSpace" : false
    }, {
      "id" : "s0-t8",
      "begin" : 38,
      "end" : 44,
      "text" : "13.0.0",
      "whiteSpace" : false
    }, {
      "id" : "s0-t9",
      "begin" : 44,
      "end" : 45,
      "text" : ",",
      "whiteSpace" : false
    }, {
      "id" : "s0-t10",
      "begin" : 46,
      "end" : 61,
      "text" : "12.1.0-12.1.3.1",
      "whiteSpace" : false
    }, {
      "id" : "s0-t11",
      "begin" : 61,
      "end" : 62,
      "text" : ",",
      "whiteSpace" : false
    }, {
      "id" : "s0-t12",
      "begin" : 63,
      "end" : 76,
      "text" : "11.6.1-11.6.2",
      "whiteSpace" : false
    }, {
      "id" : "s0-t13",
      "begin" : 76,
      "end" : 77,
      "text" : ",",
      "whiteSpace" : false
    }, {
      "id" : "s0-t14",
      "begin" : 78,
      "end" : 80,
      "text" : "or",
      "whiteSpace" : false
    }, {
      "id" : "s0-t15",
      "begin" : 81,
      "end" : 94,
      "text" : "11.5.1-11.5.5",
      "whiteSpace" : false
    }, {
      "id" : "s0-t16",
      "begin" : 94,
      "end" : 95,
      "text" : ",",
      "whiteSpace" : false
    }, {
      "id" : "s0-t17",
      "begin" : 96,
      "end" : 100,
      "text" : "vCMP",
      "whiteSpace" : false
    }, {
      "id" : "s0-t18",
      "begin" : 101,
      "end" : 107,
      "text" : "guests",
      "whiteSpace" : false
    }, {
      "id" : "s0-t19",
      "begin" : 108,
      "end" : 115,
      "text" : "running",
      "whiteSpace" : false
    }, {
      "id" : "s0-t20",
      "begin" : 116,
      "end" : 118,
      "text" : "on",
      "whiteSpace" : false
    }, {
      "id" : "s0-t21",
      "begin" : 119,
      "end" : 126,
      "text" : "VIPRION",
      "whiteSpace" : false
    }, {
      "id" : "s0-t22",
      "begin" : 127,
      "end" : 131,
      "text" : "2100",
      "whiteSpace" : false
    }, {
      "id" : "s0-t23",
      "begin" : 131,
      "end" : 132,
      "text" : ",",
      "whiteSpace" : false
    }, {
      "id" : "s0-t24",
      "begin" : 133,
      "end" : 137,
      "text" : "4200",
      "whiteSpace" : false
    }, {
      "id" : "s0-t25",
      "begin" : 138,
      "end" : 141,
      "text" : "and",
      "whiteSpace" : false
    }, {
      "id" : "s0-t26",
      "begin" : 142,
      "end" : 146,
      "text" : "4300",
      "whiteSpace" : false
    }, {
      "id" : "s0-t27",
      "begin" : 147,
      "end" : 153,
      "text" : "series",
      "whiteSpace" : false
    }, {
      "id" : "s0-t28",
      "begin" : 154,
      "end" : 160,
      "text" : "blades",
      "whiteSpace" : false
    }, {
      "id" : "s0-t29",
      "begin" : 161,
      "end" : 167,
      "text" : "cannot",
      "whiteSpace" : false
    }, {
      "id" : "s0-t30",
      "begin" : 168,
      "end" : 177,
      "text" : "correctly",
      "whiteSpace" : false
    }, {
      "id" : "s0-t31",
      "begin" : 178,
      "end" : 185,
      "text" : "decrypt",
      "whiteSpace" : false
    }, {
      "id" : "s0-t32",
      "begin" : 186,
      "end" : 196,
      "text" : "ciphertext",
      "whiteSpace" : false
    }, {
      "id" : "s0-t33",
      "begin" : 197,
      "end" : 201,
      "text" : "from",
      "whiteSpace" : false
    }, {
      "id" : "s0-t34",
      "begin" : 202,
      "end" : 213,
      "text" : "established",
      "whiteSpace" : false
    }, {
      "id" : "s0-t35",
      "begin" : 214,
      "end" : 217,
      "text" : "SSL",
      "whiteSpace" : false
    }, {
      "id" : "s0-t36",
      "begin" : 218,
      "end" : 226,
      "text" : "sessions",
      "whiteSpace" : false
    }, {
      "id" : "s0-t37",
      "begin" : 227,
      "end" : 231,
      "text" : "with",
      "whiteSpace" : false
    }, {
      "id" : "s0-t38",
      "begin" : 232,
      "end" : 237,
      "text" : "small",
      "whiteSpace" : false
    }, {
      "id" : "s0-t39",
      "begin" : 238,
      "end" : 241,
      "text" : "MTU",
      "whiteSpace" : false
    }, {
      "id" : "s0-t40",
      "begin" : 241,
      "end" : 242,
      "text" : ".",
      "whiteSpace" : false
    } ]
  }, {
    "id" : "s1",
    "begin" : 243,
    "end" : 297,
    "text" : "| CONFIRM:https://support.f5.com/csp/article/K52521791",
    "tokens" : [ {
      "id" : "s1-t0",
      "begin" : 243,
      "end" : 244,
      "text" : "|",
      "whiteSpace" : false
    }, {
      "id" : "s1-t1",
      "begin" : 245,
      "end" : 297,
      "text" : "CONFIRM:https://support.f5.com/csp/article/K52521791",
      "whiteSpace" : false
    } ]
  } ],
  "mentions" : [ ],
  "relations" : [ ],
  "corefs" : [ ],
  "typeResolved" : true,
  "userResolved" : false
}