{
  "id" : "5ca6f540-e5bf-11e8-bc3f-812dc60f5413-1952",
  "name" : "CVE-2018-4201",
  "createdDate" : 0,
  "version" : 3,
  "text" : "CVE-2018-4201 | An issue was discovered in certain Apple products. iOS before 11.4 is affected. Safari before 11.1.1 is affected. iCloud before 7.5 on Windows is affected. iTunes before 12.7.5 on Windows is affected. tvOS before 11.4 is affected. watchOS before 4.3.1 is affected. The issue involves the \"WebKit\" component. It allows remote attackers to execute arbitrary code or cause a denial of service (memory corruption and application crash) via a crafted web site. | CONFIRM:https://support.apple.com/HT208848   |   CONFIRM:https://support.apple.com/HT208850   |   CONFIRM:https://support.apple.com/HT208851   |   CONFIRM:https://support.apple.com/HT208852   |   CONFIRM:https://support.apple.com/HT208853   |   CONFIRM:https://support.apple.com/HT208854   |   GENTOO:GLSA-201808-04   |   URL:https://security.gentoo.org/glsa/201808-04   |   SECTRACK:1041029   |   URL:http://www.securitytracker.com/id/1041029",
  "docLength" : 0,
  "language" : "EN",
  "status" : "READY",
  "modifiedDate" : 1541947069127,
  "documentSet" : [ ],
  "preannotation" : [ ],
  "sentences" : [ {
    "id" : "s0",
    "begin" : 0,
    "end" : 66,
    "text" : "CVE-2018-4201 | An issue was discovered in certain Apple products.",
    "tokens" : [ {
      "id" : "s0-t0",
      "begin" : 0,
      "end" : 13,
      "text" : "CVE-2018-4201",
      "whiteSpace" : false
    }, {
      "id" : "s0-t1",
      "begin" : 14,
      "end" : 15,
      "text" : "|",
      "whiteSpace" : false
    }, {
      "id" : "s0-t2",
      "begin" : 16,
      "end" : 18,
      "text" : "An",
      "whiteSpace" : false
    }, {
      "id" : "s0-t3",
      "begin" : 19,
      "end" : 24,
      "text" : "issue",
      "whiteSpace" : false
    }, {
      "id" : "s0-t4",
      "begin" : 25,
      "end" : 28,
      "text" : "was",
      "whiteSpace" : false
    }, {
      "id" : "s0-t5",
      "begin" : 29,
      "end" : 39,
      "text" : "discovered",
      "whiteSpace" : false
    }, {
      "id" : "s0-t6",
      "begin" : 40,
      "end" : 42,
      "text" : "in",
      "whiteSpace" : false
    }, {
      "id" : "s0-t7",
      "begin" : 43,
      "end" : 50,
      "text" : "certain",
      "whiteSpace" : false
    }, {
      "id" : "s0-t8",
      "begin" : 51,
      "end" : 56,
      "text" : "Apple",
      "whiteSpace" : false
    }, {
      "id" : "s0-t9",
      "begin" : 57,
      "end" : 65,
      "text" : "products",
      "whiteSpace" : false
    }, {
      "id" : "s0-t10",
      "begin" : 65,
      "end" : 66,
      "text" : ".",
      "whiteSpace" : false
    } ]
  }, {
    "id" : "s1",
    "begin" : 67,
    "end" : 95,
    "text" : "iOS before 11.4 is affected.",
    "tokens" : [ {
      "id" : "s1-t0",
      "begin" : 67,
      "end" : 70,
      "text" : "iOS",
      "whiteSpace" : false
    }, {
      "id" : "s1-t1",
      "begin" : 71,
      "end" : 77,
      "text" : "before",
      "whiteSpace" : false
    }, {
      "id" : "s1-t2",
      "begin" : 78,
      "end" : 82,
      "text" : "11.4",
      "whiteSpace" : false
    }, {
      "id" : "s1-t3",
      "begin" : 83,
      "end" : 85,
      "text" : "is",
      "whiteSpace" : false
    }, {
      "id" : "s1-t4",
      "begin" : 86,
      "end" : 94,
      "text" : "affected",
      "whiteSpace" : false
    }, {
      "id" : "s1-t5",
      "begin" : 94,
      "end" : 95,
      "text" : ".",
      "whiteSpace" : false
    } ]
  }, {
    "id" : "s2",
    "begin" : 96,
    "end" : 129,
    "text" : "Safari before 11.1.1 is affected.",
    "tokens" : [ {
      "id" : "s2-t0",
      "begin" : 96,
      "end" : 102,
      "text" : "Safari",
      "whiteSpace" : false
    }, {
      "id" : "s2-t1",
      "begin" : 103,
      "end" : 109,
      "text" : "before",
      "whiteSpace" : false
    }, {
      "id" : "s2-t2",
      "begin" : 110,
      "end" : 116,
      "text" : "11.1.1",
      "whiteSpace" : false
    }, {
      "id" : "s2-t3",
      "begin" : 117,
      "end" : 119,
      "text" : "is",
      "whiteSpace" : false
    }, {
      "id" : "s2-t4",
      "begin" : 120,
      "end" : 128,
      "text" : "affected",
      "whiteSpace" : false
    }, {
      "id" : "s2-t5",
      "begin" : 128,
      "end" : 129,
      "text" : ".",
      "whiteSpace" : false
    } ]
  }, {
    "id" : "s3",
    "begin" : 130,
    "end" : 171,
    "text" : "iCloud before 7.5 on Windows is affected.",
    "tokens" : [ {
      "id" : "s3-t0",
      "begin" : 130,
      "end" : 136,
      "text" : "iCloud",
      "whiteSpace" : false
    }, {
      "id" : "s3-t1",
      "begin" : 137,
      "end" : 143,
      "text" : "before",
      "whiteSpace" : false
    }, {
      "id" : "s3-t2",
      "begin" : 144,
      "end" : 147,
      "text" : "7.5",
      "whiteSpace" : false
    }, {
      "id" : "s3-t3",
      "begin" : 148,
      "end" : 150,
      "text" : "on",
      "whiteSpace" : false
    }, {
      "id" : "s3-t4",
      "begin" : 151,
      "end" : 158,
      "text" : "Windows",
      "whiteSpace" : false
    }, {
      "id" : "s3-t5",
      "begin" : 159,
      "end" : 161,
      "text" : "is",
      "whiteSpace" : false
    }, {
      "id" : "s3-t6",
      "begin" : 162,
      "end" : 170,
      "text" : "affected",
      "whiteSpace" : false
    }, {
      "id" : "s3-t7",
      "begin" : 170,
      "end" : 171,
      "text" : ".",
      "whiteSpace" : false
    } ]
  }, {
    "id" : "s4",
    "begin" : 172,
    "end" : 216,
    "text" : "iTunes before 12.7.5 on Windows is affected.",
    "tokens" : [ {
      "id" : "s4-t0",
      "begin" : 172,
      "end" : 178,
      "text" : "iTunes",
      "whiteSpace" : false
    }, {
      "id" : "s4-t1",
      "begin" : 179,
      "end" : 185,
      "text" : "before",
      "whiteSpace" : false
    }, {
      "id" : "s4-t2",
      "begin" : 186,
      "end" : 192,
      "text" : "12.7.5",
      "whiteSpace" : false
    }, {
      "id" : "s4-t3",
      "begin" : 193,
      "end" : 195,
      "text" : "on",
      "whiteSpace" : false
    }, {
      "id" : "s4-t4",
      "begin" : 196,
      "end" : 203,
      "text" : "Windows",
      "whiteSpace" : false
    }, {
      "id" : "s4-t5",
      "begin" : 204,
      "end" : 206,
      "text" : "is",
      "whiteSpace" : false
    }, {
      "id" : "s4-t6",
      "begin" : 207,
      "end" : 215,
      "text" : "affected",
      "whiteSpace" : false
    }, {
      "id" : "s4-t7",
      "begin" : 215,
      "end" : 216,
      "text" : ".",
      "whiteSpace" : false
    } ]
  }, {
    "id" : "s5",
    "begin" : 217,
    "end" : 246,
    "text" : "tvOS before 11.4 is affected.",
    "tokens" : [ {
      "id" : "s5-t0",
      "begin" : 217,
      "end" : 221,
      "text" : "tvOS",
      "whiteSpace" : false
    }, {
      "id" : "s5-t1",
      "begin" : 222,
      "end" : 228,
      "text" : "before",
      "whiteSpace" : false
    }, {
      "id" : "s5-t2",
      "begin" : 229,
      "end" : 233,
      "text" : "11.4",
      "whiteSpace" : false
    }, {
      "id" : "s5-t3",
      "begin" : 234,
      "end" : 236,
      "text" : "is",
      "whiteSpace" : false
    }, {
      "id" : "s5-t4",
      "begin" : 237,
      "end" : 245,
      "text" : "affected",
      "whiteSpace" : false
    }, {
      "id" : "s5-t5",
      "begin" : 245,
      "end" : 246,
      "text" : ".",
      "whiteSpace" : false
    } ]
  }, {
    "id" : "s6",
    "begin" : 247,
    "end" : 280,
    "text" : "watchOS before 4.3.1 is affected.",
    "tokens" : [ {
      "id" : "s6-t0",
      "begin" : 247,
      "end" : 254,
      "text" : "watchOS",
      "whiteSpace" : false
    }, {
      "id" : "s6-t1",
      "begin" : 255,
      "end" : 261,
      "text" : "before",
      "whiteSpace" : false
    }, {
      "id" : "s6-t2",
      "begin" : 262,
      "end" : 267,
      "text" : "4.3.1",
      "whiteSpace" : false
    }, {
      "id" : "s6-t3",
      "begin" : 268,
      "end" : 270,
      "text" : "is",
      "whiteSpace" : false
    }, {
      "id" : "s6-t4",
      "begin" : 271,
      "end" : 279,
      "text" : "affected",
      "whiteSpace" : false
    }, {
      "id" : "s6-t5",
      "begin" : 279,
      "end" : 280,
      "text" : ".",
      "whiteSpace" : false
    } ]
  }, {
    "id" : "s7",
    "begin" : 281,
    "end" : 323,
    "text" : "The issue involves the \"WebKit\" component.",
    "tokens" : [ {
      "id" : "s7-t0",
      "begin" : 281,
      "end" : 284,
      "text" : "The",
      "whiteSpace" : false
    }, {
      "id" : "s7-t1",
      "begin" : 285,
      "end" : 290,
      "text" : "issue",
      "whiteSpace" : false
    }, {
      "id" : "s7-t2",
      "begin" : 291,
      "end" : 299,
      "text" : "involves",
      "whiteSpace" : false
    }, {
      "id" : "s7-t3",
      "begin" : 300,
      "end" : 303,
      "text" : "the",
      "whiteSpace" : false
    }, {
      "id" : "s7-t4",
      "begin" : 304,
      "end" : 305,
      "text" : "\"",
      "whiteSpace" : false
    }, {
      "id" : "s7-t5",
      "begin" : 305,
      "end" : 311,
      "text" : "WebKit",
      "whiteSpace" : false
    }, {
      "id" : "s7-t6",
      "begin" : 311,
      "end" : 312,
      "text" : "\"",
      "whiteSpace" : false
    }, {
      "id" : "s7-t7",
      "begin" : 313,
      "end" : 322,
      "text" : "component",
      "whiteSpace" : false
    }, {
      "id" : "s7-t8",
      "begin" : 322,
      "end" : 323,
      "text" : ".",
      "whiteSpace" : false
    } ]
  }, {
    "id" : "s8",
    "begin" : 324,
    "end" : 471,
    "text" : "It allows remote attackers to execute arbitrary code or cause a denial of service (memory corruption and application crash) via a crafted web site.",
    "tokens" : [ {
      "id" : "s8-t0",
      "begin" : 324,
      "end" : 326,
      "text" : "It",
      "whiteSpace" : false
    }, {
      "id" : "s8-t1",
      "begin" : 327,
      "end" : 333,
      "text" : "allows",
      "whiteSpace" : false
    }, {
      "id" : "s8-t2",
      "begin" : 334,
      "end" : 340,
      "text" : "remote",
      "whiteSpace" : false
    }, {
      "id" : "s8-t3",
      "begin" : 341,
      "end" : 350,
      "text" : "attackers",
      "whiteSpace" : false
    }, {
      "id" : "s8-t4",
      "begin" : 351,
      "end" : 353,
      "text" : "to",
      "whiteSpace" : false
    }, {
      "id" : "s8-t5",
      "begin" : 354,
      "end" : 361,
      "text" : "execute",
      "whiteSpace" : false
    }, {
      "id" : "s8-t6",
      "begin" : 362,
      "end" : 371,
      "text" : "arbitrary",
      "whiteSpace" : false
    }, {
      "id" : "s8-t7",
      "begin" : 372,
      "end" : 376,
      "text" : "code",
      "whiteSpace" : false
    }, {
      "id" : "s8-t8",
      "begin" : 377,
      "end" : 379,
      "text" : "or",
      "whiteSpace" : false
    }, {
      "id" : "s8-t9",
      "begin" : 380,
      "end" : 385,
      "text" : "cause",
      "whiteSpace" : false
    }, {
      "id" : "s8-t10",
      "begin" : 386,
      "end" : 387,
      "text" : "a",
      "whiteSpace" : false
    }, {
      "id" : "s8-t11",
      "begin" : 388,
      "end" : 394,
      "text" : "denial",
      "whiteSpace" : false
    }, {
      "id" : "s8-t12",
      "begin" : 395,
      "end" : 397,
      "text" : "of",
      "whiteSpace" : false
    }, {
      "id" : "s8-t13",
      "begin" : 398,
      "end" : 405,
      "text" : "service",
      "whiteSpace" : false
    }, {
      "id" : "s8-t14",
      "begin" : 406,
      "end" : 407,
      "text" : "(",
      "whiteSpace" : false
    }, {
      "id" : "s8-t15",
      "begin" : 407,
      "end" : 413,
      "text" : "memory",
      "whiteSpace" : false
    }, {
      "id" : "s8-t16",
      "begin" : 414,
      "end" : 424,
      "text" : "corruption",
      "whiteSpace" : false
    }, {
      "id" : "s8-t17",
      "begin" : 425,
      "end" : 428,
      "text" : "and",
      "whiteSpace" : false
    }, {
      "id" : "s8-t18",
      "begin" : 429,
      "end" : 440,
      "text" : "application",
      "whiteSpace" : false
    }, {
      "id" : "s8-t19",
      "begin" : 441,
      "end" : 446,
      "text" : "crash",
      "whiteSpace" : false
    }, {
      "id" : "s8-t20",
      "begin" : 446,
      "end" : 447,
      "text" : ")",
      "whiteSpace" : false
    }, {
      "id" : "s8-t21",
      "begin" : 448,
      "end" : 451,
      "text" : "via",
      "whiteSpace" : false
    }, {
      "id" : "s8-t22",
      "begin" : 452,
      "end" : 453,
      "text" : "a",
      "whiteSpace" : false
    }, {
      "id" : "s8-t23",
      "begin" : 454,
      "end" : 461,
      "text" : "crafted",
      "whiteSpace" : false
    }, {
      "id" : "s8-t24",
      "begin" : 462,
      "end" : 465,
      "text" : "web",
      "whiteSpace" : false
    }, {
      "id" : "s8-t25",
      "begin" : 466,
      "end" : 470,
      "text" : "site",
      "whiteSpace" : false
    }, {
      "id" : "s8-t26",
      "begin" : 470,
      "end" : 471,
      "text" : ".",
      "whiteSpace" : false
    } ]
  }, {
    "id" : "s9",
    "begin" : 472,
    "end" : 917,
    "text" : "| CONFIRM:https://support.apple.com/HT208848   |   CONFIRM:https://support.apple.com/HT208850   |   CONFIRM:https://support.apple.com/HT208851   |   CONFIRM:https://support.apple.com/HT208852   |   CONFIRM:https://support.apple.com/HT208853   |   CONFIRM:https://support.apple.com/HT208854   |   GENTOO:GLSA-201808-04   |   URL:https://security.gentoo.org/glsa/201808-04   |   SECTRACK:1041029   |   URL:http://www.securitytracker.com/id/1041029",
    "tokens" : [ {
      "id" : "s9-t0",
      "begin" : 472,
      "end" : 473,
      "text" : "|",
      "whiteSpace" : false
    }, {
      "id" : "s9-t1",
      "begin" : 474,
      "end" : 516,
      "text" : "CONFIRM:https://support.apple.com/HT208848",
      "whiteSpace" : false
    }, {
      "id" : "s9-t2",
      "begin" : 519,
      "end" : 520,
      "text" : "|",
      "whiteSpace" : false
    }, {
      "id" : "s9-t3",
      "begin" : 523,
      "end" : 565,
      "text" : "CONFIRM:https://support.apple.com/HT208850",
      "whiteSpace" : false
    }, {
      "id" : "s9-t4",
      "begin" : 568,
      "end" : 569,
      "text" : "|",
      "whiteSpace" : false
    }, {
      "id" : "s9-t5",
      "begin" : 572,
      "end" : 614,
      "text" : "CONFIRM:https://support.apple.com/HT208851",
      "whiteSpace" : false
    }, {
      "id" : "s9-t6",
      "begin" : 617,
      "end" : 618,
      "text" : "|",
      "whiteSpace" : false
    }, {
      "id" : "s9-t7",
      "begin" : 621,
      "end" : 663,
      "text" : "CONFIRM:https://support.apple.com/HT208852",
      "whiteSpace" : false
    }, {
      "id" : "s9-t8",
      "begin" : 666,
      "end" : 667,
      "text" : "|",
      "whiteSpace" : false
    }, {
      "id" : "s9-t9",
      "begin" : 670,
      "end" : 712,
      "text" : "CONFIRM:https://support.apple.com/HT208853",
      "whiteSpace" : false
    }, {
      "id" : "s9-t10",
      "begin" : 715,
      "end" : 716,
      "text" : "|",
      "whiteSpace" : false
    }, {
      "id" : "s9-t11",
      "begin" : 719,
      "end" : 761,
      "text" : "CONFIRM:https://support.apple.com/HT208854",
      "whiteSpace" : false
    }, {
      "id" : "s9-t12",
      "begin" : 764,
      "end" : 765,
      "text" : "|",
      "whiteSpace" : false
    }, {
      "id" : "s9-t13",
      "begin" : 768,
      "end" : 789,
      "text" : "GENTOO:GLSA-201808-04",
      "whiteSpace" : false
    }, {
      "id" : "s9-t14",
      "begin" : 792,
      "end" : 793,
      "text" : "|",
      "whiteSpace" : false
    }, {
      "id" : "s9-t15",
      "begin" : 796,
      "end" : 842,
      "text" : "URL:https://security.gentoo.org/glsa/201808-04",
      "whiteSpace" : false
    }, {
      "id" : "s9-t16",
      "begin" : 845,
      "end" : 846,
      "text" : "|",
      "whiteSpace" : false
    }, {
      "id" : "s9-t17",
      "begin" : 849,
      "end" : 857,
      "text" : "SECTRACK",
      "whiteSpace" : false
    }, {
      "id" : "s9-t18",
      "begin" : 857,
      "end" : 858,
      "text" : ":",
      "whiteSpace" : false
    }, {
      "id" : "s9-t19",
      "begin" : 858,
      "end" : 865,
      "text" : "1041029",
      "whiteSpace" : false
    }, {
      "id" : "s9-t20",
      "begin" : 868,
      "end" : 869,
      "text" : "|",
      "whiteSpace" : false
    }, {
      "id" : "s9-t21",
      "begin" : 872,
      "end" : 910,
      "text" : "URL:http://www.securitytracker.com/id/",
      "whiteSpace" : false
    }, {
      "id" : "s9-t22",
      "begin" : 910,
      "end" : 917,
      "text" : "1041029",
      "whiteSpace" : false
    } ]
  } ],
  "mentions" : [ ],
  "relations" : [ ],
  "corefs" : [ ],
  "typeResolved" : true,
  "userResolved" : false
}