{
  "id" : "5ca6f540-e5bf-11e8-bc3f-812dc60f5413-1567",
  "name" : "CVE-2018-5206",
  "createdDate" : 0,
  "version" : 3,
  "text" : "CVE-2018-5206 | When the channel topic is set without specifying a sender, Irssi before 1.0.6 may dereference a NULL pointer. | CONFIRM:https://irssi.org/security/irssi_sa_2018_01.txt   |   DEBIAN:DSA-4162   |   URL:https://www.debian.org/security/2018/dsa-4162",
  "docLength" : 0,
  "language" : "EN",
  "status" : "READY",
  "modifiedDate" : 1541947069127,
  "documentSet" : [ ],
  "preannotation" : [ ],
  "sentences" : [ {
    "id" : "s0",
    "begin" : 0,
    "end" : 125,
    "text" : "CVE-2018-5206 | When the channel topic is set without specifying a sender, Irssi before 1.0.6 may dereference a NULL pointer.",
    "tokens" : [ {
      "id" : "s0-t0",
      "begin" : 0,
      "end" : 13,
      "text" : "CVE-2018-5206",
      "whiteSpace" : false
    }, {
      "id" : "s0-t1",
      "begin" : 14,
      "end" : 15,
      "text" : "|",
      "whiteSpace" : false
    }, {
      "id" : "s0-t2",
      "begin" : 16,
      "end" : 20,
      "text" : "When",
      "whiteSpace" : false
    }, {
      "id" : "s0-t3",
      "begin" : 21,
      "end" : 24,
      "text" : "the",
      "whiteSpace" : false
    }, {
      "id" : "s0-t4",
      "begin" : 25,
      "end" : 32,
      "text" : "channel",
      "whiteSpace" : false
    }, {
      "id" : "s0-t5",
      "begin" : 33,
      "end" : 38,
      "text" : "topic",
      "whiteSpace" : false
    }, {
      "id" : "s0-t6",
      "begin" : 39,
      "end" : 41,
      "text" : "is",
      "whiteSpace" : false
    }, {
      "id" : "s0-t7",
      "begin" : 42,
      "end" : 45,
      "text" : "set",
      "whiteSpace" : false
    }, {
      "id" : "s0-t8",
      "begin" : 46,
      "end" : 53,
      "text" : "without",
      "whiteSpace" : false
    }, {
      "id" : "s0-t9",
      "begin" : 54,
      "end" : 64,
      "text" : "specifying",
      "whiteSpace" : false
    }, {
      "id" : "s0-t10",
      "begin" : 65,
      "end" : 66,
      "text" : "a",
      "whiteSpace" : false
    }, {
      "id" : "s0-t11",
      "begin" : 67,
      "end" : 73,
      "text" : "sender",
      "whiteSpace" : false
    }, {
      "id" : "s0-t12",
      "begin" : 73,
      "end" : 74,
      "text" : ",",
      "whiteSpace" : false
    }, {
      "id" : "s0-t13",
      "begin" : 75,
      "end" : 80,
      "text" : "Irssi",
      "whiteSpace" : false
    }, {
      "id" : "s0-t14",
      "begin" : 81,
      "end" : 87,
      "text" : "before",
      "whiteSpace" : false
    }, {
      "id" : "s0-t15",
      "begin" : 88,
      "end" : 93,
      "text" : "1.0.6",
      "whiteSpace" : false
    }, {
      "id" : "s0-t16",
      "begin" : 94,
      "end" : 97,
      "text" : "may",
      "whiteSpace" : false
    }, {
      "id" : "s0-t17",
      "begin" : 98,
      "end" : 109,
      "text" : "dereference",
      "whiteSpace" : false
    }, {
      "id" : "s0-t18",
      "begin" : 110,
      "end" : 111,
      "text" : "a",
      "whiteSpace" : false
    }, {
      "id" : "s0-t19",
      "begin" : 112,
      "end" : 116,
      "text" : "NULL",
      "whiteSpace" : false
    }, {
      "id" : "s0-t20",
      "begin" : 117,
      "end" : 124,
      "text" : "pointer",
      "whiteSpace" : false
    }, {
      "id" : "s0-t21",
      "begin" : 124,
      "end" : 125,
      "text" : ".",
      "whiteSpace" : false
    } ]
  }, {
    "id" : "s1",
    "begin" : 126,
    "end" : 261,
    "text" : "| CONFIRM:https://irssi.org/security/irssi_sa_2018_01.txt   |   DEBIAN:DSA-4162   |   URL:https://www.debian.org/security/2018/dsa-4162",
    "tokens" : [ {
      "id" : "s1-t0",
      "begin" : 126,
      "end" : 127,
      "text" : "|",
      "whiteSpace" : false
    }, {
      "id" : "s1-t1",
      "begin" : 128,
      "end" : 183,
      "text" : "CONFIRM:https://irssi.org/security/irssi_sa_2018_01.txt",
      "whiteSpace" : false
    }, {
      "id" : "s1-t2",
      "begin" : 186,
      "end" : 187,
      "text" : "|",
      "whiteSpace" : false
    }, {
      "id" : "s1-t3",
      "begin" : 190,
      "end" : 196,
      "text" : "DEBIAN",
      "whiteSpace" : false
    }, {
      "id" : "s1-t4",
      "begin" : 196,
      "end" : 197,
      "text" : ":",
      "whiteSpace" : false
    }, {
      "id" : "s1-t5",
      "begin" : 197,
      "end" : 205,
      "text" : "DSA-4162",
      "whiteSpace" : false
    }, {
      "id" : "s1-t6",
      "begin" : 208,
      "end" : 209,
      "text" : "|",
      "whiteSpace" : false
    }, {
      "id" : "s1-t7",
      "begin" : 212,
      "end" : 261,
      "text" : "URL:https://www.debian.org/security/2018/dsa-4162",
      "whiteSpace" : false
    } ]
  } ],
  "mentions" : [ ],
  "relations" : [ ],
  "corefs" : [ ],
  "typeResolved" : true,
  "userResolved" : false
}