{
  "id" : "5ca6f540-e5bf-11e8-bc3f-812dc60f5413-1995",
  "name" : "CVE-2018-4140",
  "createdDate" : 0,
  "version" : 3,
  "text" : "CVE-2018-4140 | An issue was discovered in certain Apple products. iOS before 11.3 is affected. The issue involves the \"Telephony\" component. It allows remote attackers to cause a denial of service (NULL pointer dereference and reboot) via a Class 0 SMS message. | CONFIRM:https://support.apple.com/HT208693   |   BID:103578   |   URL:http://www.securityfocus.com/bid/103578   |   SECTRACK:1040604   |   URL:http://www.securitytracker.com/id/1040604",
  "docLength" : 0,
  "language" : "EN",
  "status" : "READY",
  "modifiedDate" : 1541947069127,
  "documentSet" : [ ],
  "preannotation" : [ ],
  "sentences" : [ {
    "id" : "s0",
    "begin" : 0,
    "end" : 66,
    "text" : "CVE-2018-4140 | An issue was discovered in certain Apple products.",
    "tokens" : [ {
      "id" : "s0-t0",
      "begin" : 0,
      "end" : 13,
      "text" : "CVE-2018-4140",
      "whiteSpace" : false
    }, {
      "id" : "s0-t1",
      "begin" : 14,
      "end" : 15,
      "text" : "|",
      "whiteSpace" : false
    }, {
      "id" : "s0-t2",
      "begin" : 16,
      "end" : 18,
      "text" : "An",
      "whiteSpace" : false
    }, {
      "id" : "s0-t3",
      "begin" : 19,
      "end" : 24,
      "text" : "issue",
      "whiteSpace" : false
    }, {
      "id" : "s0-t4",
      "begin" : 25,
      "end" : 28,
      "text" : "was",
      "whiteSpace" : false
    }, {
      "id" : "s0-t5",
      "begin" : 29,
      "end" : 39,
      "text" : "discovered",
      "whiteSpace" : false
    }, {
      "id" : "s0-t6",
      "begin" : 40,
      "end" : 42,
      "text" : "in",
      "whiteSpace" : false
    }, {
      "id" : "s0-t7",
      "begin" : 43,
      "end" : 50,
      "text" : "certain",
      "whiteSpace" : false
    }, {
      "id" : "s0-t8",
      "begin" : 51,
      "end" : 56,
      "text" : "Apple",
      "whiteSpace" : false
    }, {
      "id" : "s0-t9",
      "begin" : 57,
      "end" : 65,
      "text" : "products",
      "whiteSpace" : false
    }, {
      "id" : "s0-t10",
      "begin" : 65,
      "end" : 66,
      "text" : ".",
      "whiteSpace" : false
    } ]
  }, {
    "id" : "s1",
    "begin" : 67,
    "end" : 95,
    "text" : "iOS before 11.3 is affected.",
    "tokens" : [ {
      "id" : "s1-t0",
      "begin" : 67,
      "end" : 70,
      "text" : "iOS",
      "whiteSpace" : false
    }, {
      "id" : "s1-t1",
      "begin" : 71,
      "end" : 77,
      "text" : "before",
      "whiteSpace" : false
    }, {
      "id" : "s1-t2",
      "begin" : 78,
      "end" : 82,
      "text" : "11.3",
      "whiteSpace" : false
    }, {
      "id" : "s1-t3",
      "begin" : 83,
      "end" : 85,
      "text" : "is",
      "whiteSpace" : false
    }, {
      "id" : "s1-t4",
      "begin" : 86,
      "end" : 94,
      "text" : "affected",
      "whiteSpace" : false
    }, {
      "id" : "s1-t5",
      "begin" : 94,
      "end" : 95,
      "text" : ".",
      "whiteSpace" : false
    } ]
  }, {
    "id" : "s2",
    "begin" : 96,
    "end" : 141,
    "text" : "The issue involves the \"Telephony\" component.",
    "tokens" : [ {
      "id" : "s2-t0",
      "begin" : 96,
      "end" : 99,
      "text" : "The",
      "whiteSpace" : false
    }, {
      "id" : "s2-t1",
      "begin" : 100,
      "end" : 105,
      "text" : "issue",
      "whiteSpace" : false
    }, {
      "id" : "s2-t2",
      "begin" : 106,
      "end" : 114,
      "text" : "involves",
      "whiteSpace" : false
    }, {
      "id" : "s2-t3",
      "begin" : 115,
      "end" : 118,
      "text" : "the",
      "whiteSpace" : false
    }, {
      "id" : "s2-t4",
      "begin" : 119,
      "end" : 120,
      "text" : "\"",
      "whiteSpace" : false
    }, {
      "id" : "s2-t5",
      "begin" : 120,
      "end" : 129,
      "text" : "Telephony",
      "whiteSpace" : false
    }, {
      "id" : "s2-t6",
      "begin" : 129,
      "end" : 130,
      "text" : "\"",
      "whiteSpace" : false
    }, {
      "id" : "s2-t7",
      "begin" : 131,
      "end" : 140,
      "text" : "component",
      "whiteSpace" : false
    }, {
      "id" : "s2-t8",
      "begin" : 140,
      "end" : 141,
      "text" : ".",
      "whiteSpace" : false
    } ]
  }, {
    "id" : "s3",
    "begin" : 142,
    "end" : 262,
    "text" : "It allows remote attackers to cause a denial of service (NULL pointer dereference and reboot) via a Class 0 SMS message.",
    "tokens" : [ {
      "id" : "s3-t0",
      "begin" : 142,
      "end" : 144,
      "text" : "It",
      "whiteSpace" : false
    }, {
      "id" : "s3-t1",
      "begin" : 145,
      "end" : 151,
      "text" : "allows",
      "whiteSpace" : false
    }, {
      "id" : "s3-t2",
      "begin" : 152,
      "end" : 158,
      "text" : "remote",
      "whiteSpace" : false
    }, {
      "id" : "s3-t3",
      "begin" : 159,
      "end" : 168,
      "text" : "attackers",
      "whiteSpace" : false
    }, {
      "id" : "s3-t4",
      "begin" : 169,
      "end" : 171,
      "text" : "to",
      "whiteSpace" : false
    }, {
      "id" : "s3-t5",
      "begin" : 172,
      "end" : 177,
      "text" : "cause",
      "whiteSpace" : false
    }, {
      "id" : "s3-t6",
      "begin" : 178,
      "end" : 179,
      "text" : "a",
      "whiteSpace" : false
    }, {
      "id" : "s3-t7",
      "begin" : 180,
      "end" : 186,
      "text" : "denial",
      "whiteSpace" : false
    }, {
      "id" : "s3-t8",
      "begin" : 187,
      "end" : 189,
      "text" : "of",
      "whiteSpace" : false
    }, {
      "id" : "s3-t9",
      "begin" : 190,
      "end" : 197,
      "text" : "service",
      "whiteSpace" : false
    }, {
      "id" : "s3-t10",
      "begin" : 198,
      "end" : 199,
      "text" : "(",
      "whiteSpace" : false
    }, {
      "id" : "s3-t11",
      "begin" : 199,
      "end" : 203,
      "text" : "NULL",
      "whiteSpace" : false
    }, {
      "id" : "s3-t12",
      "begin" : 204,
      "end" : 211,
      "text" : "pointer",
      "whiteSpace" : false
    }, {
      "id" : "s3-t13",
      "begin" : 212,
      "end" : 223,
      "text" : "dereference",
      "whiteSpace" : false
    }, {
      "id" : "s3-t14",
      "begin" : 224,
      "end" : 227,
      "text" : "and",
      "whiteSpace" : false
    }, {
      "id" : "s3-t15",
      "begin" : 228,
      "end" : 234,
      "text" : "reboot",
      "whiteSpace" : false
    }, {
      "id" : "s3-t16",
      "begin" : 234,
      "end" : 235,
      "text" : ")",
      "whiteSpace" : false
    }, {
      "id" : "s3-t17",
      "begin" : 236,
      "end" : 239,
      "text" : "via",
      "whiteSpace" : false
    }, {
      "id" : "s3-t18",
      "begin" : 240,
      "end" : 241,
      "text" : "a",
      "whiteSpace" : false
    }, {
      "id" : "s3-t19",
      "begin" : 242,
      "end" : 247,
      "text" : "Class",
      "whiteSpace" : false
    }, {
      "id" : "s3-t20",
      "begin" : 248,
      "end" : 249,
      "text" : "0",
      "whiteSpace" : false
    }, {
      "id" : "s3-t21",
      "begin" : 250,
      "end" : 253,
      "text" : "SMS",
      "whiteSpace" : false
    }, {
      "id" : "s3-t22",
      "begin" : 254,
      "end" : 261,
      "text" : "message",
      "whiteSpace" : false
    }, {
      "id" : "s3-t23",
      "begin" : 261,
      "end" : 262,
      "text" : ".",
      "whiteSpace" : false
    } ]
  }, {
    "id" : "s4",
    "begin" : 263,
    "end" : 449,
    "text" : "| CONFIRM:https://support.apple.com/HT208693   |   BID:103578   |   URL:http://www.securityfocus.com/bid/103578   |   SECTRACK:1040604   |   URL:http://www.securitytracker.com/id/1040604",
    "tokens" : [ {
      "id" : "s4-t0",
      "begin" : 263,
      "end" : 264,
      "text" : "|",
      "whiteSpace" : false
    }, {
      "id" : "s4-t1",
      "begin" : 265,
      "end" : 307,
      "text" : "CONFIRM:https://support.apple.com/HT208693",
      "whiteSpace" : false
    }, {
      "id" : "s4-t2",
      "begin" : 310,
      "end" : 311,
      "text" : "|",
      "whiteSpace" : false
    }, {
      "id" : "s4-t3",
      "begin" : 314,
      "end" : 317,
      "text" : "BID",
      "whiteSpace" : false
    }, {
      "id" : "s4-t4",
      "begin" : 317,
      "end" : 318,
      "text" : ":",
      "whiteSpace" : false
    }, {
      "id" : "s4-t5",
      "begin" : 318,
      "end" : 324,
      "text" : "103578",
      "whiteSpace" : false
    }, {
      "id" : "s4-t6",
      "begin" : 327,
      "end" : 328,
      "text" : "|",
      "whiteSpace" : false
    }, {
      "id" : "s4-t7",
      "begin" : 331,
      "end" : 368,
      "text" : "URL:http://www.securityfocus.com/bid/",
      "whiteSpace" : false
    }, {
      "id" : "s4-t8",
      "begin" : 368,
      "end" : 374,
      "text" : "103578",
      "whiteSpace" : false
    }, {
      "id" : "s4-t9",
      "begin" : 377,
      "end" : 378,
      "text" : "|",
      "whiteSpace" : false
    }, {
      "id" : "s4-t10",
      "begin" : 381,
      "end" : 389,
      "text" : "SECTRACK",
      "whiteSpace" : false
    }, {
      "id" : "s4-t11",
      "begin" : 389,
      "end" : 390,
      "text" : ":",
      "whiteSpace" : false
    }, {
      "id" : "s4-t12",
      "begin" : 390,
      "end" : 397,
      "text" : "1040604",
      "whiteSpace" : false
    }, {
      "id" : "s4-t13",
      "begin" : 400,
      "end" : 401,
      "text" : "|",
      "whiteSpace" : false
    }, {
      "id" : "s4-t14",
      "begin" : 404,
      "end" : 442,
      "text" : "URL:http://www.securitytracker.com/id/",
      "whiteSpace" : false
    }, {
      "id" : "s4-t15",
      "begin" : 442,
      "end" : 449,
      "text" : "1040604",
      "whiteSpace" : false
    } ]
  } ],
  "mentions" : [ ],
  "relations" : [ ],
  "corefs" : [ ],
  "typeResolved" : true,
  "userResolved" : false
}