{
  "id" : "5ca6f540-e5bf-11e8-bc3f-812dc60f5413-1357",
  "name" : "CVE-2018-5505",
  "createdDate" : 0,
  "version" : 3,
  "text" : "CVE-2018-5505 | On F5 BIG-IP versions 13.1.0 - 13.1.0.3, when ASM and AVR are both provisioned, TMM may restart while processing DNS requests when the virtual server is configured with a DNS profile and the Protocol setting is set to TCP. | CONFIRM:https://support.f5.com/csp/article/K23520761   |   BID:103505   |   URL:http://www.securityfocus.com/bid/103505   |   SECTRACK:1040559   |   URL:http://www.securitytracker.com/id/1040559",
  "docLength" : 0,
  "language" : "EN",
  "status" : "READY",
  "modifiedDate" : 1541947069127,
  "documentSet" : [ ],
  "preannotation" : [ ],
  "sentences" : [ {
    "id" : "s0",
    "begin" : 0,
    "end" : 238,
    "text" : "CVE-2018-5505 | On F5 BIG-IP versions 13.1.0 - 13.1.0.3, when ASM and AVR are both provisioned, TMM may restart while processing DNS requests when the virtual server is configured with a DNS profile and the Protocol setting is set to TCP.",
    "tokens" : [ {
      "id" : "s0-t0",
      "begin" : 0,
      "end" : 13,
      "text" : "CVE-2018-5505",
      "whiteSpace" : false
    }, {
      "id" : "s0-t1",
      "begin" : 14,
      "end" : 15,
      "text" : "|",
      "whiteSpace" : false
    }, {
      "id" : "s0-t2",
      "begin" : 16,
      "end" : 18,
      "text" : "On",
      "whiteSpace" : false
    }, {
      "id" : "s0-t3",
      "begin" : 19,
      "end" : 21,
      "text" : "F5",
      "whiteSpace" : false
    }, {
      "id" : "s0-t4",
      "begin" : 22,
      "end" : 25,
      "text" : "BIG",
      "whiteSpace" : false
    }, {
      "id" : "s0-t5",
      "begin" : 25,
      "end" : 26,
      "text" : "-",
      "whiteSpace" : false
    }, {
      "id" : "s0-t6",
      "begin" : 26,
      "end" : 28,
      "text" : "IP",
      "whiteSpace" : false
    }, {
      "id" : "s0-t7",
      "begin" : 29,
      "end" : 37,
      "text" : "versions",
      "whiteSpace" : false
    }, {
      "id" : "s0-t8",
      "begin" : 38,
      "end" : 44,
      "text" : "13.1.0",
      "whiteSpace" : false
    }, {
      "id" : "s0-t9",
      "begin" : 45,
      "end" : 46,
      "text" : "-",
      "whiteSpace" : false
    }, {
      "id" : "s0-t10",
      "begin" : 47,
      "end" : 55,
      "text" : "13.1.0.3",
      "whiteSpace" : false
    }, {
      "id" : "s0-t11",
      "begin" : 55,
      "end" : 56,
      "text" : ",",
      "whiteSpace" : false
    }, {
      "id" : "s0-t12",
      "begin" : 57,
      "end" : 61,
      "text" : "when",
      "whiteSpace" : false
    }, {
      "id" : "s0-t13",
      "begin" : 62,
      "end" : 65,
      "text" : "ASM",
      "whiteSpace" : false
    }, {
      "id" : "s0-t14",
      "begin" : 66,
      "end" : 69,
      "text" : "and",
      "whiteSpace" : false
    }, {
      "id" : "s0-t15",
      "begin" : 70,
      "end" : 73,
      "text" : "AVR",
      "whiteSpace" : false
    }, {
      "id" : "s0-t16",
      "begin" : 74,
      "end" : 77,
      "text" : "are",
      "whiteSpace" : false
    }, {
      "id" : "s0-t17",
      "begin" : 78,
      "end" : 82,
      "text" : "both",
      "whiteSpace" : false
    }, {
      "id" : "s0-t18",
      "begin" : 83,
      "end" : 94,
      "text" : "provisioned",
      "whiteSpace" : false
    }, {
      "id" : "s0-t19",
      "begin" : 94,
      "end" : 95,
      "text" : ",",
      "whiteSpace" : false
    }, {
      "id" : "s0-t20",
      "begin" : 96,
      "end" : 99,
      "text" : "TMM",
      "whiteSpace" : false
    }, {
      "id" : "s0-t21",
      "begin" : 100,
      "end" : 103,
      "text" : "may",
      "whiteSpace" : false
    }, {
      "id" : "s0-t22",
      "begin" : 104,
      "end" : 111,
      "text" : "restart",
      "whiteSpace" : false
    }, {
      "id" : "s0-t23",
      "begin" : 112,
      "end" : 117,
      "text" : "while",
      "whiteSpace" : false
    }, {
      "id" : "s0-t24",
      "begin" : 118,
      "end" : 128,
      "text" : "processing",
      "whiteSpace" : false
    }, {
      "id" : "s0-t25",
      "begin" : 129,
      "end" : 132,
      "text" : "DNS",
      "whiteSpace" : false
    }, {
      "id" : "s0-t26",
      "begin" : 133,
      "end" : 141,
      "text" : "requests",
      "whiteSpace" : false
    }, {
      "id" : "s0-t27",
      "begin" : 142,
      "end" : 146,
      "text" : "when",
      "whiteSpace" : false
    }, {
      "id" : "s0-t28",
      "begin" : 147,
      "end" : 150,
      "text" : "the",
      "whiteSpace" : false
    }, {
      "id" : "s0-t29",
      "begin" : 151,
      "end" : 158,
      "text" : "virtual",
      "whiteSpace" : false
    }, {
      "id" : "s0-t30",
      "begin" : 159,
      "end" : 165,
      "text" : "server",
      "whiteSpace" : false
    }, {
      "id" : "s0-t31",
      "begin" : 166,
      "end" : 168,
      "text" : "is",
      "whiteSpace" : false
    }, {
      "id" : "s0-t32",
      "begin" : 169,
      "end" : 179,
      "text" : "configured",
      "whiteSpace" : false
    }, {
      "id" : "s0-t33",
      "begin" : 180,
      "end" : 184,
      "text" : "with",
      "whiteSpace" : false
    }, {
      "id" : "s0-t34",
      "begin" : 185,
      "end" : 186,
      "text" : "a",
      "whiteSpace" : false
    }, {
      "id" : "s0-t35",
      "begin" : 187,
      "end" : 190,
      "text" : "DNS",
      "whiteSpace" : false
    }, {
      "id" : "s0-t36",
      "begin" : 191,
      "end" : 198,
      "text" : "profile",
      "whiteSpace" : false
    }, {
      "id" : "s0-t37",
      "begin" : 199,
      "end" : 202,
      "text" : "and",
      "whiteSpace" : false
    }, {
      "id" : "s0-t38",
      "begin" : 203,
      "end" : 206,
      "text" : "the",
      "whiteSpace" : false
    }, {
      "id" : "s0-t39",
      "begin" : 207,
      "end" : 215,
      "text" : "Protocol",
      "whiteSpace" : false
    }, {
      "id" : "s0-t40",
      "begin" : 216,
      "end" : 223,
      "text" : "setting",
      "whiteSpace" : false
    }, {
      "id" : "s0-t41",
      "begin" : 224,
      "end" : 226,
      "text" : "is",
      "whiteSpace" : false
    }, {
      "id" : "s0-t42",
      "begin" : 227,
      "end" : 230,
      "text" : "set",
      "whiteSpace" : false
    }, {
      "id" : "s0-t43",
      "begin" : 231,
      "end" : 233,
      "text" : "to",
      "whiteSpace" : false
    }, {
      "id" : "s0-t44",
      "begin" : 234,
      "end" : 237,
      "text" : "TCP",
      "whiteSpace" : false
    }, {
      "id" : "s0-t45",
      "begin" : 237,
      "end" : 238,
      "text" : ".",
      "whiteSpace" : false
    } ]
  }, {
    "id" : "s1",
    "begin" : 239,
    "end" : 435,
    "text" : "| CONFIRM:https://support.f5.com/csp/article/K23520761   |   BID:103505   |   URL:http://www.securityfocus.com/bid/103505   |   SECTRACK:1040559   |   URL:http://www.securitytracker.com/id/1040559",
    "tokens" : [ {
      "id" : "s1-t0",
      "begin" : 239,
      "end" : 240,
      "text" : "|",
      "whiteSpace" : false
    }, {
      "id" : "s1-t1",
      "begin" : 241,
      "end" : 293,
      "text" : "CONFIRM:https://support.f5.com/csp/article/K23520761",
      "whiteSpace" : false
    }, {
      "id" : "s1-t2",
      "begin" : 296,
      "end" : 297,
      "text" : "|",
      "whiteSpace" : false
    }, {
      "id" : "s1-t3",
      "begin" : 300,
      "end" : 303,
      "text" : "BID",
      "whiteSpace" : false
    }, {
      "id" : "s1-t4",
      "begin" : 303,
      "end" : 304,
      "text" : ":",
      "whiteSpace" : false
    }, {
      "id" : "s1-t5",
      "begin" : 304,
      "end" : 310,
      "text" : "103505",
      "whiteSpace" : false
    }, {
      "id" : "s1-t6",
      "begin" : 313,
      "end" : 314,
      "text" : "|",
      "whiteSpace" : false
    }, {
      "id" : "s1-t7",
      "begin" : 317,
      "end" : 354,
      "text" : "URL:http://www.securityfocus.com/bid/",
      "whiteSpace" : false
    }, {
      "id" : "s1-t8",
      "begin" : 354,
      "end" : 360,
      "text" : "103505",
      "whiteSpace" : false
    }, {
      "id" : "s1-t9",
      "begin" : 363,
      "end" : 364,
      "text" : "|",
      "whiteSpace" : false
    }, {
      "id" : "s1-t10",
      "begin" : 367,
      "end" : 375,
      "text" : "SECTRACK",
      "whiteSpace" : false
    }, {
      "id" : "s1-t11",
      "begin" : 375,
      "end" : 376,
      "text" : ":",
      "whiteSpace" : false
    }, {
      "id" : "s1-t12",
      "begin" : 376,
      "end" : 383,
      "text" : "1040559",
      "whiteSpace" : false
    }, {
      "id" : "s1-t13",
      "begin" : 386,
      "end" : 387,
      "text" : "|",
      "whiteSpace" : false
    }, {
      "id" : "s1-t14",
      "begin" : 390,
      "end" : 428,
      "text" : "URL:http://www.securitytracker.com/id/",
      "whiteSpace" : false
    }, {
      "id" : "s1-t15",
      "begin" : 428,
      "end" : 435,
      "text" : "1040559",
      "whiteSpace" : false
    } ]
  } ],
  "mentions" : [ ],
  "relations" : [ ],
  "corefs" : [ ],
  "typeResolved" : true,
  "userResolved" : false
}