{
  "id" : "5ca6f540-e5bf-11e8-bc3f-812dc60f5413-1949",
  "name" : "CVE-2018-4205",
  "createdDate" : 0,
  "version" : 3,
  "text" : "CVE-2018-4205 | An issue was discovered in certain Apple products. Safari before 11.1.1 is affected. The issue involves the \"Safari\" component. It allows remote attackers to spoof the address bar via a crafted web site. | CONFIRM:https://support.apple.com/HT208854   |   BID:104358   |   URL:http://www.securityfocus.com/bid/104358   |   SECTRACK:1041029   |   URL:http://www.securitytracker.com/id/1041029",
  "docLength" : 0,
  "language" : "EN",
  "status" : "READY",
  "modifiedDate" : 1541947069127,
  "documentSet" : [ ],
  "preannotation" : [ ],
  "sentences" : [ {
    "id" : "s0",
    "begin" : 0,
    "end" : 66,
    "text" : "CVE-2018-4205 | An issue was discovered in certain Apple products.",
    "tokens" : [ {
      "id" : "s0-t0",
      "begin" : 0,
      "end" : 13,
      "text" : "CVE-2018-4205",
      "whiteSpace" : false
    }, {
      "id" : "s0-t1",
      "begin" : 14,
      "end" : 15,
      "text" : "|",
      "whiteSpace" : false
    }, {
      "id" : "s0-t2",
      "begin" : 16,
      "end" : 18,
      "text" : "An",
      "whiteSpace" : false
    }, {
      "id" : "s0-t3",
      "begin" : 19,
      "end" : 24,
      "text" : "issue",
      "whiteSpace" : false
    }, {
      "id" : "s0-t4",
      "begin" : 25,
      "end" : 28,
      "text" : "was",
      "whiteSpace" : false
    }, {
      "id" : "s0-t5",
      "begin" : 29,
      "end" : 39,
      "text" : "discovered",
      "whiteSpace" : false
    }, {
      "id" : "s0-t6",
      "begin" : 40,
      "end" : 42,
      "text" : "in",
      "whiteSpace" : false
    }, {
      "id" : "s0-t7",
      "begin" : 43,
      "end" : 50,
      "text" : "certain",
      "whiteSpace" : false
    }, {
      "id" : "s0-t8",
      "begin" : 51,
      "end" : 56,
      "text" : "Apple",
      "whiteSpace" : false
    }, {
      "id" : "s0-t9",
      "begin" : 57,
      "end" : 65,
      "text" : "products",
      "whiteSpace" : false
    }, {
      "id" : "s0-t10",
      "begin" : 65,
      "end" : 66,
      "text" : ".",
      "whiteSpace" : false
    } ]
  }, {
    "id" : "s1",
    "begin" : 67,
    "end" : 100,
    "text" : "Safari before 11.1.1 is affected.",
    "tokens" : [ {
      "id" : "s1-t0",
      "begin" : 67,
      "end" : 73,
      "text" : "Safari",
      "whiteSpace" : false
    }, {
      "id" : "s1-t1",
      "begin" : 74,
      "end" : 80,
      "text" : "before",
      "whiteSpace" : false
    }, {
      "id" : "s1-t2",
      "begin" : 81,
      "end" : 87,
      "text" : "11.1.1",
      "whiteSpace" : false
    }, {
      "id" : "s1-t3",
      "begin" : 88,
      "end" : 90,
      "text" : "is",
      "whiteSpace" : false
    }, {
      "id" : "s1-t4",
      "begin" : 91,
      "end" : 99,
      "text" : "affected",
      "whiteSpace" : false
    }, {
      "id" : "s1-t5",
      "begin" : 99,
      "end" : 100,
      "text" : ".",
      "whiteSpace" : false
    } ]
  }, {
    "id" : "s2",
    "begin" : 101,
    "end" : 143,
    "text" : "The issue involves the \"Safari\" component.",
    "tokens" : [ {
      "id" : "s2-t0",
      "begin" : 101,
      "end" : 104,
      "text" : "The",
      "whiteSpace" : false
    }, {
      "id" : "s2-t1",
      "begin" : 105,
      "end" : 110,
      "text" : "issue",
      "whiteSpace" : false
    }, {
      "id" : "s2-t2",
      "begin" : 111,
      "end" : 119,
      "text" : "involves",
      "whiteSpace" : false
    }, {
      "id" : "s2-t3",
      "begin" : 120,
      "end" : 123,
      "text" : "the",
      "whiteSpace" : false
    }, {
      "id" : "s2-t4",
      "begin" : 124,
      "end" : 125,
      "text" : "\"",
      "whiteSpace" : false
    }, {
      "id" : "s2-t5",
      "begin" : 125,
      "end" : 131,
      "text" : "Safari",
      "whiteSpace" : false
    }, {
      "id" : "s2-t6",
      "begin" : 131,
      "end" : 132,
      "text" : "\"",
      "whiteSpace" : false
    }, {
      "id" : "s2-t7",
      "begin" : 133,
      "end" : 142,
      "text" : "component",
      "whiteSpace" : false
    }, {
      "id" : "s2-t8",
      "begin" : 142,
      "end" : 143,
      "text" : ".",
      "whiteSpace" : false
    } ]
  }, {
    "id" : "s3",
    "begin" : 144,
    "end" : 219,
    "text" : "It allows remote attackers to spoof the address bar via a crafted web site.",
    "tokens" : [ {
      "id" : "s3-t0",
      "begin" : 144,
      "end" : 146,
      "text" : "It",
      "whiteSpace" : false
    }, {
      "id" : "s3-t1",
      "begin" : 147,
      "end" : 153,
      "text" : "allows",
      "whiteSpace" : false
    }, {
      "id" : "s3-t2",
      "begin" : 154,
      "end" : 160,
      "text" : "remote",
      "whiteSpace" : false
    }, {
      "id" : "s3-t3",
      "begin" : 161,
      "end" : 170,
      "text" : "attackers",
      "whiteSpace" : false
    }, {
      "id" : "s3-t4",
      "begin" : 171,
      "end" : 173,
      "text" : "to",
      "whiteSpace" : false
    }, {
      "id" : "s3-t5",
      "begin" : 174,
      "end" : 179,
      "text" : "spoof",
      "whiteSpace" : false
    }, {
      "id" : "s3-t6",
      "begin" : 180,
      "end" : 183,
      "text" : "the",
      "whiteSpace" : false
    }, {
      "id" : "s3-t7",
      "begin" : 184,
      "end" : 191,
      "text" : "address",
      "whiteSpace" : false
    }, {
      "id" : "s3-t8",
      "begin" : 192,
      "end" : 195,
      "text" : "bar",
      "whiteSpace" : false
    }, {
      "id" : "s3-t9",
      "begin" : 196,
      "end" : 199,
      "text" : "via",
      "whiteSpace" : false
    }, {
      "id" : "s3-t10",
      "begin" : 200,
      "end" : 201,
      "text" : "a",
      "whiteSpace" : false
    }, {
      "id" : "s3-t11",
      "begin" : 202,
      "end" : 209,
      "text" : "crafted",
      "whiteSpace" : false
    }, {
      "id" : "s3-t12",
      "begin" : 210,
      "end" : 213,
      "text" : "web",
      "whiteSpace" : false
    }, {
      "id" : "s3-t13",
      "begin" : 214,
      "end" : 218,
      "text" : "site",
      "whiteSpace" : false
    }, {
      "id" : "s3-t14",
      "begin" : 218,
      "end" : 219,
      "text" : ".",
      "whiteSpace" : false
    } ]
  }, {
    "id" : "s4",
    "begin" : 220,
    "end" : 406,
    "text" : "| CONFIRM:https://support.apple.com/HT208854   |   BID:104358   |   URL:http://www.securityfocus.com/bid/104358   |   SECTRACK:1041029   |   URL:http://www.securitytracker.com/id/1041029",
    "tokens" : [ {
      "id" : "s4-t0",
      "begin" : 220,
      "end" : 221,
      "text" : "|",
      "whiteSpace" : false
    }, {
      "id" : "s4-t1",
      "begin" : 222,
      "end" : 264,
      "text" : "CONFIRM:https://support.apple.com/HT208854",
      "whiteSpace" : false
    }, {
      "id" : "s4-t2",
      "begin" : 267,
      "end" : 268,
      "text" : "|",
      "whiteSpace" : false
    }, {
      "id" : "s4-t3",
      "begin" : 271,
      "end" : 274,
      "text" : "BID",
      "whiteSpace" : false
    }, {
      "id" : "s4-t4",
      "begin" : 274,
      "end" : 275,
      "text" : ":",
      "whiteSpace" : false
    }, {
      "id" : "s4-t5",
      "begin" : 275,
      "end" : 281,
      "text" : "104358",
      "whiteSpace" : false
    }, {
      "id" : "s4-t6",
      "begin" : 284,
      "end" : 285,
      "text" : "|",
      "whiteSpace" : false
    }, {
      "id" : "s4-t7",
      "begin" : 288,
      "end" : 325,
      "text" : "URL:http://www.securityfocus.com/bid/",
      "whiteSpace" : false
    }, {
      "id" : "s4-t8",
      "begin" : 325,
      "end" : 331,
      "text" : "104358",
      "whiteSpace" : false
    }, {
      "id" : "s4-t9",
      "begin" : 334,
      "end" : 335,
      "text" : "|",
      "whiteSpace" : false
    }, {
      "id" : "s4-t10",
      "begin" : 338,
      "end" : 346,
      "text" : "SECTRACK",
      "whiteSpace" : false
    }, {
      "id" : "s4-t11",
      "begin" : 346,
      "end" : 347,
      "text" : ":",
      "whiteSpace" : false
    }, {
      "id" : "s4-t12",
      "begin" : 347,
      "end" : 354,
      "text" : "1041029",
      "whiteSpace" : false
    }, {
      "id" : "s4-t13",
      "begin" : 357,
      "end" : 358,
      "text" : "|",
      "whiteSpace" : false
    }, {
      "id" : "s4-t14",
      "begin" : 361,
      "end" : 399,
      "text" : "URL:http://www.securitytracker.com/id/",
      "whiteSpace" : false
    }, {
      "id" : "s4-t15",
      "begin" : 399,
      "end" : 406,
      "text" : "1041029",
      "whiteSpace" : false
    } ]
  } ],
  "mentions" : [ ],
  "relations" : [ ],
  "corefs" : [ ],
  "typeResolved" : true,
  "userResolved" : false
}