{
  "id" : "5ca6f540-e5bf-11e8-bc3f-812dc60f5413-1984",
  "name" : "CVE-2018-4154",
  "createdDate" : 0,
  "version" : 3,
  "text" : "CVE-2018-4154 | An issue was discovered in certain Apple products. iOS before 11.3 is affected. macOS before 10.13.4 is affected. The issue involves the \"Storage\" component. A race condition allows attackers to execute arbitrary code in a privileged context via a crafted app. | CONFIRM:https://support.apple.com/HT208692   |   CONFIRM:https://support.apple.com/HT208693   |   BID:103581   |   URL:http://www.securityfocus.com/bid/103581   |   BID:105273   |   URL:http://www.securityfocus.com/bid/105273   |   SECTRACK:1040604   |   URL:http://www.securitytracker.com/id/1040604   |   SECTRACK:1040608   |   URL:http://www.securitytracker.com/id/1040608",
  "docLength" : 0,
  "language" : "EN",
  "status" : "READY",
  "modifiedDate" : 1541947069127,
  "documentSet" : [ ],
  "preannotation" : [ ],
  "sentences" : [ {
    "id" : "s0",
    "begin" : 0,
    "end" : 66,
    "text" : "CVE-2018-4154 | An issue was discovered in certain Apple products.",
    "tokens" : [ {
      "id" : "s0-t0",
      "begin" : 0,
      "end" : 13,
      "text" : "CVE-2018-4154",
      "whiteSpace" : false
    }, {
      "id" : "s0-t1",
      "begin" : 14,
      "end" : 15,
      "text" : "|",
      "whiteSpace" : false
    }, {
      "id" : "s0-t2",
      "begin" : 16,
      "end" : 18,
      "text" : "An",
      "whiteSpace" : false
    }, {
      "id" : "s0-t3",
      "begin" : 19,
      "end" : 24,
      "text" : "issue",
      "whiteSpace" : false
    }, {
      "id" : "s0-t4",
      "begin" : 25,
      "end" : 28,
      "text" : "was",
      "whiteSpace" : false
    }, {
      "id" : "s0-t5",
      "begin" : 29,
      "end" : 39,
      "text" : "discovered",
      "whiteSpace" : false
    }, {
      "id" : "s0-t6",
      "begin" : 40,
      "end" : 42,
      "text" : "in",
      "whiteSpace" : false
    }, {
      "id" : "s0-t7",
      "begin" : 43,
      "end" : 50,
      "text" : "certain",
      "whiteSpace" : false
    }, {
      "id" : "s0-t8",
      "begin" : 51,
      "end" : 56,
      "text" : "Apple",
      "whiteSpace" : false
    }, {
      "id" : "s0-t9",
      "begin" : 57,
      "end" : 65,
      "text" : "products",
      "whiteSpace" : false
    }, {
      "id" : "s0-t10",
      "begin" : 65,
      "end" : 66,
      "text" : ".",
      "whiteSpace" : false
    } ]
  }, {
    "id" : "s1",
    "begin" : 67,
    "end" : 95,
    "text" : "iOS before 11.3 is affected.",
    "tokens" : [ {
      "id" : "s1-t0",
      "begin" : 67,
      "end" : 70,
      "text" : "iOS",
      "whiteSpace" : false
    }, {
      "id" : "s1-t1",
      "begin" : 71,
      "end" : 77,
      "text" : "before",
      "whiteSpace" : false
    }, {
      "id" : "s1-t2",
      "begin" : 78,
      "end" : 82,
      "text" : "11.3",
      "whiteSpace" : false
    }, {
      "id" : "s1-t3",
      "begin" : 83,
      "end" : 85,
      "text" : "is",
      "whiteSpace" : false
    }, {
      "id" : "s1-t4",
      "begin" : 86,
      "end" : 94,
      "text" : "affected",
      "whiteSpace" : false
    }, {
      "id" : "s1-t5",
      "begin" : 94,
      "end" : 95,
      "text" : ".",
      "whiteSpace" : false
    } ]
  }, {
    "id" : "s2",
    "begin" : 96,
    "end" : 129,
    "text" : "macOS before 10.13.4 is affected.",
    "tokens" : [ {
      "id" : "s2-t0",
      "begin" : 96,
      "end" : 101,
      "text" : "macOS",
      "whiteSpace" : false
    }, {
      "id" : "s2-t1",
      "begin" : 102,
      "end" : 108,
      "text" : "before",
      "whiteSpace" : false
    }, {
      "id" : "s2-t2",
      "begin" : 109,
      "end" : 116,
      "text" : "10.13.4",
      "whiteSpace" : false
    }, {
      "id" : "s2-t3",
      "begin" : 117,
      "end" : 119,
      "text" : "is",
      "whiteSpace" : false
    }, {
      "id" : "s2-t4",
      "begin" : 120,
      "end" : 128,
      "text" : "affected",
      "whiteSpace" : false
    }, {
      "id" : "s2-t5",
      "begin" : 128,
      "end" : 129,
      "text" : ".",
      "whiteSpace" : false
    } ]
  }, {
    "id" : "s3",
    "begin" : 130,
    "end" : 173,
    "text" : "The issue involves the \"Storage\" component.",
    "tokens" : [ {
      "id" : "s3-t0",
      "begin" : 130,
      "end" : 133,
      "text" : "The",
      "whiteSpace" : false
    }, {
      "id" : "s3-t1",
      "begin" : 134,
      "end" : 139,
      "text" : "issue",
      "whiteSpace" : false
    }, {
      "id" : "s3-t2",
      "begin" : 140,
      "end" : 148,
      "text" : "involves",
      "whiteSpace" : false
    }, {
      "id" : "s3-t3",
      "begin" : 149,
      "end" : 152,
      "text" : "the",
      "whiteSpace" : false
    }, {
      "id" : "s3-t4",
      "begin" : 153,
      "end" : 154,
      "text" : "\"",
      "whiteSpace" : false
    }, {
      "id" : "s3-t5",
      "begin" : 154,
      "end" : 161,
      "text" : "Storage",
      "whiteSpace" : false
    }, {
      "id" : "s3-t6",
      "begin" : 161,
      "end" : 162,
      "text" : "\"",
      "whiteSpace" : false
    }, {
      "id" : "s3-t7",
      "begin" : 163,
      "end" : 172,
      "text" : "component",
      "whiteSpace" : false
    }, {
      "id" : "s3-t8",
      "begin" : 172,
      "end" : 173,
      "text" : ".",
      "whiteSpace" : false
    } ]
  }, {
    "id" : "s4",
    "begin" : 174,
    "end" : 276,
    "text" : "A race condition allows attackers to execute arbitrary code in a privileged context via a crafted app.",
    "tokens" : [ {
      "id" : "s4-t0",
      "begin" : 174,
      "end" : 175,
      "text" : "A",
      "whiteSpace" : false
    }, {
      "id" : "s4-t1",
      "begin" : 176,
      "end" : 180,
      "text" : "race",
      "whiteSpace" : false
    }, {
      "id" : "s4-t2",
      "begin" : 181,
      "end" : 190,
      "text" : "condition",
      "whiteSpace" : false
    }, {
      "id" : "s4-t3",
      "begin" : 191,
      "end" : 197,
      "text" : "allows",
      "whiteSpace" : false
    }, {
      "id" : "s4-t4",
      "begin" : 198,
      "end" : 207,
      "text" : "attackers",
      "whiteSpace" : false
    }, {
      "id" : "s4-t5",
      "begin" : 208,
      "end" : 210,
      "text" : "to",
      "whiteSpace" : false
    }, {
      "id" : "s4-t6",
      "begin" : 211,
      "end" : 218,
      "text" : "execute",
      "whiteSpace" : false
    }, {
      "id" : "s4-t7",
      "begin" : 219,
      "end" : 228,
      "text" : "arbitrary",
      "whiteSpace" : false
    }, {
      "id" : "s4-t8",
      "begin" : 229,
      "end" : 233,
      "text" : "code",
      "whiteSpace" : false
    }, {
      "id" : "s4-t9",
      "begin" : 234,
      "end" : 236,
      "text" : "in",
      "whiteSpace" : false
    }, {
      "id" : "s4-t10",
      "begin" : 237,
      "end" : 238,
      "text" : "a",
      "whiteSpace" : false
    }, {
      "id" : "s4-t11",
      "begin" : 239,
      "end" : 249,
      "text" : "privileged",
      "whiteSpace" : false
    }, {
      "id" : "s4-t12",
      "begin" : 250,
      "end" : 257,
      "text" : "context",
      "whiteSpace" : false
    }, {
      "id" : "s4-t13",
      "begin" : 258,
      "end" : 261,
      "text" : "via",
      "whiteSpace" : false
    }, {
      "id" : "s4-t14",
      "begin" : 262,
      "end" : 263,
      "text" : "a",
      "whiteSpace" : false
    }, {
      "id" : "s4-t15",
      "begin" : 264,
      "end" : 271,
      "text" : "crafted",
      "whiteSpace" : false
    }, {
      "id" : "s4-t16",
      "begin" : 272,
      "end" : 275,
      "text" : "app",
      "whiteSpace" : false
    }, {
      "id" : "s4-t17",
      "begin" : 275,
      "end" : 276,
      "text" : ".",
      "whiteSpace" : false
    } ]
  }, {
    "id" : "s5",
    "begin" : 277,
    "end" : 654,
    "text" : "| CONFIRM:https://support.apple.com/HT208692   |   CONFIRM:https://support.apple.com/HT208693   |   BID:103581   |   URL:http://www.securityfocus.com/bid/103581   |   BID:105273   |   URL:http://www.securityfocus.com/bid/105273   |   SECTRACK:1040604   |   URL:http://www.securitytracker.com/id/1040604   |   SECTRACK:1040608   |   URL:http://www.securitytracker.com/id/1040608",
    "tokens" : [ {
      "id" : "s5-t0",
      "begin" : 277,
      "end" : 278,
      "text" : "|",
      "whiteSpace" : false
    }, {
      "id" : "s5-t1",
      "begin" : 279,
      "end" : 321,
      "text" : "CONFIRM:https://support.apple.com/HT208692",
      "whiteSpace" : false
    }, {
      "id" : "s5-t2",
      "begin" : 324,
      "end" : 325,
      "text" : "|",
      "whiteSpace" : false
    }, {
      "id" : "s5-t3",
      "begin" : 328,
      "end" : 370,
      "text" : "CONFIRM:https://support.apple.com/HT208693",
      "whiteSpace" : false
    }, {
      "id" : "s5-t4",
      "begin" : 373,
      "end" : 374,
      "text" : "|",
      "whiteSpace" : false
    }, {
      "id" : "s5-t5",
      "begin" : 377,
      "end" : 380,
      "text" : "BID",
      "whiteSpace" : false
    }, {
      "id" : "s5-t6",
      "begin" : 380,
      "end" : 381,
      "text" : ":",
      "whiteSpace" : false
    }, {
      "id" : "s5-t7",
      "begin" : 381,
      "end" : 387,
      "text" : "103581",
      "whiteSpace" : false
    }, {
      "id" : "s5-t8",
      "begin" : 390,
      "end" : 391,
      "text" : "|",
      "whiteSpace" : false
    }, {
      "id" : "s5-t9",
      "begin" : 394,
      "end" : 431,
      "text" : "URL:http://www.securityfocus.com/bid/",
      "whiteSpace" : false
    }, {
      "id" : "s5-t10",
      "begin" : 431,
      "end" : 437,
      "text" : "103581",
      "whiteSpace" : false
    }, {
      "id" : "s5-t11",
      "begin" : 440,
      "end" : 441,
      "text" : "|",
      "whiteSpace" : false
    }, {
      "id" : "s5-t12",
      "begin" : 444,
      "end" : 447,
      "text" : "BID",
      "whiteSpace" : false
    }, {
      "id" : "s5-t13",
      "begin" : 447,
      "end" : 448,
      "text" : ":",
      "whiteSpace" : false
    }, {
      "id" : "s5-t14",
      "begin" : 448,
      "end" : 454,
      "text" : "105273",
      "whiteSpace" : false
    }, {
      "id" : "s5-t15",
      "begin" : 457,
      "end" : 458,
      "text" : "|",
      "whiteSpace" : false
    }, {
      "id" : "s5-t16",
      "begin" : 461,
      "end" : 498,
      "text" : "URL:http://www.securityfocus.com/bid/",
      "whiteSpace" : false
    }, {
      "id" : "s5-t17",
      "begin" : 498,
      "end" : 504,
      "text" : "105273",
      "whiteSpace" : false
    }, {
      "id" : "s5-t18",
      "begin" : 507,
      "end" : 508,
      "text" : "|",
      "whiteSpace" : false
    }, {
      "id" : "s5-t19",
      "begin" : 511,
      "end" : 519,
      "text" : "SECTRACK",
      "whiteSpace" : false
    }, {
      "id" : "s5-t20",
      "begin" : 519,
      "end" : 520,
      "text" : ":",
      "whiteSpace" : false
    }, {
      "id" : "s5-t21",
      "begin" : 520,
      "end" : 527,
      "text" : "1040604",
      "whiteSpace" : false
    }, {
      "id" : "s5-t22",
      "begin" : 530,
      "end" : 531,
      "text" : "|",
      "whiteSpace" : false
    }, {
      "id" : "s5-t23",
      "begin" : 534,
      "end" : 572,
      "text" : "URL:http://www.securitytracker.com/id/",
      "whiteSpace" : false
    }, {
      "id" : "s5-t24",
      "begin" : 572,
      "end" : 579,
      "text" : "1040604",
      "whiteSpace" : false
    }, {
      "id" : "s5-t25",
      "begin" : 582,
      "end" : 583,
      "text" : "|",
      "whiteSpace" : false
    }, {
      "id" : "s5-t26",
      "begin" : 586,
      "end" : 594,
      "text" : "SECTRACK",
      "whiteSpace" : false
    }, {
      "id" : "s5-t27",
      "begin" : 594,
      "end" : 595,
      "text" : ":",
      "whiteSpace" : false
    }, {
      "id" : "s5-t28",
      "begin" : 595,
      "end" : 602,
      "text" : "1040608",
      "whiteSpace" : false
    }, {
      "id" : "s5-t29",
      "begin" : 605,
      "end" : 606,
      "text" : "|",
      "whiteSpace" : false
    }, {
      "id" : "s5-t30",
      "begin" : 609,
      "end" : 647,
      "text" : "URL:http://www.securitytracker.com/id/",
      "whiteSpace" : false
    }, {
      "id" : "s5-t31",
      "begin" : 647,
      "end" : 654,
      "text" : "1040608",
      "whiteSpace" : false
    } ]
  } ],
  "mentions" : [ ],
  "relations" : [ ],
  "corefs" : [ ],
  "typeResolved" : true,
  "userResolved" : false
}