{
  "id" : "5ca6f540-e5bf-11e8-bc3f-812dc60f5413-1991",
  "name" : "CVE-2018-4144",
  "createdDate" : 0,
  "version" : 3,
  "text" : "CVE-2018-4144 | An issue was discovered in certain Apple products. iOS before 11.3 is affected. macOS before 10.13.4 is affected. iCloud before 7.4 on Windows is affected. iTunes before 12.7.4 on Windows is affected. tvOS before 11.3 is affected. watchOS before 4.3 is affected. The issue involves the \"Security\" component. A buffer overflow allows attackers to execute arbitrary code in a privileged context via a crafted app. | CONFIRM:https://support.apple.com/HT208692   |   CONFIRM:https://support.apple.com/HT208693   |   CONFIRM:https://support.apple.com/HT208694   |   CONFIRM:https://support.apple.com/HT208696   |   CONFIRM:https://support.apple.com/HT208697   |   CONFIRM:https://support.apple.com/HT208698   |   BID:103582   |   URL:http://www.securityfocus.com/bid/103582   |   SECTRACK:1040604   |   URL:http://www.securitytracker.com/id/1040604   |   SECTRACK:1040608   |   URL:http://www.securitytracker.com/id/1040608",
  "docLength" : 0,
  "language" : "EN",
  "status" : "READY",
  "modifiedDate" : 1541947069127,
  "documentSet" : [ ],
  "preannotation" : [ ],
  "sentences" : [ {
    "id" : "s0",
    "begin" : 0,
    "end" : 66,
    "text" : "CVE-2018-4144 | An issue was discovered in certain Apple products.",
    "tokens" : [ {
      "id" : "s0-t0",
      "begin" : 0,
      "end" : 13,
      "text" : "CVE-2018-4144",
      "whiteSpace" : false
    }, {
      "id" : "s0-t1",
      "begin" : 14,
      "end" : 15,
      "text" : "|",
      "whiteSpace" : false
    }, {
      "id" : "s0-t2",
      "begin" : 16,
      "end" : 18,
      "text" : "An",
      "whiteSpace" : false
    }, {
      "id" : "s0-t3",
      "begin" : 19,
      "end" : 24,
      "text" : "issue",
      "whiteSpace" : false
    }, {
      "id" : "s0-t4",
      "begin" : 25,
      "end" : 28,
      "text" : "was",
      "whiteSpace" : false
    }, {
      "id" : "s0-t5",
      "begin" : 29,
      "end" : 39,
      "text" : "discovered",
      "whiteSpace" : false
    }, {
      "id" : "s0-t6",
      "begin" : 40,
      "end" : 42,
      "text" : "in",
      "whiteSpace" : false
    }, {
      "id" : "s0-t7",
      "begin" : 43,
      "end" : 50,
      "text" : "certain",
      "whiteSpace" : false
    }, {
      "id" : "s0-t8",
      "begin" : 51,
      "end" : 56,
      "text" : "Apple",
      "whiteSpace" : false
    }, {
      "id" : "s0-t9",
      "begin" : 57,
      "end" : 65,
      "text" : "products",
      "whiteSpace" : false
    }, {
      "id" : "s0-t10",
      "begin" : 65,
      "end" : 66,
      "text" : ".",
      "whiteSpace" : false
    } ]
  }, {
    "id" : "s1",
    "begin" : 67,
    "end" : 95,
    "text" : "iOS before 11.3 is affected.",
    "tokens" : [ {
      "id" : "s1-t0",
      "begin" : 67,
      "end" : 70,
      "text" : "iOS",
      "whiteSpace" : false
    }, {
      "id" : "s1-t1",
      "begin" : 71,
      "end" : 77,
      "text" : "before",
      "whiteSpace" : false
    }, {
      "id" : "s1-t2",
      "begin" : 78,
      "end" : 82,
      "text" : "11.3",
      "whiteSpace" : false
    }, {
      "id" : "s1-t3",
      "begin" : 83,
      "end" : 85,
      "text" : "is",
      "whiteSpace" : false
    }, {
      "id" : "s1-t4",
      "begin" : 86,
      "end" : 94,
      "text" : "affected",
      "whiteSpace" : false
    }, {
      "id" : "s1-t5",
      "begin" : 94,
      "end" : 95,
      "text" : ".",
      "whiteSpace" : false
    } ]
  }, {
    "id" : "s2",
    "begin" : 96,
    "end" : 129,
    "text" : "macOS before 10.13.4 is affected.",
    "tokens" : [ {
      "id" : "s2-t0",
      "begin" : 96,
      "end" : 101,
      "text" : "macOS",
      "whiteSpace" : false
    }, {
      "id" : "s2-t1",
      "begin" : 102,
      "end" : 108,
      "text" : "before",
      "whiteSpace" : false
    }, {
      "id" : "s2-t2",
      "begin" : 109,
      "end" : 116,
      "text" : "10.13.4",
      "whiteSpace" : false
    }, {
      "id" : "s2-t3",
      "begin" : 117,
      "end" : 119,
      "text" : "is",
      "whiteSpace" : false
    }, {
      "id" : "s2-t4",
      "begin" : 120,
      "end" : 128,
      "text" : "affected",
      "whiteSpace" : false
    }, {
      "id" : "s2-t5",
      "begin" : 128,
      "end" : 129,
      "text" : ".",
      "whiteSpace" : false
    } ]
  }, {
    "id" : "s3",
    "begin" : 130,
    "end" : 171,
    "text" : "iCloud before 7.4 on Windows is affected.",
    "tokens" : [ {
      "id" : "s3-t0",
      "begin" : 130,
      "end" : 136,
      "text" : "iCloud",
      "whiteSpace" : false
    }, {
      "id" : "s3-t1",
      "begin" : 137,
      "end" : 143,
      "text" : "before",
      "whiteSpace" : false
    }, {
      "id" : "s3-t2",
      "begin" : 144,
      "end" : 147,
      "text" : "7.4",
      "whiteSpace" : false
    }, {
      "id" : "s3-t3",
      "begin" : 148,
      "end" : 150,
      "text" : "on",
      "whiteSpace" : false
    }, {
      "id" : "s3-t4",
      "begin" : 151,
      "end" : 158,
      "text" : "Windows",
      "whiteSpace" : false
    }, {
      "id" : "s3-t5",
      "begin" : 159,
      "end" : 161,
      "text" : "is",
      "whiteSpace" : false
    }, {
      "id" : "s3-t6",
      "begin" : 162,
      "end" : 170,
      "text" : "affected",
      "whiteSpace" : false
    }, {
      "id" : "s3-t7",
      "begin" : 170,
      "end" : 171,
      "text" : ".",
      "whiteSpace" : false
    } ]
  }, {
    "id" : "s4",
    "begin" : 172,
    "end" : 216,
    "text" : "iTunes before 12.7.4 on Windows is affected.",
    "tokens" : [ {
      "id" : "s4-t0",
      "begin" : 172,
      "end" : 178,
      "text" : "iTunes",
      "whiteSpace" : false
    }, {
      "id" : "s4-t1",
      "begin" : 179,
      "end" : 185,
      "text" : "before",
      "whiteSpace" : false
    }, {
      "id" : "s4-t2",
      "begin" : 186,
      "end" : 192,
      "text" : "12.7.4",
      "whiteSpace" : false
    }, {
      "id" : "s4-t3",
      "begin" : 193,
      "end" : 195,
      "text" : "on",
      "whiteSpace" : false
    }, {
      "id" : "s4-t4",
      "begin" : 196,
      "end" : 203,
      "text" : "Windows",
      "whiteSpace" : false
    }, {
      "id" : "s4-t5",
      "begin" : 204,
      "end" : 206,
      "text" : "is",
      "whiteSpace" : false
    }, {
      "id" : "s4-t6",
      "begin" : 207,
      "end" : 215,
      "text" : "affected",
      "whiteSpace" : false
    }, {
      "id" : "s4-t7",
      "begin" : 215,
      "end" : 216,
      "text" : ".",
      "whiteSpace" : false
    } ]
  }, {
    "id" : "s5",
    "begin" : 217,
    "end" : 246,
    "text" : "tvOS before 11.3 is affected.",
    "tokens" : [ {
      "id" : "s5-t0",
      "begin" : 217,
      "end" : 221,
      "text" : "tvOS",
      "whiteSpace" : false
    }, {
      "id" : "s5-t1",
      "begin" : 222,
      "end" : 228,
      "text" : "before",
      "whiteSpace" : false
    }, {
      "id" : "s5-t2",
      "begin" : 229,
      "end" : 233,
      "text" : "11.3",
      "whiteSpace" : false
    }, {
      "id" : "s5-t3",
      "begin" : 234,
      "end" : 236,
      "text" : "is",
      "whiteSpace" : false
    }, {
      "id" : "s5-t4",
      "begin" : 237,
      "end" : 245,
      "text" : "affected",
      "whiteSpace" : false
    }, {
      "id" : "s5-t5",
      "begin" : 245,
      "end" : 246,
      "text" : ".",
      "whiteSpace" : false
    } ]
  }, {
    "id" : "s6",
    "begin" : 247,
    "end" : 278,
    "text" : "watchOS before 4.3 is affected.",
    "tokens" : [ {
      "id" : "s6-t0",
      "begin" : 247,
      "end" : 254,
      "text" : "watchOS",
      "whiteSpace" : false
    }, {
      "id" : "s6-t1",
      "begin" : 255,
      "end" : 261,
      "text" : "before",
      "whiteSpace" : false
    }, {
      "id" : "s6-t2",
      "begin" : 262,
      "end" : 265,
      "text" : "4.3",
      "whiteSpace" : false
    }, {
      "id" : "s6-t3",
      "begin" : 266,
      "end" : 268,
      "text" : "is",
      "whiteSpace" : false
    }, {
      "id" : "s6-t4",
      "begin" : 269,
      "end" : 277,
      "text" : "affected",
      "whiteSpace" : false
    }, {
      "id" : "s6-t5",
      "begin" : 277,
      "end" : 278,
      "text" : ".",
      "whiteSpace" : false
    } ]
  }, {
    "id" : "s7",
    "begin" : 279,
    "end" : 323,
    "text" : "The issue involves the \"Security\" component.",
    "tokens" : [ {
      "id" : "s7-t0",
      "begin" : 279,
      "end" : 282,
      "text" : "The",
      "whiteSpace" : false
    }, {
      "id" : "s7-t1",
      "begin" : 283,
      "end" : 288,
      "text" : "issue",
      "whiteSpace" : false
    }, {
      "id" : "s7-t2",
      "begin" : 289,
      "end" : 297,
      "text" : "involves",
      "whiteSpace" : false
    }, {
      "id" : "s7-t3",
      "begin" : 298,
      "end" : 301,
      "text" : "the",
      "whiteSpace" : false
    }, {
      "id" : "s7-t4",
      "begin" : 302,
      "end" : 303,
      "text" : "\"",
      "whiteSpace" : false
    }, {
      "id" : "s7-t5",
      "begin" : 303,
      "end" : 311,
      "text" : "Security",
      "whiteSpace" : false
    }, {
      "id" : "s7-t6",
      "begin" : 311,
      "end" : 312,
      "text" : "\"",
      "whiteSpace" : false
    }, {
      "id" : "s7-t7",
      "begin" : 313,
      "end" : 322,
      "text" : "component",
      "whiteSpace" : false
    }, {
      "id" : "s7-t8",
      "begin" : 322,
      "end" : 323,
      "text" : ".",
      "whiteSpace" : false
    } ]
  }, {
    "id" : "s8",
    "begin" : 324,
    "end" : 427,
    "text" : "A buffer overflow allows attackers to execute arbitrary code in a privileged context via a crafted app.",
    "tokens" : [ {
      "id" : "s8-t0",
      "begin" : 324,
      "end" : 325,
      "text" : "A",
      "whiteSpace" : false
    }, {
      "id" : "s8-t1",
      "begin" : 326,
      "end" : 332,
      "text" : "buffer",
      "whiteSpace" : false
    }, {
      "id" : "s8-t2",
      "begin" : 333,
      "end" : 341,
      "text" : "overflow",
      "whiteSpace" : false
    }, {
      "id" : "s8-t3",
      "begin" : 342,
      "end" : 348,
      "text" : "allows",
      "whiteSpace" : false
    }, {
      "id" : "s8-t4",
      "begin" : 349,
      "end" : 358,
      "text" : "attackers",
      "whiteSpace" : false
    }, {
      "id" : "s8-t5",
      "begin" : 359,
      "end" : 361,
      "text" : "to",
      "whiteSpace" : false
    }, {
      "id" : "s8-t6",
      "begin" : 362,
      "end" : 369,
      "text" : "execute",
      "whiteSpace" : false
    }, {
      "id" : "s8-t7",
      "begin" : 370,
      "end" : 379,
      "text" : "arbitrary",
      "whiteSpace" : false
    }, {
      "id" : "s8-t8",
      "begin" : 380,
      "end" : 384,
      "text" : "code",
      "whiteSpace" : false
    }, {
      "id" : "s8-t9",
      "begin" : 385,
      "end" : 387,
      "text" : "in",
      "whiteSpace" : false
    }, {
      "id" : "s8-t10",
      "begin" : 388,
      "end" : 389,
      "text" : "a",
      "whiteSpace" : false
    }, {
      "id" : "s8-t11",
      "begin" : 390,
      "end" : 400,
      "text" : "privileged",
      "whiteSpace" : false
    }, {
      "id" : "s8-t12",
      "begin" : 401,
      "end" : 408,
      "text" : "context",
      "whiteSpace" : false
    }, {
      "id" : "s8-t13",
      "begin" : 409,
      "end" : 412,
      "text" : "via",
      "whiteSpace" : false
    }, {
      "id" : "s8-t14",
      "begin" : 413,
      "end" : 414,
      "text" : "a",
      "whiteSpace" : false
    }, {
      "id" : "s8-t15",
      "begin" : 415,
      "end" : 422,
      "text" : "crafted",
      "whiteSpace" : false
    }, {
      "id" : "s8-t16",
      "begin" : 423,
      "end" : 426,
      "text" : "app",
      "whiteSpace" : false
    }, {
      "id" : "s8-t17",
      "begin" : 426,
      "end" : 427,
      "text" : ".",
      "whiteSpace" : false
    } ]
  }, {
    "id" : "s9",
    "begin" : 428,
    "end" : 934,
    "text" : "| CONFIRM:https://support.apple.com/HT208692   |   CONFIRM:https://support.apple.com/HT208693   |   CONFIRM:https://support.apple.com/HT208694   |   CONFIRM:https://support.apple.com/HT208696   |   CONFIRM:https://support.apple.com/HT208697   |   CONFIRM:https://support.apple.com/HT208698   |   BID:103582   |   URL:http://www.securityfocus.com/bid/103582   |   SECTRACK:1040604   |   URL:http://www.securitytracker.com/id/1040604   |   SECTRACK:1040608   |   URL:http://www.securitytracker.com/id/1040608",
    "tokens" : [ {
      "id" : "s9-t0",
      "begin" : 428,
      "end" : 429,
      "text" : "|",
      "whiteSpace" : false
    }, {
      "id" : "s9-t1",
      "begin" : 430,
      "end" : 472,
      "text" : "CONFIRM:https://support.apple.com/HT208692",
      "whiteSpace" : false
    }, {
      "id" : "s9-t2",
      "begin" : 475,
      "end" : 476,
      "text" : "|",
      "whiteSpace" : false
    }, {
      "id" : "s9-t3",
      "begin" : 479,
      "end" : 521,
      "text" : "CONFIRM:https://support.apple.com/HT208693",
      "whiteSpace" : false
    }, {
      "id" : "s9-t4",
      "begin" : 524,
      "end" : 525,
      "text" : "|",
      "whiteSpace" : false
    }, {
      "id" : "s9-t5",
      "begin" : 528,
      "end" : 570,
      "text" : "CONFIRM:https://support.apple.com/HT208694",
      "whiteSpace" : false
    }, {
      "id" : "s9-t6",
      "begin" : 573,
      "end" : 574,
      "text" : "|",
      "whiteSpace" : false
    }, {
      "id" : "s9-t7",
      "begin" : 577,
      "end" : 619,
      "text" : "CONFIRM:https://support.apple.com/HT208696",
      "whiteSpace" : false
    }, {
      "id" : "s9-t8",
      "begin" : 622,
      "end" : 623,
      "text" : "|",
      "whiteSpace" : false
    }, {
      "id" : "s9-t9",
      "begin" : 626,
      "end" : 668,
      "text" : "CONFIRM:https://support.apple.com/HT208697",
      "whiteSpace" : false
    }, {
      "id" : "s9-t10",
      "begin" : 671,
      "end" : 672,
      "text" : "|",
      "whiteSpace" : false
    }, {
      "id" : "s9-t11",
      "begin" : 675,
      "end" : 717,
      "text" : "CONFIRM:https://support.apple.com/HT208698",
      "whiteSpace" : false
    }, {
      "id" : "s9-t12",
      "begin" : 720,
      "end" : 721,
      "text" : "|",
      "whiteSpace" : false
    }, {
      "id" : "s9-t13",
      "begin" : 724,
      "end" : 727,
      "text" : "BID",
      "whiteSpace" : false
    }, {
      "id" : "s9-t14",
      "begin" : 727,
      "end" : 728,
      "text" : ":",
      "whiteSpace" : false
    }, {
      "id" : "s9-t15",
      "begin" : 728,
      "end" : 734,
      "text" : "103582",
      "whiteSpace" : false
    }, {
      "id" : "s9-t16",
      "begin" : 737,
      "end" : 738,
      "text" : "|",
      "whiteSpace" : false
    }, {
      "id" : "s9-t17",
      "begin" : 741,
      "end" : 778,
      "text" : "URL:http://www.securityfocus.com/bid/",
      "whiteSpace" : false
    }, {
      "id" : "s9-t18",
      "begin" : 778,
      "end" : 784,
      "text" : "103582",
      "whiteSpace" : false
    }, {
      "id" : "s9-t19",
      "begin" : 787,
      "end" : 788,
      "text" : "|",
      "whiteSpace" : false
    }, {
      "id" : "s9-t20",
      "begin" : 791,
      "end" : 799,
      "text" : "SECTRACK",
      "whiteSpace" : false
    }, {
      "id" : "s9-t21",
      "begin" : 799,
      "end" : 800,
      "text" : ":",
      "whiteSpace" : false
    }, {
      "id" : "s9-t22",
      "begin" : 800,
      "end" : 807,
      "text" : "1040604",
      "whiteSpace" : false
    }, {
      "id" : "s9-t23",
      "begin" : 810,
      "end" : 811,
      "text" : "|",
      "whiteSpace" : false
    }, {
      "id" : "s9-t24",
      "begin" : 814,
      "end" : 852,
      "text" : "URL:http://www.securitytracker.com/id/",
      "whiteSpace" : false
    }, {
      "id" : "s9-t25",
      "begin" : 852,
      "end" : 859,
      "text" : "1040604",
      "whiteSpace" : false
    }, {
      "id" : "s9-t26",
      "begin" : 862,
      "end" : 863,
      "text" : "|",
      "whiteSpace" : false
    }, {
      "id" : "s9-t27",
      "begin" : 866,
      "end" : 874,
      "text" : "SECTRACK",
      "whiteSpace" : false
    }, {
      "id" : "s9-t28",
      "begin" : 874,
      "end" : 875,
      "text" : ":",
      "whiteSpace" : false
    }, {
      "id" : "s9-t29",
      "begin" : 875,
      "end" : 882,
      "text" : "1040608",
      "whiteSpace" : false
    }, {
      "id" : "s9-t30",
      "begin" : 885,
      "end" : 886,
      "text" : "|",
      "whiteSpace" : false
    }, {
      "id" : "s9-t31",
      "begin" : 889,
      "end" : 927,
      "text" : "URL:http://www.securitytracker.com/id/",
      "whiteSpace" : false
    }, {
      "id" : "s9-t32",
      "begin" : 927,
      "end" : 934,
      "text" : "1040608",
      "whiteSpace" : false
    } ]
  } ],
  "mentions" : [ ],
  "relations" : [ ],
  "corefs" : [ ],
  "typeResolved" : true,
  "userResolved" : false
}