{
  "id" : "5ca6f540-e5bf-11e8-bc3f-812dc60f5413-1390",
  "name" : "CVE-2018-5457",
  "createdDate" : 0,
  "version" : 3,
  "text" : "CVE-2018-5457 | A uncontrolled search path element issue was discovered in Vyaire Medical CareFusion Upgrade Utility used with Windows XP systems, Versions 2.0.2.2 and prior versions. A successful exploit of this vulnerability requires the local user to install a crafted DLL on the target machine. The application loads the DLL and gives the attacker access at the same privilege level as the application. | MISC:https://ics-cert.us-cert.gov/advisories/ICSMA-18-037-01   |   BID:102983   |   URL:http://www.securityfocus.com/bid/102983",
  "docLength" : 0,
  "language" : "EN",
  "status" : "READY",
  "modifiedDate" : 1541947069127,
  "documentSet" : [ ],
  "preannotation" : [ ],
  "sentences" : [ {
    "id" : "s0",
    "begin" : 0,
    "end" : 183,
    "text" : "CVE-2018-5457 | A uncontrolled search path element issue was discovered in Vyaire Medical CareFusion Upgrade Utility used with Windows XP systems, Versions 2.0.2.2 and prior versions.",
    "tokens" : [ {
      "id" : "s0-t0",
      "begin" : 0,
      "end" : 13,
      "text" : "CVE-2018-5457",
      "whiteSpace" : false
    }, {
      "id" : "s0-t1",
      "begin" : 14,
      "end" : 15,
      "text" : "|",
      "whiteSpace" : false
    }, {
      "id" : "s0-t2",
      "begin" : 16,
      "end" : 17,
      "text" : "A",
      "whiteSpace" : false
    }, {
      "id" : "s0-t3",
      "begin" : 18,
      "end" : 30,
      "text" : "uncontrolled",
      "whiteSpace" : false
    }, {
      "id" : "s0-t4",
      "begin" : 31,
      "end" : 37,
      "text" : "search",
      "whiteSpace" : false
    }, {
      "id" : "s0-t5",
      "begin" : 38,
      "end" : 42,
      "text" : "path",
      "whiteSpace" : false
    }, {
      "id" : "s0-t6",
      "begin" : 43,
      "end" : 50,
      "text" : "element",
      "whiteSpace" : false
    }, {
      "id" : "s0-t7",
      "begin" : 51,
      "end" : 56,
      "text" : "issue",
      "whiteSpace" : false
    }, {
      "id" : "s0-t8",
      "begin" : 57,
      "end" : 60,
      "text" : "was",
      "whiteSpace" : false
    }, {
      "id" : "s0-t9",
      "begin" : 61,
      "end" : 71,
      "text" : "discovered",
      "whiteSpace" : false
    }, {
      "id" : "s0-t10",
      "begin" : 72,
      "end" : 74,
      "text" : "in",
      "whiteSpace" : false
    }, {
      "id" : "s0-t11",
      "begin" : 75,
      "end" : 81,
      "text" : "Vyaire",
      "whiteSpace" : false
    }, {
      "id" : "s0-t12",
      "begin" : 82,
      "end" : 89,
      "text" : "Medical",
      "whiteSpace" : false
    }, {
      "id" : "s0-t13",
      "begin" : 90,
      "end" : 100,
      "text" : "CareFusion",
      "whiteSpace" : false
    }, {
      "id" : "s0-t14",
      "begin" : 101,
      "end" : 108,
      "text" : "Upgrade",
      "whiteSpace" : false
    }, {
      "id" : "s0-t15",
      "begin" : 109,
      "end" : 116,
      "text" : "Utility",
      "whiteSpace" : false
    }, {
      "id" : "s0-t16",
      "begin" : 117,
      "end" : 121,
      "text" : "used",
      "whiteSpace" : false
    }, {
      "id" : "s0-t17",
      "begin" : 122,
      "end" : 126,
      "text" : "with",
      "whiteSpace" : false
    }, {
      "id" : "s0-t18",
      "begin" : 127,
      "end" : 134,
      "text" : "Windows",
      "whiteSpace" : false
    }, {
      "id" : "s0-t19",
      "begin" : 135,
      "end" : 137,
      "text" : "XP",
      "whiteSpace" : false
    }, {
      "id" : "s0-t20",
      "begin" : 138,
      "end" : 145,
      "text" : "systems",
      "whiteSpace" : false
    }, {
      "id" : "s0-t21",
      "begin" : 145,
      "end" : 146,
      "text" : ",",
      "whiteSpace" : false
    }, {
      "id" : "s0-t22",
      "begin" : 147,
      "end" : 155,
      "text" : "Versions",
      "whiteSpace" : false
    }, {
      "id" : "s0-t23",
      "begin" : 156,
      "end" : 163,
      "text" : "2.0.2.2",
      "whiteSpace" : false
    }, {
      "id" : "s0-t24",
      "begin" : 164,
      "end" : 167,
      "text" : "and",
      "whiteSpace" : false
    }, {
      "id" : "s0-t25",
      "begin" : 168,
      "end" : 173,
      "text" : "prior",
      "whiteSpace" : false
    }, {
      "id" : "s0-t26",
      "begin" : 174,
      "end" : 182,
      "text" : "versions",
      "whiteSpace" : false
    }, {
      "id" : "s0-t27",
      "begin" : 182,
      "end" : 183,
      "text" : ".",
      "whiteSpace" : false
    } ]
  }, {
    "id" : "s1",
    "begin" : 184,
    "end" : 298,
    "text" : "A successful exploit of this vulnerability requires the local user to install a crafted DLL on the target machine.",
    "tokens" : [ {
      "id" : "s1-t0",
      "begin" : 184,
      "end" : 185,
      "text" : "A",
      "whiteSpace" : false
    }, {
      "id" : "s1-t1",
      "begin" : 186,
      "end" : 196,
      "text" : "successful",
      "whiteSpace" : false
    }, {
      "id" : "s1-t2",
      "begin" : 197,
      "end" : 204,
      "text" : "exploit",
      "whiteSpace" : false
    }, {
      "id" : "s1-t3",
      "begin" : 205,
      "end" : 207,
      "text" : "of",
      "whiteSpace" : false
    }, {
      "id" : "s1-t4",
      "begin" : 208,
      "end" : 212,
      "text" : "this",
      "whiteSpace" : false
    }, {
      "id" : "s1-t5",
      "begin" : 213,
      "end" : 226,
      "text" : "vulnerability",
      "whiteSpace" : false
    }, {
      "id" : "s1-t6",
      "begin" : 227,
      "end" : 235,
      "text" : "requires",
      "whiteSpace" : false
    }, {
      "id" : "s1-t7",
      "begin" : 236,
      "end" : 239,
      "text" : "the",
      "whiteSpace" : false
    }, {
      "id" : "s1-t8",
      "begin" : 240,
      "end" : 245,
      "text" : "local",
      "whiteSpace" : false
    }, {
      "id" : "s1-t9",
      "begin" : 246,
      "end" : 250,
      "text" : "user",
      "whiteSpace" : false
    }, {
      "id" : "s1-t10",
      "begin" : 251,
      "end" : 253,
      "text" : "to",
      "whiteSpace" : false
    }, {
      "id" : "s1-t11",
      "begin" : 254,
      "end" : 261,
      "text" : "install",
      "whiteSpace" : false
    }, {
      "id" : "s1-t12",
      "begin" : 262,
      "end" : 263,
      "text" : "a",
      "whiteSpace" : false
    }, {
      "id" : "s1-t13",
      "begin" : 264,
      "end" : 271,
      "text" : "crafted",
      "whiteSpace" : false
    }, {
      "id" : "s1-t14",
      "begin" : 272,
      "end" : 275,
      "text" : "DLL",
      "whiteSpace" : false
    }, {
      "id" : "s1-t15",
      "begin" : 276,
      "end" : 278,
      "text" : "on",
      "whiteSpace" : false
    }, {
      "id" : "s1-t16",
      "begin" : 279,
      "end" : 282,
      "text" : "the",
      "whiteSpace" : false
    }, {
      "id" : "s1-t17",
      "begin" : 283,
      "end" : 289,
      "text" : "target",
      "whiteSpace" : false
    }, {
      "id" : "s1-t18",
      "begin" : 290,
      "end" : 297,
      "text" : "machine",
      "whiteSpace" : false
    }, {
      "id" : "s1-t19",
      "begin" : 297,
      "end" : 298,
      "text" : ".",
      "whiteSpace" : false
    } ]
  }, {
    "id" : "s2",
    "begin" : 299,
    "end" : 406,
    "text" : "The application loads the DLL and gives the attacker access at the same privilege level as the application.",
    "tokens" : [ {
      "id" : "s2-t0",
      "begin" : 299,
      "end" : 302,
      "text" : "The",
      "whiteSpace" : false
    }, {
      "id" : "s2-t1",
      "begin" : 303,
      "end" : 314,
      "text" : "application",
      "whiteSpace" : false
    }, {
      "id" : "s2-t2",
      "begin" : 315,
      "end" : 320,
      "text" : "loads",
      "whiteSpace" : false
    }, {
      "id" : "s2-t3",
      "begin" : 321,
      "end" : 324,
      "text" : "the",
      "whiteSpace" : false
    }, {
      "id" : "s2-t4",
      "begin" : 325,
      "end" : 328,
      "text" : "DLL",
      "whiteSpace" : false
    }, {
      "id" : "s2-t5",
      "begin" : 329,
      "end" : 332,
      "text" : "and",
      "whiteSpace" : false
    }, {
      "id" : "s2-t6",
      "begin" : 333,
      "end" : 338,
      "text" : "gives",
      "whiteSpace" : false
    }, {
      "id" : "s2-t7",
      "begin" : 339,
      "end" : 342,
      "text" : "the",
      "whiteSpace" : false
    }, {
      "id" : "s2-t8",
      "begin" : 343,
      "end" : 351,
      "text" : "attacker",
      "whiteSpace" : false
    }, {
      "id" : "s2-t9",
      "begin" : 352,
      "end" : 358,
      "text" : "access",
      "whiteSpace" : false
    }, {
      "id" : "s2-t10",
      "begin" : 359,
      "end" : 361,
      "text" : "at",
      "whiteSpace" : false
    }, {
      "id" : "s2-t11",
      "begin" : 362,
      "end" : 365,
      "text" : "the",
      "whiteSpace" : false
    }, {
      "id" : "s2-t12",
      "begin" : 366,
      "end" : 370,
      "text" : "same",
      "whiteSpace" : false
    }, {
      "id" : "s2-t13",
      "begin" : 371,
      "end" : 380,
      "text" : "privilege",
      "whiteSpace" : false
    }, {
      "id" : "s2-t14",
      "begin" : 381,
      "end" : 386,
      "text" : "level",
      "whiteSpace" : false
    }, {
      "id" : "s2-t15",
      "begin" : 387,
      "end" : 389,
      "text" : "as",
      "whiteSpace" : false
    }, {
      "id" : "s2-t16",
      "begin" : 390,
      "end" : 393,
      "text" : "the",
      "whiteSpace" : false
    }, {
      "id" : "s2-t17",
      "begin" : 394,
      "end" : 405,
      "text" : "application",
      "whiteSpace" : false
    }, {
      "id" : "s2-t18",
      "begin" : 405,
      "end" : 406,
      "text" : ".",
      "whiteSpace" : false
    } ]
  }, {
    "id" : "s3",
    "begin" : 407,
    "end" : 536,
    "text" : "| MISC:https://ics-cert.us-cert.gov/advisories/ICSMA-18-037-01   |   BID:102983   |   URL:http://www.securityfocus.com/bid/102983",
    "tokens" : [ {
      "id" : "s3-t0",
      "begin" : 407,
      "end" : 408,
      "text" : "|",
      "whiteSpace" : false
    }, {
      "id" : "s3-t1",
      "begin" : 409,
      "end" : 469,
      "text" : "MISC:https://ics-cert.us-cert.gov/advisories/ICSMA-18-037-01",
      "whiteSpace" : false
    }, {
      "id" : "s3-t2",
      "begin" : 472,
      "end" : 473,
      "text" : "|",
      "whiteSpace" : false
    }, {
      "id" : "s3-t3",
      "begin" : 476,
      "end" : 479,
      "text" : "BID",
      "whiteSpace" : false
    }, {
      "id" : "s3-t4",
      "begin" : 479,
      "end" : 480,
      "text" : ":",
      "whiteSpace" : false
    }, {
      "id" : "s3-t5",
      "begin" : 480,
      "end" : 486,
      "text" : "102983",
      "whiteSpace" : false
    }, {
      "id" : "s3-t6",
      "begin" : 489,
      "end" : 490,
      "text" : "|",
      "whiteSpace" : false
    }, {
      "id" : "s3-t7",
      "begin" : 493,
      "end" : 530,
      "text" : "URL:http://www.securityfocus.com/bid/",
      "whiteSpace" : false
    }, {
      "id" : "s3-t8",
      "begin" : 530,
      "end" : 536,
      "text" : "102983",
      "whiteSpace" : false
    } ]
  } ],
  "mentions" : [ ],
  "relations" : [ ],
  "corefs" : [ ],
  "typeResolved" : true,
  "userResolved" : false
}