{
  "id" : "5ca6f540-e5bf-11e8-bc3f-812dc60f5413-1378",
  "name" : "CVE-2018-5470",
  "createdDate" : 0,
  "version" : 3,
  "text" : "CVE-2018-5470 | Philips IntelliSpace Portal all versions of 8.0.x, and 7.0.x have an unquoted search path or element vulnerability that has been identified, which may allow an authorized local user to execute arbitrary code and escalate their level of privileges. | MISC:https://ics-cert.us-cert.gov/advisories/ICSMA-18-058-02   |   CONFIRM:https://www.usa.philips.com/healthcare/about/customer-support/product-security   |   BID:103182   |   URL:http://www.securityfocus.com/bid/103182",
  "docLength" : 0,
  "language" : "EN",
  "status" : "READY",
  "modifiedDate" : 1541947069127,
  "documentSet" : [ ],
  "preannotation" : [ ],
  "sentences" : [ {
    "id" : "s0",
    "begin" : 0,
    "end" : 263,
    "text" : "CVE-2018-5470 | Philips IntelliSpace Portal all versions of 8.0.x, and 7.0.x have an unquoted search path or element vulnerability that has been identified, which may allow an authorized local user to execute arbitrary code and escalate their level of privileges.",
    "tokens" : [ {
      "id" : "s0-t0",
      "begin" : 0,
      "end" : 13,
      "text" : "CVE-2018-5470",
      "whiteSpace" : false
    }, {
      "id" : "s0-t1",
      "begin" : 14,
      "end" : 15,
      "text" : "|",
      "whiteSpace" : false
    }, {
      "id" : "s0-t2",
      "begin" : 16,
      "end" : 23,
      "text" : "Philips",
      "whiteSpace" : false
    }, {
      "id" : "s0-t3",
      "begin" : 24,
      "end" : 36,
      "text" : "IntelliSpace",
      "whiteSpace" : false
    }, {
      "id" : "s0-t4",
      "begin" : 37,
      "end" : 43,
      "text" : "Portal",
      "whiteSpace" : false
    }, {
      "id" : "s0-t5",
      "begin" : 44,
      "end" : 47,
      "text" : "all",
      "whiteSpace" : false
    }, {
      "id" : "s0-t6",
      "begin" : 48,
      "end" : 56,
      "text" : "versions",
      "whiteSpace" : false
    }, {
      "id" : "s0-t7",
      "begin" : 57,
      "end" : 59,
      "text" : "of",
      "whiteSpace" : false
    }, {
      "id" : "s0-t8",
      "begin" : 60,
      "end" : 65,
      "text" : "8.0.x",
      "whiteSpace" : false
    }, {
      "id" : "s0-t9",
      "begin" : 65,
      "end" : 66,
      "text" : ",",
      "whiteSpace" : false
    }, {
      "id" : "s0-t10",
      "begin" : 67,
      "end" : 70,
      "text" : "and",
      "whiteSpace" : false
    }, {
      "id" : "s0-t11",
      "begin" : 71,
      "end" : 76,
      "text" : "7.0.x",
      "whiteSpace" : false
    }, {
      "id" : "s0-t12",
      "begin" : 77,
      "end" : 81,
      "text" : "have",
      "whiteSpace" : false
    }, {
      "id" : "s0-t13",
      "begin" : 82,
      "end" : 84,
      "text" : "an",
      "whiteSpace" : false
    }, {
      "id" : "s0-t14",
      "begin" : 85,
      "end" : 93,
      "text" : "unquoted",
      "whiteSpace" : false
    }, {
      "id" : "s0-t15",
      "begin" : 94,
      "end" : 100,
      "text" : "search",
      "whiteSpace" : false
    }, {
      "id" : "s0-t16",
      "begin" : 101,
      "end" : 105,
      "text" : "path",
      "whiteSpace" : false
    }, {
      "id" : "s0-t17",
      "begin" : 106,
      "end" : 108,
      "text" : "or",
      "whiteSpace" : false
    }, {
      "id" : "s0-t18",
      "begin" : 109,
      "end" : 116,
      "text" : "element",
      "whiteSpace" : false
    }, {
      "id" : "s0-t19",
      "begin" : 117,
      "end" : 130,
      "text" : "vulnerability",
      "whiteSpace" : false
    }, {
      "id" : "s0-t20",
      "begin" : 131,
      "end" : 135,
      "text" : "that",
      "whiteSpace" : false
    }, {
      "id" : "s0-t21",
      "begin" : 136,
      "end" : 139,
      "text" : "has",
      "whiteSpace" : false
    }, {
      "id" : "s0-t22",
      "begin" : 140,
      "end" : 144,
      "text" : "been",
      "whiteSpace" : false
    }, {
      "id" : "s0-t23",
      "begin" : 145,
      "end" : 155,
      "text" : "identified",
      "whiteSpace" : false
    }, {
      "id" : "s0-t24",
      "begin" : 155,
      "end" : 156,
      "text" : ",",
      "whiteSpace" : false
    }, {
      "id" : "s0-t25",
      "begin" : 157,
      "end" : 162,
      "text" : "which",
      "whiteSpace" : false
    }, {
      "id" : "s0-t26",
      "begin" : 163,
      "end" : 166,
      "text" : "may",
      "whiteSpace" : false
    }, {
      "id" : "s0-t27",
      "begin" : 167,
      "end" : 172,
      "text" : "allow",
      "whiteSpace" : false
    }, {
      "id" : "s0-t28",
      "begin" : 173,
      "end" : 175,
      "text" : "an",
      "whiteSpace" : false
    }, {
      "id" : "s0-t29",
      "begin" : 176,
      "end" : 186,
      "text" : "authorized",
      "whiteSpace" : false
    }, {
      "id" : "s0-t30",
      "begin" : 187,
      "end" : 192,
      "text" : "local",
      "whiteSpace" : false
    }, {
      "id" : "s0-t31",
      "begin" : 193,
      "end" : 197,
      "text" : "user",
      "whiteSpace" : false
    }, {
      "id" : "s0-t32",
      "begin" : 198,
      "end" : 200,
      "text" : "to",
      "whiteSpace" : false
    }, {
      "id" : "s0-t33",
      "begin" : 201,
      "end" : 208,
      "text" : "execute",
      "whiteSpace" : false
    }, {
      "id" : "s0-t34",
      "begin" : 209,
      "end" : 218,
      "text" : "arbitrary",
      "whiteSpace" : false
    }, {
      "id" : "s0-t35",
      "begin" : 219,
      "end" : 223,
      "text" : "code",
      "whiteSpace" : false
    }, {
      "id" : "s0-t36",
      "begin" : 224,
      "end" : 227,
      "text" : "and",
      "whiteSpace" : false
    }, {
      "id" : "s0-t37",
      "begin" : 228,
      "end" : 236,
      "text" : "escalate",
      "whiteSpace" : false
    }, {
      "id" : "s0-t38",
      "begin" : 237,
      "end" : 242,
      "text" : "their",
      "whiteSpace" : false
    }, {
      "id" : "s0-t39",
      "begin" : 243,
      "end" : 248,
      "text" : "level",
      "whiteSpace" : false
    }, {
      "id" : "s0-t40",
      "begin" : 249,
      "end" : 251,
      "text" : "of",
      "whiteSpace" : false
    }, {
      "id" : "s0-t41",
      "begin" : 252,
      "end" : 262,
      "text" : "privileges",
      "whiteSpace" : false
    }, {
      "id" : "s0-t42",
      "begin" : 262,
      "end" : 263,
      "text" : ".",
      "whiteSpace" : false
    } ]
  }, {
    "id" : "s1",
    "begin" : 264,
    "end" : 486,
    "text" : "| MISC:https://ics-cert.us-cert.gov/advisories/ICSMA-18-058-02   |   CONFIRM:https://www.usa.philips.com/healthcare/about/customer-support/product-security   |   BID:103182   |   URL:http://www.securityfocus.com/bid/103182",
    "tokens" : [ {
      "id" : "s1-t0",
      "begin" : 264,
      "end" : 265,
      "text" : "|",
      "whiteSpace" : false
    }, {
      "id" : "s1-t1",
      "begin" : 266,
      "end" : 326,
      "text" : "MISC:https://ics-cert.us-cert.gov/advisories/ICSMA-18-058-02",
      "whiteSpace" : false
    }, {
      "id" : "s1-t2",
      "begin" : 329,
      "end" : 330,
      "text" : "|",
      "whiteSpace" : false
    }, {
      "id" : "s1-t3",
      "begin" : 333,
      "end" : 410,
      "text" : "CONFIRM:https://www.usa.philips.com/healthcare/about/customer-support/product",
      "whiteSpace" : false
    }, {
      "id" : "s1-t4",
      "begin" : 410,
      "end" : 411,
      "text" : "-",
      "whiteSpace" : false
    }, {
      "id" : "s1-t5",
      "begin" : 411,
      "end" : 419,
      "text" : "security",
      "whiteSpace" : false
    }, {
      "id" : "s1-t6",
      "begin" : 422,
      "end" : 423,
      "text" : "|",
      "whiteSpace" : false
    }, {
      "id" : "s1-t7",
      "begin" : 426,
      "end" : 429,
      "text" : "BID",
      "whiteSpace" : false
    }, {
      "id" : "s1-t8",
      "begin" : 429,
      "end" : 430,
      "text" : ":",
      "whiteSpace" : false
    }, {
      "id" : "s1-t9",
      "begin" : 430,
      "end" : 436,
      "text" : "103182",
      "whiteSpace" : false
    }, {
      "id" : "s1-t10",
      "begin" : 439,
      "end" : 440,
      "text" : "|",
      "whiteSpace" : false
    }, {
      "id" : "s1-t11",
      "begin" : 443,
      "end" : 480,
      "text" : "URL:http://www.securityfocus.com/bid/",
      "whiteSpace" : false
    }, {
      "id" : "s1-t12",
      "begin" : 480,
      "end" : 486,
      "text" : "103182",
      "whiteSpace" : false
    } ]
  } ],
  "mentions" : [ ],
  "relations" : [ ],
  "corefs" : [ ],
  "typeResolved" : true,
  "userResolved" : false
}