{
  "id" : "5ca6f540-e5bf-11e8-bc3f-812dc60f5413-377",
  "name" : "CVE-2018-7269",
  "createdDate" : 0,
  "version" : 3,
  "text" : "CVE-2018-7269 | The findByCondition function in framework/db/ActiveRecord.php in Yii 2.x before 2.0.15 allows remote attackers to conduct SQL injection attacks via a findOne() or findAll() call, unless a developer recognizes an undocumented need to sanitize array input. | CONFIRM:http://www.yiiframework.com/news/168/releasing-yii-2-0-15-and-database-extensions-with-security-fixes/",
  "docLength" : 0,
  "language" : "EN",
  "status" : "READY",
  "modifiedDate" : 1541947069127,
  "documentSet" : [ ],
  "preannotation" : [ ],
  "sentences" : [ {
    "id" : "s0",
    "begin" : 0,
    "end" : 270,
    "text" : "CVE-2018-7269 | The findByCondition function in framework/db/ActiveRecord.php in Yii 2.x before 2.0.15 allows remote attackers to conduct SQL injection attacks via a findOne() or findAll() call, unless a developer recognizes an undocumented need to sanitize array input.",
    "tokens" : [ {
      "id" : "s0-t0",
      "begin" : 0,
      "end" : 13,
      "text" : "CVE-2018-7269",
      "whiteSpace" : false
    }, {
      "id" : "s0-t1",
      "begin" : 14,
      "end" : 15,
      "text" : "|",
      "whiteSpace" : false
    }, {
      "id" : "s0-t2",
      "begin" : 16,
      "end" : 19,
      "text" : "The",
      "whiteSpace" : false
    }, {
      "id" : "s0-t3",
      "begin" : 20,
      "end" : 35,
      "text" : "findByCondition",
      "whiteSpace" : false
    }, {
      "id" : "s0-t4",
      "begin" : 36,
      "end" : 44,
      "text" : "function",
      "whiteSpace" : false
    }, {
      "id" : "s0-t5",
      "begin" : 45,
      "end" : 47,
      "text" : "in",
      "whiteSpace" : false
    }, {
      "id" : "s0-t6",
      "begin" : 48,
      "end" : 77,
      "text" : "framework/db/ActiveRecord.php",
      "whiteSpace" : false
    }, {
      "id" : "s0-t7",
      "begin" : 78,
      "end" : 80,
      "text" : "in",
      "whiteSpace" : false
    }, {
      "id" : "s0-t8",
      "begin" : 81,
      "end" : 84,
      "text" : "Yii",
      "whiteSpace" : false
    }, {
      "id" : "s0-t9",
      "begin" : 85,
      "end" : 88,
      "text" : "2.x",
      "whiteSpace" : false
    }, {
      "id" : "s0-t10",
      "begin" : 89,
      "end" : 95,
      "text" : "before",
      "whiteSpace" : false
    }, {
      "id" : "s0-t11",
      "begin" : 96,
      "end" : 102,
      "text" : "2.0.15",
      "whiteSpace" : false
    }, {
      "id" : "s0-t12",
      "begin" : 103,
      "end" : 109,
      "text" : "allows",
      "whiteSpace" : false
    }, {
      "id" : "s0-t13",
      "begin" : 110,
      "end" : 116,
      "text" : "remote",
      "whiteSpace" : false
    }, {
      "id" : "s0-t14",
      "begin" : 117,
      "end" : 126,
      "text" : "attackers",
      "whiteSpace" : false
    }, {
      "id" : "s0-t15",
      "begin" : 127,
      "end" : 129,
      "text" : "to",
      "whiteSpace" : false
    }, {
      "id" : "s0-t16",
      "begin" : 130,
      "end" : 137,
      "text" : "conduct",
      "whiteSpace" : false
    }, {
      "id" : "s0-t17",
      "begin" : 138,
      "end" : 141,
      "text" : "SQL",
      "whiteSpace" : false
    }, {
      "id" : "s0-t18",
      "begin" : 142,
      "end" : 151,
      "text" : "injection",
      "whiteSpace" : false
    }, {
      "id" : "s0-t19",
      "begin" : 152,
      "end" : 159,
      "text" : "attacks",
      "whiteSpace" : false
    }, {
      "id" : "s0-t20",
      "begin" : 160,
      "end" : 163,
      "text" : "via",
      "whiteSpace" : false
    }, {
      "id" : "s0-t21",
      "begin" : 164,
      "end" : 165,
      "text" : "a",
      "whiteSpace" : false
    }, {
      "id" : "s0-t22",
      "begin" : 166,
      "end" : 173,
      "text" : "findOne",
      "whiteSpace" : false
    }, {
      "id" : "s0-t23",
      "begin" : 173,
      "end" : 174,
      "text" : "(",
      "whiteSpace" : false
    }, {
      "id" : "s0-t24",
      "begin" : 174,
      "end" : 175,
      "text" : ")",
      "whiteSpace" : false
    }, {
      "id" : "s0-t25",
      "begin" : 176,
      "end" : 178,
      "text" : "or",
      "whiteSpace" : false
    }, {
      "id" : "s0-t26",
      "begin" : 179,
      "end" : 186,
      "text" : "findAll",
      "whiteSpace" : false
    }, {
      "id" : "s0-t27",
      "begin" : 186,
      "end" : 187,
      "text" : "(",
      "whiteSpace" : false
    }, {
      "id" : "s0-t28",
      "begin" : 187,
      "end" : 188,
      "text" : ")",
      "whiteSpace" : false
    }, {
      "id" : "s0-t29",
      "begin" : 189,
      "end" : 193,
      "text" : "call",
      "whiteSpace" : false
    }, {
      "id" : "s0-t30",
      "begin" : 193,
      "end" : 194,
      "text" : ",",
      "whiteSpace" : false
    }, {
      "id" : "s0-t31",
      "begin" : 195,
      "end" : 201,
      "text" : "unless",
      "whiteSpace" : false
    }, {
      "id" : "s0-t32",
      "begin" : 202,
      "end" : 203,
      "text" : "a",
      "whiteSpace" : false
    }, {
      "id" : "s0-t33",
      "begin" : 204,
      "end" : 213,
      "text" : "developer",
      "whiteSpace" : false
    }, {
      "id" : "s0-t34",
      "begin" : 214,
      "end" : 224,
      "text" : "recognizes",
      "whiteSpace" : false
    }, {
      "id" : "s0-t35",
      "begin" : 225,
      "end" : 227,
      "text" : "an",
      "whiteSpace" : false
    }, {
      "id" : "s0-t36",
      "begin" : 228,
      "end" : 240,
      "text" : "undocumented",
      "whiteSpace" : false
    }, {
      "id" : "s0-t37",
      "begin" : 241,
      "end" : 245,
      "text" : "need",
      "whiteSpace" : false
    }, {
      "id" : "s0-t38",
      "begin" : 246,
      "end" : 248,
      "text" : "to",
      "whiteSpace" : false
    }, {
      "id" : "s0-t39",
      "begin" : 249,
      "end" : 257,
      "text" : "sanitize",
      "whiteSpace" : false
    }, {
      "id" : "s0-t40",
      "begin" : 258,
      "end" : 263,
      "text" : "array",
      "whiteSpace" : false
    }, {
      "id" : "s0-t41",
      "begin" : 264,
      "end" : 269,
      "text" : "input",
      "whiteSpace" : false
    }, {
      "id" : "s0-t42",
      "begin" : 269,
      "end" : 270,
      "text" : ".",
      "whiteSpace" : false
    } ]
  }, {
    "id" : "s1",
    "begin" : 271,
    "end" : 383,
    "text" : "| CONFIRM:http://www.yiiframework.com/news/168/releasing-yii-2-0-15-and-database-extensions-with-security-fixes/",
    "tokens" : [ {
      "id" : "s1-t0",
      "begin" : 271,
      "end" : 272,
      "text" : "|",
      "whiteSpace" : false
    }, {
      "id" : "s1-t1",
      "begin" : 273,
      "end" : 338,
      "text" : "CONFIRM:http://www.yiiframework.com/news/168/releasing-yii-2-0-15",
      "whiteSpace" : false
    }, {
      "id" : "s1-t2",
      "begin" : 338,
      "end" : 339,
      "text" : "-",
      "whiteSpace" : false
    }, {
      "id" : "s1-t3",
      "begin" : 339,
      "end" : 383,
      "text" : "and-database-extensions-with-security-fixes/",
      "whiteSpace" : false
    } ]
  } ],
  "mentions" : [ ],
  "relations" : [ ],
  "corefs" : [ ],
  "typeResolved" : true,
  "userResolved" : false
}