{
  "id" : "5ca6f540-e5bf-11e8-bc3f-812dc60f5413-1947",
  "name" : "CVE-2018-4211",
  "createdDate" : 0,
  "version" : 3,
  "text" : "CVE-2018-4211 | An issue was discovered in certain Apple products. iOS before 11.4 is affected. macOS before 10.13.5 is affected. tvOS before 11.4 is affected. watchOS before 4.3.1 is affected. The issue involves the \"FontParser\" component. It allows remote attackers to execute arbitrary code or cause a denial of service (memory corruption and application crash) via a crafted font file. | CONFIRM:https://support.apple.com/HT208848   |   CONFIRM:https://support.apple.com/HT208849   |   CONFIRM:https://support.apple.com/HT208850   |   CONFIRM:https://support.apple.com/HT208851   |   SECTRACK:1041027   |   URL:http://www.securitytracker.com/id/1041027",
  "docLength" : 0,
  "language" : "EN",
  "status" : "READY",
  "modifiedDate" : 1541947069127,
  "documentSet" : [ ],
  "preannotation" : [ ],
  "sentences" : [ {
    "id" : "s0",
    "begin" : 0,
    "end" : 66,
    "text" : "CVE-2018-4211 | An issue was discovered in certain Apple products.",
    "tokens" : [ {
      "id" : "s0-t0",
      "begin" : 0,
      "end" : 13,
      "text" : "CVE-2018-4211",
      "whiteSpace" : false
    }, {
      "id" : "s0-t1",
      "begin" : 14,
      "end" : 15,
      "text" : "|",
      "whiteSpace" : false
    }, {
      "id" : "s0-t2",
      "begin" : 16,
      "end" : 18,
      "text" : "An",
      "whiteSpace" : false
    }, {
      "id" : "s0-t3",
      "begin" : 19,
      "end" : 24,
      "text" : "issue",
      "whiteSpace" : false
    }, {
      "id" : "s0-t4",
      "begin" : 25,
      "end" : 28,
      "text" : "was",
      "whiteSpace" : false
    }, {
      "id" : "s0-t5",
      "begin" : 29,
      "end" : 39,
      "text" : "discovered",
      "whiteSpace" : false
    }, {
      "id" : "s0-t6",
      "begin" : 40,
      "end" : 42,
      "text" : "in",
      "whiteSpace" : false
    }, {
      "id" : "s0-t7",
      "begin" : 43,
      "end" : 50,
      "text" : "certain",
      "whiteSpace" : false
    }, {
      "id" : "s0-t8",
      "begin" : 51,
      "end" : 56,
      "text" : "Apple",
      "whiteSpace" : false
    }, {
      "id" : "s0-t9",
      "begin" : 57,
      "end" : 65,
      "text" : "products",
      "whiteSpace" : false
    }, {
      "id" : "s0-t10",
      "begin" : 65,
      "end" : 66,
      "text" : ".",
      "whiteSpace" : false
    } ]
  }, {
    "id" : "s1",
    "begin" : 67,
    "end" : 95,
    "text" : "iOS before 11.4 is affected.",
    "tokens" : [ {
      "id" : "s1-t0",
      "begin" : 67,
      "end" : 70,
      "text" : "iOS",
      "whiteSpace" : false
    }, {
      "id" : "s1-t1",
      "begin" : 71,
      "end" : 77,
      "text" : "before",
      "whiteSpace" : false
    }, {
      "id" : "s1-t2",
      "begin" : 78,
      "end" : 82,
      "text" : "11.4",
      "whiteSpace" : false
    }, {
      "id" : "s1-t3",
      "begin" : 83,
      "end" : 85,
      "text" : "is",
      "whiteSpace" : false
    }, {
      "id" : "s1-t4",
      "begin" : 86,
      "end" : 94,
      "text" : "affected",
      "whiteSpace" : false
    }, {
      "id" : "s1-t5",
      "begin" : 94,
      "end" : 95,
      "text" : ".",
      "whiteSpace" : false
    } ]
  }, {
    "id" : "s2",
    "begin" : 96,
    "end" : 129,
    "text" : "macOS before 10.13.5 is affected.",
    "tokens" : [ {
      "id" : "s2-t0",
      "begin" : 96,
      "end" : 101,
      "text" : "macOS",
      "whiteSpace" : false
    }, {
      "id" : "s2-t1",
      "begin" : 102,
      "end" : 108,
      "text" : "before",
      "whiteSpace" : false
    }, {
      "id" : "s2-t2",
      "begin" : 109,
      "end" : 116,
      "text" : "10.13.5",
      "whiteSpace" : false
    }, {
      "id" : "s2-t3",
      "begin" : 117,
      "end" : 119,
      "text" : "is",
      "whiteSpace" : false
    }, {
      "id" : "s2-t4",
      "begin" : 120,
      "end" : 128,
      "text" : "affected",
      "whiteSpace" : false
    }, {
      "id" : "s2-t5",
      "begin" : 128,
      "end" : 129,
      "text" : ".",
      "whiteSpace" : false
    } ]
  }, {
    "id" : "s3",
    "begin" : 130,
    "end" : 159,
    "text" : "tvOS before 11.4 is affected.",
    "tokens" : [ {
      "id" : "s3-t0",
      "begin" : 130,
      "end" : 134,
      "text" : "tvOS",
      "whiteSpace" : false
    }, {
      "id" : "s3-t1",
      "begin" : 135,
      "end" : 141,
      "text" : "before",
      "whiteSpace" : false
    }, {
      "id" : "s3-t2",
      "begin" : 142,
      "end" : 146,
      "text" : "11.4",
      "whiteSpace" : false
    }, {
      "id" : "s3-t3",
      "begin" : 147,
      "end" : 149,
      "text" : "is",
      "whiteSpace" : false
    }, {
      "id" : "s3-t4",
      "begin" : 150,
      "end" : 158,
      "text" : "affected",
      "whiteSpace" : false
    }, {
      "id" : "s3-t5",
      "begin" : 158,
      "end" : 159,
      "text" : ".",
      "whiteSpace" : false
    } ]
  }, {
    "id" : "s4",
    "begin" : 160,
    "end" : 193,
    "text" : "watchOS before 4.3.1 is affected.",
    "tokens" : [ {
      "id" : "s4-t0",
      "begin" : 160,
      "end" : 167,
      "text" : "watchOS",
      "whiteSpace" : false
    }, {
      "id" : "s4-t1",
      "begin" : 168,
      "end" : 174,
      "text" : "before",
      "whiteSpace" : false
    }, {
      "id" : "s4-t2",
      "begin" : 175,
      "end" : 180,
      "text" : "4.3.1",
      "whiteSpace" : false
    }, {
      "id" : "s4-t3",
      "begin" : 181,
      "end" : 183,
      "text" : "is",
      "whiteSpace" : false
    }, {
      "id" : "s4-t4",
      "begin" : 184,
      "end" : 192,
      "text" : "affected",
      "whiteSpace" : false
    }, {
      "id" : "s4-t5",
      "begin" : 192,
      "end" : 193,
      "text" : ".",
      "whiteSpace" : false
    } ]
  }, {
    "id" : "s5",
    "begin" : 194,
    "end" : 240,
    "text" : "The issue involves the \"FontParser\" component.",
    "tokens" : [ {
      "id" : "s5-t0",
      "begin" : 194,
      "end" : 197,
      "text" : "The",
      "whiteSpace" : false
    }, {
      "id" : "s5-t1",
      "begin" : 198,
      "end" : 203,
      "text" : "issue",
      "whiteSpace" : false
    }, {
      "id" : "s5-t2",
      "begin" : 204,
      "end" : 212,
      "text" : "involves",
      "whiteSpace" : false
    }, {
      "id" : "s5-t3",
      "begin" : 213,
      "end" : 216,
      "text" : "the",
      "whiteSpace" : false
    }, {
      "id" : "s5-t4",
      "begin" : 217,
      "end" : 218,
      "text" : "\"",
      "whiteSpace" : false
    }, {
      "id" : "s5-t5",
      "begin" : 218,
      "end" : 228,
      "text" : "FontParser",
      "whiteSpace" : false
    }, {
      "id" : "s5-t6",
      "begin" : 228,
      "end" : 229,
      "text" : "\"",
      "whiteSpace" : false
    }, {
      "id" : "s5-t7",
      "begin" : 230,
      "end" : 239,
      "text" : "component",
      "whiteSpace" : false
    }, {
      "id" : "s5-t8",
      "begin" : 239,
      "end" : 240,
      "text" : ".",
      "whiteSpace" : false
    } ]
  }, {
    "id" : "s6",
    "begin" : 241,
    "end" : 389,
    "text" : "It allows remote attackers to execute arbitrary code or cause a denial of service (memory corruption and application crash) via a crafted font file.",
    "tokens" : [ {
      "id" : "s6-t0",
      "begin" : 241,
      "end" : 243,
      "text" : "It",
      "whiteSpace" : false
    }, {
      "id" : "s6-t1",
      "begin" : 244,
      "end" : 250,
      "text" : "allows",
      "whiteSpace" : false
    }, {
      "id" : "s6-t2",
      "begin" : 251,
      "end" : 257,
      "text" : "remote",
      "whiteSpace" : false
    }, {
      "id" : "s6-t3",
      "begin" : 258,
      "end" : 267,
      "text" : "attackers",
      "whiteSpace" : false
    }, {
      "id" : "s6-t4",
      "begin" : 268,
      "end" : 270,
      "text" : "to",
      "whiteSpace" : false
    }, {
      "id" : "s6-t5",
      "begin" : 271,
      "end" : 278,
      "text" : "execute",
      "whiteSpace" : false
    }, {
      "id" : "s6-t6",
      "begin" : 279,
      "end" : 288,
      "text" : "arbitrary",
      "whiteSpace" : false
    }, {
      "id" : "s6-t7",
      "begin" : 289,
      "end" : 293,
      "text" : "code",
      "whiteSpace" : false
    }, {
      "id" : "s6-t8",
      "begin" : 294,
      "end" : 296,
      "text" : "or",
      "whiteSpace" : false
    }, {
      "id" : "s6-t9",
      "begin" : 297,
      "end" : 302,
      "text" : "cause",
      "whiteSpace" : false
    }, {
      "id" : "s6-t10",
      "begin" : 303,
      "end" : 304,
      "text" : "a",
      "whiteSpace" : false
    }, {
      "id" : "s6-t11",
      "begin" : 305,
      "end" : 311,
      "text" : "denial",
      "whiteSpace" : false
    }, {
      "id" : "s6-t12",
      "begin" : 312,
      "end" : 314,
      "text" : "of",
      "whiteSpace" : false
    }, {
      "id" : "s6-t13",
      "begin" : 315,
      "end" : 322,
      "text" : "service",
      "whiteSpace" : false
    }, {
      "id" : "s6-t14",
      "begin" : 323,
      "end" : 324,
      "text" : "(",
      "whiteSpace" : false
    }, {
      "id" : "s6-t15",
      "begin" : 324,
      "end" : 330,
      "text" : "memory",
      "whiteSpace" : false
    }, {
      "id" : "s6-t16",
      "begin" : 331,
      "end" : 341,
      "text" : "corruption",
      "whiteSpace" : false
    }, {
      "id" : "s6-t17",
      "begin" : 342,
      "end" : 345,
      "text" : "and",
      "whiteSpace" : false
    }, {
      "id" : "s6-t18",
      "begin" : 346,
      "end" : 357,
      "text" : "application",
      "whiteSpace" : false
    }, {
      "id" : "s6-t19",
      "begin" : 358,
      "end" : 363,
      "text" : "crash",
      "whiteSpace" : false
    }, {
      "id" : "s6-t20",
      "begin" : 363,
      "end" : 364,
      "text" : ")",
      "whiteSpace" : false
    }, {
      "id" : "s6-t21",
      "begin" : 365,
      "end" : 368,
      "text" : "via",
      "whiteSpace" : false
    }, {
      "id" : "s6-t22",
      "begin" : 369,
      "end" : 370,
      "text" : "a",
      "whiteSpace" : false
    }, {
      "id" : "s6-t23",
      "begin" : 371,
      "end" : 378,
      "text" : "crafted",
      "whiteSpace" : false
    }, {
      "id" : "s6-t24",
      "begin" : 379,
      "end" : 383,
      "text" : "font",
      "whiteSpace" : false
    }, {
      "id" : "s6-t25",
      "begin" : 384,
      "end" : 388,
      "text" : "file",
      "whiteSpace" : false
    }, {
      "id" : "s6-t26",
      "begin" : 388,
      "end" : 389,
      "text" : ".",
      "whiteSpace" : false
    } ]
  }, {
    "id" : "s7",
    "begin" : 390,
    "end" : 656,
    "text" : "| CONFIRM:https://support.apple.com/HT208848   |   CONFIRM:https://support.apple.com/HT208849   |   CONFIRM:https://support.apple.com/HT208850   |   CONFIRM:https://support.apple.com/HT208851   |   SECTRACK:1041027   |   URL:http://www.securitytracker.com/id/1041027",
    "tokens" : [ {
      "id" : "s7-t0",
      "begin" : 390,
      "end" : 391,
      "text" : "|",
      "whiteSpace" : false
    }, {
      "id" : "s7-t1",
      "begin" : 392,
      "end" : 434,
      "text" : "CONFIRM:https://support.apple.com/HT208848",
      "whiteSpace" : false
    }, {
      "id" : "s7-t2",
      "begin" : 437,
      "end" : 438,
      "text" : "|",
      "whiteSpace" : false
    }, {
      "id" : "s7-t3",
      "begin" : 441,
      "end" : 483,
      "text" : "CONFIRM:https://support.apple.com/HT208849",
      "whiteSpace" : false
    }, {
      "id" : "s7-t4",
      "begin" : 486,
      "end" : 487,
      "text" : "|",
      "whiteSpace" : false
    }, {
      "id" : "s7-t5",
      "begin" : 490,
      "end" : 532,
      "text" : "CONFIRM:https://support.apple.com/HT208850",
      "whiteSpace" : false
    }, {
      "id" : "s7-t6",
      "begin" : 535,
      "end" : 536,
      "text" : "|",
      "whiteSpace" : false
    }, {
      "id" : "s7-t7",
      "begin" : 539,
      "end" : 581,
      "text" : "CONFIRM:https://support.apple.com/HT208851",
      "whiteSpace" : false
    }, {
      "id" : "s7-t8",
      "begin" : 584,
      "end" : 585,
      "text" : "|",
      "whiteSpace" : false
    }, {
      "id" : "s7-t9",
      "begin" : 588,
      "end" : 596,
      "text" : "SECTRACK",
      "whiteSpace" : false
    }, {
      "id" : "s7-t10",
      "begin" : 596,
      "end" : 597,
      "text" : ":",
      "whiteSpace" : false
    }, {
      "id" : "s7-t11",
      "begin" : 597,
      "end" : 604,
      "text" : "1041027",
      "whiteSpace" : false
    }, {
      "id" : "s7-t12",
      "begin" : 607,
      "end" : 608,
      "text" : "|",
      "whiteSpace" : false
    }, {
      "id" : "s7-t13",
      "begin" : 611,
      "end" : 649,
      "text" : "URL:http://www.securitytracker.com/id/",
      "whiteSpace" : false
    }, {
      "id" : "s7-t14",
      "begin" : 649,
      "end" : 656,
      "text" : "1041027",
      "whiteSpace" : false
    } ]
  } ],
  "mentions" : [ ],
  "relations" : [ ],
  "corefs" : [ ],
  "typeResolved" : true,
  "userResolved" : false
}