{
  "id" : "5ca6f540-e5bf-11e8-bc3f-812dc60f5413-1969",
  "name" : "CVE-2018-4170",
  "createdDate" : 0,
  "version" : 3,
  "text" : "CVE-2018-4170 | An issue was discovered in certain Apple products. macOS before 10.13.4 is affected. The issue involves the \"Admin Framework\" component. It allows local users to discover a password by listing a process and its arguments during sysadminctl execution. | CONFIRM:https://support.apple.com/HT208692   |   BID:103582   |   URL:http://www.securityfocus.com/bid/103582   |   SECTRACK:1040608   |   URL:http://www.securitytracker.com/id/1040608",
  "docLength" : 0,
  "language" : "EN",
  "status" : "READY",
  "modifiedDate" : 1541947069127,
  "documentSet" : [ ],
  "preannotation" : [ ],
  "sentences" : [ {
    "id" : "s0",
    "begin" : 0,
    "end" : 66,
    "text" : "CVE-2018-4170 | An issue was discovered in certain Apple products.",
    "tokens" : [ {
      "id" : "s0-t0",
      "begin" : 0,
      "end" : 13,
      "text" : "CVE-2018-4170",
      "whiteSpace" : false
    }, {
      "id" : "s0-t1",
      "begin" : 14,
      "end" : 15,
      "text" : "|",
      "whiteSpace" : false
    }, {
      "id" : "s0-t2",
      "begin" : 16,
      "end" : 18,
      "text" : "An",
      "whiteSpace" : false
    }, {
      "id" : "s0-t3",
      "begin" : 19,
      "end" : 24,
      "text" : "issue",
      "whiteSpace" : false
    }, {
      "id" : "s0-t4",
      "begin" : 25,
      "end" : 28,
      "text" : "was",
      "whiteSpace" : false
    }, {
      "id" : "s0-t5",
      "begin" : 29,
      "end" : 39,
      "text" : "discovered",
      "whiteSpace" : false
    }, {
      "id" : "s0-t6",
      "begin" : 40,
      "end" : 42,
      "text" : "in",
      "whiteSpace" : false
    }, {
      "id" : "s0-t7",
      "begin" : 43,
      "end" : 50,
      "text" : "certain",
      "whiteSpace" : false
    }, {
      "id" : "s0-t8",
      "begin" : 51,
      "end" : 56,
      "text" : "Apple",
      "whiteSpace" : false
    }, {
      "id" : "s0-t9",
      "begin" : 57,
      "end" : 65,
      "text" : "products",
      "whiteSpace" : false
    }, {
      "id" : "s0-t10",
      "begin" : 65,
      "end" : 66,
      "text" : ".",
      "whiteSpace" : false
    } ]
  }, {
    "id" : "s1",
    "begin" : 67,
    "end" : 100,
    "text" : "macOS before 10.13.4 is affected.",
    "tokens" : [ {
      "id" : "s1-t0",
      "begin" : 67,
      "end" : 72,
      "text" : "macOS",
      "whiteSpace" : false
    }, {
      "id" : "s1-t1",
      "begin" : 73,
      "end" : 79,
      "text" : "before",
      "whiteSpace" : false
    }, {
      "id" : "s1-t2",
      "begin" : 80,
      "end" : 87,
      "text" : "10.13.4",
      "whiteSpace" : false
    }, {
      "id" : "s1-t3",
      "begin" : 88,
      "end" : 90,
      "text" : "is",
      "whiteSpace" : false
    }, {
      "id" : "s1-t4",
      "begin" : 91,
      "end" : 99,
      "text" : "affected",
      "whiteSpace" : false
    }, {
      "id" : "s1-t5",
      "begin" : 99,
      "end" : 100,
      "text" : ".",
      "whiteSpace" : false
    } ]
  }, {
    "id" : "s2",
    "begin" : 101,
    "end" : 152,
    "text" : "The issue involves the \"Admin Framework\" component.",
    "tokens" : [ {
      "id" : "s2-t0",
      "begin" : 101,
      "end" : 104,
      "text" : "The",
      "whiteSpace" : false
    }, {
      "id" : "s2-t1",
      "begin" : 105,
      "end" : 110,
      "text" : "issue",
      "whiteSpace" : false
    }, {
      "id" : "s2-t2",
      "begin" : 111,
      "end" : 119,
      "text" : "involves",
      "whiteSpace" : false
    }, {
      "id" : "s2-t3",
      "begin" : 120,
      "end" : 123,
      "text" : "the",
      "whiteSpace" : false
    }, {
      "id" : "s2-t4",
      "begin" : 124,
      "end" : 125,
      "text" : "\"",
      "whiteSpace" : false
    }, {
      "id" : "s2-t5",
      "begin" : 125,
      "end" : 130,
      "text" : "Admin",
      "whiteSpace" : false
    }, {
      "id" : "s2-t6",
      "begin" : 131,
      "end" : 140,
      "text" : "Framework",
      "whiteSpace" : false
    }, {
      "id" : "s2-t7",
      "begin" : 140,
      "end" : 141,
      "text" : "\"",
      "whiteSpace" : false
    }, {
      "id" : "s2-t8",
      "begin" : 142,
      "end" : 151,
      "text" : "component",
      "whiteSpace" : false
    }, {
      "id" : "s2-t9",
      "begin" : 151,
      "end" : 152,
      "text" : ".",
      "whiteSpace" : false
    } ]
  }, {
    "id" : "s3",
    "begin" : 153,
    "end" : 266,
    "text" : "It allows local users to discover a password by listing a process and its arguments during sysadminctl execution.",
    "tokens" : [ {
      "id" : "s3-t0",
      "begin" : 153,
      "end" : 155,
      "text" : "It",
      "whiteSpace" : false
    }, {
      "id" : "s3-t1",
      "begin" : 156,
      "end" : 162,
      "text" : "allows",
      "whiteSpace" : false
    }, {
      "id" : "s3-t2",
      "begin" : 163,
      "end" : 168,
      "text" : "local",
      "whiteSpace" : false
    }, {
      "id" : "s3-t3",
      "begin" : 169,
      "end" : 174,
      "text" : "users",
      "whiteSpace" : false
    }, {
      "id" : "s3-t4",
      "begin" : 175,
      "end" : 177,
      "text" : "to",
      "whiteSpace" : false
    }, {
      "id" : "s3-t5",
      "begin" : 178,
      "end" : 186,
      "text" : "discover",
      "whiteSpace" : false
    }, {
      "id" : "s3-t6",
      "begin" : 187,
      "end" : 188,
      "text" : "a",
      "whiteSpace" : false
    }, {
      "id" : "s3-t7",
      "begin" : 189,
      "end" : 197,
      "text" : "password",
      "whiteSpace" : false
    }, {
      "id" : "s3-t8",
      "begin" : 198,
      "end" : 200,
      "text" : "by",
      "whiteSpace" : false
    }, {
      "id" : "s3-t9",
      "begin" : 201,
      "end" : 208,
      "text" : "listing",
      "whiteSpace" : false
    }, {
      "id" : "s3-t10",
      "begin" : 209,
      "end" : 210,
      "text" : "a",
      "whiteSpace" : false
    }, {
      "id" : "s3-t11",
      "begin" : 211,
      "end" : 218,
      "text" : "process",
      "whiteSpace" : false
    }, {
      "id" : "s3-t12",
      "begin" : 219,
      "end" : 222,
      "text" : "and",
      "whiteSpace" : false
    }, {
      "id" : "s3-t13",
      "begin" : 223,
      "end" : 226,
      "text" : "its",
      "whiteSpace" : false
    }, {
      "id" : "s3-t14",
      "begin" : 227,
      "end" : 236,
      "text" : "arguments",
      "whiteSpace" : false
    }, {
      "id" : "s3-t15",
      "begin" : 237,
      "end" : 243,
      "text" : "during",
      "whiteSpace" : false
    }, {
      "id" : "s3-t16",
      "begin" : 244,
      "end" : 255,
      "text" : "sysadminctl",
      "whiteSpace" : false
    }, {
      "id" : "s3-t17",
      "begin" : 256,
      "end" : 265,
      "text" : "execution",
      "whiteSpace" : false
    }, {
      "id" : "s3-t18",
      "begin" : 265,
      "end" : 266,
      "text" : ".",
      "whiteSpace" : false
    } ]
  }, {
    "id" : "s4",
    "begin" : 267,
    "end" : 453,
    "text" : "| CONFIRM:https://support.apple.com/HT208692   |   BID:103582   |   URL:http://www.securityfocus.com/bid/103582   |   SECTRACK:1040608   |   URL:http://www.securitytracker.com/id/1040608",
    "tokens" : [ {
      "id" : "s4-t0",
      "begin" : 267,
      "end" : 268,
      "text" : "|",
      "whiteSpace" : false
    }, {
      "id" : "s4-t1",
      "begin" : 269,
      "end" : 311,
      "text" : "CONFIRM:https://support.apple.com/HT208692",
      "whiteSpace" : false
    }, {
      "id" : "s4-t2",
      "begin" : 314,
      "end" : 315,
      "text" : "|",
      "whiteSpace" : false
    }, {
      "id" : "s4-t3",
      "begin" : 318,
      "end" : 321,
      "text" : "BID",
      "whiteSpace" : false
    }, {
      "id" : "s4-t4",
      "begin" : 321,
      "end" : 322,
      "text" : ":",
      "whiteSpace" : false
    }, {
      "id" : "s4-t5",
      "begin" : 322,
      "end" : 328,
      "text" : "103582",
      "whiteSpace" : false
    }, {
      "id" : "s4-t6",
      "begin" : 331,
      "end" : 332,
      "text" : "|",
      "whiteSpace" : false
    }, {
      "id" : "s4-t7",
      "begin" : 335,
      "end" : 372,
      "text" : "URL:http://www.securityfocus.com/bid/",
      "whiteSpace" : false
    }, {
      "id" : "s4-t8",
      "begin" : 372,
      "end" : 378,
      "text" : "103582",
      "whiteSpace" : false
    }, {
      "id" : "s4-t9",
      "begin" : 381,
      "end" : 382,
      "text" : "|",
      "whiteSpace" : false
    }, {
      "id" : "s4-t10",
      "begin" : 385,
      "end" : 393,
      "text" : "SECTRACK",
      "whiteSpace" : false
    }, {
      "id" : "s4-t11",
      "begin" : 393,
      "end" : 394,
      "text" : ":",
      "whiteSpace" : false
    }, {
      "id" : "s4-t12",
      "begin" : 394,
      "end" : 401,
      "text" : "1040608",
      "whiteSpace" : false
    }, {
      "id" : "s4-t13",
      "begin" : 404,
      "end" : 405,
      "text" : "|",
      "whiteSpace" : false
    }, {
      "id" : "s4-t14",
      "begin" : 408,
      "end" : 446,
      "text" : "URL:http://www.securitytracker.com/id/",
      "whiteSpace" : false
    }, {
      "id" : "s4-t15",
      "begin" : 446,
      "end" : 453,
      "text" : "1040608",
      "whiteSpace" : false
    } ]
  } ],
  "mentions" : [ ],
  "relations" : [ ],
  "corefs" : [ ],
  "typeResolved" : true,
  "userResolved" : false
}