{
  "id" : "5ca6f540-e5bf-11e8-bc3f-812dc60f5413-1386",
  "name" : "CVE-2018-5462",
  "createdDate" : 0,
  "version" : 3,
  "text" : "CVE-2018-5462 | Philips IntelliSpace Portal all versions of 8.0.x, and 7.0.x have an SSL incorrect hostname certificate vulnerability this could allow an attacker to gain unauthorized access to resources and information. | MISC:https://ics-cert.us-cert.gov/advisories/ICSMA-18-058-02   |   CONFIRM:https://www.usa.philips.com/healthcare/about/customer-support/product-security   |   BID:103182   |   URL:http://www.securityfocus.com/bid/103182",
  "docLength" : 0,
  "language" : "EN",
  "status" : "READY",
  "modifiedDate" : 1541947069127,
  "documentSet" : [ ],
  "preannotation" : [ ],
  "sentences" : [ {
    "id" : "s0",
    "begin" : 0,
    "end" : 220,
    "text" : "CVE-2018-5462 | Philips IntelliSpace Portal all versions of 8.0.x, and 7.0.x have an SSL incorrect hostname certificate vulnerability this could allow an attacker to gain unauthorized access to resources and information.",
    "tokens" : [ {
      "id" : "s0-t0",
      "begin" : 0,
      "end" : 13,
      "text" : "CVE-2018-5462",
      "whiteSpace" : false
    }, {
      "id" : "s0-t1",
      "begin" : 14,
      "end" : 15,
      "text" : "|",
      "whiteSpace" : false
    }, {
      "id" : "s0-t2",
      "begin" : 16,
      "end" : 23,
      "text" : "Philips",
      "whiteSpace" : false
    }, {
      "id" : "s0-t3",
      "begin" : 24,
      "end" : 36,
      "text" : "IntelliSpace",
      "whiteSpace" : false
    }, {
      "id" : "s0-t4",
      "begin" : 37,
      "end" : 43,
      "text" : "Portal",
      "whiteSpace" : false
    }, {
      "id" : "s0-t5",
      "begin" : 44,
      "end" : 47,
      "text" : "all",
      "whiteSpace" : false
    }, {
      "id" : "s0-t6",
      "begin" : 48,
      "end" : 56,
      "text" : "versions",
      "whiteSpace" : false
    }, {
      "id" : "s0-t7",
      "begin" : 57,
      "end" : 59,
      "text" : "of",
      "whiteSpace" : false
    }, {
      "id" : "s0-t8",
      "begin" : 60,
      "end" : 65,
      "text" : "8.0.x",
      "whiteSpace" : false
    }, {
      "id" : "s0-t9",
      "begin" : 65,
      "end" : 66,
      "text" : ",",
      "whiteSpace" : false
    }, {
      "id" : "s0-t10",
      "begin" : 67,
      "end" : 70,
      "text" : "and",
      "whiteSpace" : false
    }, {
      "id" : "s0-t11",
      "begin" : 71,
      "end" : 76,
      "text" : "7.0.x",
      "whiteSpace" : false
    }, {
      "id" : "s0-t12",
      "begin" : 77,
      "end" : 81,
      "text" : "have",
      "whiteSpace" : false
    }, {
      "id" : "s0-t13",
      "begin" : 82,
      "end" : 84,
      "text" : "an",
      "whiteSpace" : false
    }, {
      "id" : "s0-t14",
      "begin" : 85,
      "end" : 88,
      "text" : "SSL",
      "whiteSpace" : false
    }, {
      "id" : "s0-t15",
      "begin" : 89,
      "end" : 98,
      "text" : "incorrect",
      "whiteSpace" : false
    }, {
      "id" : "s0-t16",
      "begin" : 99,
      "end" : 107,
      "text" : "hostname",
      "whiteSpace" : false
    }, {
      "id" : "s0-t17",
      "begin" : 108,
      "end" : 119,
      "text" : "certificate",
      "whiteSpace" : false
    }, {
      "id" : "s0-t18",
      "begin" : 120,
      "end" : 133,
      "text" : "vulnerability",
      "whiteSpace" : false
    }, {
      "id" : "s0-t19",
      "begin" : 134,
      "end" : 138,
      "text" : "this",
      "whiteSpace" : false
    }, {
      "id" : "s0-t20",
      "begin" : 139,
      "end" : 144,
      "text" : "could",
      "whiteSpace" : false
    }, {
      "id" : "s0-t21",
      "begin" : 145,
      "end" : 150,
      "text" : "allow",
      "whiteSpace" : false
    }, {
      "id" : "s0-t22",
      "begin" : 151,
      "end" : 153,
      "text" : "an",
      "whiteSpace" : false
    }, {
      "id" : "s0-t23",
      "begin" : 154,
      "end" : 162,
      "text" : "attacker",
      "whiteSpace" : false
    }, {
      "id" : "s0-t24",
      "begin" : 163,
      "end" : 165,
      "text" : "to",
      "whiteSpace" : false
    }, {
      "id" : "s0-t25",
      "begin" : 166,
      "end" : 170,
      "text" : "gain",
      "whiteSpace" : false
    }, {
      "id" : "s0-t26",
      "begin" : 171,
      "end" : 183,
      "text" : "unauthorized",
      "whiteSpace" : false
    }, {
      "id" : "s0-t27",
      "begin" : 184,
      "end" : 190,
      "text" : "access",
      "whiteSpace" : false
    }, {
      "id" : "s0-t28",
      "begin" : 191,
      "end" : 193,
      "text" : "to",
      "whiteSpace" : false
    }, {
      "id" : "s0-t29",
      "begin" : 194,
      "end" : 203,
      "text" : "resources",
      "whiteSpace" : false
    }, {
      "id" : "s0-t30",
      "begin" : 204,
      "end" : 207,
      "text" : "and",
      "whiteSpace" : false
    }, {
      "id" : "s0-t31",
      "begin" : 208,
      "end" : 219,
      "text" : "information",
      "whiteSpace" : false
    }, {
      "id" : "s0-t32",
      "begin" : 219,
      "end" : 220,
      "text" : ".",
      "whiteSpace" : false
    } ]
  }, {
    "id" : "s1",
    "begin" : 221,
    "end" : 443,
    "text" : "| MISC:https://ics-cert.us-cert.gov/advisories/ICSMA-18-058-02   |   CONFIRM:https://www.usa.philips.com/healthcare/about/customer-support/product-security   |   BID:103182   |   URL:http://www.securityfocus.com/bid/103182",
    "tokens" : [ {
      "id" : "s1-t0",
      "begin" : 221,
      "end" : 222,
      "text" : "|",
      "whiteSpace" : false
    }, {
      "id" : "s1-t1",
      "begin" : 223,
      "end" : 283,
      "text" : "MISC:https://ics-cert.us-cert.gov/advisories/ICSMA-18-058-02",
      "whiteSpace" : false
    }, {
      "id" : "s1-t2",
      "begin" : 286,
      "end" : 287,
      "text" : "|",
      "whiteSpace" : false
    }, {
      "id" : "s1-t3",
      "begin" : 290,
      "end" : 367,
      "text" : "CONFIRM:https://www.usa.philips.com/healthcare/about/customer-support/product",
      "whiteSpace" : false
    }, {
      "id" : "s1-t4",
      "begin" : 367,
      "end" : 368,
      "text" : "-",
      "whiteSpace" : false
    }, {
      "id" : "s1-t5",
      "begin" : 368,
      "end" : 376,
      "text" : "security",
      "whiteSpace" : false
    }, {
      "id" : "s1-t6",
      "begin" : 379,
      "end" : 380,
      "text" : "|",
      "whiteSpace" : false
    }, {
      "id" : "s1-t7",
      "begin" : 383,
      "end" : 386,
      "text" : "BID",
      "whiteSpace" : false
    }, {
      "id" : "s1-t8",
      "begin" : 386,
      "end" : 387,
      "text" : ":",
      "whiteSpace" : false
    }, {
      "id" : "s1-t9",
      "begin" : 387,
      "end" : 393,
      "text" : "103182",
      "whiteSpace" : false
    }, {
      "id" : "s1-t10",
      "begin" : 396,
      "end" : 397,
      "text" : "|",
      "whiteSpace" : false
    }, {
      "id" : "s1-t11",
      "begin" : 400,
      "end" : 437,
      "text" : "URL:http://www.securityfocus.com/bid/",
      "whiteSpace" : false
    }, {
      "id" : "s1-t12",
      "begin" : 437,
      "end" : 443,
      "text" : "103182",
      "whiteSpace" : false
    } ]
  } ],
  "mentions" : [ ],
  "relations" : [ ],
  "corefs" : [ ],
  "typeResolved" : true,
  "userResolved" : false
}