{
  "id" : "5ca6f540-e5bf-11e8-bc3f-812dc60f5413-1975",
  "name" : "CVE-2018-4163",
  "createdDate" : 0,
  "version" : 3,
  "text" : "CVE-2018-4163 | An issue was discovered in certain Apple products. iOS before 11.3 is affected. Safari before 11.1 is affected. iCloud before 7.4 on Windows is affected. iTunes before 12.7.4 on Windows is affected. tvOS before 11.3 is affected. watchOS before 4.3 is affected. The issue involves the \"WebKit\" component. It allows remote attackers to execute arbitrary code or cause a denial of service (memory corruption and application crash) via a crafted web site. | CONFIRM:https://support.apple.com/HT208693   |   CONFIRM:https://support.apple.com/HT208694   |   CONFIRM:https://support.apple.com/HT208695   |   CONFIRM:https://support.apple.com/HT208696   |   CONFIRM:https://support.apple.com/HT208697   |   CONFIRM:https://support.apple.com/HT208698   |   GENTOO:GLSA-201808-04   |   URL:https://security.gentoo.org/glsa/201808-04   |   UBUNTU:USN-3635-1   |   URL:https://usn.ubuntu.com/3635-1/   |   SECTRACK:1040604   |   URL:http://www.securitytracker.com/id/1040604",
  "docLength" : 0,
  "language" : "EN",
  "status" : "READY",
  "modifiedDate" : 1541947069127,
  "documentSet" : [ ],
  "preannotation" : [ ],
  "sentences" : [ {
    "id" : "s0",
    "begin" : 0,
    "end" : 66,
    "text" : "CVE-2018-4163 | An issue was discovered in certain Apple products.",
    "tokens" : [ {
      "id" : "s0-t0",
      "begin" : 0,
      "end" : 13,
      "text" : "CVE-2018-4163",
      "whiteSpace" : false
    }, {
      "id" : "s0-t1",
      "begin" : 14,
      "end" : 15,
      "text" : "|",
      "whiteSpace" : false
    }, {
      "id" : "s0-t2",
      "begin" : 16,
      "end" : 18,
      "text" : "An",
      "whiteSpace" : false
    }, {
      "id" : "s0-t3",
      "begin" : 19,
      "end" : 24,
      "text" : "issue",
      "whiteSpace" : false
    }, {
      "id" : "s0-t4",
      "begin" : 25,
      "end" : 28,
      "text" : "was",
      "whiteSpace" : false
    }, {
      "id" : "s0-t5",
      "begin" : 29,
      "end" : 39,
      "text" : "discovered",
      "whiteSpace" : false
    }, {
      "id" : "s0-t6",
      "begin" : 40,
      "end" : 42,
      "text" : "in",
      "whiteSpace" : false
    }, {
      "id" : "s0-t7",
      "begin" : 43,
      "end" : 50,
      "text" : "certain",
      "whiteSpace" : false
    }, {
      "id" : "s0-t8",
      "begin" : 51,
      "end" : 56,
      "text" : "Apple",
      "whiteSpace" : false
    }, {
      "id" : "s0-t9",
      "begin" : 57,
      "end" : 65,
      "text" : "products",
      "whiteSpace" : false
    }, {
      "id" : "s0-t10",
      "begin" : 65,
      "end" : 66,
      "text" : ".",
      "whiteSpace" : false
    } ]
  }, {
    "id" : "s1",
    "begin" : 67,
    "end" : 95,
    "text" : "iOS before 11.3 is affected.",
    "tokens" : [ {
      "id" : "s1-t0",
      "begin" : 67,
      "end" : 70,
      "text" : "iOS",
      "whiteSpace" : false
    }, {
      "id" : "s1-t1",
      "begin" : 71,
      "end" : 77,
      "text" : "before",
      "whiteSpace" : false
    }, {
      "id" : "s1-t2",
      "begin" : 78,
      "end" : 82,
      "text" : "11.3",
      "whiteSpace" : false
    }, {
      "id" : "s1-t3",
      "begin" : 83,
      "end" : 85,
      "text" : "is",
      "whiteSpace" : false
    }, {
      "id" : "s1-t4",
      "begin" : 86,
      "end" : 94,
      "text" : "affected",
      "whiteSpace" : false
    }, {
      "id" : "s1-t5",
      "begin" : 94,
      "end" : 95,
      "text" : ".",
      "whiteSpace" : false
    } ]
  }, {
    "id" : "s2",
    "begin" : 96,
    "end" : 127,
    "text" : "Safari before 11.1 is affected.",
    "tokens" : [ {
      "id" : "s2-t0",
      "begin" : 96,
      "end" : 102,
      "text" : "Safari",
      "whiteSpace" : false
    }, {
      "id" : "s2-t1",
      "begin" : 103,
      "end" : 109,
      "text" : "before",
      "whiteSpace" : false
    }, {
      "id" : "s2-t2",
      "begin" : 110,
      "end" : 114,
      "text" : "11.1",
      "whiteSpace" : false
    }, {
      "id" : "s2-t3",
      "begin" : 115,
      "end" : 117,
      "text" : "is",
      "whiteSpace" : false
    }, {
      "id" : "s2-t4",
      "begin" : 118,
      "end" : 126,
      "text" : "affected",
      "whiteSpace" : false
    }, {
      "id" : "s2-t5",
      "begin" : 126,
      "end" : 127,
      "text" : ".",
      "whiteSpace" : false
    } ]
  }, {
    "id" : "s3",
    "begin" : 128,
    "end" : 169,
    "text" : "iCloud before 7.4 on Windows is affected.",
    "tokens" : [ {
      "id" : "s3-t0",
      "begin" : 128,
      "end" : 134,
      "text" : "iCloud",
      "whiteSpace" : false
    }, {
      "id" : "s3-t1",
      "begin" : 135,
      "end" : 141,
      "text" : "before",
      "whiteSpace" : false
    }, {
      "id" : "s3-t2",
      "begin" : 142,
      "end" : 145,
      "text" : "7.4",
      "whiteSpace" : false
    }, {
      "id" : "s3-t3",
      "begin" : 146,
      "end" : 148,
      "text" : "on",
      "whiteSpace" : false
    }, {
      "id" : "s3-t4",
      "begin" : 149,
      "end" : 156,
      "text" : "Windows",
      "whiteSpace" : false
    }, {
      "id" : "s3-t5",
      "begin" : 157,
      "end" : 159,
      "text" : "is",
      "whiteSpace" : false
    }, {
      "id" : "s3-t6",
      "begin" : 160,
      "end" : 168,
      "text" : "affected",
      "whiteSpace" : false
    }, {
      "id" : "s3-t7",
      "begin" : 168,
      "end" : 169,
      "text" : ".",
      "whiteSpace" : false
    } ]
  }, {
    "id" : "s4",
    "begin" : 170,
    "end" : 214,
    "text" : "iTunes before 12.7.4 on Windows is affected.",
    "tokens" : [ {
      "id" : "s4-t0",
      "begin" : 170,
      "end" : 176,
      "text" : "iTunes",
      "whiteSpace" : false
    }, {
      "id" : "s4-t1",
      "begin" : 177,
      "end" : 183,
      "text" : "before",
      "whiteSpace" : false
    }, {
      "id" : "s4-t2",
      "begin" : 184,
      "end" : 190,
      "text" : "12.7.4",
      "whiteSpace" : false
    }, {
      "id" : "s4-t3",
      "begin" : 191,
      "end" : 193,
      "text" : "on",
      "whiteSpace" : false
    }, {
      "id" : "s4-t4",
      "begin" : 194,
      "end" : 201,
      "text" : "Windows",
      "whiteSpace" : false
    }, {
      "id" : "s4-t5",
      "begin" : 202,
      "end" : 204,
      "text" : "is",
      "whiteSpace" : false
    }, {
      "id" : "s4-t6",
      "begin" : 205,
      "end" : 213,
      "text" : "affected",
      "whiteSpace" : false
    }, {
      "id" : "s4-t7",
      "begin" : 213,
      "end" : 214,
      "text" : ".",
      "whiteSpace" : false
    } ]
  }, {
    "id" : "s5",
    "begin" : 215,
    "end" : 244,
    "text" : "tvOS before 11.3 is affected.",
    "tokens" : [ {
      "id" : "s5-t0",
      "begin" : 215,
      "end" : 219,
      "text" : "tvOS",
      "whiteSpace" : false
    }, {
      "id" : "s5-t1",
      "begin" : 220,
      "end" : 226,
      "text" : "before",
      "whiteSpace" : false
    }, {
      "id" : "s5-t2",
      "begin" : 227,
      "end" : 231,
      "text" : "11.3",
      "whiteSpace" : false
    }, {
      "id" : "s5-t3",
      "begin" : 232,
      "end" : 234,
      "text" : "is",
      "whiteSpace" : false
    }, {
      "id" : "s5-t4",
      "begin" : 235,
      "end" : 243,
      "text" : "affected",
      "whiteSpace" : false
    }, {
      "id" : "s5-t5",
      "begin" : 243,
      "end" : 244,
      "text" : ".",
      "whiteSpace" : false
    } ]
  }, {
    "id" : "s6",
    "begin" : 245,
    "end" : 276,
    "text" : "watchOS before 4.3 is affected.",
    "tokens" : [ {
      "id" : "s6-t0",
      "begin" : 245,
      "end" : 252,
      "text" : "watchOS",
      "whiteSpace" : false
    }, {
      "id" : "s6-t1",
      "begin" : 253,
      "end" : 259,
      "text" : "before",
      "whiteSpace" : false
    }, {
      "id" : "s6-t2",
      "begin" : 260,
      "end" : 263,
      "text" : "4.3",
      "whiteSpace" : false
    }, {
      "id" : "s6-t3",
      "begin" : 264,
      "end" : 266,
      "text" : "is",
      "whiteSpace" : false
    }, {
      "id" : "s6-t4",
      "begin" : 267,
      "end" : 275,
      "text" : "affected",
      "whiteSpace" : false
    }, {
      "id" : "s6-t5",
      "begin" : 275,
      "end" : 276,
      "text" : ".",
      "whiteSpace" : false
    } ]
  }, {
    "id" : "s7",
    "begin" : 277,
    "end" : 319,
    "text" : "The issue involves the \"WebKit\" component.",
    "tokens" : [ {
      "id" : "s7-t0",
      "begin" : 277,
      "end" : 280,
      "text" : "The",
      "whiteSpace" : false
    }, {
      "id" : "s7-t1",
      "begin" : 281,
      "end" : 286,
      "text" : "issue",
      "whiteSpace" : false
    }, {
      "id" : "s7-t2",
      "begin" : 287,
      "end" : 295,
      "text" : "involves",
      "whiteSpace" : false
    }, {
      "id" : "s7-t3",
      "begin" : 296,
      "end" : 299,
      "text" : "the",
      "whiteSpace" : false
    }, {
      "id" : "s7-t4",
      "begin" : 300,
      "end" : 301,
      "text" : "\"",
      "whiteSpace" : false
    }, {
      "id" : "s7-t5",
      "begin" : 301,
      "end" : 307,
      "text" : "WebKit",
      "whiteSpace" : false
    }, {
      "id" : "s7-t6",
      "begin" : 307,
      "end" : 308,
      "text" : "\"",
      "whiteSpace" : false
    }, {
      "id" : "s7-t7",
      "begin" : 309,
      "end" : 318,
      "text" : "component",
      "whiteSpace" : false
    }, {
      "id" : "s7-t8",
      "begin" : 318,
      "end" : 319,
      "text" : ".",
      "whiteSpace" : false
    } ]
  }, {
    "id" : "s8",
    "begin" : 320,
    "end" : 467,
    "text" : "It allows remote attackers to execute arbitrary code or cause a denial of service (memory corruption and application crash) via a crafted web site.",
    "tokens" : [ {
      "id" : "s8-t0",
      "begin" : 320,
      "end" : 322,
      "text" : "It",
      "whiteSpace" : false
    }, {
      "id" : "s8-t1",
      "begin" : 323,
      "end" : 329,
      "text" : "allows",
      "whiteSpace" : false
    }, {
      "id" : "s8-t2",
      "begin" : 330,
      "end" : 336,
      "text" : "remote",
      "whiteSpace" : false
    }, {
      "id" : "s8-t3",
      "begin" : 337,
      "end" : 346,
      "text" : "attackers",
      "whiteSpace" : false
    }, {
      "id" : "s8-t4",
      "begin" : 347,
      "end" : 349,
      "text" : "to",
      "whiteSpace" : false
    }, {
      "id" : "s8-t5",
      "begin" : 350,
      "end" : 357,
      "text" : "execute",
      "whiteSpace" : false
    }, {
      "id" : "s8-t6",
      "begin" : 358,
      "end" : 367,
      "text" : "arbitrary",
      "whiteSpace" : false
    }, {
      "id" : "s8-t7",
      "begin" : 368,
      "end" : 372,
      "text" : "code",
      "whiteSpace" : false
    }, {
      "id" : "s8-t8",
      "begin" : 373,
      "end" : 375,
      "text" : "or",
      "whiteSpace" : false
    }, {
      "id" : "s8-t9",
      "begin" : 376,
      "end" : 381,
      "text" : "cause",
      "whiteSpace" : false
    }, {
      "id" : "s8-t10",
      "begin" : 382,
      "end" : 383,
      "text" : "a",
      "whiteSpace" : false
    }, {
      "id" : "s8-t11",
      "begin" : 384,
      "end" : 390,
      "text" : "denial",
      "whiteSpace" : false
    }, {
      "id" : "s8-t12",
      "begin" : 391,
      "end" : 393,
      "text" : "of",
      "whiteSpace" : false
    }, {
      "id" : "s8-t13",
      "begin" : 394,
      "end" : 401,
      "text" : "service",
      "whiteSpace" : false
    }, {
      "id" : "s8-t14",
      "begin" : 402,
      "end" : 403,
      "text" : "(",
      "whiteSpace" : false
    }, {
      "id" : "s8-t15",
      "begin" : 403,
      "end" : 409,
      "text" : "memory",
      "whiteSpace" : false
    }, {
      "id" : "s8-t16",
      "begin" : 410,
      "end" : 420,
      "text" : "corruption",
      "whiteSpace" : false
    }, {
      "id" : "s8-t17",
      "begin" : 421,
      "end" : 424,
      "text" : "and",
      "whiteSpace" : false
    }, {
      "id" : "s8-t18",
      "begin" : 425,
      "end" : 436,
      "text" : "application",
      "whiteSpace" : false
    }, {
      "id" : "s8-t19",
      "begin" : 437,
      "end" : 442,
      "text" : "crash",
      "whiteSpace" : false
    }, {
      "id" : "s8-t20",
      "begin" : 442,
      "end" : 443,
      "text" : ")",
      "whiteSpace" : false
    }, {
      "id" : "s8-t21",
      "begin" : 444,
      "end" : 447,
      "text" : "via",
      "whiteSpace" : false
    }, {
      "id" : "s8-t22",
      "begin" : 448,
      "end" : 449,
      "text" : "a",
      "whiteSpace" : false
    }, {
      "id" : "s8-t23",
      "begin" : 450,
      "end" : 457,
      "text" : "crafted",
      "whiteSpace" : false
    }, {
      "id" : "s8-t24",
      "begin" : 458,
      "end" : 461,
      "text" : "web",
      "whiteSpace" : false
    }, {
      "id" : "s8-t25",
      "begin" : 462,
      "end" : 466,
      "text" : "site",
      "whiteSpace" : false
    }, {
      "id" : "s8-t26",
      "begin" : 466,
      "end" : 467,
      "text" : ".",
      "whiteSpace" : false
    } ]
  }, {
    "id" : "s9",
    "begin" : 468,
    "end" : 978,
    "text" : "| CONFIRM:https://support.apple.com/HT208693   |   CONFIRM:https://support.apple.com/HT208694   |   CONFIRM:https://support.apple.com/HT208695   |   CONFIRM:https://support.apple.com/HT208696   |   CONFIRM:https://support.apple.com/HT208697   |   CONFIRM:https://support.apple.com/HT208698   |   GENTOO:GLSA-201808-04   |   URL:https://security.gentoo.org/glsa/201808-04   |   UBUNTU:USN-3635-1   |   URL:https://usn.ubuntu.com/3635-1/   |   SECTRACK:1040604   |   URL:http://www.securitytracker.com/id/1040604",
    "tokens" : [ {
      "id" : "s9-t0",
      "begin" : 468,
      "end" : 469,
      "text" : "|",
      "whiteSpace" : false
    }, {
      "id" : "s9-t1",
      "begin" : 470,
      "end" : 512,
      "text" : "CONFIRM:https://support.apple.com/HT208693",
      "whiteSpace" : false
    }, {
      "id" : "s9-t2",
      "begin" : 515,
      "end" : 516,
      "text" : "|",
      "whiteSpace" : false
    }, {
      "id" : "s9-t3",
      "begin" : 519,
      "end" : 561,
      "text" : "CONFIRM:https://support.apple.com/HT208694",
      "whiteSpace" : false
    }, {
      "id" : "s9-t4",
      "begin" : 564,
      "end" : 565,
      "text" : "|",
      "whiteSpace" : false
    }, {
      "id" : "s9-t5",
      "begin" : 568,
      "end" : 610,
      "text" : "CONFIRM:https://support.apple.com/HT208695",
      "whiteSpace" : false
    }, {
      "id" : "s9-t6",
      "begin" : 613,
      "end" : 614,
      "text" : "|",
      "whiteSpace" : false
    }, {
      "id" : "s9-t7",
      "begin" : 617,
      "end" : 659,
      "text" : "CONFIRM:https://support.apple.com/HT208696",
      "whiteSpace" : false
    }, {
      "id" : "s9-t8",
      "begin" : 662,
      "end" : 663,
      "text" : "|",
      "whiteSpace" : false
    }, {
      "id" : "s9-t9",
      "begin" : 666,
      "end" : 708,
      "text" : "CONFIRM:https://support.apple.com/HT208697",
      "whiteSpace" : false
    }, {
      "id" : "s9-t10",
      "begin" : 711,
      "end" : 712,
      "text" : "|",
      "whiteSpace" : false
    }, {
      "id" : "s9-t11",
      "begin" : 715,
      "end" : 757,
      "text" : "CONFIRM:https://support.apple.com/HT208698",
      "whiteSpace" : false
    }, {
      "id" : "s9-t12",
      "begin" : 760,
      "end" : 761,
      "text" : "|",
      "whiteSpace" : false
    }, {
      "id" : "s9-t13",
      "begin" : 764,
      "end" : 785,
      "text" : "GENTOO:GLSA-201808-04",
      "whiteSpace" : false
    }, {
      "id" : "s9-t14",
      "begin" : 788,
      "end" : 789,
      "text" : "|",
      "whiteSpace" : false
    }, {
      "id" : "s9-t15",
      "begin" : 792,
      "end" : 838,
      "text" : "URL:https://security.gentoo.org/glsa/201808-04",
      "whiteSpace" : false
    }, {
      "id" : "s9-t16",
      "begin" : 841,
      "end" : 842,
      "text" : "|",
      "whiteSpace" : false
    }, {
      "id" : "s9-t17",
      "begin" : 845,
      "end" : 862,
      "text" : "UBUNTU:USN-3635-1",
      "whiteSpace" : false
    }, {
      "id" : "s9-t18",
      "begin" : 865,
      "end" : 866,
      "text" : "|",
      "whiteSpace" : false
    }, {
      "id" : "s9-t19",
      "begin" : 869,
      "end" : 902,
      "text" : "URL:https://usn.ubuntu.com/3635-1",
      "whiteSpace" : false
    }, {
      "id" : "s9-t20",
      "begin" : 902,
      "end" : 903,
      "text" : "/",
      "whiteSpace" : false
    }, {
      "id" : "s9-t21",
      "begin" : 906,
      "end" : 907,
      "text" : "|",
      "whiteSpace" : false
    }, {
      "id" : "s9-t22",
      "begin" : 910,
      "end" : 918,
      "text" : "SECTRACK",
      "whiteSpace" : false
    }, {
      "id" : "s9-t23",
      "begin" : 918,
      "end" : 919,
      "text" : ":",
      "whiteSpace" : false
    }, {
      "id" : "s9-t24",
      "begin" : 919,
      "end" : 926,
      "text" : "1040604",
      "whiteSpace" : false
    }, {
      "id" : "s9-t25",
      "begin" : 929,
      "end" : 930,
      "text" : "|",
      "whiteSpace" : false
    }, {
      "id" : "s9-t26",
      "begin" : 933,
      "end" : 971,
      "text" : "URL:http://www.securitytracker.com/id/",
      "whiteSpace" : false
    }, {
      "id" : "s9-t27",
      "begin" : 971,
      "end" : 978,
      "text" : "1040604",
      "whiteSpace" : false
    } ]
  } ],
  "mentions" : [ ],
  "relations" : [ ],
  "corefs" : [ ],
  "typeResolved" : true,
  "userResolved" : false
}