{
  "id" : "5ca6f540-e5bf-11e8-bc3f-812dc60f5413-788",
  "name" : "CVE-2018-6533",
  "createdDate" : 0,
  "version" : 3,
  "text" : "CVE-2018-6533 | An issue was discovered in Icinga 2.x through 2.8.1. By editing the init.conf file, Icinga 2 can be run as root. Following this the program can be used to run arbitrary code as root. This was fixed by no longer using init.conf to determine account information for any root-executed code (a larger issue than CVE-2017-16933). | CONFIRM:https://github.com/Icinga/icinga2/pull/5850",
  "docLength" : 0,
  "language" : "EN",
  "status" : "READY",
  "modifiedDate" : 1541947069127,
  "documentSet" : [ ],
  "preannotation" : [ ],
  "sentences" : [ {
    "id" : "s0",
    "begin" : 0,
    "end" : 68,
    "text" : "CVE-2018-6533 | An issue was discovered in Icinga 2.x through 2.8.1.",
    "tokens" : [ {
      "id" : "s0-t0",
      "begin" : 0,
      "end" : 13,
      "text" : "CVE-2018-6533",
      "whiteSpace" : false
    }, {
      "id" : "s0-t1",
      "begin" : 14,
      "end" : 15,
      "text" : "|",
      "whiteSpace" : false
    }, {
      "id" : "s0-t2",
      "begin" : 16,
      "end" : 18,
      "text" : "An",
      "whiteSpace" : false
    }, {
      "id" : "s0-t3",
      "begin" : 19,
      "end" : 24,
      "text" : "issue",
      "whiteSpace" : false
    }, {
      "id" : "s0-t4",
      "begin" : 25,
      "end" : 28,
      "text" : "was",
      "whiteSpace" : false
    }, {
      "id" : "s0-t5",
      "begin" : 29,
      "end" : 39,
      "text" : "discovered",
      "whiteSpace" : false
    }, {
      "id" : "s0-t6",
      "begin" : 40,
      "end" : 42,
      "text" : "in",
      "whiteSpace" : false
    }, {
      "id" : "s0-t7",
      "begin" : 43,
      "end" : 49,
      "text" : "Icinga",
      "whiteSpace" : false
    }, {
      "id" : "s0-t8",
      "begin" : 50,
      "end" : 53,
      "text" : "2.x",
      "whiteSpace" : false
    }, {
      "id" : "s0-t9",
      "begin" : 54,
      "end" : 61,
      "text" : "through",
      "whiteSpace" : false
    }, {
      "id" : "s0-t10",
      "begin" : 62,
      "end" : 67,
      "text" : "2.8.1",
      "whiteSpace" : false
    }, {
      "id" : "s0-t11",
      "begin" : 67,
      "end" : 68,
      "text" : ".",
      "whiteSpace" : false
    } ]
  }, {
    "id" : "s1",
    "begin" : 69,
    "end" : 128,
    "text" : "By editing the init.conf file, Icinga 2 can be run as root.",
    "tokens" : [ {
      "id" : "s1-t0",
      "begin" : 69,
      "end" : 71,
      "text" : "By",
      "whiteSpace" : false
    }, {
      "id" : "s1-t1",
      "begin" : 72,
      "end" : 79,
      "text" : "editing",
      "whiteSpace" : false
    }, {
      "id" : "s1-t2",
      "begin" : 80,
      "end" : 83,
      "text" : "the",
      "whiteSpace" : false
    }, {
      "id" : "s1-t3",
      "begin" : 84,
      "end" : 93,
      "text" : "init.conf",
      "whiteSpace" : false
    }, {
      "id" : "s1-t4",
      "begin" : 94,
      "end" : 98,
      "text" : "file",
      "whiteSpace" : false
    }, {
      "id" : "s1-t5",
      "begin" : 98,
      "end" : 99,
      "text" : ",",
      "whiteSpace" : false
    }, {
      "id" : "s1-t6",
      "begin" : 100,
      "end" : 106,
      "text" : "Icinga",
      "whiteSpace" : false
    }, {
      "id" : "s1-t7",
      "begin" : 107,
      "end" : 108,
      "text" : "2",
      "whiteSpace" : false
    }, {
      "id" : "s1-t8",
      "begin" : 109,
      "end" : 112,
      "text" : "can",
      "whiteSpace" : false
    }, {
      "id" : "s1-t9",
      "begin" : 113,
      "end" : 115,
      "text" : "be",
      "whiteSpace" : false
    }, {
      "id" : "s1-t10",
      "begin" : 116,
      "end" : 119,
      "text" : "run",
      "whiteSpace" : false
    }, {
      "id" : "s1-t11",
      "begin" : 120,
      "end" : 122,
      "text" : "as",
      "whiteSpace" : false
    }, {
      "id" : "s1-t12",
      "begin" : 123,
      "end" : 127,
      "text" : "root",
      "whiteSpace" : false
    }, {
      "id" : "s1-t13",
      "begin" : 127,
      "end" : 128,
      "text" : ".",
      "whiteSpace" : false
    } ]
  }, {
    "id" : "s2",
    "begin" : 129,
    "end" : 198,
    "text" : "Following this the program can be used to run arbitrary code as root.",
    "tokens" : [ {
      "id" : "s2-t0",
      "begin" : 129,
      "end" : 138,
      "text" : "Following",
      "whiteSpace" : false
    }, {
      "id" : "s2-t1",
      "begin" : 139,
      "end" : 143,
      "text" : "this",
      "whiteSpace" : false
    }, {
      "id" : "s2-t2",
      "begin" : 144,
      "end" : 147,
      "text" : "the",
      "whiteSpace" : false
    }, {
      "id" : "s2-t3",
      "begin" : 148,
      "end" : 155,
      "text" : "program",
      "whiteSpace" : false
    }, {
      "id" : "s2-t4",
      "begin" : 156,
      "end" : 159,
      "text" : "can",
      "whiteSpace" : false
    }, {
      "id" : "s2-t5",
      "begin" : 160,
      "end" : 162,
      "text" : "be",
      "whiteSpace" : false
    }, {
      "id" : "s2-t6",
      "begin" : 163,
      "end" : 167,
      "text" : "used",
      "whiteSpace" : false
    }, {
      "id" : "s2-t7",
      "begin" : 168,
      "end" : 170,
      "text" : "to",
      "whiteSpace" : false
    }, {
      "id" : "s2-t8",
      "begin" : 171,
      "end" : 174,
      "text" : "run",
      "whiteSpace" : false
    }, {
      "id" : "s2-t9",
      "begin" : 175,
      "end" : 184,
      "text" : "arbitrary",
      "whiteSpace" : false
    }, {
      "id" : "s2-t10",
      "begin" : 185,
      "end" : 189,
      "text" : "code",
      "whiteSpace" : false
    }, {
      "id" : "s2-t11",
      "begin" : 190,
      "end" : 192,
      "text" : "as",
      "whiteSpace" : false
    }, {
      "id" : "s2-t12",
      "begin" : 193,
      "end" : 197,
      "text" : "root",
      "whiteSpace" : false
    }, {
      "id" : "s2-t13",
      "begin" : 197,
      "end" : 198,
      "text" : ".",
      "whiteSpace" : false
    } ]
  }, {
    "id" : "s3",
    "begin" : 199,
    "end" : 340,
    "text" : "This was fixed by no longer using init.conf to determine account information for any root-executed code (a larger issue than CVE-2017-16933).",
    "tokens" : [ {
      "id" : "s3-t0",
      "begin" : 199,
      "end" : 203,
      "text" : "This",
      "whiteSpace" : false
    }, {
      "id" : "s3-t1",
      "begin" : 204,
      "end" : 207,
      "text" : "was",
      "whiteSpace" : false
    }, {
      "id" : "s3-t2",
      "begin" : 208,
      "end" : 213,
      "text" : "fixed",
      "whiteSpace" : false
    }, {
      "id" : "s3-t3",
      "begin" : 214,
      "end" : 216,
      "text" : "by",
      "whiteSpace" : false
    }, {
      "id" : "s3-t4",
      "begin" : 217,
      "end" : 219,
      "text" : "no",
      "whiteSpace" : false
    }, {
      "id" : "s3-t5",
      "begin" : 220,
      "end" : 226,
      "text" : "longer",
      "whiteSpace" : false
    }, {
      "id" : "s3-t6",
      "begin" : 227,
      "end" : 232,
      "text" : "using",
      "whiteSpace" : false
    }, {
      "id" : "s3-t7",
      "begin" : 233,
      "end" : 242,
      "text" : "init.conf",
      "whiteSpace" : false
    }, {
      "id" : "s3-t8",
      "begin" : 243,
      "end" : 245,
      "text" : "to",
      "whiteSpace" : false
    }, {
      "id" : "s3-t9",
      "begin" : 246,
      "end" : 255,
      "text" : "determine",
      "whiteSpace" : false
    }, {
      "id" : "s3-t10",
      "begin" : 256,
      "end" : 263,
      "text" : "account",
      "whiteSpace" : false
    }, {
      "id" : "s3-t11",
      "begin" : 264,
      "end" : 275,
      "text" : "information",
      "whiteSpace" : false
    }, {
      "id" : "s3-t12",
      "begin" : 276,
      "end" : 279,
      "text" : "for",
      "whiteSpace" : false
    }, {
      "id" : "s3-t13",
      "begin" : 280,
      "end" : 283,
      "text" : "any",
      "whiteSpace" : false
    }, {
      "id" : "s3-t14",
      "begin" : 284,
      "end" : 288,
      "text" : "root",
      "whiteSpace" : false
    }, {
      "id" : "s3-t15",
      "begin" : 288,
      "end" : 289,
      "text" : "-",
      "whiteSpace" : false
    }, {
      "id" : "s3-t16",
      "begin" : 289,
      "end" : 297,
      "text" : "executed",
      "whiteSpace" : false
    }, {
      "id" : "s3-t17",
      "begin" : 298,
      "end" : 302,
      "text" : "code",
      "whiteSpace" : false
    }, {
      "id" : "s3-t18",
      "begin" : 303,
      "end" : 304,
      "text" : "(",
      "whiteSpace" : false
    }, {
      "id" : "s3-t19",
      "begin" : 304,
      "end" : 305,
      "text" : "a",
      "whiteSpace" : false
    }, {
      "id" : "s3-t20",
      "begin" : 306,
      "end" : 312,
      "text" : "larger",
      "whiteSpace" : false
    }, {
      "id" : "s3-t21",
      "begin" : 313,
      "end" : 318,
      "text" : "issue",
      "whiteSpace" : false
    }, {
      "id" : "s3-t22",
      "begin" : 319,
      "end" : 323,
      "text" : "than",
      "whiteSpace" : false
    }, {
      "id" : "s3-t23",
      "begin" : 324,
      "end" : 338,
      "text" : "CVE-2017-16933",
      "whiteSpace" : false
    }, {
      "id" : "s3-t24",
      "begin" : 338,
      "end" : 339,
      "text" : ")",
      "whiteSpace" : false
    }, {
      "id" : "s3-t25",
      "begin" : 339,
      "end" : 340,
      "text" : ".",
      "whiteSpace" : false
    } ]
  }, {
    "id" : "s4",
    "begin" : 341,
    "end" : 394,
    "text" : "| CONFIRM:https://github.com/Icinga/icinga2/pull/5850",
    "tokens" : [ {
      "id" : "s4-t0",
      "begin" : 341,
      "end" : 342,
      "text" : "|",
      "whiteSpace" : false
    }, {
      "id" : "s4-t1",
      "begin" : 343,
      "end" : 390,
      "text" : "CONFIRM:https://github.com/Icinga/icinga2/pull/",
      "whiteSpace" : false
    }, {
      "id" : "s4-t2",
      "begin" : 390,
      "end" : 394,
      "text" : "5850",
      "whiteSpace" : false
    } ]
  } ],
  "mentions" : [ ],
  "relations" : [ ],
  "corefs" : [ ],
  "typeResolved" : true,
  "userResolved" : false
}