{
  "id" : "5ca6f540-e5bf-11e8-bc3f-812dc60f5413-1404",
  "name" : "CVE-2018-5440",
  "createdDate" : 0,
  "version" : 3,
  "text" : "CVE-2018-5440 | A Stack-based Buffer Overflow issue was discovered in 3S-Smart CODESYS Web Server. Specifically: all Microsoft Windows (also WinCE) based CODESYS web servers running stand-alone Version 2.3, or as part of the CODESYS runtime system running prior to Version V1.1.9.19. A crafted request may cause a buffer overflow and could therefore execute arbitrary code on the web server or lead to a denial-of-service condition due to a crash in the web server. | MISC:https://ics-cert.us-cert.gov/advisories/ICSA-18-032-02   |   BID:102909   |   URL:http://www.securityfocus.com/bid/102909",
  "docLength" : 0,
  "language" : "EN",
  "status" : "READY",
  "modifiedDate" : 1541947069127,
  "documentSet" : [ ],
  "preannotation" : [ ],
  "sentences" : [ {
    "id" : "s0",
    "begin" : 0,
    "end" : 98,
    "text" : "CVE-2018-5440 | A Stack-based Buffer Overflow issue was discovered in 3S-Smart CODESYS Web Server.",
    "tokens" : [ {
      "id" : "s0-t0",
      "begin" : 0,
      "end" : 13,
      "text" : "CVE-2018-5440",
      "whiteSpace" : false
    }, {
      "id" : "s0-t1",
      "begin" : 14,
      "end" : 15,
      "text" : "|",
      "whiteSpace" : false
    }, {
      "id" : "s0-t2",
      "begin" : 16,
      "end" : 17,
      "text" : "A",
      "whiteSpace" : false
    }, {
      "id" : "s0-t3",
      "begin" : 18,
      "end" : 23,
      "text" : "Stack",
      "whiteSpace" : false
    }, {
      "id" : "s0-t4",
      "begin" : 23,
      "end" : 24,
      "text" : "-",
      "whiteSpace" : false
    }, {
      "id" : "s0-t5",
      "begin" : 24,
      "end" : 29,
      "text" : "based",
      "whiteSpace" : false
    }, {
      "id" : "s0-t6",
      "begin" : 30,
      "end" : 36,
      "text" : "Buffer",
      "whiteSpace" : false
    }, {
      "id" : "s0-t7",
      "begin" : 37,
      "end" : 45,
      "text" : "Overflow",
      "whiteSpace" : false
    }, {
      "id" : "s0-t8",
      "begin" : 46,
      "end" : 51,
      "text" : "issue",
      "whiteSpace" : false
    }, {
      "id" : "s0-t9",
      "begin" : 52,
      "end" : 55,
      "text" : "was",
      "whiteSpace" : false
    }, {
      "id" : "s0-t10",
      "begin" : 56,
      "end" : 66,
      "text" : "discovered",
      "whiteSpace" : false
    }, {
      "id" : "s0-t11",
      "begin" : 67,
      "end" : 69,
      "text" : "in",
      "whiteSpace" : false
    }, {
      "id" : "s0-t12",
      "begin" : 70,
      "end" : 72,
      "text" : "3S",
      "whiteSpace" : false
    }, {
      "id" : "s0-t13",
      "begin" : 72,
      "end" : 73,
      "text" : "-",
      "whiteSpace" : false
    }, {
      "id" : "s0-t14",
      "begin" : 73,
      "end" : 78,
      "text" : "Smart",
      "whiteSpace" : false
    }, {
      "id" : "s0-t15",
      "begin" : 79,
      "end" : 86,
      "text" : "CODESYS",
      "whiteSpace" : false
    }, {
      "id" : "s0-t16",
      "begin" : 87,
      "end" : 90,
      "text" : "Web",
      "whiteSpace" : false
    }, {
      "id" : "s0-t17",
      "begin" : 91,
      "end" : 97,
      "text" : "Server",
      "whiteSpace" : false
    }, {
      "id" : "s0-t18",
      "begin" : 97,
      "end" : 98,
      "text" : ".",
      "whiteSpace" : false
    } ]
  }, {
    "id" : "s1",
    "begin" : 99,
    "end" : 283,
    "text" : "Specifically: all Microsoft Windows (also WinCE) based CODESYS web servers running stand-alone Version 2.3, or as part of the CODESYS runtime system running prior to Version V1.1.9.19.",
    "tokens" : [ {
      "id" : "s1-t0",
      "begin" : 99,
      "end" : 111,
      "text" : "Specifically",
      "whiteSpace" : false
    }, {
      "id" : "s1-t1",
      "begin" : 111,
      "end" : 112,
      "text" : ":",
      "whiteSpace" : false
    }, {
      "id" : "s1-t2",
      "begin" : 113,
      "end" : 116,
      "text" : "all",
      "whiteSpace" : false
    }, {
      "id" : "s1-t3",
      "begin" : 117,
      "end" : 126,
      "text" : "Microsoft",
      "whiteSpace" : false
    }, {
      "id" : "s1-t4",
      "begin" : 127,
      "end" : 134,
      "text" : "Windows",
      "whiteSpace" : false
    }, {
      "id" : "s1-t5",
      "begin" : 135,
      "end" : 136,
      "text" : "(",
      "whiteSpace" : false
    }, {
      "id" : "s1-t6",
      "begin" : 136,
      "end" : 140,
      "text" : "also",
      "whiteSpace" : false
    }, {
      "id" : "s1-t7",
      "begin" : 141,
      "end" : 146,
      "text" : "WinCE",
      "whiteSpace" : false
    }, {
      "id" : "s1-t8",
      "begin" : 146,
      "end" : 147,
      "text" : ")",
      "whiteSpace" : false
    }, {
      "id" : "s1-t9",
      "begin" : 148,
      "end" : 153,
      "text" : "based",
      "whiteSpace" : false
    }, {
      "id" : "s1-t10",
      "begin" : 154,
      "end" : 161,
      "text" : "CODESYS",
      "whiteSpace" : false
    }, {
      "id" : "s1-t11",
      "begin" : 162,
      "end" : 165,
      "text" : "web",
      "whiteSpace" : false
    }, {
      "id" : "s1-t12",
      "begin" : 166,
      "end" : 173,
      "text" : "servers",
      "whiteSpace" : false
    }, {
      "id" : "s1-t13",
      "begin" : 174,
      "end" : 181,
      "text" : "running",
      "whiteSpace" : false
    }, {
      "id" : "s1-t14",
      "begin" : 182,
      "end" : 193,
      "text" : "stand-alone",
      "whiteSpace" : false
    }, {
      "id" : "s1-t15",
      "begin" : 194,
      "end" : 201,
      "text" : "Version",
      "whiteSpace" : false
    }, {
      "id" : "s1-t16",
      "begin" : 202,
      "end" : 205,
      "text" : "2.3",
      "whiteSpace" : false
    }, {
      "id" : "s1-t17",
      "begin" : 205,
      "end" : 206,
      "text" : ",",
      "whiteSpace" : false
    }, {
      "id" : "s1-t18",
      "begin" : 207,
      "end" : 209,
      "text" : "or",
      "whiteSpace" : false
    }, {
      "id" : "s1-t19",
      "begin" : 210,
      "end" : 212,
      "text" : "as",
      "whiteSpace" : false
    }, {
      "id" : "s1-t20",
      "begin" : 213,
      "end" : 217,
      "text" : "part",
      "whiteSpace" : false
    }, {
      "id" : "s1-t21",
      "begin" : 218,
      "end" : 220,
      "text" : "of",
      "whiteSpace" : false
    }, {
      "id" : "s1-t22",
      "begin" : 221,
      "end" : 224,
      "text" : "the",
      "whiteSpace" : false
    }, {
      "id" : "s1-t23",
      "begin" : 225,
      "end" : 232,
      "text" : "CODESYS",
      "whiteSpace" : false
    }, {
      "id" : "s1-t24",
      "begin" : 233,
      "end" : 240,
      "text" : "runtime",
      "whiteSpace" : false
    }, {
      "id" : "s1-t25",
      "begin" : 241,
      "end" : 247,
      "text" : "system",
      "whiteSpace" : false
    }, {
      "id" : "s1-t26",
      "begin" : 248,
      "end" : 255,
      "text" : "running",
      "whiteSpace" : false
    }, {
      "id" : "s1-t27",
      "begin" : 256,
      "end" : 261,
      "text" : "prior",
      "whiteSpace" : false
    }, {
      "id" : "s1-t28",
      "begin" : 262,
      "end" : 264,
      "text" : "to",
      "whiteSpace" : false
    }, {
      "id" : "s1-t29",
      "begin" : 265,
      "end" : 272,
      "text" : "Version",
      "whiteSpace" : false
    }, {
      "id" : "s1-t30",
      "begin" : 273,
      "end" : 282,
      "text" : "V1.1.9.19",
      "whiteSpace" : false
    }, {
      "id" : "s1-t31",
      "begin" : 282,
      "end" : 283,
      "text" : ".",
      "whiteSpace" : false
    } ]
  }, {
    "id" : "s2",
    "begin" : 284,
    "end" : 465,
    "text" : "A crafted request may cause a buffer overflow and could therefore execute arbitrary code on the web server or lead to a denial-of-service condition due to a crash in the web server.",
    "tokens" : [ {
      "id" : "s2-t0",
      "begin" : 284,
      "end" : 285,
      "text" : "A",
      "whiteSpace" : false
    }, {
      "id" : "s2-t1",
      "begin" : 286,
      "end" : 293,
      "text" : "crafted",
      "whiteSpace" : false
    }, {
      "id" : "s2-t2",
      "begin" : 294,
      "end" : 301,
      "text" : "request",
      "whiteSpace" : false
    }, {
      "id" : "s2-t3",
      "begin" : 302,
      "end" : 305,
      "text" : "may",
      "whiteSpace" : false
    }, {
      "id" : "s2-t4",
      "begin" : 306,
      "end" : 311,
      "text" : "cause",
      "whiteSpace" : false
    }, {
      "id" : "s2-t5",
      "begin" : 312,
      "end" : 313,
      "text" : "a",
      "whiteSpace" : false
    }, {
      "id" : "s2-t6",
      "begin" : 314,
      "end" : 320,
      "text" : "buffer",
      "whiteSpace" : false
    }, {
      "id" : "s2-t7",
      "begin" : 321,
      "end" : 329,
      "text" : "overflow",
      "whiteSpace" : false
    }, {
      "id" : "s2-t8",
      "begin" : 330,
      "end" : 333,
      "text" : "and",
      "whiteSpace" : false
    }, {
      "id" : "s2-t9",
      "begin" : 334,
      "end" : 339,
      "text" : "could",
      "whiteSpace" : false
    }, {
      "id" : "s2-t10",
      "begin" : 340,
      "end" : 349,
      "text" : "therefore",
      "whiteSpace" : false
    }, {
      "id" : "s2-t11",
      "begin" : 350,
      "end" : 357,
      "text" : "execute",
      "whiteSpace" : false
    }, {
      "id" : "s2-t12",
      "begin" : 358,
      "end" : 367,
      "text" : "arbitrary",
      "whiteSpace" : false
    }, {
      "id" : "s2-t13",
      "begin" : 368,
      "end" : 372,
      "text" : "code",
      "whiteSpace" : false
    }, {
      "id" : "s2-t14",
      "begin" : 373,
      "end" : 375,
      "text" : "on",
      "whiteSpace" : false
    }, {
      "id" : "s2-t15",
      "begin" : 376,
      "end" : 379,
      "text" : "the",
      "whiteSpace" : false
    }, {
      "id" : "s2-t16",
      "begin" : 380,
      "end" : 383,
      "text" : "web",
      "whiteSpace" : false
    }, {
      "id" : "s2-t17",
      "begin" : 384,
      "end" : 390,
      "text" : "server",
      "whiteSpace" : false
    }, {
      "id" : "s2-t18",
      "begin" : 391,
      "end" : 393,
      "text" : "or",
      "whiteSpace" : false
    }, {
      "id" : "s2-t19",
      "begin" : 394,
      "end" : 398,
      "text" : "lead",
      "whiteSpace" : false
    }, {
      "id" : "s2-t20",
      "begin" : 399,
      "end" : 401,
      "text" : "to",
      "whiteSpace" : false
    }, {
      "id" : "s2-t21",
      "begin" : 402,
      "end" : 403,
      "text" : "a",
      "whiteSpace" : false
    }, {
      "id" : "s2-t22",
      "begin" : 404,
      "end" : 421,
      "text" : "denial-of-service",
      "whiteSpace" : false
    }, {
      "id" : "s2-t23",
      "begin" : 422,
      "end" : 431,
      "text" : "condition",
      "whiteSpace" : false
    }, {
      "id" : "s2-t24",
      "begin" : 432,
      "end" : 435,
      "text" : "due",
      "whiteSpace" : false
    }, {
      "id" : "s2-t25",
      "begin" : 436,
      "end" : 438,
      "text" : "to",
      "whiteSpace" : false
    }, {
      "id" : "s2-t26",
      "begin" : 439,
      "end" : 440,
      "text" : "a",
      "whiteSpace" : false
    }, {
      "id" : "s2-t27",
      "begin" : 441,
      "end" : 446,
      "text" : "crash",
      "whiteSpace" : false
    }, {
      "id" : "s2-t28",
      "begin" : 447,
      "end" : 449,
      "text" : "in",
      "whiteSpace" : false
    }, {
      "id" : "s2-t29",
      "begin" : 450,
      "end" : 453,
      "text" : "the",
      "whiteSpace" : false
    }, {
      "id" : "s2-t30",
      "begin" : 454,
      "end" : 457,
      "text" : "web",
      "whiteSpace" : false
    }, {
      "id" : "s2-t31",
      "begin" : 458,
      "end" : 464,
      "text" : "server",
      "whiteSpace" : false
    }, {
      "id" : "s2-t32",
      "begin" : 464,
      "end" : 465,
      "text" : ".",
      "whiteSpace" : false
    } ]
  }, {
    "id" : "s3",
    "begin" : 466,
    "end" : 594,
    "text" : "| MISC:https://ics-cert.us-cert.gov/advisories/ICSA-18-032-02   |   BID:102909   |   URL:http://www.securityfocus.com/bid/102909",
    "tokens" : [ {
      "id" : "s3-t0",
      "begin" : 466,
      "end" : 467,
      "text" : "|",
      "whiteSpace" : false
    }, {
      "id" : "s3-t1",
      "begin" : 468,
      "end" : 527,
      "text" : "MISC:https://ics-cert.us-cert.gov/advisories/ICSA-18-032-02",
      "whiteSpace" : false
    }, {
      "id" : "s3-t2",
      "begin" : 530,
      "end" : 531,
      "text" : "|",
      "whiteSpace" : false
    }, {
      "id" : "s3-t3",
      "begin" : 534,
      "end" : 537,
      "text" : "BID",
      "whiteSpace" : false
    }, {
      "id" : "s3-t4",
      "begin" : 537,
      "end" : 538,
      "text" : ":",
      "whiteSpace" : false
    }, {
      "id" : "s3-t5",
      "begin" : 538,
      "end" : 544,
      "text" : "102909",
      "whiteSpace" : false
    }, {
      "id" : "s3-t6",
      "begin" : 547,
      "end" : 548,
      "text" : "|",
      "whiteSpace" : false
    }, {
      "id" : "s3-t7",
      "begin" : 551,
      "end" : 588,
      "text" : "URL:http://www.securityfocus.com/bid/",
      "whiteSpace" : false
    }, {
      "id" : "s3-t8",
      "begin" : 588,
      "end" : 594,
      "text" : "102909",
      "whiteSpace" : false
    } ]
  } ],
  "mentions" : [ ],
  "relations" : [ ],
  "corefs" : [ ],
  "typeResolved" : true,
  "userResolved" : false
}