{
  "id" : "5ca6f540-e5bf-11e8-bc3f-812dc60f5413-371",
  "name" : "CVE-2018-7277",
  "createdDate" : 0,
  "version" : 3,
  "text" : "CVE-2018-7277 | An issue was discovered on RLE Wi-MGR/FDS-Wi 6.2 devices. Persistent XSS exists in the web server. Remote attackers can inject malicious JavaScript code using the device's BACnet implementation. This is similar to a Cross Protocol Injection with SNMP. | MISC:http://misteralfa-hack.blogspot.com/2018/02/bacnet-entrando-en-materia.html",
  "docLength" : 0,
  "language" : "EN",
  "status" : "READY",
  "modifiedDate" : 1541947069127,
  "documentSet" : [ ],
  "preannotation" : [ ],
  "sentences" : [ {
    "id" : "s0",
    "begin" : 0,
    "end" : 73,
    "text" : "CVE-2018-7277 | An issue was discovered on RLE Wi-MGR/FDS-Wi 6.2 devices.",
    "tokens" : [ {
      "id" : "s0-t0",
      "begin" : 0,
      "end" : 13,
      "text" : "CVE-2018-7277",
      "whiteSpace" : false
    }, {
      "id" : "s0-t1",
      "begin" : 14,
      "end" : 15,
      "text" : "|",
      "whiteSpace" : false
    }, {
      "id" : "s0-t2",
      "begin" : 16,
      "end" : 18,
      "text" : "An",
      "whiteSpace" : false
    }, {
      "id" : "s0-t3",
      "begin" : 19,
      "end" : 24,
      "text" : "issue",
      "whiteSpace" : false
    }, {
      "id" : "s0-t4",
      "begin" : 25,
      "end" : 28,
      "text" : "was",
      "whiteSpace" : false
    }, {
      "id" : "s0-t5",
      "begin" : 29,
      "end" : 39,
      "text" : "discovered",
      "whiteSpace" : false
    }, {
      "id" : "s0-t6",
      "begin" : 40,
      "end" : 42,
      "text" : "on",
      "whiteSpace" : false
    }, {
      "id" : "s0-t7",
      "begin" : 43,
      "end" : 46,
      "text" : "RLE",
      "whiteSpace" : false
    }, {
      "id" : "s0-t8",
      "begin" : 47,
      "end" : 60,
      "text" : "Wi-MGR/FDS-Wi",
      "whiteSpace" : false
    }, {
      "id" : "s0-t9",
      "begin" : 61,
      "end" : 64,
      "text" : "6.2",
      "whiteSpace" : false
    }, {
      "id" : "s0-t10",
      "begin" : 65,
      "end" : 72,
      "text" : "devices",
      "whiteSpace" : false
    }, {
      "id" : "s0-t11",
      "begin" : 72,
      "end" : 73,
      "text" : ".",
      "whiteSpace" : false
    } ]
  }, {
    "id" : "s1",
    "begin" : 74,
    "end" : 114,
    "text" : "Persistent XSS exists in the web server.",
    "tokens" : [ {
      "id" : "s1-t0",
      "begin" : 74,
      "end" : 84,
      "text" : "Persistent",
      "whiteSpace" : false
    }, {
      "id" : "s1-t1",
      "begin" : 85,
      "end" : 88,
      "text" : "XSS",
      "whiteSpace" : false
    }, {
      "id" : "s1-t2",
      "begin" : 89,
      "end" : 95,
      "text" : "exists",
      "whiteSpace" : false
    }, {
      "id" : "s1-t3",
      "begin" : 96,
      "end" : 98,
      "text" : "in",
      "whiteSpace" : false
    }, {
      "id" : "s1-t4",
      "begin" : 99,
      "end" : 102,
      "text" : "the",
      "whiteSpace" : false
    }, {
      "id" : "s1-t5",
      "begin" : 103,
      "end" : 106,
      "text" : "web",
      "whiteSpace" : false
    }, {
      "id" : "s1-t6",
      "begin" : 107,
      "end" : 113,
      "text" : "server",
      "whiteSpace" : false
    }, {
      "id" : "s1-t7",
      "begin" : 113,
      "end" : 114,
      "text" : ".",
      "whiteSpace" : false
    } ]
  }, {
    "id" : "s2",
    "begin" : 115,
    "end" : 210,
    "text" : "Remote attackers can inject malicious JavaScript code using the device's BACnet implementation.",
    "tokens" : [ {
      "id" : "s2-t0",
      "begin" : 115,
      "end" : 121,
      "text" : "Remote",
      "whiteSpace" : false
    }, {
      "id" : "s2-t1",
      "begin" : 122,
      "end" : 131,
      "text" : "attackers",
      "whiteSpace" : false
    }, {
      "id" : "s2-t2",
      "begin" : 132,
      "end" : 135,
      "text" : "can",
      "whiteSpace" : false
    }, {
      "id" : "s2-t3",
      "begin" : 136,
      "end" : 142,
      "text" : "inject",
      "whiteSpace" : false
    }, {
      "id" : "s2-t4",
      "begin" : 143,
      "end" : 152,
      "text" : "malicious",
      "whiteSpace" : false
    }, {
      "id" : "s2-t5",
      "begin" : 153,
      "end" : 163,
      "text" : "JavaScript",
      "whiteSpace" : false
    }, {
      "id" : "s2-t6",
      "begin" : 164,
      "end" : 168,
      "text" : "code",
      "whiteSpace" : false
    }, {
      "id" : "s2-t7",
      "begin" : 169,
      "end" : 174,
      "text" : "using",
      "whiteSpace" : false
    }, {
      "id" : "s2-t8",
      "begin" : 175,
      "end" : 178,
      "text" : "the",
      "whiteSpace" : false
    }, {
      "id" : "s2-t9",
      "begin" : 179,
      "end" : 185,
      "text" : "device",
      "whiteSpace" : false
    }, {
      "id" : "s2-t10",
      "begin" : 185,
      "end" : 187,
      "text" : "'s",
      "whiteSpace" : false
    }, {
      "id" : "s2-t11",
      "begin" : 188,
      "end" : 194,
      "text" : "BACnet",
      "whiteSpace" : false
    }, {
      "id" : "s2-t12",
      "begin" : 195,
      "end" : 209,
      "text" : "implementation",
      "whiteSpace" : false
    }, {
      "id" : "s2-t13",
      "begin" : 209,
      "end" : 210,
      "text" : ".",
      "whiteSpace" : false
    } ]
  }, {
    "id" : "s3",
    "begin" : 211,
    "end" : 267,
    "text" : "This is similar to a Cross Protocol Injection with SNMP.",
    "tokens" : [ {
      "id" : "s3-t0",
      "begin" : 211,
      "end" : 215,
      "text" : "This",
      "whiteSpace" : false
    }, {
      "id" : "s3-t1",
      "begin" : 216,
      "end" : 218,
      "text" : "is",
      "whiteSpace" : false
    }, {
      "id" : "s3-t2",
      "begin" : 219,
      "end" : 226,
      "text" : "similar",
      "whiteSpace" : false
    }, {
      "id" : "s3-t3",
      "begin" : 227,
      "end" : 229,
      "text" : "to",
      "whiteSpace" : false
    }, {
      "id" : "s3-t4",
      "begin" : 230,
      "end" : 231,
      "text" : "a",
      "whiteSpace" : false
    }, {
      "id" : "s3-t5",
      "begin" : 232,
      "end" : 237,
      "text" : "Cross",
      "whiteSpace" : false
    }, {
      "id" : "s3-t6",
      "begin" : 238,
      "end" : 246,
      "text" : "Protocol",
      "whiteSpace" : false
    }, {
      "id" : "s3-t7",
      "begin" : 247,
      "end" : 256,
      "text" : "Injection",
      "whiteSpace" : false
    }, {
      "id" : "s3-t8",
      "begin" : 257,
      "end" : 261,
      "text" : "with",
      "whiteSpace" : false
    }, {
      "id" : "s3-t9",
      "begin" : 262,
      "end" : 266,
      "text" : "SNMP",
      "whiteSpace" : false
    }, {
      "id" : "s3-t10",
      "begin" : 266,
      "end" : 267,
      "text" : ".",
      "whiteSpace" : false
    } ]
  }, {
    "id" : "s4",
    "begin" : 268,
    "end" : 350,
    "text" : "| MISC:http://misteralfa-hack.blogspot.com/2018/02/bacnet-entrando-en-materia.html",
    "tokens" : [ {
      "id" : "s4-t0",
      "begin" : 268,
      "end" : 269,
      "text" : "|",
      "whiteSpace" : false
    }, {
      "id" : "s4-t1",
      "begin" : 270,
      "end" : 292,
      "text" : "MISC:http://misteralfa",
      "whiteSpace" : false
    }, {
      "id" : "s4-t2",
      "begin" : 292,
      "end" : 293,
      "text" : "-",
      "whiteSpace" : false
    }, {
      "id" : "s4-t3",
      "begin" : 293,
      "end" : 325,
      "text" : "hack.blogspot.com/2018/02/bacnet",
      "whiteSpace" : false
    }, {
      "id" : "s4-t4",
      "begin" : 325,
      "end" : 326,
      "text" : "-",
      "whiteSpace" : false
    }, {
      "id" : "s4-t5",
      "begin" : 326,
      "end" : 334,
      "text" : "entrando",
      "whiteSpace" : false
    }, {
      "id" : "s4-t6",
      "begin" : 334,
      "end" : 335,
      "text" : "-",
      "whiteSpace" : false
    }, {
      "id" : "s4-t7",
      "begin" : 335,
      "end" : 337,
      "text" : "en",
      "whiteSpace" : false
    }, {
      "id" : "s4-t8",
      "begin" : 337,
      "end" : 338,
      "text" : "-",
      "whiteSpace" : false
    }, {
      "id" : "s4-t9",
      "begin" : 338,
      "end" : 350,
      "text" : "materia.html",
      "whiteSpace" : false
    } ]
  } ],
  "mentions" : [ ],
  "relations" : [ ],
  "corefs" : [ ],
  "typeResolved" : true,
  "userResolved" : false
}