{
  "id" : "5ca6f540-e5bf-11e8-bc3f-812dc60f5413-1399",
  "name" : "CVE-2018-5446",
  "createdDate" : 0,
  "version" : 3,
  "text" : "CVE-2018-5446 | All versions of the Medtronic 2090 Carelink Programmer are affected by a per-product username and password that is stored in a recoverable format which could allow an attacker with physical access to a 2090 Programmer to obtain per-product credentials to the software deployment network. | MISC:https://ics-cert.us-cert.gov/advisories/ICSMA-18-058-01",
  "docLength" : 0,
  "language" : "EN",
  "status" : "READY",
  "modifiedDate" : 1541947069127,
  "documentSet" : [ ],
  "preannotation" : [ ],
  "sentences" : [ {
    "id" : "s0",
    "begin" : 0,
    "end" : 303,
    "text" : "CVE-2018-5446 | All versions of the Medtronic 2090 Carelink Programmer are affected by a per-product username and password that is stored in a recoverable format which could allow an attacker with physical access to a 2090 Programmer to obtain per-product credentials to the software deployment network.",
    "tokens" : [ {
      "id" : "s0-t0",
      "begin" : 0,
      "end" : 13,
      "text" : "CVE-2018-5446",
      "whiteSpace" : false
    }, {
      "id" : "s0-t1",
      "begin" : 14,
      "end" : 15,
      "text" : "|",
      "whiteSpace" : false
    }, {
      "id" : "s0-t2",
      "begin" : 16,
      "end" : 19,
      "text" : "All",
      "whiteSpace" : false
    }, {
      "id" : "s0-t3",
      "begin" : 20,
      "end" : 28,
      "text" : "versions",
      "whiteSpace" : false
    }, {
      "id" : "s0-t4",
      "begin" : 29,
      "end" : 31,
      "text" : "of",
      "whiteSpace" : false
    }, {
      "id" : "s0-t5",
      "begin" : 32,
      "end" : 35,
      "text" : "the",
      "whiteSpace" : false
    }, {
      "id" : "s0-t6",
      "begin" : 36,
      "end" : 45,
      "text" : "Medtronic",
      "whiteSpace" : false
    }, {
      "id" : "s0-t7",
      "begin" : 46,
      "end" : 50,
      "text" : "2090",
      "whiteSpace" : false
    }, {
      "id" : "s0-t8",
      "begin" : 51,
      "end" : 59,
      "text" : "Carelink",
      "whiteSpace" : false
    }, {
      "id" : "s0-t9",
      "begin" : 60,
      "end" : 70,
      "text" : "Programmer",
      "whiteSpace" : false
    }, {
      "id" : "s0-t10",
      "begin" : 71,
      "end" : 74,
      "text" : "are",
      "whiteSpace" : false
    }, {
      "id" : "s0-t11",
      "begin" : 75,
      "end" : 83,
      "text" : "affected",
      "whiteSpace" : false
    }, {
      "id" : "s0-t12",
      "begin" : 84,
      "end" : 86,
      "text" : "by",
      "whiteSpace" : false
    }, {
      "id" : "s0-t13",
      "begin" : 87,
      "end" : 88,
      "text" : "a",
      "whiteSpace" : false
    }, {
      "id" : "s0-t14",
      "begin" : 89,
      "end" : 92,
      "text" : "per",
      "whiteSpace" : false
    }, {
      "id" : "s0-t15",
      "begin" : 92,
      "end" : 93,
      "text" : "-",
      "whiteSpace" : false
    }, {
      "id" : "s0-t16",
      "begin" : 93,
      "end" : 100,
      "text" : "product",
      "whiteSpace" : false
    }, {
      "id" : "s0-t17",
      "begin" : 101,
      "end" : 109,
      "text" : "username",
      "whiteSpace" : false
    }, {
      "id" : "s0-t18",
      "begin" : 110,
      "end" : 113,
      "text" : "and",
      "whiteSpace" : false
    }, {
      "id" : "s0-t19",
      "begin" : 114,
      "end" : 122,
      "text" : "password",
      "whiteSpace" : false
    }, {
      "id" : "s0-t20",
      "begin" : 123,
      "end" : 127,
      "text" : "that",
      "whiteSpace" : false
    }, {
      "id" : "s0-t21",
      "begin" : 128,
      "end" : 130,
      "text" : "is",
      "whiteSpace" : false
    }, {
      "id" : "s0-t22",
      "begin" : 131,
      "end" : 137,
      "text" : "stored",
      "whiteSpace" : false
    }, {
      "id" : "s0-t23",
      "begin" : 138,
      "end" : 140,
      "text" : "in",
      "whiteSpace" : false
    }, {
      "id" : "s0-t24",
      "begin" : 141,
      "end" : 142,
      "text" : "a",
      "whiteSpace" : false
    }, {
      "id" : "s0-t25",
      "begin" : 143,
      "end" : 154,
      "text" : "recoverable",
      "whiteSpace" : false
    }, {
      "id" : "s0-t26",
      "begin" : 155,
      "end" : 161,
      "text" : "format",
      "whiteSpace" : false
    }, {
      "id" : "s0-t27",
      "begin" : 162,
      "end" : 167,
      "text" : "which",
      "whiteSpace" : false
    }, {
      "id" : "s0-t28",
      "begin" : 168,
      "end" : 173,
      "text" : "could",
      "whiteSpace" : false
    }, {
      "id" : "s0-t29",
      "begin" : 174,
      "end" : 179,
      "text" : "allow",
      "whiteSpace" : false
    }, {
      "id" : "s0-t30",
      "begin" : 180,
      "end" : 182,
      "text" : "an",
      "whiteSpace" : false
    }, {
      "id" : "s0-t31",
      "begin" : 183,
      "end" : 191,
      "text" : "attacker",
      "whiteSpace" : false
    }, {
      "id" : "s0-t32",
      "begin" : 192,
      "end" : 196,
      "text" : "with",
      "whiteSpace" : false
    }, {
      "id" : "s0-t33",
      "begin" : 197,
      "end" : 205,
      "text" : "physical",
      "whiteSpace" : false
    }, {
      "id" : "s0-t34",
      "begin" : 206,
      "end" : 212,
      "text" : "access",
      "whiteSpace" : false
    }, {
      "id" : "s0-t35",
      "begin" : 213,
      "end" : 215,
      "text" : "to",
      "whiteSpace" : false
    }, {
      "id" : "s0-t36",
      "begin" : 216,
      "end" : 217,
      "text" : "a",
      "whiteSpace" : false
    }, {
      "id" : "s0-t37",
      "begin" : 218,
      "end" : 222,
      "text" : "2090",
      "whiteSpace" : false
    }, {
      "id" : "s0-t38",
      "begin" : 223,
      "end" : 233,
      "text" : "Programmer",
      "whiteSpace" : false
    }, {
      "id" : "s0-t39",
      "begin" : 234,
      "end" : 236,
      "text" : "to",
      "whiteSpace" : false
    }, {
      "id" : "s0-t40",
      "begin" : 237,
      "end" : 243,
      "text" : "obtain",
      "whiteSpace" : false
    }, {
      "id" : "s0-t41",
      "begin" : 244,
      "end" : 247,
      "text" : "per",
      "whiteSpace" : false
    }, {
      "id" : "s0-t42",
      "begin" : 247,
      "end" : 248,
      "text" : "-",
      "whiteSpace" : false
    }, {
      "id" : "s0-t43",
      "begin" : 248,
      "end" : 255,
      "text" : "product",
      "whiteSpace" : false
    }, {
      "id" : "s0-t44",
      "begin" : 256,
      "end" : 267,
      "text" : "credentials",
      "whiteSpace" : false
    }, {
      "id" : "s0-t45",
      "begin" : 268,
      "end" : 270,
      "text" : "to",
      "whiteSpace" : false
    }, {
      "id" : "s0-t46",
      "begin" : 271,
      "end" : 274,
      "text" : "the",
      "whiteSpace" : false
    }, {
      "id" : "s0-t47",
      "begin" : 275,
      "end" : 283,
      "text" : "software",
      "whiteSpace" : false
    }, {
      "id" : "s0-t48",
      "begin" : 284,
      "end" : 294,
      "text" : "deployment",
      "whiteSpace" : false
    }, {
      "id" : "s0-t49",
      "begin" : 295,
      "end" : 302,
      "text" : "network",
      "whiteSpace" : false
    }, {
      "id" : "s0-t50",
      "begin" : 302,
      "end" : 303,
      "text" : ".",
      "whiteSpace" : false
    } ]
  }, {
    "id" : "s1",
    "begin" : 304,
    "end" : 366,
    "text" : "| MISC:https://ics-cert.us-cert.gov/advisories/ICSMA-18-058-01",
    "tokens" : [ {
      "id" : "s1-t0",
      "begin" : 304,
      "end" : 305,
      "text" : "|",
      "whiteSpace" : false
    }, {
      "id" : "s1-t1",
      "begin" : 306,
      "end" : 366,
      "text" : "MISC:https://ics-cert.us-cert.gov/advisories/ICSMA-18-058-01",
      "whiteSpace" : false
    } ]
  } ],
  "mentions" : [ ],
  "relations" : [ ],
  "corefs" : [ ],
  "typeResolved" : true,
  "userResolved" : false
}