{
  "id" : "5ca6f540-e5bf-11e8-bc3f-812dc60f5413-1956",
  "name" : "CVE-2018-4196",
  "createdDate" : 0,
  "version" : 3,
  "text" : "CVE-2018-4196 | An issue was discovered in certain Apple products. macOS before 10.13.5 is affected. The issue involves the \"Accessibility Framework\" component. It allows attackers to execute arbitrary code in a privileged context or obtain sensitive information via a crafted app. | CONFIRM:https://support.apple.com/HT208849   |   SECTRACK:1041027   |   URL:http://www.securitytracker.com/id/1041027",
  "docLength" : 0,
  "language" : "EN",
  "status" : "READY",
  "modifiedDate" : 1541947069127,
  "documentSet" : [ ],
  "preannotation" : [ ],
  "sentences" : [ {
    "id" : "s0",
    "begin" : 0,
    "end" : 66,
    "text" : "CVE-2018-4196 | An issue was discovered in certain Apple products.",
    "tokens" : [ {
      "id" : "s0-t0",
      "begin" : 0,
      "end" : 13,
      "text" : "CVE-2018-4196",
      "whiteSpace" : false
    }, {
      "id" : "s0-t1",
      "begin" : 14,
      "end" : 15,
      "text" : "|",
      "whiteSpace" : false
    }, {
      "id" : "s0-t2",
      "begin" : 16,
      "end" : 18,
      "text" : "An",
      "whiteSpace" : false
    }, {
      "id" : "s0-t3",
      "begin" : 19,
      "end" : 24,
      "text" : "issue",
      "whiteSpace" : false
    }, {
      "id" : "s0-t4",
      "begin" : 25,
      "end" : 28,
      "text" : "was",
      "whiteSpace" : false
    }, {
      "id" : "s0-t5",
      "begin" : 29,
      "end" : 39,
      "text" : "discovered",
      "whiteSpace" : false
    }, {
      "id" : "s0-t6",
      "begin" : 40,
      "end" : 42,
      "text" : "in",
      "whiteSpace" : false
    }, {
      "id" : "s0-t7",
      "begin" : 43,
      "end" : 50,
      "text" : "certain",
      "whiteSpace" : false
    }, {
      "id" : "s0-t8",
      "begin" : 51,
      "end" : 56,
      "text" : "Apple",
      "whiteSpace" : false
    }, {
      "id" : "s0-t9",
      "begin" : 57,
      "end" : 65,
      "text" : "products",
      "whiteSpace" : false
    }, {
      "id" : "s0-t10",
      "begin" : 65,
      "end" : 66,
      "text" : ".",
      "whiteSpace" : false
    } ]
  }, {
    "id" : "s1",
    "begin" : 67,
    "end" : 100,
    "text" : "macOS before 10.13.5 is affected.",
    "tokens" : [ {
      "id" : "s1-t0",
      "begin" : 67,
      "end" : 72,
      "text" : "macOS",
      "whiteSpace" : false
    }, {
      "id" : "s1-t1",
      "begin" : 73,
      "end" : 79,
      "text" : "before",
      "whiteSpace" : false
    }, {
      "id" : "s1-t2",
      "begin" : 80,
      "end" : 87,
      "text" : "10.13.5",
      "whiteSpace" : false
    }, {
      "id" : "s1-t3",
      "begin" : 88,
      "end" : 90,
      "text" : "is",
      "whiteSpace" : false
    }, {
      "id" : "s1-t4",
      "begin" : 91,
      "end" : 99,
      "text" : "affected",
      "whiteSpace" : false
    }, {
      "id" : "s1-t5",
      "begin" : 99,
      "end" : 100,
      "text" : ".",
      "whiteSpace" : false
    } ]
  }, {
    "id" : "s2",
    "begin" : 101,
    "end" : 160,
    "text" : "The issue involves the \"Accessibility Framework\" component.",
    "tokens" : [ {
      "id" : "s2-t0",
      "begin" : 101,
      "end" : 104,
      "text" : "The",
      "whiteSpace" : false
    }, {
      "id" : "s2-t1",
      "begin" : 105,
      "end" : 110,
      "text" : "issue",
      "whiteSpace" : false
    }, {
      "id" : "s2-t2",
      "begin" : 111,
      "end" : 119,
      "text" : "involves",
      "whiteSpace" : false
    }, {
      "id" : "s2-t3",
      "begin" : 120,
      "end" : 123,
      "text" : "the",
      "whiteSpace" : false
    }, {
      "id" : "s2-t4",
      "begin" : 124,
      "end" : 125,
      "text" : "\"",
      "whiteSpace" : false
    }, {
      "id" : "s2-t5",
      "begin" : 125,
      "end" : 138,
      "text" : "Accessibility",
      "whiteSpace" : false
    }, {
      "id" : "s2-t6",
      "begin" : 139,
      "end" : 148,
      "text" : "Framework",
      "whiteSpace" : false
    }, {
      "id" : "s2-t7",
      "begin" : 148,
      "end" : 149,
      "text" : "\"",
      "whiteSpace" : false
    }, {
      "id" : "s2-t8",
      "begin" : 150,
      "end" : 159,
      "text" : "component",
      "whiteSpace" : false
    }, {
      "id" : "s2-t9",
      "begin" : 159,
      "end" : 160,
      "text" : ".",
      "whiteSpace" : false
    } ]
  }, {
    "id" : "s3",
    "begin" : 161,
    "end" : 281,
    "text" : "It allows attackers to execute arbitrary code in a privileged context or obtain sensitive information via a crafted app.",
    "tokens" : [ {
      "id" : "s3-t0",
      "begin" : 161,
      "end" : 163,
      "text" : "It",
      "whiteSpace" : false
    }, {
      "id" : "s3-t1",
      "begin" : 164,
      "end" : 170,
      "text" : "allows",
      "whiteSpace" : false
    }, {
      "id" : "s3-t2",
      "begin" : 171,
      "end" : 180,
      "text" : "attackers",
      "whiteSpace" : false
    }, {
      "id" : "s3-t3",
      "begin" : 181,
      "end" : 183,
      "text" : "to",
      "whiteSpace" : false
    }, {
      "id" : "s3-t4",
      "begin" : 184,
      "end" : 191,
      "text" : "execute",
      "whiteSpace" : false
    }, {
      "id" : "s3-t5",
      "begin" : 192,
      "end" : 201,
      "text" : "arbitrary",
      "whiteSpace" : false
    }, {
      "id" : "s3-t6",
      "begin" : 202,
      "end" : 206,
      "text" : "code",
      "whiteSpace" : false
    }, {
      "id" : "s3-t7",
      "begin" : 207,
      "end" : 209,
      "text" : "in",
      "whiteSpace" : false
    }, {
      "id" : "s3-t8",
      "begin" : 210,
      "end" : 211,
      "text" : "a",
      "whiteSpace" : false
    }, {
      "id" : "s3-t9",
      "begin" : 212,
      "end" : 222,
      "text" : "privileged",
      "whiteSpace" : false
    }, {
      "id" : "s3-t10",
      "begin" : 223,
      "end" : 230,
      "text" : "context",
      "whiteSpace" : false
    }, {
      "id" : "s3-t11",
      "begin" : 231,
      "end" : 233,
      "text" : "or",
      "whiteSpace" : false
    }, {
      "id" : "s3-t12",
      "begin" : 234,
      "end" : 240,
      "text" : "obtain",
      "whiteSpace" : false
    }, {
      "id" : "s3-t13",
      "begin" : 241,
      "end" : 250,
      "text" : "sensitive",
      "whiteSpace" : false
    }, {
      "id" : "s3-t14",
      "begin" : 251,
      "end" : 262,
      "text" : "information",
      "whiteSpace" : false
    }, {
      "id" : "s3-t15",
      "begin" : 263,
      "end" : 266,
      "text" : "via",
      "whiteSpace" : false
    }, {
      "id" : "s3-t16",
      "begin" : 267,
      "end" : 268,
      "text" : "a",
      "whiteSpace" : false
    }, {
      "id" : "s3-t17",
      "begin" : 269,
      "end" : 276,
      "text" : "crafted",
      "whiteSpace" : false
    }, {
      "id" : "s3-t18",
      "begin" : 277,
      "end" : 280,
      "text" : "app",
      "whiteSpace" : false
    }, {
      "id" : "s3-t19",
      "begin" : 280,
      "end" : 281,
      "text" : ".",
      "whiteSpace" : false
    } ]
  }, {
    "id" : "s4",
    "begin" : 282,
    "end" : 401,
    "text" : "| CONFIRM:https://support.apple.com/HT208849   |   SECTRACK:1041027   |   URL:http://www.securitytracker.com/id/1041027",
    "tokens" : [ {
      "id" : "s4-t0",
      "begin" : 282,
      "end" : 283,
      "text" : "|",
      "whiteSpace" : false
    }, {
      "id" : "s4-t1",
      "begin" : 284,
      "end" : 326,
      "text" : "CONFIRM:https://support.apple.com/HT208849",
      "whiteSpace" : false
    }, {
      "id" : "s4-t2",
      "begin" : 329,
      "end" : 330,
      "text" : "|",
      "whiteSpace" : false
    }, {
      "id" : "s4-t3",
      "begin" : 333,
      "end" : 341,
      "text" : "SECTRACK",
      "whiteSpace" : false
    }, {
      "id" : "s4-t4",
      "begin" : 341,
      "end" : 342,
      "text" : ":",
      "whiteSpace" : false
    }, {
      "id" : "s4-t5",
      "begin" : 342,
      "end" : 349,
      "text" : "1041027",
      "whiteSpace" : false
    }, {
      "id" : "s4-t6",
      "begin" : 352,
      "end" : 353,
      "text" : "|",
      "whiteSpace" : false
    }, {
      "id" : "s4-t7",
      "begin" : 356,
      "end" : 394,
      "text" : "URL:http://www.securitytracker.com/id/",
      "whiteSpace" : false
    }, {
      "id" : "s4-t8",
      "begin" : 394,
      "end" : 401,
      "text" : "1041027",
      "whiteSpace" : false
    } ]
  } ],
  "mentions" : [ ],
  "relations" : [ ],
  "corefs" : [ ],
  "typeResolved" : true,
  "userResolved" : false
}