{
  "id" : "5ca6f540-e5bf-11e8-bc3f-812dc60f5413-368",
  "name" : "CVE-2018-7280",
  "createdDate" : 0,
  "version" : 3,
  "text" : "CVE-2018-7280 | The Ninja Forms plugin before 3.2.14 for WordPress has XSS. | CONFIRM:https://wordpress.org/plugins/ninja-forms/#developers",
  "docLength" : 0,
  "language" : "EN",
  "status" : "READY",
  "modifiedDate" : 1541947069127,
  "documentSet" : [ ],
  "preannotation" : [ ],
  "sentences" : [ {
    "id" : "s0",
    "begin" : 0,
    "end" : 75,
    "text" : "CVE-2018-7280 | The Ninja Forms plugin before 3.2.14 for WordPress has XSS.",
    "tokens" : [ {
      "id" : "s0-t0",
      "begin" : 0,
      "end" : 13,
      "text" : "CVE-2018-7280",
      "whiteSpace" : false
    }, {
      "id" : "s0-t1",
      "begin" : 14,
      "end" : 15,
      "text" : "|",
      "whiteSpace" : false
    }, {
      "id" : "s0-t2",
      "begin" : 16,
      "end" : 19,
      "text" : "The",
      "whiteSpace" : false
    }, {
      "id" : "s0-t3",
      "begin" : 20,
      "end" : 25,
      "text" : "Ninja",
      "whiteSpace" : false
    }, {
      "id" : "s0-t4",
      "begin" : 26,
      "end" : 31,
      "text" : "Forms",
      "whiteSpace" : false
    }, {
      "id" : "s0-t5",
      "begin" : 32,
      "end" : 38,
      "text" : "plugin",
      "whiteSpace" : false
    }, {
      "id" : "s0-t6",
      "begin" : 39,
      "end" : 45,
      "text" : "before",
      "whiteSpace" : false
    }, {
      "id" : "s0-t7",
      "begin" : 46,
      "end" : 52,
      "text" : "3.2.14",
      "whiteSpace" : false
    }, {
      "id" : "s0-t8",
      "begin" : 53,
      "end" : 56,
      "text" : "for",
      "whiteSpace" : false
    }, {
      "id" : "s0-t9",
      "begin" : 57,
      "end" : 66,
      "text" : "WordPress",
      "whiteSpace" : false
    }, {
      "id" : "s0-t10",
      "begin" : 67,
      "end" : 70,
      "text" : "has",
      "whiteSpace" : false
    }, {
      "id" : "s0-t11",
      "begin" : 71,
      "end" : 74,
      "text" : "XSS",
      "whiteSpace" : false
    }, {
      "id" : "s0-t12",
      "begin" : 74,
      "end" : 75,
      "text" : ".",
      "whiteSpace" : false
    } ]
  }, {
    "id" : "s1",
    "begin" : 76,
    "end" : 139,
    "text" : "| CONFIRM:https://wordpress.org/plugins/ninja-forms/#developers",
    "tokens" : [ {
      "id" : "s1-t0",
      "begin" : 76,
      "end" : 77,
      "text" : "|",
      "whiteSpace" : false
    }, {
      "id" : "s1-t1",
      "begin" : 78,
      "end" : 127,
      "text" : "CONFIRM:https://wordpress.org/plugins/ninja-forms",
      "whiteSpace" : false
    }, {
      "id" : "s1-t2",
      "begin" : 127,
      "end" : 128,
      "text" : "/",
      "whiteSpace" : false
    }, {
      "id" : "s1-t3",
      "begin" : 128,
      "end" : 139,
      "text" : "#developers",
      "whiteSpace" : false
    } ]
  } ],
  "mentions" : [ ],
  "relations" : [ ],
  "corefs" : [ ],
  "typeResolved" : true,
  "userResolved" : false
}