{
  "id" : "5ca6f540-e5bf-11e8-bc3f-812dc60f5413-1563",
  "name" : "CVE-2018-5211",
  "createdDate" : 0,
  "version" : 3,
  "text" : "CVE-2018-5211 | PHP Melody version 2.7.1 suffer from SQL Injection Time-based attack on the page ajax.php with the parameter playlist. | EXPLOIT-DB:43409   |   URL:https://www.exploit-db.com/exploits/43409/",
  "docLength" : 0,
  "language" : "EN",
  "status" : "READY",
  "modifiedDate" : 1541947069127,
  "documentSet" : [ ],
  "preannotation" : [ ],
  "sentences" : [ {
    "id" : "s0",
    "begin" : 0,
    "end" : 134,
    "text" : "CVE-2018-5211 | PHP Melody version 2.7.1 suffer from SQL Injection Time-based attack on the page ajax.php with the parameter playlist.",
    "tokens" : [ {
      "id" : "s0-t0",
      "begin" : 0,
      "end" : 13,
      "text" : "CVE-2018-5211",
      "whiteSpace" : false
    }, {
      "id" : "s0-t1",
      "begin" : 14,
      "end" : 15,
      "text" : "|",
      "whiteSpace" : false
    }, {
      "id" : "s0-t2",
      "begin" : 16,
      "end" : 19,
      "text" : "PHP",
      "whiteSpace" : false
    }, {
      "id" : "s0-t3",
      "begin" : 20,
      "end" : 26,
      "text" : "Melody",
      "whiteSpace" : false
    }, {
      "id" : "s0-t4",
      "begin" : 27,
      "end" : 34,
      "text" : "version",
      "whiteSpace" : false
    }, {
      "id" : "s0-t5",
      "begin" : 35,
      "end" : 40,
      "text" : "2.7.1",
      "whiteSpace" : false
    }, {
      "id" : "s0-t6",
      "begin" : 41,
      "end" : 47,
      "text" : "suffer",
      "whiteSpace" : false
    }, {
      "id" : "s0-t7",
      "begin" : 48,
      "end" : 52,
      "text" : "from",
      "whiteSpace" : false
    }, {
      "id" : "s0-t8",
      "begin" : 53,
      "end" : 56,
      "text" : "SQL",
      "whiteSpace" : false
    }, {
      "id" : "s0-t9",
      "begin" : 57,
      "end" : 66,
      "text" : "Injection",
      "whiteSpace" : false
    }, {
      "id" : "s0-t10",
      "begin" : 67,
      "end" : 71,
      "text" : "Time",
      "whiteSpace" : false
    }, {
      "id" : "s0-t11",
      "begin" : 71,
      "end" : 72,
      "text" : "-",
      "whiteSpace" : false
    }, {
      "id" : "s0-t12",
      "begin" : 72,
      "end" : 77,
      "text" : "based",
      "whiteSpace" : false
    }, {
      "id" : "s0-t13",
      "begin" : 78,
      "end" : 84,
      "text" : "attack",
      "whiteSpace" : false
    }, {
      "id" : "s0-t14",
      "begin" : 85,
      "end" : 87,
      "text" : "on",
      "whiteSpace" : false
    }, {
      "id" : "s0-t15",
      "begin" : 88,
      "end" : 91,
      "text" : "the",
      "whiteSpace" : false
    }, {
      "id" : "s0-t16",
      "begin" : 92,
      "end" : 96,
      "text" : "page",
      "whiteSpace" : false
    }, {
      "id" : "s0-t17",
      "begin" : 97,
      "end" : 105,
      "text" : "ajax.php",
      "whiteSpace" : false
    }, {
      "id" : "s0-t18",
      "begin" : 106,
      "end" : 110,
      "text" : "with",
      "whiteSpace" : false
    }, {
      "id" : "s0-t19",
      "begin" : 111,
      "end" : 114,
      "text" : "the",
      "whiteSpace" : false
    }, {
      "id" : "s0-t20",
      "begin" : 115,
      "end" : 124,
      "text" : "parameter",
      "whiteSpace" : false
    }, {
      "id" : "s0-t21",
      "begin" : 125,
      "end" : 133,
      "text" : "playlist",
      "whiteSpace" : false
    }, {
      "id" : "s0-t22",
      "begin" : 133,
      "end" : 134,
      "text" : ".",
      "whiteSpace" : false
    } ]
  }, {
    "id" : "s1",
    "begin" : 135,
    "end" : 206,
    "text" : "| EXPLOIT-DB:43409   |   URL:https://www.exploit-db.com/exploits/43409/",
    "tokens" : [ {
      "id" : "s1-t0",
      "begin" : 135,
      "end" : 136,
      "text" : "|",
      "whiteSpace" : false
    }, {
      "id" : "s1-t1",
      "begin" : 137,
      "end" : 147,
      "text" : "EXPLOIT-DB",
      "whiteSpace" : false
    }, {
      "id" : "s1-t2",
      "begin" : 147,
      "end" : 148,
      "text" : ":",
      "whiteSpace" : false
    }, {
      "id" : "s1-t3",
      "begin" : 148,
      "end" : 153,
      "text" : "43409",
      "whiteSpace" : false
    }, {
      "id" : "s1-t4",
      "begin" : 156,
      "end" : 157,
      "text" : "|",
      "whiteSpace" : false
    }, {
      "id" : "s1-t5",
      "begin" : 160,
      "end" : 205,
      "text" : "URL:https://www.exploit-db.com/exploits/43409",
      "whiteSpace" : false
    }, {
      "id" : "s1-t6",
      "begin" : 205,
      "end" : 206,
      "text" : "/",
      "whiteSpace" : false
    } ]
  } ],
  "mentions" : [ ],
  "relations" : [ ],
  "corefs" : [ ],
  "typeResolved" : true,
  "userResolved" : false
}