{
  "id" : "5ca6f540-e5bf-11e8-bc3f-812dc60f5413-1380",
  "name" : "CVE-2018-5468",
  "createdDate" : 0,
  "version" : 3,
  "text" : "CVE-2018-5468 | Philips Intellispace Portal all versions 7.0.x and 8.0.x have a remote desktop access vulnerability that could allow an attacker to gain unauthorized access and in some cases escalate their level of privilege or execute arbitrary code | MISC:https://ics-cert.us-cert.gov/advisories/ICSMA-18-058-02   |   CONFIRM:https://www.usa.philips.com/healthcare/about/customer-support/product-security   |   BID:103182   |   URL:http://www.securityfocus.com/bid/103182",
  "docLength" : 0,
  "language" : "EN",
  "status" : "READY",
  "modifiedDate" : 1541947069127,
  "documentSet" : [ ],
  "preannotation" : [ ],
  "sentences" : [ {
    "id" : "s0",
    "begin" : 0,
    "end" : 473,
    "text" : "CVE-2018-5468 | Philips Intellispace Portal all versions 7.0.x and 8.0.x have a remote desktop access vulnerability that could allow an attacker to gain unauthorized access and in some cases escalate their level of privilege or execute arbitrary code | MISC:https://ics-cert.us-cert.gov/advisories/ICSMA-18-058-02   |   CONFIRM:https://www.usa.philips.com/healthcare/about/customer-support/product-security   |   BID:103182   |   URL:http://www.securityfocus.com/bid/103182",
    "tokens" : [ {
      "id" : "s0-t0",
      "begin" : 0,
      "end" : 13,
      "text" : "CVE-2018-5468",
      "whiteSpace" : false
    }, {
      "id" : "s0-t1",
      "begin" : 14,
      "end" : 15,
      "text" : "|",
      "whiteSpace" : false
    }, {
      "id" : "s0-t2",
      "begin" : 16,
      "end" : 23,
      "text" : "Philips",
      "whiteSpace" : false
    }, {
      "id" : "s0-t3",
      "begin" : 24,
      "end" : 36,
      "text" : "Intellispace",
      "whiteSpace" : false
    }, {
      "id" : "s0-t4",
      "begin" : 37,
      "end" : 43,
      "text" : "Portal",
      "whiteSpace" : false
    }, {
      "id" : "s0-t5",
      "begin" : 44,
      "end" : 47,
      "text" : "all",
      "whiteSpace" : false
    }, {
      "id" : "s0-t6",
      "begin" : 48,
      "end" : 56,
      "text" : "versions",
      "whiteSpace" : false
    }, {
      "id" : "s0-t7",
      "begin" : 57,
      "end" : 62,
      "text" : "7.0.x",
      "whiteSpace" : false
    }, {
      "id" : "s0-t8",
      "begin" : 63,
      "end" : 66,
      "text" : "and",
      "whiteSpace" : false
    }, {
      "id" : "s0-t9",
      "begin" : 67,
      "end" : 72,
      "text" : "8.0.x",
      "whiteSpace" : false
    }, {
      "id" : "s0-t10",
      "begin" : 73,
      "end" : 77,
      "text" : "have",
      "whiteSpace" : false
    }, {
      "id" : "s0-t11",
      "begin" : 78,
      "end" : 79,
      "text" : "a",
      "whiteSpace" : false
    }, {
      "id" : "s0-t12",
      "begin" : 80,
      "end" : 86,
      "text" : "remote",
      "whiteSpace" : false
    }, {
      "id" : "s0-t13",
      "begin" : 87,
      "end" : 94,
      "text" : "desktop",
      "whiteSpace" : false
    }, {
      "id" : "s0-t14",
      "begin" : 95,
      "end" : 101,
      "text" : "access",
      "whiteSpace" : false
    }, {
      "id" : "s0-t15",
      "begin" : 102,
      "end" : 115,
      "text" : "vulnerability",
      "whiteSpace" : false
    }, {
      "id" : "s0-t16",
      "begin" : 116,
      "end" : 120,
      "text" : "that",
      "whiteSpace" : false
    }, {
      "id" : "s0-t17",
      "begin" : 121,
      "end" : 126,
      "text" : "could",
      "whiteSpace" : false
    }, {
      "id" : "s0-t18",
      "begin" : 127,
      "end" : 132,
      "text" : "allow",
      "whiteSpace" : false
    }, {
      "id" : "s0-t19",
      "begin" : 133,
      "end" : 135,
      "text" : "an",
      "whiteSpace" : false
    }, {
      "id" : "s0-t20",
      "begin" : 136,
      "end" : 144,
      "text" : "attacker",
      "whiteSpace" : false
    }, {
      "id" : "s0-t21",
      "begin" : 145,
      "end" : 147,
      "text" : "to",
      "whiteSpace" : false
    }, {
      "id" : "s0-t22",
      "begin" : 148,
      "end" : 152,
      "text" : "gain",
      "whiteSpace" : false
    }, {
      "id" : "s0-t23",
      "begin" : 153,
      "end" : 165,
      "text" : "unauthorized",
      "whiteSpace" : false
    }, {
      "id" : "s0-t24",
      "begin" : 166,
      "end" : 172,
      "text" : "access",
      "whiteSpace" : false
    }, {
      "id" : "s0-t25",
      "begin" : 173,
      "end" : 176,
      "text" : "and",
      "whiteSpace" : false
    }, {
      "id" : "s0-t26",
      "begin" : 177,
      "end" : 179,
      "text" : "in",
      "whiteSpace" : false
    }, {
      "id" : "s0-t27",
      "begin" : 180,
      "end" : 184,
      "text" : "some",
      "whiteSpace" : false
    }, {
      "id" : "s0-t28",
      "begin" : 185,
      "end" : 190,
      "text" : "cases",
      "whiteSpace" : false
    }, {
      "id" : "s0-t29",
      "begin" : 191,
      "end" : 199,
      "text" : "escalate",
      "whiteSpace" : false
    }, {
      "id" : "s0-t30",
      "begin" : 200,
      "end" : 205,
      "text" : "their",
      "whiteSpace" : false
    }, {
      "id" : "s0-t31",
      "begin" : 206,
      "end" : 211,
      "text" : "level",
      "whiteSpace" : false
    }, {
      "id" : "s0-t32",
      "begin" : 212,
      "end" : 214,
      "text" : "of",
      "whiteSpace" : false
    }, {
      "id" : "s0-t33",
      "begin" : 215,
      "end" : 224,
      "text" : "privilege",
      "whiteSpace" : false
    }, {
      "id" : "s0-t34",
      "begin" : 225,
      "end" : 227,
      "text" : "or",
      "whiteSpace" : false
    }, {
      "id" : "s0-t35",
      "begin" : 228,
      "end" : 235,
      "text" : "execute",
      "whiteSpace" : false
    }, {
      "id" : "s0-t36",
      "begin" : 236,
      "end" : 245,
      "text" : "arbitrary",
      "whiteSpace" : false
    }, {
      "id" : "s0-t37",
      "begin" : 246,
      "end" : 250,
      "text" : "code",
      "whiteSpace" : false
    }, {
      "id" : "s0-t38",
      "begin" : 251,
      "end" : 252,
      "text" : "|",
      "whiteSpace" : false
    }, {
      "id" : "s0-t39",
      "begin" : 253,
      "end" : 313,
      "text" : "MISC:https://ics-cert.us-cert.gov/advisories/ICSMA-18-058-02",
      "whiteSpace" : false
    }, {
      "id" : "s0-t40",
      "begin" : 316,
      "end" : 317,
      "text" : "|",
      "whiteSpace" : false
    }, {
      "id" : "s0-t41",
      "begin" : 320,
      "end" : 397,
      "text" : "CONFIRM:https://www.usa.philips.com/healthcare/about/customer-support/product",
      "whiteSpace" : false
    }, {
      "id" : "s0-t42",
      "begin" : 397,
      "end" : 398,
      "text" : "-",
      "whiteSpace" : false
    }, {
      "id" : "s0-t43",
      "begin" : 398,
      "end" : 406,
      "text" : "security",
      "whiteSpace" : false
    }, {
      "id" : "s0-t44",
      "begin" : 409,
      "end" : 410,
      "text" : "|",
      "whiteSpace" : false
    }, {
      "id" : "s0-t45",
      "begin" : 413,
      "end" : 416,
      "text" : "BID",
      "whiteSpace" : false
    }, {
      "id" : "s0-t46",
      "begin" : 416,
      "end" : 417,
      "text" : ":",
      "whiteSpace" : false
    }, {
      "id" : "s0-t47",
      "begin" : 417,
      "end" : 423,
      "text" : "103182",
      "whiteSpace" : false
    }, {
      "id" : "s0-t48",
      "begin" : 426,
      "end" : 427,
      "text" : "|",
      "whiteSpace" : false
    }, {
      "id" : "s0-t49",
      "begin" : 430,
      "end" : 467,
      "text" : "URL:http://www.securityfocus.com/bid/",
      "whiteSpace" : false
    }, {
      "id" : "s0-t50",
      "begin" : 467,
      "end" : 473,
      "text" : "103182",
      "whiteSpace" : false
    } ]
  } ],
  "mentions" : [ ],
  "relations" : [ ],
  "corefs" : [ ],
  "typeResolved" : true,
  "userResolved" : false
}