{
  "id" : "5ca6f540-e5bf-11e8-bc3f-812dc60f5413-1960",
  "name" : "CVE-2018-4188",
  "createdDate" : 0,
  "version" : 3,
  "text" : "CVE-2018-4188 | An issue was discovered in certain Apple products. iOS before 11.4 is affected. Safari before 11.1.1 is affected. iCloud before 7.5 on Windows is affected. iTunes before 12.7.5 on Windows is affected. tvOS before 11.4 is affected. The issue involves the \"WebKit\" component. It allows remote attackers to spoof the address bar via a crafted web site. | CONFIRM:https://support.apple.com/HT208848   |   CONFIRM:https://support.apple.com/HT208850   |   CONFIRM:https://support.apple.com/HT208852   |   CONFIRM:https://support.apple.com/HT208853   |   CONFIRM:https://support.apple.com/HT208854   |   SECTRACK:1041029   |   URL:http://www.securitytracker.com/id/1041029",
  "docLength" : 0,
  "language" : "EN",
  "status" : "READY",
  "modifiedDate" : 1541947069127,
  "documentSet" : [ ],
  "preannotation" : [ ],
  "sentences" : [ {
    "id" : "s0",
    "begin" : 0,
    "end" : 66,
    "text" : "CVE-2018-4188 | An issue was discovered in certain Apple products.",
    "tokens" : [ {
      "id" : "s0-t0",
      "begin" : 0,
      "end" : 13,
      "text" : "CVE-2018-4188",
      "whiteSpace" : false
    }, {
      "id" : "s0-t1",
      "begin" : 14,
      "end" : 15,
      "text" : "|",
      "whiteSpace" : false
    }, {
      "id" : "s0-t2",
      "begin" : 16,
      "end" : 18,
      "text" : "An",
      "whiteSpace" : false
    }, {
      "id" : "s0-t3",
      "begin" : 19,
      "end" : 24,
      "text" : "issue",
      "whiteSpace" : false
    }, {
      "id" : "s0-t4",
      "begin" : 25,
      "end" : 28,
      "text" : "was",
      "whiteSpace" : false
    }, {
      "id" : "s0-t5",
      "begin" : 29,
      "end" : 39,
      "text" : "discovered",
      "whiteSpace" : false
    }, {
      "id" : "s0-t6",
      "begin" : 40,
      "end" : 42,
      "text" : "in",
      "whiteSpace" : false
    }, {
      "id" : "s0-t7",
      "begin" : 43,
      "end" : 50,
      "text" : "certain",
      "whiteSpace" : false
    }, {
      "id" : "s0-t8",
      "begin" : 51,
      "end" : 56,
      "text" : "Apple",
      "whiteSpace" : false
    }, {
      "id" : "s0-t9",
      "begin" : 57,
      "end" : 65,
      "text" : "products",
      "whiteSpace" : false
    }, {
      "id" : "s0-t10",
      "begin" : 65,
      "end" : 66,
      "text" : ".",
      "whiteSpace" : false
    } ]
  }, {
    "id" : "s1",
    "begin" : 67,
    "end" : 95,
    "text" : "iOS before 11.4 is affected.",
    "tokens" : [ {
      "id" : "s1-t0",
      "begin" : 67,
      "end" : 70,
      "text" : "iOS",
      "whiteSpace" : false
    }, {
      "id" : "s1-t1",
      "begin" : 71,
      "end" : 77,
      "text" : "before",
      "whiteSpace" : false
    }, {
      "id" : "s1-t2",
      "begin" : 78,
      "end" : 82,
      "text" : "11.4",
      "whiteSpace" : false
    }, {
      "id" : "s1-t3",
      "begin" : 83,
      "end" : 85,
      "text" : "is",
      "whiteSpace" : false
    }, {
      "id" : "s1-t4",
      "begin" : 86,
      "end" : 94,
      "text" : "affected",
      "whiteSpace" : false
    }, {
      "id" : "s1-t5",
      "begin" : 94,
      "end" : 95,
      "text" : ".",
      "whiteSpace" : false
    } ]
  }, {
    "id" : "s2",
    "begin" : 96,
    "end" : 129,
    "text" : "Safari before 11.1.1 is affected.",
    "tokens" : [ {
      "id" : "s2-t0",
      "begin" : 96,
      "end" : 102,
      "text" : "Safari",
      "whiteSpace" : false
    }, {
      "id" : "s2-t1",
      "begin" : 103,
      "end" : 109,
      "text" : "before",
      "whiteSpace" : false
    }, {
      "id" : "s2-t2",
      "begin" : 110,
      "end" : 116,
      "text" : "11.1.1",
      "whiteSpace" : false
    }, {
      "id" : "s2-t3",
      "begin" : 117,
      "end" : 119,
      "text" : "is",
      "whiteSpace" : false
    }, {
      "id" : "s2-t4",
      "begin" : 120,
      "end" : 128,
      "text" : "affected",
      "whiteSpace" : false
    }, {
      "id" : "s2-t5",
      "begin" : 128,
      "end" : 129,
      "text" : ".",
      "whiteSpace" : false
    } ]
  }, {
    "id" : "s3",
    "begin" : 130,
    "end" : 171,
    "text" : "iCloud before 7.5 on Windows is affected.",
    "tokens" : [ {
      "id" : "s3-t0",
      "begin" : 130,
      "end" : 136,
      "text" : "iCloud",
      "whiteSpace" : false
    }, {
      "id" : "s3-t1",
      "begin" : 137,
      "end" : 143,
      "text" : "before",
      "whiteSpace" : false
    }, {
      "id" : "s3-t2",
      "begin" : 144,
      "end" : 147,
      "text" : "7.5",
      "whiteSpace" : false
    }, {
      "id" : "s3-t3",
      "begin" : 148,
      "end" : 150,
      "text" : "on",
      "whiteSpace" : false
    }, {
      "id" : "s3-t4",
      "begin" : 151,
      "end" : 158,
      "text" : "Windows",
      "whiteSpace" : false
    }, {
      "id" : "s3-t5",
      "begin" : 159,
      "end" : 161,
      "text" : "is",
      "whiteSpace" : false
    }, {
      "id" : "s3-t6",
      "begin" : 162,
      "end" : 170,
      "text" : "affected",
      "whiteSpace" : false
    }, {
      "id" : "s3-t7",
      "begin" : 170,
      "end" : 171,
      "text" : ".",
      "whiteSpace" : false
    } ]
  }, {
    "id" : "s4",
    "begin" : 172,
    "end" : 216,
    "text" : "iTunes before 12.7.5 on Windows is affected.",
    "tokens" : [ {
      "id" : "s4-t0",
      "begin" : 172,
      "end" : 178,
      "text" : "iTunes",
      "whiteSpace" : false
    }, {
      "id" : "s4-t1",
      "begin" : 179,
      "end" : 185,
      "text" : "before",
      "whiteSpace" : false
    }, {
      "id" : "s4-t2",
      "begin" : 186,
      "end" : 192,
      "text" : "12.7.5",
      "whiteSpace" : false
    }, {
      "id" : "s4-t3",
      "begin" : 193,
      "end" : 195,
      "text" : "on",
      "whiteSpace" : false
    }, {
      "id" : "s4-t4",
      "begin" : 196,
      "end" : 203,
      "text" : "Windows",
      "whiteSpace" : false
    }, {
      "id" : "s4-t5",
      "begin" : 204,
      "end" : 206,
      "text" : "is",
      "whiteSpace" : false
    }, {
      "id" : "s4-t6",
      "begin" : 207,
      "end" : 215,
      "text" : "affected",
      "whiteSpace" : false
    }, {
      "id" : "s4-t7",
      "begin" : 215,
      "end" : 216,
      "text" : ".",
      "whiteSpace" : false
    } ]
  }, {
    "id" : "s5",
    "begin" : 217,
    "end" : 246,
    "text" : "tvOS before 11.4 is affected.",
    "tokens" : [ {
      "id" : "s5-t0",
      "begin" : 217,
      "end" : 221,
      "text" : "tvOS",
      "whiteSpace" : false
    }, {
      "id" : "s5-t1",
      "begin" : 222,
      "end" : 228,
      "text" : "before",
      "whiteSpace" : false
    }, {
      "id" : "s5-t2",
      "begin" : 229,
      "end" : 233,
      "text" : "11.4",
      "whiteSpace" : false
    }, {
      "id" : "s5-t3",
      "begin" : 234,
      "end" : 236,
      "text" : "is",
      "whiteSpace" : false
    }, {
      "id" : "s5-t4",
      "begin" : 237,
      "end" : 245,
      "text" : "affected",
      "whiteSpace" : false
    }, {
      "id" : "s5-t5",
      "begin" : 245,
      "end" : 246,
      "text" : ".",
      "whiteSpace" : false
    } ]
  }, {
    "id" : "s6",
    "begin" : 247,
    "end" : 289,
    "text" : "The issue involves the \"WebKit\" component.",
    "tokens" : [ {
      "id" : "s6-t0",
      "begin" : 247,
      "end" : 250,
      "text" : "The",
      "whiteSpace" : false
    }, {
      "id" : "s6-t1",
      "begin" : 251,
      "end" : 256,
      "text" : "issue",
      "whiteSpace" : false
    }, {
      "id" : "s6-t2",
      "begin" : 257,
      "end" : 265,
      "text" : "involves",
      "whiteSpace" : false
    }, {
      "id" : "s6-t3",
      "begin" : 266,
      "end" : 269,
      "text" : "the",
      "whiteSpace" : false
    }, {
      "id" : "s6-t4",
      "begin" : 270,
      "end" : 271,
      "text" : "\"",
      "whiteSpace" : false
    }, {
      "id" : "s6-t5",
      "begin" : 271,
      "end" : 277,
      "text" : "WebKit",
      "whiteSpace" : false
    }, {
      "id" : "s6-t6",
      "begin" : 277,
      "end" : 278,
      "text" : "\"",
      "whiteSpace" : false
    }, {
      "id" : "s6-t7",
      "begin" : 279,
      "end" : 288,
      "text" : "component",
      "whiteSpace" : false
    }, {
      "id" : "s6-t8",
      "begin" : 288,
      "end" : 289,
      "text" : ".",
      "whiteSpace" : false
    } ]
  }, {
    "id" : "s7",
    "begin" : 290,
    "end" : 365,
    "text" : "It allows remote attackers to spoof the address bar via a crafted web site.",
    "tokens" : [ {
      "id" : "s7-t0",
      "begin" : 290,
      "end" : 292,
      "text" : "It",
      "whiteSpace" : false
    }, {
      "id" : "s7-t1",
      "begin" : 293,
      "end" : 299,
      "text" : "allows",
      "whiteSpace" : false
    }, {
      "id" : "s7-t2",
      "begin" : 300,
      "end" : 306,
      "text" : "remote",
      "whiteSpace" : false
    }, {
      "id" : "s7-t3",
      "begin" : 307,
      "end" : 316,
      "text" : "attackers",
      "whiteSpace" : false
    }, {
      "id" : "s7-t4",
      "begin" : 317,
      "end" : 319,
      "text" : "to",
      "whiteSpace" : false
    }, {
      "id" : "s7-t5",
      "begin" : 320,
      "end" : 325,
      "text" : "spoof",
      "whiteSpace" : false
    }, {
      "id" : "s7-t6",
      "begin" : 326,
      "end" : 329,
      "text" : "the",
      "whiteSpace" : false
    }, {
      "id" : "s7-t7",
      "begin" : 330,
      "end" : 337,
      "text" : "address",
      "whiteSpace" : false
    }, {
      "id" : "s7-t8",
      "begin" : 338,
      "end" : 341,
      "text" : "bar",
      "whiteSpace" : false
    }, {
      "id" : "s7-t9",
      "begin" : 342,
      "end" : 345,
      "text" : "via",
      "whiteSpace" : false
    }, {
      "id" : "s7-t10",
      "begin" : 346,
      "end" : 347,
      "text" : "a",
      "whiteSpace" : false
    }, {
      "id" : "s7-t11",
      "begin" : 348,
      "end" : 355,
      "text" : "crafted",
      "whiteSpace" : false
    }, {
      "id" : "s7-t12",
      "begin" : 356,
      "end" : 359,
      "text" : "web",
      "whiteSpace" : false
    }, {
      "id" : "s7-t13",
      "begin" : 360,
      "end" : 364,
      "text" : "site",
      "whiteSpace" : false
    }, {
      "id" : "s7-t14",
      "begin" : 364,
      "end" : 365,
      "text" : ".",
      "whiteSpace" : false
    } ]
  }, {
    "id" : "s8",
    "begin" : 366,
    "end" : 681,
    "text" : "| CONFIRM:https://support.apple.com/HT208848   |   CONFIRM:https://support.apple.com/HT208850   |   CONFIRM:https://support.apple.com/HT208852   |   CONFIRM:https://support.apple.com/HT208853   |   CONFIRM:https://support.apple.com/HT208854   |   SECTRACK:1041029   |   URL:http://www.securitytracker.com/id/1041029",
    "tokens" : [ {
      "id" : "s8-t0",
      "begin" : 366,
      "end" : 367,
      "text" : "|",
      "whiteSpace" : false
    }, {
      "id" : "s8-t1",
      "begin" : 368,
      "end" : 410,
      "text" : "CONFIRM:https://support.apple.com/HT208848",
      "whiteSpace" : false
    }, {
      "id" : "s8-t2",
      "begin" : 413,
      "end" : 414,
      "text" : "|",
      "whiteSpace" : false
    }, {
      "id" : "s8-t3",
      "begin" : 417,
      "end" : 459,
      "text" : "CONFIRM:https://support.apple.com/HT208850",
      "whiteSpace" : false
    }, {
      "id" : "s8-t4",
      "begin" : 462,
      "end" : 463,
      "text" : "|",
      "whiteSpace" : false
    }, {
      "id" : "s8-t5",
      "begin" : 466,
      "end" : 508,
      "text" : "CONFIRM:https://support.apple.com/HT208852",
      "whiteSpace" : false
    }, {
      "id" : "s8-t6",
      "begin" : 511,
      "end" : 512,
      "text" : "|",
      "whiteSpace" : false
    }, {
      "id" : "s8-t7",
      "begin" : 515,
      "end" : 557,
      "text" : "CONFIRM:https://support.apple.com/HT208853",
      "whiteSpace" : false
    }, {
      "id" : "s8-t8",
      "begin" : 560,
      "end" : 561,
      "text" : "|",
      "whiteSpace" : false
    }, {
      "id" : "s8-t9",
      "begin" : 564,
      "end" : 606,
      "text" : "CONFIRM:https://support.apple.com/HT208854",
      "whiteSpace" : false
    }, {
      "id" : "s8-t10",
      "begin" : 609,
      "end" : 610,
      "text" : "|",
      "whiteSpace" : false
    }, {
      "id" : "s8-t11",
      "begin" : 613,
      "end" : 621,
      "text" : "SECTRACK",
      "whiteSpace" : false
    }, {
      "id" : "s8-t12",
      "begin" : 621,
      "end" : 622,
      "text" : ":",
      "whiteSpace" : false
    }, {
      "id" : "s8-t13",
      "begin" : 622,
      "end" : 629,
      "text" : "1041029",
      "whiteSpace" : false
    }, {
      "id" : "s8-t14",
      "begin" : 632,
      "end" : 633,
      "text" : "|",
      "whiteSpace" : false
    }, {
      "id" : "s8-t15",
      "begin" : 636,
      "end" : 674,
      "text" : "URL:http://www.securitytracker.com/id/",
      "whiteSpace" : false
    }, {
      "id" : "s8-t16",
      "begin" : 674,
      "end" : 681,
      "text" : "1041029",
      "whiteSpace" : false
    } ]
  } ],
  "mentions" : [ ],
  "relations" : [ ],
  "corefs" : [ ],
  "typeResolved" : true,
  "userResolved" : false
}