{
  "id" : "5ca6f540-e5bf-11e8-bc3f-812dc60f5413-1364",
  "name" : "CVE-2018-5490",
  "createdDate" : 0,
  "version" : 3,
  "text" : "CVE-2018-5490 | Read-Only export policy rules are not correctly enforced in Clustered Data ONTAP 8.3 Release Candidate versions and therefore may allow more than \"read-only\" access from authenticated SMBv2 and SMBv3 clients. This behavior has been resolved in the GA release. Customers running prior release candidates (RCs) are requested to update their systems to the NetApp Data ONTAP 8.3 GA release. | CONFIRM:https://security.netapp.com/advisory/ntap-20150324-0001/",
  "docLength" : 0,
  "language" : "EN",
  "status" : "READY",
  "modifiedDate" : 1541947069127,
  "documentSet" : [ ],
  "preannotation" : [ ],
  "sentences" : [ {
    "id" : "s0",
    "begin" : 0,
    "end" : 224,
    "text" : "CVE-2018-5490 | Read-Only export policy rules are not correctly enforced in Clustered Data ONTAP 8.3 Release Candidate versions and therefore may allow more than \"read-only\" access from authenticated SMBv2 and SMBv3 clients.",
    "tokens" : [ {
      "id" : "s0-t0",
      "begin" : 0,
      "end" : 13,
      "text" : "CVE-2018-5490",
      "whiteSpace" : false
    }, {
      "id" : "s0-t1",
      "begin" : 14,
      "end" : 15,
      "text" : "|",
      "whiteSpace" : false
    }, {
      "id" : "s0-t2",
      "begin" : 16,
      "end" : 20,
      "text" : "Read",
      "whiteSpace" : false
    }, {
      "id" : "s0-t3",
      "begin" : 20,
      "end" : 21,
      "text" : "-",
      "whiteSpace" : false
    }, {
      "id" : "s0-t4",
      "begin" : 21,
      "end" : 25,
      "text" : "Only",
      "whiteSpace" : false
    }, {
      "id" : "s0-t5",
      "begin" : 26,
      "end" : 32,
      "text" : "export",
      "whiteSpace" : false
    }, {
      "id" : "s0-t6",
      "begin" : 33,
      "end" : 39,
      "text" : "policy",
      "whiteSpace" : false
    }, {
      "id" : "s0-t7",
      "begin" : 40,
      "end" : 45,
      "text" : "rules",
      "whiteSpace" : false
    }, {
      "id" : "s0-t8",
      "begin" : 46,
      "end" : 49,
      "text" : "are",
      "whiteSpace" : false
    }, {
      "id" : "s0-t9",
      "begin" : 50,
      "end" : 53,
      "text" : "not",
      "whiteSpace" : false
    }, {
      "id" : "s0-t10",
      "begin" : 54,
      "end" : 63,
      "text" : "correctly",
      "whiteSpace" : false
    }, {
      "id" : "s0-t11",
      "begin" : 64,
      "end" : 72,
      "text" : "enforced",
      "whiteSpace" : false
    }, {
      "id" : "s0-t12",
      "begin" : 73,
      "end" : 75,
      "text" : "in",
      "whiteSpace" : false
    }, {
      "id" : "s0-t13",
      "begin" : 76,
      "end" : 85,
      "text" : "Clustered",
      "whiteSpace" : false
    }, {
      "id" : "s0-t14",
      "begin" : 86,
      "end" : 90,
      "text" : "Data",
      "whiteSpace" : false
    }, {
      "id" : "s0-t15",
      "begin" : 91,
      "end" : 96,
      "text" : "ONTAP",
      "whiteSpace" : false
    }, {
      "id" : "s0-t16",
      "begin" : 97,
      "end" : 100,
      "text" : "8.3",
      "whiteSpace" : false
    }, {
      "id" : "s0-t17",
      "begin" : 101,
      "end" : 108,
      "text" : "Release",
      "whiteSpace" : false
    }, {
      "id" : "s0-t18",
      "begin" : 109,
      "end" : 118,
      "text" : "Candidate",
      "whiteSpace" : false
    }, {
      "id" : "s0-t19",
      "begin" : 119,
      "end" : 127,
      "text" : "versions",
      "whiteSpace" : false
    }, {
      "id" : "s0-t20",
      "begin" : 128,
      "end" : 131,
      "text" : "and",
      "whiteSpace" : false
    }, {
      "id" : "s0-t21",
      "begin" : 132,
      "end" : 141,
      "text" : "therefore",
      "whiteSpace" : false
    }, {
      "id" : "s0-t22",
      "begin" : 142,
      "end" : 145,
      "text" : "may",
      "whiteSpace" : false
    }, {
      "id" : "s0-t23",
      "begin" : 146,
      "end" : 151,
      "text" : "allow",
      "whiteSpace" : false
    }, {
      "id" : "s0-t24",
      "begin" : 152,
      "end" : 156,
      "text" : "more",
      "whiteSpace" : false
    }, {
      "id" : "s0-t25",
      "begin" : 157,
      "end" : 161,
      "text" : "than",
      "whiteSpace" : false
    }, {
      "id" : "s0-t26",
      "begin" : 162,
      "end" : 163,
      "text" : "\"",
      "whiteSpace" : false
    }, {
      "id" : "s0-t27",
      "begin" : 163,
      "end" : 172,
      "text" : "read-only",
      "whiteSpace" : false
    }, {
      "id" : "s0-t28",
      "begin" : 172,
      "end" : 173,
      "text" : "\"",
      "whiteSpace" : false
    }, {
      "id" : "s0-t29",
      "begin" : 174,
      "end" : 180,
      "text" : "access",
      "whiteSpace" : false
    }, {
      "id" : "s0-t30",
      "begin" : 181,
      "end" : 185,
      "text" : "from",
      "whiteSpace" : false
    }, {
      "id" : "s0-t31",
      "begin" : 186,
      "end" : 199,
      "text" : "authenticated",
      "whiteSpace" : false
    }, {
      "id" : "s0-t32",
      "begin" : 200,
      "end" : 205,
      "text" : "SMBv2",
      "whiteSpace" : false
    }, {
      "id" : "s0-t33",
      "begin" : 206,
      "end" : 209,
      "text" : "and",
      "whiteSpace" : false
    }, {
      "id" : "s0-t34",
      "begin" : 210,
      "end" : 215,
      "text" : "SMBv3",
      "whiteSpace" : false
    }, {
      "id" : "s0-t35",
      "begin" : 216,
      "end" : 223,
      "text" : "clients",
      "whiteSpace" : false
    }, {
      "id" : "s0-t36",
      "begin" : 223,
      "end" : 224,
      "text" : ".",
      "whiteSpace" : false
    } ]
  }, {
    "id" : "s1",
    "begin" : 225,
    "end" : 275,
    "text" : "This behavior has been resolved in the GA release.",
    "tokens" : [ {
      "id" : "s1-t0",
      "begin" : 225,
      "end" : 229,
      "text" : "This",
      "whiteSpace" : false
    }, {
      "id" : "s1-t1",
      "begin" : 230,
      "end" : 238,
      "text" : "behavior",
      "whiteSpace" : false
    }, {
      "id" : "s1-t2",
      "begin" : 239,
      "end" : 242,
      "text" : "has",
      "whiteSpace" : false
    }, {
      "id" : "s1-t3",
      "begin" : 243,
      "end" : 247,
      "text" : "been",
      "whiteSpace" : false
    }, {
      "id" : "s1-t4",
      "begin" : 248,
      "end" : 256,
      "text" : "resolved",
      "whiteSpace" : false
    }, {
      "id" : "s1-t5",
      "begin" : 257,
      "end" : 259,
      "text" : "in",
      "whiteSpace" : false
    }, {
      "id" : "s1-t6",
      "begin" : 260,
      "end" : 263,
      "text" : "the",
      "whiteSpace" : false
    }, {
      "id" : "s1-t7",
      "begin" : 264,
      "end" : 266,
      "text" : "GA",
      "whiteSpace" : false
    }, {
      "id" : "s1-t8",
      "begin" : 267,
      "end" : 274,
      "text" : "release",
      "whiteSpace" : false
    }, {
      "id" : "s1-t9",
      "begin" : 274,
      "end" : 275,
      "text" : ".",
      "whiteSpace" : false
    } ]
  }, {
    "id" : "s2",
    "begin" : 276,
    "end" : 403,
    "text" : "Customers running prior release candidates (RCs) are requested to update their systems to the NetApp Data ONTAP 8.3 GA release.",
    "tokens" : [ {
      "id" : "s2-t0",
      "begin" : 276,
      "end" : 285,
      "text" : "Customers",
      "whiteSpace" : false
    }, {
      "id" : "s2-t1",
      "begin" : 286,
      "end" : 293,
      "text" : "running",
      "whiteSpace" : false
    }, {
      "id" : "s2-t2",
      "begin" : 294,
      "end" : 299,
      "text" : "prior",
      "whiteSpace" : false
    }, {
      "id" : "s2-t3",
      "begin" : 300,
      "end" : 307,
      "text" : "release",
      "whiteSpace" : false
    }, {
      "id" : "s2-t4",
      "begin" : 308,
      "end" : 318,
      "text" : "candidates",
      "whiteSpace" : false
    }, {
      "id" : "s2-t5",
      "begin" : 319,
      "end" : 320,
      "text" : "(",
      "whiteSpace" : false
    }, {
      "id" : "s2-t6",
      "begin" : 320,
      "end" : 323,
      "text" : "RCs",
      "whiteSpace" : false
    }, {
      "id" : "s2-t7",
      "begin" : 323,
      "end" : 324,
      "text" : ")",
      "whiteSpace" : false
    }, {
      "id" : "s2-t8",
      "begin" : 325,
      "end" : 328,
      "text" : "are",
      "whiteSpace" : false
    }, {
      "id" : "s2-t9",
      "begin" : 329,
      "end" : 338,
      "text" : "requested",
      "whiteSpace" : false
    }, {
      "id" : "s2-t10",
      "begin" : 339,
      "end" : 341,
      "text" : "to",
      "whiteSpace" : false
    }, {
      "id" : "s2-t11",
      "begin" : 342,
      "end" : 348,
      "text" : "update",
      "whiteSpace" : false
    }, {
      "id" : "s2-t12",
      "begin" : 349,
      "end" : 354,
      "text" : "their",
      "whiteSpace" : false
    }, {
      "id" : "s2-t13",
      "begin" : 355,
      "end" : 362,
      "text" : "systems",
      "whiteSpace" : false
    }, {
      "id" : "s2-t14",
      "begin" : 363,
      "end" : 365,
      "text" : "to",
      "whiteSpace" : false
    }, {
      "id" : "s2-t15",
      "begin" : 366,
      "end" : 369,
      "text" : "the",
      "whiteSpace" : false
    }, {
      "id" : "s2-t16",
      "begin" : 370,
      "end" : 376,
      "text" : "NetApp",
      "whiteSpace" : false
    }, {
      "id" : "s2-t17",
      "begin" : 377,
      "end" : 381,
      "text" : "Data",
      "whiteSpace" : false
    }, {
      "id" : "s2-t18",
      "begin" : 382,
      "end" : 387,
      "text" : "ONTAP",
      "whiteSpace" : false
    }, {
      "id" : "s2-t19",
      "begin" : 388,
      "end" : 391,
      "text" : "8.3",
      "whiteSpace" : false
    }, {
      "id" : "s2-t20",
      "begin" : 392,
      "end" : 394,
      "text" : "GA",
      "whiteSpace" : false
    }, {
      "id" : "s2-t21",
      "begin" : 395,
      "end" : 402,
      "text" : "release",
      "whiteSpace" : false
    }, {
      "id" : "s2-t22",
      "begin" : 402,
      "end" : 403,
      "text" : ".",
      "whiteSpace" : false
    } ]
  }, {
    "id" : "s3",
    "begin" : 404,
    "end" : 470,
    "text" : "| CONFIRM:https://security.netapp.com/advisory/ntap-20150324-0001/",
    "tokens" : [ {
      "id" : "s3-t0",
      "begin" : 404,
      "end" : 405,
      "text" : "|",
      "whiteSpace" : false
    }, {
      "id" : "s3-t1",
      "begin" : 406,
      "end" : 469,
      "text" : "CONFIRM:https://security.netapp.com/advisory/ntap-20150324-0001",
      "whiteSpace" : false
    }, {
      "id" : "s3-t2",
      "begin" : 469,
      "end" : 470,
      "text" : "/",
      "whiteSpace" : false
    } ]
  } ],
  "mentions" : [ ],
  "relations" : [ ],
  "corefs" : [ ],
  "typeResolved" : true,
  "userResolved" : false
}