{
  "id" : "5ca6f540-e5bf-11e8-bc3f-812dc60f5413-1360",
  "name" : "CVE-2018-5502",
  "createdDate" : 0,
  "version" : 3,
  "text" : "CVE-2018-5502 | On F5 BIG-IP versions 13.0.0 - 13.1.0.3, attackers may be able to disrupt services on the BIG-IP system with maliciously crafted client certificate. This vulnerability affects virtual servers associated with Client SSL profile which enables the use of client certificate authentication. Client certificate authentication is not enabled by default in Client SSL profile. There is no control plane exposure. | CONFIRM:https://support.f5.com/csp/article/K43121447   |   SECTRACK:1040561   |   URL:http://www.securitytracker.com/id/1040561",
  "docLength" : 0,
  "language" : "EN",
  "status" : "READY",
  "modifiedDate" : 1541947069127,
  "documentSet" : [ ],
  "preannotation" : [ ],
  "sentences" : [ {
    "id" : "s0",
    "begin" : 0,
    "end" : 164,
    "text" : "CVE-2018-5502 | On F5 BIG-IP versions 13.0.0 - 13.1.0.3, attackers may be able to disrupt services on the BIG-IP system with maliciously crafted client certificate.",
    "tokens" : [ {
      "id" : "s0-t0",
      "begin" : 0,
      "end" : 13,
      "text" : "CVE-2018-5502",
      "whiteSpace" : false
    }, {
      "id" : "s0-t1",
      "begin" : 14,
      "end" : 15,
      "text" : "|",
      "whiteSpace" : false
    }, {
      "id" : "s0-t2",
      "begin" : 16,
      "end" : 18,
      "text" : "On",
      "whiteSpace" : false
    }, {
      "id" : "s0-t3",
      "begin" : 19,
      "end" : 21,
      "text" : "F5",
      "whiteSpace" : false
    }, {
      "id" : "s0-t4",
      "begin" : 22,
      "end" : 25,
      "text" : "BIG",
      "whiteSpace" : false
    }, {
      "id" : "s0-t5",
      "begin" : 25,
      "end" : 26,
      "text" : "-",
      "whiteSpace" : false
    }, {
      "id" : "s0-t6",
      "begin" : 26,
      "end" : 28,
      "text" : "IP",
      "whiteSpace" : false
    }, {
      "id" : "s0-t7",
      "begin" : 29,
      "end" : 37,
      "text" : "versions",
      "whiteSpace" : false
    }, {
      "id" : "s0-t8",
      "begin" : 38,
      "end" : 44,
      "text" : "13.0.0",
      "whiteSpace" : false
    }, {
      "id" : "s0-t9",
      "begin" : 45,
      "end" : 46,
      "text" : "-",
      "whiteSpace" : false
    }, {
      "id" : "s0-t10",
      "begin" : 47,
      "end" : 55,
      "text" : "13.1.0.3",
      "whiteSpace" : false
    }, {
      "id" : "s0-t11",
      "begin" : 55,
      "end" : 56,
      "text" : ",",
      "whiteSpace" : false
    }, {
      "id" : "s0-t12",
      "begin" : 57,
      "end" : 66,
      "text" : "attackers",
      "whiteSpace" : false
    }, {
      "id" : "s0-t13",
      "begin" : 67,
      "end" : 70,
      "text" : "may",
      "whiteSpace" : false
    }, {
      "id" : "s0-t14",
      "begin" : 71,
      "end" : 73,
      "text" : "be",
      "whiteSpace" : false
    }, {
      "id" : "s0-t15",
      "begin" : 74,
      "end" : 78,
      "text" : "able",
      "whiteSpace" : false
    }, {
      "id" : "s0-t16",
      "begin" : 79,
      "end" : 81,
      "text" : "to",
      "whiteSpace" : false
    }, {
      "id" : "s0-t17",
      "begin" : 82,
      "end" : 89,
      "text" : "disrupt",
      "whiteSpace" : false
    }, {
      "id" : "s0-t18",
      "begin" : 90,
      "end" : 98,
      "text" : "services",
      "whiteSpace" : false
    }, {
      "id" : "s0-t19",
      "begin" : 99,
      "end" : 101,
      "text" : "on",
      "whiteSpace" : false
    }, {
      "id" : "s0-t20",
      "begin" : 102,
      "end" : 105,
      "text" : "the",
      "whiteSpace" : false
    }, {
      "id" : "s0-t21",
      "begin" : 106,
      "end" : 109,
      "text" : "BIG",
      "whiteSpace" : false
    }, {
      "id" : "s0-t22",
      "begin" : 109,
      "end" : 110,
      "text" : "-",
      "whiteSpace" : false
    }, {
      "id" : "s0-t23",
      "begin" : 110,
      "end" : 112,
      "text" : "IP",
      "whiteSpace" : false
    }, {
      "id" : "s0-t24",
      "begin" : 113,
      "end" : 119,
      "text" : "system",
      "whiteSpace" : false
    }, {
      "id" : "s0-t25",
      "begin" : 120,
      "end" : 124,
      "text" : "with",
      "whiteSpace" : false
    }, {
      "id" : "s0-t26",
      "begin" : 125,
      "end" : 136,
      "text" : "maliciously",
      "whiteSpace" : false
    }, {
      "id" : "s0-t27",
      "begin" : 137,
      "end" : 144,
      "text" : "crafted",
      "whiteSpace" : false
    }, {
      "id" : "s0-t28",
      "begin" : 145,
      "end" : 151,
      "text" : "client",
      "whiteSpace" : false
    }, {
      "id" : "s0-t29",
      "begin" : 152,
      "end" : 163,
      "text" : "certificate",
      "whiteSpace" : false
    }, {
      "id" : "s0-t30",
      "begin" : 163,
      "end" : 164,
      "text" : ".",
      "whiteSpace" : false
    } ]
  }, {
    "id" : "s1",
    "begin" : 165,
    "end" : 302,
    "text" : "This vulnerability affects virtual servers associated with Client SSL profile which enables the use of client certificate authentication.",
    "tokens" : [ {
      "id" : "s1-t0",
      "begin" : 165,
      "end" : 169,
      "text" : "This",
      "whiteSpace" : false
    }, {
      "id" : "s1-t1",
      "begin" : 170,
      "end" : 183,
      "text" : "vulnerability",
      "whiteSpace" : false
    }, {
      "id" : "s1-t2",
      "begin" : 184,
      "end" : 191,
      "text" : "affects",
      "whiteSpace" : false
    }, {
      "id" : "s1-t3",
      "begin" : 192,
      "end" : 199,
      "text" : "virtual",
      "whiteSpace" : false
    }, {
      "id" : "s1-t4",
      "begin" : 200,
      "end" : 207,
      "text" : "servers",
      "whiteSpace" : false
    }, {
      "id" : "s1-t5",
      "begin" : 208,
      "end" : 218,
      "text" : "associated",
      "whiteSpace" : false
    }, {
      "id" : "s1-t6",
      "begin" : 219,
      "end" : 223,
      "text" : "with",
      "whiteSpace" : false
    }, {
      "id" : "s1-t7",
      "begin" : 224,
      "end" : 230,
      "text" : "Client",
      "whiteSpace" : false
    }, {
      "id" : "s1-t8",
      "begin" : 231,
      "end" : 234,
      "text" : "SSL",
      "whiteSpace" : false
    }, {
      "id" : "s1-t9",
      "begin" : 235,
      "end" : 242,
      "text" : "profile",
      "whiteSpace" : false
    }, {
      "id" : "s1-t10",
      "begin" : 243,
      "end" : 248,
      "text" : "which",
      "whiteSpace" : false
    }, {
      "id" : "s1-t11",
      "begin" : 249,
      "end" : 256,
      "text" : "enables",
      "whiteSpace" : false
    }, {
      "id" : "s1-t12",
      "begin" : 257,
      "end" : 260,
      "text" : "the",
      "whiteSpace" : false
    }, {
      "id" : "s1-t13",
      "begin" : 261,
      "end" : 264,
      "text" : "use",
      "whiteSpace" : false
    }, {
      "id" : "s1-t14",
      "begin" : 265,
      "end" : 267,
      "text" : "of",
      "whiteSpace" : false
    }, {
      "id" : "s1-t15",
      "begin" : 268,
      "end" : 274,
      "text" : "client",
      "whiteSpace" : false
    }, {
      "id" : "s1-t16",
      "begin" : 275,
      "end" : 286,
      "text" : "certificate",
      "whiteSpace" : false
    }, {
      "id" : "s1-t17",
      "begin" : 287,
      "end" : 301,
      "text" : "authentication",
      "whiteSpace" : false
    }, {
      "id" : "s1-t18",
      "begin" : 301,
      "end" : 302,
      "text" : ".",
      "whiteSpace" : false
    } ]
  }, {
    "id" : "s2",
    "begin" : 303,
    "end" : 385,
    "text" : "Client certificate authentication is not enabled by default in Client SSL profile.",
    "tokens" : [ {
      "id" : "s2-t0",
      "begin" : 303,
      "end" : 309,
      "text" : "Client",
      "whiteSpace" : false
    }, {
      "id" : "s2-t1",
      "begin" : 310,
      "end" : 321,
      "text" : "certificate",
      "whiteSpace" : false
    }, {
      "id" : "s2-t2",
      "begin" : 322,
      "end" : 336,
      "text" : "authentication",
      "whiteSpace" : false
    }, {
      "id" : "s2-t3",
      "begin" : 337,
      "end" : 339,
      "text" : "is",
      "whiteSpace" : false
    }, {
      "id" : "s2-t4",
      "begin" : 340,
      "end" : 343,
      "text" : "not",
      "whiteSpace" : false
    }, {
      "id" : "s2-t5",
      "begin" : 344,
      "end" : 351,
      "text" : "enabled",
      "whiteSpace" : false
    }, {
      "id" : "s2-t6",
      "begin" : 352,
      "end" : 354,
      "text" : "by",
      "whiteSpace" : false
    }, {
      "id" : "s2-t7",
      "begin" : 355,
      "end" : 362,
      "text" : "default",
      "whiteSpace" : false
    }, {
      "id" : "s2-t8",
      "begin" : 363,
      "end" : 365,
      "text" : "in",
      "whiteSpace" : false
    }, {
      "id" : "s2-t9",
      "begin" : 366,
      "end" : 372,
      "text" : "Client",
      "whiteSpace" : false
    }, {
      "id" : "s2-t10",
      "begin" : 373,
      "end" : 376,
      "text" : "SSL",
      "whiteSpace" : false
    }, {
      "id" : "s2-t11",
      "begin" : 377,
      "end" : 384,
      "text" : "profile",
      "whiteSpace" : false
    }, {
      "id" : "s2-t12",
      "begin" : 384,
      "end" : 385,
      "text" : ".",
      "whiteSpace" : false
    } ]
  }, {
    "id" : "s3",
    "begin" : 386,
    "end" : 421,
    "text" : "There is no control plane exposure.",
    "tokens" : [ {
      "id" : "s3-t0",
      "begin" : 386,
      "end" : 391,
      "text" : "There",
      "whiteSpace" : false
    }, {
      "id" : "s3-t1",
      "begin" : 392,
      "end" : 394,
      "text" : "is",
      "whiteSpace" : false
    }, {
      "id" : "s3-t2",
      "begin" : 395,
      "end" : 397,
      "text" : "no",
      "whiteSpace" : false
    }, {
      "id" : "s3-t3",
      "begin" : 398,
      "end" : 405,
      "text" : "control",
      "whiteSpace" : false
    }, {
      "id" : "s3-t4",
      "begin" : 406,
      "end" : 411,
      "text" : "plane",
      "whiteSpace" : false
    }, {
      "id" : "s3-t5",
      "begin" : 412,
      "end" : 420,
      "text" : "exposure",
      "whiteSpace" : false
    }, {
      "id" : "s3-t6",
      "begin" : 420,
      "end" : 421,
      "text" : ".",
      "whiteSpace" : false
    } ]
  }, {
    "id" : "s4",
    "begin" : 422,
    "end" : 551,
    "text" : "| CONFIRM:https://support.f5.com/csp/article/K43121447   |   SECTRACK:1040561   |   URL:http://www.securitytracker.com/id/1040561",
    "tokens" : [ {
      "id" : "s4-t0",
      "begin" : 422,
      "end" : 423,
      "text" : "|",
      "whiteSpace" : false
    }, {
      "id" : "s4-t1",
      "begin" : 424,
      "end" : 476,
      "text" : "CONFIRM:https://support.f5.com/csp/article/K43121447",
      "whiteSpace" : false
    }, {
      "id" : "s4-t2",
      "begin" : 479,
      "end" : 480,
      "text" : "|",
      "whiteSpace" : false
    }, {
      "id" : "s4-t3",
      "begin" : 483,
      "end" : 491,
      "text" : "SECTRACK",
      "whiteSpace" : false
    }, {
      "id" : "s4-t4",
      "begin" : 491,
      "end" : 492,
      "text" : ":",
      "whiteSpace" : false
    }, {
      "id" : "s4-t5",
      "begin" : 492,
      "end" : 499,
      "text" : "1040561",
      "whiteSpace" : false
    }, {
      "id" : "s4-t6",
      "begin" : 502,
      "end" : 503,
      "text" : "|",
      "whiteSpace" : false
    }, {
      "id" : "s4-t7",
      "begin" : 506,
      "end" : 544,
      "text" : "URL:http://www.securitytracker.com/id/",
      "whiteSpace" : false
    }, {
      "id" : "s4-t8",
      "begin" : 544,
      "end" : 551,
      "text" : "1040561",
      "whiteSpace" : false
    } ]
  } ],
  "mentions" : [ ],
  "relations" : [ ],
  "corefs" : [ ],
  "typeResolved" : true,
  "userResolved" : false
}