{
  "id" : "5ca6f540-e5bf-11e8-bc3f-812dc60f5413-369",
  "name" : "CVE-2018-7279",
  "createdDate" : 0,
  "version" : 3,
  "text" : "CVE-2018-7279 | A remote code execution issue was discovered in AlienVault USM and OSSIM before 5.5.1. | CONFIRM:https://www.alienvault.com/forums/discussion/17155/alienvault-v5-5-1-hotfix-important-update   |   CONFIRM:https://www.alienvault.com/forums/discussion/17204/security-advisory-alienvault-v5-5-1-resolves-critical-vulnerability",
  "docLength" : 0,
  "language" : "EN",
  "status" : "READY",
  "modifiedDate" : 1541947069127,
  "documentSet" : [ ],
  "preannotation" : [ ],
  "sentences" : [ {
    "id" : "s0",
    "begin" : 0,
    "end" : 102,
    "text" : "CVE-2018-7279 | A remote code execution issue was discovered in AlienVault USM and OSSIM before 5.5.1.",
    "tokens" : [ {
      "id" : "s0-t0",
      "begin" : 0,
      "end" : 13,
      "text" : "CVE-2018-7279",
      "whiteSpace" : false
    }, {
      "id" : "s0-t1",
      "begin" : 14,
      "end" : 15,
      "text" : "|",
      "whiteSpace" : false
    }, {
      "id" : "s0-t2",
      "begin" : 16,
      "end" : 17,
      "text" : "A",
      "whiteSpace" : false
    }, {
      "id" : "s0-t3",
      "begin" : 18,
      "end" : 24,
      "text" : "remote",
      "whiteSpace" : false
    }, {
      "id" : "s0-t4",
      "begin" : 25,
      "end" : 29,
      "text" : "code",
      "whiteSpace" : false
    }, {
      "id" : "s0-t5",
      "begin" : 30,
      "end" : 39,
      "text" : "execution",
      "whiteSpace" : false
    }, {
      "id" : "s0-t6",
      "begin" : 40,
      "end" : 45,
      "text" : "issue",
      "whiteSpace" : false
    }, {
      "id" : "s0-t7",
      "begin" : 46,
      "end" : 49,
      "text" : "was",
      "whiteSpace" : false
    }, {
      "id" : "s0-t8",
      "begin" : 50,
      "end" : 60,
      "text" : "discovered",
      "whiteSpace" : false
    }, {
      "id" : "s0-t9",
      "begin" : 61,
      "end" : 63,
      "text" : "in",
      "whiteSpace" : false
    }, {
      "id" : "s0-t10",
      "begin" : 64,
      "end" : 74,
      "text" : "AlienVault",
      "whiteSpace" : false
    }, {
      "id" : "s0-t11",
      "begin" : 75,
      "end" : 78,
      "text" : "USM",
      "whiteSpace" : false
    }, {
      "id" : "s0-t12",
      "begin" : 79,
      "end" : 82,
      "text" : "and",
      "whiteSpace" : false
    }, {
      "id" : "s0-t13",
      "begin" : 83,
      "end" : 88,
      "text" : "OSSIM",
      "whiteSpace" : false
    }, {
      "id" : "s0-t14",
      "begin" : 89,
      "end" : 95,
      "text" : "before",
      "whiteSpace" : false
    }, {
      "id" : "s0-t15",
      "begin" : 96,
      "end" : 101,
      "text" : "5.5.1",
      "whiteSpace" : false
    }, {
      "id" : "s0-t16",
      "begin" : 101,
      "end" : 102,
      "text" : ".",
      "whiteSpace" : false
    } ]
  }, {
    "id" : "s1",
    "begin" : 103,
    "end" : 338,
    "text" : "| CONFIRM:https://www.alienvault.com/forums/discussion/17155/alienvault-v5-5-1-hotfix-important-update   |   CONFIRM:https://www.alienvault.com/forums/discussion/17204/security-advisory-alienvault-v5-5-1-resolves-critical-vulnerability",
    "tokens" : [ {
      "id" : "s1-t0",
      "begin" : 103,
      "end" : 104,
      "text" : "|",
      "whiteSpace" : false
    }, {
      "id" : "s1-t1",
      "begin" : 105,
      "end" : 174,
      "text" : "CONFIRM:https://www.alienvault.com/forums/discussion/17155/alienvault",
      "whiteSpace" : false
    }, {
      "id" : "s1-t2",
      "begin" : 174,
      "end" : 175,
      "text" : "-",
      "whiteSpace" : false
    }, {
      "id" : "s1-t3",
      "begin" : 175,
      "end" : 177,
      "text" : "v5",
      "whiteSpace" : false
    }, {
      "id" : "s1-t4",
      "begin" : 177,
      "end" : 178,
      "text" : "-",
      "whiteSpace" : false
    }, {
      "id" : "s1-t5",
      "begin" : 178,
      "end" : 179,
      "text" : "5",
      "whiteSpace" : false
    }, {
      "id" : "s1-t6",
      "begin" : 179,
      "end" : 180,
      "text" : "-",
      "whiteSpace" : false
    }, {
      "id" : "s1-t7",
      "begin" : 180,
      "end" : 181,
      "text" : "1",
      "whiteSpace" : false
    }, {
      "id" : "s1-t8",
      "begin" : 181,
      "end" : 182,
      "text" : "-",
      "whiteSpace" : false
    }, {
      "id" : "s1-t9",
      "begin" : 182,
      "end" : 188,
      "text" : "hotfix",
      "whiteSpace" : false
    }, {
      "id" : "s1-t10",
      "begin" : 188,
      "end" : 189,
      "text" : "-",
      "whiteSpace" : false
    }, {
      "id" : "s1-t11",
      "begin" : 189,
      "end" : 198,
      "text" : "important",
      "whiteSpace" : false
    }, {
      "id" : "s1-t12",
      "begin" : 198,
      "end" : 199,
      "text" : "-",
      "whiteSpace" : false
    }, {
      "id" : "s1-t13",
      "begin" : 199,
      "end" : 205,
      "text" : "update",
      "whiteSpace" : false
    }, {
      "id" : "s1-t14",
      "begin" : 208,
      "end" : 209,
      "text" : "|",
      "whiteSpace" : false
    }, {
      "id" : "s1-t15",
      "begin" : 212,
      "end" : 315,
      "text" : "CONFIRM:https://www.alienvault.com/forums/discussion/17204/security-advisory-alienvault-v5-5-1-resolves",
      "whiteSpace" : false
    }, {
      "id" : "s1-t16",
      "begin" : 315,
      "end" : 316,
      "text" : "-",
      "whiteSpace" : false
    }, {
      "id" : "s1-t17",
      "begin" : 316,
      "end" : 324,
      "text" : "critical",
      "whiteSpace" : false
    }, {
      "id" : "s1-t18",
      "begin" : 324,
      "end" : 325,
      "text" : "-",
      "whiteSpace" : false
    }, {
      "id" : "s1-t19",
      "begin" : 325,
      "end" : 338,
      "text" : "vulnerability",
      "whiteSpace" : false
    } ]
  } ],
  "mentions" : [ ],
  "relations" : [ ],
  "corefs" : [ ],
  "typeResolved" : true,
  "userResolved" : false
}