{
  "id" : "5ca6f540-e5bf-11e8-bc3f-812dc60f5413-373",
  "name" : "CVE-2018-7274",
  "createdDate" : 0,
  "version" : 3,
  "text" : "CVE-2018-7274 | Yab Quarx through 2.4.3 is prone to multiple persistent cross-site scripting vulnerabilities: Blog (Title), FAQ (Question), Pages (Title), Widgets (Name), and Menus (Name). | MISC:https://github.com/YABhq/Quarx/issues/116   |   BID:103081   |   URL:http://www.securityfocus.com/bid/103081",
  "docLength" : 0,
  "language" : "EN",
  "status" : "READY",
  "modifiedDate" : 1541947069127,
  "documentSet" : [ ],
  "preannotation" : [ ],
  "sentences" : [ {
    "id" : "s0",
    "begin" : 0,
    "end" : 188,
    "text" : "CVE-2018-7274 | Yab Quarx through 2.4.3 is prone to multiple persistent cross-site scripting vulnerabilities: Blog (Title), FAQ (Question), Pages (Title), Widgets (Name), and Menus (Name).",
    "tokens" : [ {
      "id" : "s0-t0",
      "begin" : 0,
      "end" : 13,
      "text" : "CVE-2018-7274",
      "whiteSpace" : false
    }, {
      "id" : "s0-t1",
      "begin" : 14,
      "end" : 15,
      "text" : "|",
      "whiteSpace" : false
    }, {
      "id" : "s0-t2",
      "begin" : 16,
      "end" : 19,
      "text" : "Yab",
      "whiteSpace" : false
    }, {
      "id" : "s0-t3",
      "begin" : 20,
      "end" : 25,
      "text" : "Quarx",
      "whiteSpace" : false
    }, {
      "id" : "s0-t4",
      "begin" : 26,
      "end" : 33,
      "text" : "through",
      "whiteSpace" : false
    }, {
      "id" : "s0-t5",
      "begin" : 34,
      "end" : 39,
      "text" : "2.4.3",
      "whiteSpace" : false
    }, {
      "id" : "s0-t6",
      "begin" : 40,
      "end" : 42,
      "text" : "is",
      "whiteSpace" : false
    }, {
      "id" : "s0-t7",
      "begin" : 43,
      "end" : 48,
      "text" : "prone",
      "whiteSpace" : false
    }, {
      "id" : "s0-t8",
      "begin" : 49,
      "end" : 51,
      "text" : "to",
      "whiteSpace" : false
    }, {
      "id" : "s0-t9",
      "begin" : 52,
      "end" : 60,
      "text" : "multiple",
      "whiteSpace" : false
    }, {
      "id" : "s0-t10",
      "begin" : 61,
      "end" : 71,
      "text" : "persistent",
      "whiteSpace" : false
    }, {
      "id" : "s0-t11",
      "begin" : 72,
      "end" : 77,
      "text" : "cross",
      "whiteSpace" : false
    }, {
      "id" : "s0-t12",
      "begin" : 77,
      "end" : 78,
      "text" : "-",
      "whiteSpace" : false
    }, {
      "id" : "s0-t13",
      "begin" : 78,
      "end" : 82,
      "text" : "site",
      "whiteSpace" : false
    }, {
      "id" : "s0-t14",
      "begin" : 83,
      "end" : 92,
      "text" : "scripting",
      "whiteSpace" : false
    }, {
      "id" : "s0-t15",
      "begin" : 93,
      "end" : 108,
      "text" : "vulnerabilities",
      "whiteSpace" : false
    }, {
      "id" : "s0-t16",
      "begin" : 108,
      "end" : 109,
      "text" : ":",
      "whiteSpace" : false
    }, {
      "id" : "s0-t17",
      "begin" : 110,
      "end" : 114,
      "text" : "Blog",
      "whiteSpace" : false
    }, {
      "id" : "s0-t18",
      "begin" : 115,
      "end" : 116,
      "text" : "(",
      "whiteSpace" : false
    }, {
      "id" : "s0-t19",
      "begin" : 116,
      "end" : 121,
      "text" : "Title",
      "whiteSpace" : false
    }, {
      "id" : "s0-t20",
      "begin" : 121,
      "end" : 122,
      "text" : ")",
      "whiteSpace" : false
    }, {
      "id" : "s0-t21",
      "begin" : 122,
      "end" : 123,
      "text" : ",",
      "whiteSpace" : false
    }, {
      "id" : "s0-t22",
      "begin" : 124,
      "end" : 127,
      "text" : "FAQ",
      "whiteSpace" : false
    }, {
      "id" : "s0-t23",
      "begin" : 128,
      "end" : 129,
      "text" : "(",
      "whiteSpace" : false
    }, {
      "id" : "s0-t24",
      "begin" : 129,
      "end" : 137,
      "text" : "Question",
      "whiteSpace" : false
    }, {
      "id" : "s0-t25",
      "begin" : 137,
      "end" : 138,
      "text" : ")",
      "whiteSpace" : false
    }, {
      "id" : "s0-t26",
      "begin" : 138,
      "end" : 139,
      "text" : ",",
      "whiteSpace" : false
    }, {
      "id" : "s0-t27",
      "begin" : 140,
      "end" : 145,
      "text" : "Pages",
      "whiteSpace" : false
    }, {
      "id" : "s0-t28",
      "begin" : 146,
      "end" : 147,
      "text" : "(",
      "whiteSpace" : false
    }, {
      "id" : "s0-t29",
      "begin" : 147,
      "end" : 152,
      "text" : "Title",
      "whiteSpace" : false
    }, {
      "id" : "s0-t30",
      "begin" : 152,
      "end" : 153,
      "text" : ")",
      "whiteSpace" : false
    }, {
      "id" : "s0-t31",
      "begin" : 153,
      "end" : 154,
      "text" : ",",
      "whiteSpace" : false
    }, {
      "id" : "s0-t32",
      "begin" : 155,
      "end" : 162,
      "text" : "Widgets",
      "whiteSpace" : false
    }, {
      "id" : "s0-t33",
      "begin" : 163,
      "end" : 164,
      "text" : "(",
      "whiteSpace" : false
    }, {
      "id" : "s0-t34",
      "begin" : 164,
      "end" : 168,
      "text" : "Name",
      "whiteSpace" : false
    }, {
      "id" : "s0-t35",
      "begin" : 168,
      "end" : 169,
      "text" : ")",
      "whiteSpace" : false
    }, {
      "id" : "s0-t36",
      "begin" : 169,
      "end" : 170,
      "text" : ",",
      "whiteSpace" : false
    }, {
      "id" : "s0-t37",
      "begin" : 171,
      "end" : 174,
      "text" : "and",
      "whiteSpace" : false
    }, {
      "id" : "s0-t38",
      "begin" : 175,
      "end" : 180,
      "text" : "Menus",
      "whiteSpace" : false
    }, {
      "id" : "s0-t39",
      "begin" : 181,
      "end" : 182,
      "text" : "(",
      "whiteSpace" : false
    }, {
      "id" : "s0-t40",
      "begin" : 182,
      "end" : 186,
      "text" : "Name",
      "whiteSpace" : false
    }, {
      "id" : "s0-t41",
      "begin" : 186,
      "end" : 187,
      "text" : ")",
      "whiteSpace" : false
    }, {
      "id" : "s0-t42",
      "begin" : 187,
      "end" : 188,
      "text" : ".",
      "whiteSpace" : false
    } ]
  }, {
    "id" : "s1",
    "begin" : 189,
    "end" : 304,
    "text" : "| MISC:https://github.com/YABhq/Quarx/issues/116   |   BID:103081   |   URL:http://www.securityfocus.com/bid/103081",
    "tokens" : [ {
      "id" : "s1-t0",
      "begin" : 189,
      "end" : 190,
      "text" : "|",
      "whiteSpace" : false
    }, {
      "id" : "s1-t1",
      "begin" : 191,
      "end" : 234,
      "text" : "MISC:https://github.com/YABhq/Quarx/issues/",
      "whiteSpace" : false
    }, {
      "id" : "s1-t2",
      "begin" : 234,
      "end" : 237,
      "text" : "116",
      "whiteSpace" : false
    }, {
      "id" : "s1-t3",
      "begin" : 240,
      "end" : 241,
      "text" : "|",
      "whiteSpace" : false
    }, {
      "id" : "s1-t4",
      "begin" : 244,
      "end" : 247,
      "text" : "BID",
      "whiteSpace" : false
    }, {
      "id" : "s1-t5",
      "begin" : 247,
      "end" : 248,
      "text" : ":",
      "whiteSpace" : false
    }, {
      "id" : "s1-t6",
      "begin" : 248,
      "end" : 254,
      "text" : "103081",
      "whiteSpace" : false
    }, {
      "id" : "s1-t7",
      "begin" : 257,
      "end" : 258,
      "text" : "|",
      "whiteSpace" : false
    }, {
      "id" : "s1-t8",
      "begin" : 261,
      "end" : 298,
      "text" : "URL:http://www.securityfocus.com/bid/",
      "whiteSpace" : false
    }, {
      "id" : "s1-t9",
      "begin" : 298,
      "end" : 304,
      "text" : "103081",
      "whiteSpace" : false
    } ]
  } ],
  "mentions" : [ ],
  "relations" : [ ],
  "corefs" : [ ],
  "typeResolved" : true,
  "userResolved" : false
}