{
  "id" : "5ca6f540-e5bf-11e8-bc3f-812dc60f5413-1356",
  "name" : "CVE-2018-5506",
  "createdDate" : 0,
  "version" : 3,
  "text" : "CVE-2018-5506 | In F5 BIG-IP 13.0.0, 12.1.0-12.1.2, 11.6.1, 11.5.1-11.5.5, or 11.2.1 the Apache modules apache_auth_token_mod and mod_auth_f5_auth_token.cpp allow possible unauthenticated bruteforce on the em_server_ip authorization parameter to obtain which SSL client certificates used for mutual authentication between BIG-IQ or Enterprise Manager (EM) and managed BIG-IP devices. | CONFIRM:https://support.f5.com/csp/article/K65355492",
  "docLength" : 0,
  "language" : "EN",
  "status" : "READY",
  "modifiedDate" : 1541947069127,
  "documentSet" : [ ],
  "preannotation" : [ ],
  "sentences" : [ {
    "id" : "s0",
    "begin" : 0,
    "end" : 383,
    "text" : "CVE-2018-5506 | In F5 BIG-IP 13.0.0, 12.1.0-12.1.2, 11.6.1, 11.5.1-11.5.5, or 11.2.1 the Apache modules apache_auth_token_mod and mod_auth_f5_auth_token.cpp allow possible unauthenticated bruteforce on the em_server_ip authorization parameter to obtain which SSL client certificates used for mutual authentication between BIG-IQ or Enterprise Manager (EM) and managed BIG-IP devices.",
    "tokens" : [ {
      "id" : "s0-t0",
      "begin" : 0,
      "end" : 13,
      "text" : "CVE-2018-5506",
      "whiteSpace" : false
    }, {
      "id" : "s0-t1",
      "begin" : 14,
      "end" : 15,
      "text" : "|",
      "whiteSpace" : false
    }, {
      "id" : "s0-t2",
      "begin" : 16,
      "end" : 18,
      "text" : "In",
      "whiteSpace" : false
    }, {
      "id" : "s0-t3",
      "begin" : 19,
      "end" : 21,
      "text" : "F5",
      "whiteSpace" : false
    }, {
      "id" : "s0-t4",
      "begin" : 22,
      "end" : 25,
      "text" : "BIG",
      "whiteSpace" : false
    }, {
      "id" : "s0-t5",
      "begin" : 25,
      "end" : 26,
      "text" : "-",
      "whiteSpace" : false
    }, {
      "id" : "s0-t6",
      "begin" : 26,
      "end" : 28,
      "text" : "IP",
      "whiteSpace" : false
    }, {
      "id" : "s0-t7",
      "begin" : 29,
      "end" : 35,
      "text" : "13.0.0",
      "whiteSpace" : false
    }, {
      "id" : "s0-t8",
      "begin" : 35,
      "end" : 36,
      "text" : ",",
      "whiteSpace" : false
    }, {
      "id" : "s0-t9",
      "begin" : 37,
      "end" : 50,
      "text" : "12.1.0-12.1.2",
      "whiteSpace" : false
    }, {
      "id" : "s0-t10",
      "begin" : 50,
      "end" : 51,
      "text" : ",",
      "whiteSpace" : false
    }, {
      "id" : "s0-t11",
      "begin" : 52,
      "end" : 58,
      "text" : "11.6.1",
      "whiteSpace" : false
    }, {
      "id" : "s0-t12",
      "begin" : 58,
      "end" : 59,
      "text" : ",",
      "whiteSpace" : false
    }, {
      "id" : "s0-t13",
      "begin" : 60,
      "end" : 73,
      "text" : "11.5.1-11.5.5",
      "whiteSpace" : false
    }, {
      "id" : "s0-t14",
      "begin" : 73,
      "end" : 74,
      "text" : ",",
      "whiteSpace" : false
    }, {
      "id" : "s0-t15",
      "begin" : 75,
      "end" : 77,
      "text" : "or",
      "whiteSpace" : false
    }, {
      "id" : "s0-t16",
      "begin" : 78,
      "end" : 84,
      "text" : "11.2.1",
      "whiteSpace" : false
    }, {
      "id" : "s0-t17",
      "begin" : 85,
      "end" : 88,
      "text" : "the",
      "whiteSpace" : false
    }, {
      "id" : "s0-t18",
      "begin" : 89,
      "end" : 95,
      "text" : "Apache",
      "whiteSpace" : false
    }, {
      "id" : "s0-t19",
      "begin" : 96,
      "end" : 103,
      "text" : "modules",
      "whiteSpace" : false
    }, {
      "id" : "s0-t20",
      "begin" : 104,
      "end" : 125,
      "text" : "apache_auth_token_mod",
      "whiteSpace" : false
    }, {
      "id" : "s0-t21",
      "begin" : 126,
      "end" : 129,
      "text" : "and",
      "whiteSpace" : false
    }, {
      "id" : "s0-t22",
      "begin" : 130,
      "end" : 156,
      "text" : "mod_auth_f5_auth_token.cpp",
      "whiteSpace" : false
    }, {
      "id" : "s0-t23",
      "begin" : 157,
      "end" : 162,
      "text" : "allow",
      "whiteSpace" : false
    }, {
      "id" : "s0-t24",
      "begin" : 163,
      "end" : 171,
      "text" : "possible",
      "whiteSpace" : false
    }, {
      "id" : "s0-t25",
      "begin" : 172,
      "end" : 187,
      "text" : "unauthenticated",
      "whiteSpace" : false
    }, {
      "id" : "s0-t26",
      "begin" : 188,
      "end" : 198,
      "text" : "bruteforce",
      "whiteSpace" : false
    }, {
      "id" : "s0-t27",
      "begin" : 199,
      "end" : 201,
      "text" : "on",
      "whiteSpace" : false
    }, {
      "id" : "s0-t28",
      "begin" : 202,
      "end" : 205,
      "text" : "the",
      "whiteSpace" : false
    }, {
      "id" : "s0-t29",
      "begin" : 206,
      "end" : 218,
      "text" : "em_server_ip",
      "whiteSpace" : false
    }, {
      "id" : "s0-t30",
      "begin" : 219,
      "end" : 232,
      "text" : "authorization",
      "whiteSpace" : false
    }, {
      "id" : "s0-t31",
      "begin" : 233,
      "end" : 242,
      "text" : "parameter",
      "whiteSpace" : false
    }, {
      "id" : "s0-t32",
      "begin" : 243,
      "end" : 245,
      "text" : "to",
      "whiteSpace" : false
    }, {
      "id" : "s0-t33",
      "begin" : 246,
      "end" : 252,
      "text" : "obtain",
      "whiteSpace" : false
    }, {
      "id" : "s0-t34",
      "begin" : 253,
      "end" : 258,
      "text" : "which",
      "whiteSpace" : false
    }, {
      "id" : "s0-t35",
      "begin" : 259,
      "end" : 262,
      "text" : "SSL",
      "whiteSpace" : false
    }, {
      "id" : "s0-t36",
      "begin" : 263,
      "end" : 269,
      "text" : "client",
      "whiteSpace" : false
    }, {
      "id" : "s0-t37",
      "begin" : 270,
      "end" : 282,
      "text" : "certificates",
      "whiteSpace" : false
    }, {
      "id" : "s0-t38",
      "begin" : 283,
      "end" : 287,
      "text" : "used",
      "whiteSpace" : false
    }, {
      "id" : "s0-t39",
      "begin" : 288,
      "end" : 291,
      "text" : "for",
      "whiteSpace" : false
    }, {
      "id" : "s0-t40",
      "begin" : 292,
      "end" : 298,
      "text" : "mutual",
      "whiteSpace" : false
    }, {
      "id" : "s0-t41",
      "begin" : 299,
      "end" : 313,
      "text" : "authentication",
      "whiteSpace" : false
    }, {
      "id" : "s0-t42",
      "begin" : 314,
      "end" : 321,
      "text" : "between",
      "whiteSpace" : false
    }, {
      "id" : "s0-t43",
      "begin" : 322,
      "end" : 325,
      "text" : "BIG",
      "whiteSpace" : false
    }, {
      "id" : "s0-t44",
      "begin" : 325,
      "end" : 326,
      "text" : "-",
      "whiteSpace" : false
    }, {
      "id" : "s0-t45",
      "begin" : 326,
      "end" : 328,
      "text" : "IQ",
      "whiteSpace" : false
    }, {
      "id" : "s0-t46",
      "begin" : 329,
      "end" : 331,
      "text" : "or",
      "whiteSpace" : false
    }, {
      "id" : "s0-t47",
      "begin" : 332,
      "end" : 342,
      "text" : "Enterprise",
      "whiteSpace" : false
    }, {
      "id" : "s0-t48",
      "begin" : 343,
      "end" : 350,
      "text" : "Manager",
      "whiteSpace" : false
    }, {
      "id" : "s0-t49",
      "begin" : 351,
      "end" : 352,
      "text" : "(",
      "whiteSpace" : false
    }, {
      "id" : "s0-t50",
      "begin" : 352,
      "end" : 354,
      "text" : "EM",
      "whiteSpace" : false
    }, {
      "id" : "s0-t51",
      "begin" : 354,
      "end" : 355,
      "text" : ")",
      "whiteSpace" : false
    }, {
      "id" : "s0-t52",
      "begin" : 356,
      "end" : 359,
      "text" : "and",
      "whiteSpace" : false
    }, {
      "id" : "s0-t53",
      "begin" : 360,
      "end" : 367,
      "text" : "managed",
      "whiteSpace" : false
    }, {
      "id" : "s0-t54",
      "begin" : 368,
      "end" : 371,
      "text" : "BIG",
      "whiteSpace" : false
    }, {
      "id" : "s0-t55",
      "begin" : 371,
      "end" : 372,
      "text" : "-",
      "whiteSpace" : false
    }, {
      "id" : "s0-t56",
      "begin" : 372,
      "end" : 374,
      "text" : "IP",
      "whiteSpace" : false
    }, {
      "id" : "s0-t57",
      "begin" : 375,
      "end" : 382,
      "text" : "devices",
      "whiteSpace" : false
    }, {
      "id" : "s0-t58",
      "begin" : 382,
      "end" : 383,
      "text" : ".",
      "whiteSpace" : false
    } ]
  }, {
    "id" : "s1",
    "begin" : 384,
    "end" : 438,
    "text" : "| CONFIRM:https://support.f5.com/csp/article/K65355492",
    "tokens" : [ {
      "id" : "s1-t0",
      "begin" : 384,
      "end" : 385,
      "text" : "|",
      "whiteSpace" : false
    }, {
      "id" : "s1-t1",
      "begin" : 386,
      "end" : 438,
      "text" : "CONFIRM:https://support.f5.com/csp/article/K65355492",
      "whiteSpace" : false
    } ]
  } ],
  "mentions" : [ ],
  "relations" : [ ],
  "corefs" : [ ],
  "typeResolved" : true,
  "userResolved" : false
}