{
  "id" : "5ca6f540-e5bf-11e8-bc3f-812dc60f5413-1997",
  "name" : "CVE-2018-4138",
  "createdDate" : 0,
  "version" : 3,
  "text" : "CVE-2018-4138 | An issue was discovered in certain Apple products. macOS before 10.13.4 is affected. The issue involves the \"NVIDIA Graphics Drivers\" component. It allows attackers to bypass intended memory-read restrictions via a crafted app. | CONFIRM:https://support.apple.com/HT208692   |   BID:103582   |   URL:http://www.securityfocus.com/bid/103582   |   SECTRACK:1040608   |   URL:http://www.securitytracker.com/id/1040608",
  "docLength" : 0,
  "language" : "EN",
  "status" : "READY",
  "modifiedDate" : 1541947069127,
  "documentSet" : [ ],
  "preannotation" : [ ],
  "sentences" : [ {
    "id" : "s0",
    "begin" : 0,
    "end" : 66,
    "text" : "CVE-2018-4138 | An issue was discovered in certain Apple products.",
    "tokens" : [ {
      "id" : "s0-t0",
      "begin" : 0,
      "end" : 13,
      "text" : "CVE-2018-4138",
      "whiteSpace" : false
    }, {
      "id" : "s0-t1",
      "begin" : 14,
      "end" : 15,
      "text" : "|",
      "whiteSpace" : false
    }, {
      "id" : "s0-t2",
      "begin" : 16,
      "end" : 18,
      "text" : "An",
      "whiteSpace" : false
    }, {
      "id" : "s0-t3",
      "begin" : 19,
      "end" : 24,
      "text" : "issue",
      "whiteSpace" : false
    }, {
      "id" : "s0-t4",
      "begin" : 25,
      "end" : 28,
      "text" : "was",
      "whiteSpace" : false
    }, {
      "id" : "s0-t5",
      "begin" : 29,
      "end" : 39,
      "text" : "discovered",
      "whiteSpace" : false
    }, {
      "id" : "s0-t6",
      "begin" : 40,
      "end" : 42,
      "text" : "in",
      "whiteSpace" : false
    }, {
      "id" : "s0-t7",
      "begin" : 43,
      "end" : 50,
      "text" : "certain",
      "whiteSpace" : false
    }, {
      "id" : "s0-t8",
      "begin" : 51,
      "end" : 56,
      "text" : "Apple",
      "whiteSpace" : false
    }, {
      "id" : "s0-t9",
      "begin" : 57,
      "end" : 65,
      "text" : "products",
      "whiteSpace" : false
    }, {
      "id" : "s0-t10",
      "begin" : 65,
      "end" : 66,
      "text" : ".",
      "whiteSpace" : false
    } ]
  }, {
    "id" : "s1",
    "begin" : 67,
    "end" : 100,
    "text" : "macOS before 10.13.4 is affected.",
    "tokens" : [ {
      "id" : "s1-t0",
      "begin" : 67,
      "end" : 72,
      "text" : "macOS",
      "whiteSpace" : false
    }, {
      "id" : "s1-t1",
      "begin" : 73,
      "end" : 79,
      "text" : "before",
      "whiteSpace" : false
    }, {
      "id" : "s1-t2",
      "begin" : 80,
      "end" : 87,
      "text" : "10.13.4",
      "whiteSpace" : false
    }, {
      "id" : "s1-t3",
      "begin" : 88,
      "end" : 90,
      "text" : "is",
      "whiteSpace" : false
    }, {
      "id" : "s1-t4",
      "begin" : 91,
      "end" : 99,
      "text" : "affected",
      "whiteSpace" : false
    }, {
      "id" : "s1-t5",
      "begin" : 99,
      "end" : 100,
      "text" : ".",
      "whiteSpace" : false
    } ]
  }, {
    "id" : "s2",
    "begin" : 101,
    "end" : 160,
    "text" : "The issue involves the \"NVIDIA Graphics Drivers\" component.",
    "tokens" : [ {
      "id" : "s2-t0",
      "begin" : 101,
      "end" : 104,
      "text" : "The",
      "whiteSpace" : false
    }, {
      "id" : "s2-t1",
      "begin" : 105,
      "end" : 110,
      "text" : "issue",
      "whiteSpace" : false
    }, {
      "id" : "s2-t2",
      "begin" : 111,
      "end" : 119,
      "text" : "involves",
      "whiteSpace" : false
    }, {
      "id" : "s2-t3",
      "begin" : 120,
      "end" : 123,
      "text" : "the",
      "whiteSpace" : false
    }, {
      "id" : "s2-t4",
      "begin" : 124,
      "end" : 125,
      "text" : "\"",
      "whiteSpace" : false
    }, {
      "id" : "s2-t5",
      "begin" : 125,
      "end" : 131,
      "text" : "NVIDIA",
      "whiteSpace" : false
    }, {
      "id" : "s2-t6",
      "begin" : 132,
      "end" : 140,
      "text" : "Graphics",
      "whiteSpace" : false
    }, {
      "id" : "s2-t7",
      "begin" : 141,
      "end" : 148,
      "text" : "Drivers",
      "whiteSpace" : false
    }, {
      "id" : "s2-t8",
      "begin" : 148,
      "end" : 149,
      "text" : "\"",
      "whiteSpace" : false
    }, {
      "id" : "s2-t9",
      "begin" : 150,
      "end" : 159,
      "text" : "component",
      "whiteSpace" : false
    }, {
      "id" : "s2-t10",
      "begin" : 159,
      "end" : 160,
      "text" : ".",
      "whiteSpace" : false
    } ]
  }, {
    "id" : "s3",
    "begin" : 161,
    "end" : 243,
    "text" : "It allows attackers to bypass intended memory-read restrictions via a crafted app.",
    "tokens" : [ {
      "id" : "s3-t0",
      "begin" : 161,
      "end" : 163,
      "text" : "It",
      "whiteSpace" : false
    }, {
      "id" : "s3-t1",
      "begin" : 164,
      "end" : 170,
      "text" : "allows",
      "whiteSpace" : false
    }, {
      "id" : "s3-t2",
      "begin" : 171,
      "end" : 180,
      "text" : "attackers",
      "whiteSpace" : false
    }, {
      "id" : "s3-t3",
      "begin" : 181,
      "end" : 183,
      "text" : "to",
      "whiteSpace" : false
    }, {
      "id" : "s3-t4",
      "begin" : 184,
      "end" : 190,
      "text" : "bypass",
      "whiteSpace" : false
    }, {
      "id" : "s3-t5",
      "begin" : 191,
      "end" : 199,
      "text" : "intended",
      "whiteSpace" : false
    }, {
      "id" : "s3-t6",
      "begin" : 200,
      "end" : 206,
      "text" : "memory",
      "whiteSpace" : false
    }, {
      "id" : "s3-t7",
      "begin" : 206,
      "end" : 207,
      "text" : "-",
      "whiteSpace" : false
    }, {
      "id" : "s3-t8",
      "begin" : 207,
      "end" : 211,
      "text" : "read",
      "whiteSpace" : false
    }, {
      "id" : "s3-t9",
      "begin" : 212,
      "end" : 224,
      "text" : "restrictions",
      "whiteSpace" : false
    }, {
      "id" : "s3-t10",
      "begin" : 225,
      "end" : 228,
      "text" : "via",
      "whiteSpace" : false
    }, {
      "id" : "s3-t11",
      "begin" : 229,
      "end" : 230,
      "text" : "a",
      "whiteSpace" : false
    }, {
      "id" : "s3-t12",
      "begin" : 231,
      "end" : 238,
      "text" : "crafted",
      "whiteSpace" : false
    }, {
      "id" : "s3-t13",
      "begin" : 239,
      "end" : 242,
      "text" : "app",
      "whiteSpace" : false
    }, {
      "id" : "s3-t14",
      "begin" : 242,
      "end" : 243,
      "text" : ".",
      "whiteSpace" : false
    } ]
  }, {
    "id" : "s4",
    "begin" : 244,
    "end" : 430,
    "text" : "| CONFIRM:https://support.apple.com/HT208692   |   BID:103582   |   URL:http://www.securityfocus.com/bid/103582   |   SECTRACK:1040608   |   URL:http://www.securitytracker.com/id/1040608",
    "tokens" : [ {
      "id" : "s4-t0",
      "begin" : 244,
      "end" : 245,
      "text" : "|",
      "whiteSpace" : false
    }, {
      "id" : "s4-t1",
      "begin" : 246,
      "end" : 288,
      "text" : "CONFIRM:https://support.apple.com/HT208692",
      "whiteSpace" : false
    }, {
      "id" : "s4-t2",
      "begin" : 291,
      "end" : 292,
      "text" : "|",
      "whiteSpace" : false
    }, {
      "id" : "s4-t3",
      "begin" : 295,
      "end" : 298,
      "text" : "BID",
      "whiteSpace" : false
    }, {
      "id" : "s4-t4",
      "begin" : 298,
      "end" : 299,
      "text" : ":",
      "whiteSpace" : false
    }, {
      "id" : "s4-t5",
      "begin" : 299,
      "end" : 305,
      "text" : "103582",
      "whiteSpace" : false
    }, {
      "id" : "s4-t6",
      "begin" : 308,
      "end" : 309,
      "text" : "|",
      "whiteSpace" : false
    }, {
      "id" : "s4-t7",
      "begin" : 312,
      "end" : 349,
      "text" : "URL:http://www.securityfocus.com/bid/",
      "whiteSpace" : false
    }, {
      "id" : "s4-t8",
      "begin" : 349,
      "end" : 355,
      "text" : "103582",
      "whiteSpace" : false
    }, {
      "id" : "s4-t9",
      "begin" : 358,
      "end" : 359,
      "text" : "|",
      "whiteSpace" : false
    }, {
      "id" : "s4-t10",
      "begin" : 362,
      "end" : 370,
      "text" : "SECTRACK",
      "whiteSpace" : false
    }, {
      "id" : "s4-t11",
      "begin" : 370,
      "end" : 371,
      "text" : ":",
      "whiteSpace" : false
    }, {
      "id" : "s4-t12",
      "begin" : 371,
      "end" : 378,
      "text" : "1040608",
      "whiteSpace" : false
    }, {
      "id" : "s4-t13",
      "begin" : 381,
      "end" : 382,
      "text" : "|",
      "whiteSpace" : false
    }, {
      "id" : "s4-t14",
      "begin" : 385,
      "end" : 423,
      "text" : "URL:http://www.securitytracker.com/id/",
      "whiteSpace" : false
    }, {
      "id" : "s4-t15",
      "begin" : 423,
      "end" : 430,
      "text" : "1040608",
      "whiteSpace" : false
    } ]
  } ],
  "mentions" : [ ],
  "relations" : [ ],
  "corefs" : [ ],
  "typeResolved" : true,
  "userResolved" : false
}