{
  "id" : "5ca6f540-e5bf-11e8-bc3f-812dc60f5413-1397",
  "name" : "CVE-2018-5448",
  "createdDate" : 0,
  "version" : 3,
  "text" : "CVE-2018-5448 | All versions of the Medtronic 2090 Carelink Programmer are affected by a directory traversal vulnerability where the product's software deployment network could allow an attacker to read files on the system. | MISC:https://ics-cert.us-cert.gov/advisories/ICSMA-18-058-01",
  "docLength" : 0,
  "language" : "EN",
  "status" : "READY",
  "modifiedDate" : 1541947069127,
  "documentSet" : [ ],
  "preannotation" : [ ],
  "sentences" : [ {
    "id" : "s0",
    "begin" : 0,
    "end" : 223,
    "text" : "CVE-2018-5448 | All versions of the Medtronic 2090 Carelink Programmer are affected by a directory traversal vulnerability where the product's software deployment network could allow an attacker to read files on the system.",
    "tokens" : [ {
      "id" : "s0-t0",
      "begin" : 0,
      "end" : 13,
      "text" : "CVE-2018-5448",
      "whiteSpace" : false
    }, {
      "id" : "s0-t1",
      "begin" : 14,
      "end" : 15,
      "text" : "|",
      "whiteSpace" : false
    }, {
      "id" : "s0-t2",
      "begin" : 16,
      "end" : 19,
      "text" : "All",
      "whiteSpace" : false
    }, {
      "id" : "s0-t3",
      "begin" : 20,
      "end" : 28,
      "text" : "versions",
      "whiteSpace" : false
    }, {
      "id" : "s0-t4",
      "begin" : 29,
      "end" : 31,
      "text" : "of",
      "whiteSpace" : false
    }, {
      "id" : "s0-t5",
      "begin" : 32,
      "end" : 35,
      "text" : "the",
      "whiteSpace" : false
    }, {
      "id" : "s0-t6",
      "begin" : 36,
      "end" : 45,
      "text" : "Medtronic",
      "whiteSpace" : false
    }, {
      "id" : "s0-t7",
      "begin" : 46,
      "end" : 50,
      "text" : "2090",
      "whiteSpace" : false
    }, {
      "id" : "s0-t8",
      "begin" : 51,
      "end" : 59,
      "text" : "Carelink",
      "whiteSpace" : false
    }, {
      "id" : "s0-t9",
      "begin" : 60,
      "end" : 70,
      "text" : "Programmer",
      "whiteSpace" : false
    }, {
      "id" : "s0-t10",
      "begin" : 71,
      "end" : 74,
      "text" : "are",
      "whiteSpace" : false
    }, {
      "id" : "s0-t11",
      "begin" : 75,
      "end" : 83,
      "text" : "affected",
      "whiteSpace" : false
    }, {
      "id" : "s0-t12",
      "begin" : 84,
      "end" : 86,
      "text" : "by",
      "whiteSpace" : false
    }, {
      "id" : "s0-t13",
      "begin" : 87,
      "end" : 88,
      "text" : "a",
      "whiteSpace" : false
    }, {
      "id" : "s0-t14",
      "begin" : 89,
      "end" : 98,
      "text" : "directory",
      "whiteSpace" : false
    }, {
      "id" : "s0-t15",
      "begin" : 99,
      "end" : 108,
      "text" : "traversal",
      "whiteSpace" : false
    }, {
      "id" : "s0-t16",
      "begin" : 109,
      "end" : 122,
      "text" : "vulnerability",
      "whiteSpace" : false
    }, {
      "id" : "s0-t17",
      "begin" : 123,
      "end" : 128,
      "text" : "where",
      "whiteSpace" : false
    }, {
      "id" : "s0-t18",
      "begin" : 129,
      "end" : 132,
      "text" : "the",
      "whiteSpace" : false
    }, {
      "id" : "s0-t19",
      "begin" : 133,
      "end" : 140,
      "text" : "product",
      "whiteSpace" : false
    }, {
      "id" : "s0-t20",
      "begin" : 140,
      "end" : 142,
      "text" : "'s",
      "whiteSpace" : false
    }, {
      "id" : "s0-t21",
      "begin" : 143,
      "end" : 151,
      "text" : "software",
      "whiteSpace" : false
    }, {
      "id" : "s0-t22",
      "begin" : 152,
      "end" : 162,
      "text" : "deployment",
      "whiteSpace" : false
    }, {
      "id" : "s0-t23",
      "begin" : 163,
      "end" : 170,
      "text" : "network",
      "whiteSpace" : false
    }, {
      "id" : "s0-t24",
      "begin" : 171,
      "end" : 176,
      "text" : "could",
      "whiteSpace" : false
    }, {
      "id" : "s0-t25",
      "begin" : 177,
      "end" : 182,
      "text" : "allow",
      "whiteSpace" : false
    }, {
      "id" : "s0-t26",
      "begin" : 183,
      "end" : 185,
      "text" : "an",
      "whiteSpace" : false
    }, {
      "id" : "s0-t27",
      "begin" : 186,
      "end" : 194,
      "text" : "attacker",
      "whiteSpace" : false
    }, {
      "id" : "s0-t28",
      "begin" : 195,
      "end" : 197,
      "text" : "to",
      "whiteSpace" : false
    }, {
      "id" : "s0-t29",
      "begin" : 198,
      "end" : 202,
      "text" : "read",
      "whiteSpace" : false
    }, {
      "id" : "s0-t30",
      "begin" : 203,
      "end" : 208,
      "text" : "files",
      "whiteSpace" : false
    }, {
      "id" : "s0-t31",
      "begin" : 209,
      "end" : 211,
      "text" : "on",
      "whiteSpace" : false
    }, {
      "id" : "s0-t32",
      "begin" : 212,
      "end" : 215,
      "text" : "the",
      "whiteSpace" : false
    }, {
      "id" : "s0-t33",
      "begin" : 216,
      "end" : 222,
      "text" : "system",
      "whiteSpace" : false
    }, {
      "id" : "s0-t34",
      "begin" : 222,
      "end" : 223,
      "text" : ".",
      "whiteSpace" : false
    } ]
  }, {
    "id" : "s1",
    "begin" : 224,
    "end" : 286,
    "text" : "| MISC:https://ics-cert.us-cert.gov/advisories/ICSMA-18-058-01",
    "tokens" : [ {
      "id" : "s1-t0",
      "begin" : 224,
      "end" : 225,
      "text" : "|",
      "whiteSpace" : false
    }, {
      "id" : "s1-t1",
      "begin" : 226,
      "end" : 286,
      "text" : "MISC:https://ics-cert.us-cert.gov/advisories/ICSMA-18-058-01",
      "whiteSpace" : false
    } ]
  } ],
  "mentions" : [ ],
  "relations" : [ ],
  "corefs" : [ ],
  "typeResolved" : true,
  "userResolved" : false
}