{
  "id" : "5ca6f540-e5bf-11e8-bc3f-812dc60f5413-1368",
  "name" : "CVE-2018-5486",
  "createdDate" : 0,
  "version" : 3,
  "text" : "CVE-2018-5486 | NetApp OnCommand Unified Manager for Linux versions 7.2 though 7.3 ship with the Java Debug Wire Protocol (JDWP) enabled which allows unauthorized local attackers to execute arbitrary code. | CONFIRM:https://security.netapp.com/advisory/ntap-20180425-0001/",
  "docLength" : 0,
  "language" : "EN",
  "status" : "READY",
  "modifiedDate" : 1541947069127,
  "documentSet" : [ ],
  "preannotation" : [ ],
  "sentences" : [ {
    "id" : "s0",
    "begin" : 0,
    "end" : 205,
    "text" : "CVE-2018-5486 | NetApp OnCommand Unified Manager for Linux versions 7.2 though 7.3 ship with the Java Debug Wire Protocol (JDWP) enabled which allows unauthorized local attackers to execute arbitrary code.",
    "tokens" : [ {
      "id" : "s0-t0",
      "begin" : 0,
      "end" : 13,
      "text" : "CVE-2018-5486",
      "whiteSpace" : false
    }, {
      "id" : "s0-t1",
      "begin" : 14,
      "end" : 15,
      "text" : "|",
      "whiteSpace" : false
    }, {
      "id" : "s0-t2",
      "begin" : 16,
      "end" : 22,
      "text" : "NetApp",
      "whiteSpace" : false
    }, {
      "id" : "s0-t3",
      "begin" : 23,
      "end" : 32,
      "text" : "OnCommand",
      "whiteSpace" : false
    }, {
      "id" : "s0-t4",
      "begin" : 33,
      "end" : 40,
      "text" : "Unified",
      "whiteSpace" : false
    }, {
      "id" : "s0-t5",
      "begin" : 41,
      "end" : 48,
      "text" : "Manager",
      "whiteSpace" : false
    }, {
      "id" : "s0-t6",
      "begin" : 49,
      "end" : 52,
      "text" : "for",
      "whiteSpace" : false
    }, {
      "id" : "s0-t7",
      "begin" : 53,
      "end" : 58,
      "text" : "Linux",
      "whiteSpace" : false
    }, {
      "id" : "s0-t8",
      "begin" : 59,
      "end" : 67,
      "text" : "versions",
      "whiteSpace" : false
    }, {
      "id" : "s0-t9",
      "begin" : 68,
      "end" : 71,
      "text" : "7.2",
      "whiteSpace" : false
    }, {
      "id" : "s0-t10",
      "begin" : 72,
      "end" : 78,
      "text" : "though",
      "whiteSpace" : false
    }, {
      "id" : "s0-t11",
      "begin" : 79,
      "end" : 82,
      "text" : "7.3",
      "whiteSpace" : false
    }, {
      "id" : "s0-t12",
      "begin" : 83,
      "end" : 87,
      "text" : "ship",
      "whiteSpace" : false
    }, {
      "id" : "s0-t13",
      "begin" : 88,
      "end" : 92,
      "text" : "with",
      "whiteSpace" : false
    }, {
      "id" : "s0-t14",
      "begin" : 93,
      "end" : 96,
      "text" : "the",
      "whiteSpace" : false
    }, {
      "id" : "s0-t15",
      "begin" : 97,
      "end" : 101,
      "text" : "Java",
      "whiteSpace" : false
    }, {
      "id" : "s0-t16",
      "begin" : 102,
      "end" : 107,
      "text" : "Debug",
      "whiteSpace" : false
    }, {
      "id" : "s0-t17",
      "begin" : 108,
      "end" : 112,
      "text" : "Wire",
      "whiteSpace" : false
    }, {
      "id" : "s0-t18",
      "begin" : 113,
      "end" : 121,
      "text" : "Protocol",
      "whiteSpace" : false
    }, {
      "id" : "s0-t19",
      "begin" : 122,
      "end" : 123,
      "text" : "(",
      "whiteSpace" : false
    }, {
      "id" : "s0-t20",
      "begin" : 123,
      "end" : 127,
      "text" : "JDWP",
      "whiteSpace" : false
    }, {
      "id" : "s0-t21",
      "begin" : 127,
      "end" : 128,
      "text" : ")",
      "whiteSpace" : false
    }, {
      "id" : "s0-t22",
      "begin" : 129,
      "end" : 136,
      "text" : "enabled",
      "whiteSpace" : false
    }, {
      "id" : "s0-t23",
      "begin" : 137,
      "end" : 142,
      "text" : "which",
      "whiteSpace" : false
    }, {
      "id" : "s0-t24",
      "begin" : 143,
      "end" : 149,
      "text" : "allows",
      "whiteSpace" : false
    }, {
      "id" : "s0-t25",
      "begin" : 150,
      "end" : 162,
      "text" : "unauthorized",
      "whiteSpace" : false
    }, {
      "id" : "s0-t26",
      "begin" : 163,
      "end" : 168,
      "text" : "local",
      "whiteSpace" : false
    }, {
      "id" : "s0-t27",
      "begin" : 169,
      "end" : 178,
      "text" : "attackers",
      "whiteSpace" : false
    }, {
      "id" : "s0-t28",
      "begin" : 179,
      "end" : 181,
      "text" : "to",
      "whiteSpace" : false
    }, {
      "id" : "s0-t29",
      "begin" : 182,
      "end" : 189,
      "text" : "execute",
      "whiteSpace" : false
    }, {
      "id" : "s0-t30",
      "begin" : 190,
      "end" : 199,
      "text" : "arbitrary",
      "whiteSpace" : false
    }, {
      "id" : "s0-t31",
      "begin" : 200,
      "end" : 204,
      "text" : "code",
      "whiteSpace" : false
    }, {
      "id" : "s0-t32",
      "begin" : 204,
      "end" : 205,
      "text" : ".",
      "whiteSpace" : false
    } ]
  }, {
    "id" : "s1",
    "begin" : 206,
    "end" : 272,
    "text" : "| CONFIRM:https://security.netapp.com/advisory/ntap-20180425-0001/",
    "tokens" : [ {
      "id" : "s1-t0",
      "begin" : 206,
      "end" : 207,
      "text" : "|",
      "whiteSpace" : false
    }, {
      "id" : "s1-t1",
      "begin" : 208,
      "end" : 271,
      "text" : "CONFIRM:https://security.netapp.com/advisory/ntap-20180425-0001",
      "whiteSpace" : false
    }, {
      "id" : "s1-t2",
      "begin" : 271,
      "end" : 272,
      "text" : "/",
      "whiteSpace" : false
    } ]
  } ],
  "mentions" : [ ],
  "relations" : [ ],
  "corefs" : [ ],
  "typeResolved" : true,
  "userResolved" : false
}