{
  "id" : "5ca6f540-e5bf-11e8-bc3f-812dc60f5413-1381",
  "name" : "CVE-2018-5467",
  "createdDate" : 0,
  "version" : 3,
  "text" : "CVE-2018-5467 | An Information Exposure Through Query Strings in GET Request issue was discovered in Belden Hirschmann RS, RSR, RSB, MACH100, MACH1000, MACH4000, MS, and OCTOPUS Classic Platform Switches. An information exposure through query strings vulnerability in the web interface has been identified, which may allow an attacker to impersonate a legitimate user. | MISC:https://ics-cert.us-cert.gov/advisories/ICSA-18-065-01   |   BID:103340   |   URL:http://www.securityfocus.com/bid/103340",
  "docLength" : 0,
  "language" : "EN",
  "status" : "READY",
  "modifiedDate" : 1541947069127,
  "documentSet" : [ ],
  "preannotation" : [ ],
  "sentences" : [ {
    "id" : "s0",
    "begin" : 0,
    "end" : 204,
    "text" : "CVE-2018-5467 | An Information Exposure Through Query Strings in GET Request issue was discovered in Belden Hirschmann RS, RSR, RSB, MACH100, MACH1000, MACH4000, MS, and OCTOPUS Classic Platform Switches.",
    "tokens" : [ {
      "id" : "s0-t0",
      "begin" : 0,
      "end" : 13,
      "text" : "CVE-2018-5467",
      "whiteSpace" : false
    }, {
      "id" : "s0-t1",
      "begin" : 14,
      "end" : 15,
      "text" : "|",
      "whiteSpace" : false
    }, {
      "id" : "s0-t2",
      "begin" : 16,
      "end" : 18,
      "text" : "An",
      "whiteSpace" : false
    }, {
      "id" : "s0-t3",
      "begin" : 19,
      "end" : 30,
      "text" : "Information",
      "whiteSpace" : false
    }, {
      "id" : "s0-t4",
      "begin" : 31,
      "end" : 39,
      "text" : "Exposure",
      "whiteSpace" : false
    }, {
      "id" : "s0-t5",
      "begin" : 40,
      "end" : 47,
      "text" : "Through",
      "whiteSpace" : false
    }, {
      "id" : "s0-t6",
      "begin" : 48,
      "end" : 53,
      "text" : "Query",
      "whiteSpace" : false
    }, {
      "id" : "s0-t7",
      "begin" : 54,
      "end" : 61,
      "text" : "Strings",
      "whiteSpace" : false
    }, {
      "id" : "s0-t8",
      "begin" : 62,
      "end" : 64,
      "text" : "in",
      "whiteSpace" : false
    }, {
      "id" : "s0-t9",
      "begin" : 65,
      "end" : 68,
      "text" : "GET",
      "whiteSpace" : false
    }, {
      "id" : "s0-t10",
      "begin" : 69,
      "end" : 76,
      "text" : "Request",
      "whiteSpace" : false
    }, {
      "id" : "s0-t11",
      "begin" : 77,
      "end" : 82,
      "text" : "issue",
      "whiteSpace" : false
    }, {
      "id" : "s0-t12",
      "begin" : 83,
      "end" : 86,
      "text" : "was",
      "whiteSpace" : false
    }, {
      "id" : "s0-t13",
      "begin" : 87,
      "end" : 97,
      "text" : "discovered",
      "whiteSpace" : false
    }, {
      "id" : "s0-t14",
      "begin" : 98,
      "end" : 100,
      "text" : "in",
      "whiteSpace" : false
    }, {
      "id" : "s0-t15",
      "begin" : 101,
      "end" : 107,
      "text" : "Belden",
      "whiteSpace" : false
    }, {
      "id" : "s0-t16",
      "begin" : 108,
      "end" : 118,
      "text" : "Hirschmann",
      "whiteSpace" : false
    }, {
      "id" : "s0-t17",
      "begin" : 119,
      "end" : 121,
      "text" : "RS",
      "whiteSpace" : false
    }, {
      "id" : "s0-t18",
      "begin" : 121,
      "end" : 122,
      "text" : ",",
      "whiteSpace" : false
    }, {
      "id" : "s0-t19",
      "begin" : 123,
      "end" : 126,
      "text" : "RSR",
      "whiteSpace" : false
    }, {
      "id" : "s0-t20",
      "begin" : 126,
      "end" : 127,
      "text" : ",",
      "whiteSpace" : false
    }, {
      "id" : "s0-t21",
      "begin" : 128,
      "end" : 131,
      "text" : "RSB",
      "whiteSpace" : false
    }, {
      "id" : "s0-t22",
      "begin" : 131,
      "end" : 132,
      "text" : ",",
      "whiteSpace" : false
    }, {
      "id" : "s0-t23",
      "begin" : 133,
      "end" : 140,
      "text" : "MACH100",
      "whiteSpace" : false
    }, {
      "id" : "s0-t24",
      "begin" : 140,
      "end" : 141,
      "text" : ",",
      "whiteSpace" : false
    }, {
      "id" : "s0-t25",
      "begin" : 142,
      "end" : 150,
      "text" : "MACH1000",
      "whiteSpace" : false
    }, {
      "id" : "s0-t26",
      "begin" : 150,
      "end" : 151,
      "text" : ",",
      "whiteSpace" : false
    }, {
      "id" : "s0-t27",
      "begin" : 152,
      "end" : 160,
      "text" : "MACH4000",
      "whiteSpace" : false
    }, {
      "id" : "s0-t28",
      "begin" : 160,
      "end" : 161,
      "text" : ",",
      "whiteSpace" : false
    }, {
      "id" : "s0-t29",
      "begin" : 162,
      "end" : 164,
      "text" : "MS",
      "whiteSpace" : false
    }, {
      "id" : "s0-t30",
      "begin" : 164,
      "end" : 165,
      "text" : ",",
      "whiteSpace" : false
    }, {
      "id" : "s0-t31",
      "begin" : 166,
      "end" : 169,
      "text" : "and",
      "whiteSpace" : false
    }, {
      "id" : "s0-t32",
      "begin" : 170,
      "end" : 177,
      "text" : "OCTOPUS",
      "whiteSpace" : false
    }, {
      "id" : "s0-t33",
      "begin" : 178,
      "end" : 185,
      "text" : "Classic",
      "whiteSpace" : false
    }, {
      "id" : "s0-t34",
      "begin" : 186,
      "end" : 194,
      "text" : "Platform",
      "whiteSpace" : false
    }, {
      "id" : "s0-t35",
      "begin" : 195,
      "end" : 203,
      "text" : "Switches",
      "whiteSpace" : false
    }, {
      "id" : "s0-t36",
      "begin" : 203,
      "end" : 204,
      "text" : ".",
      "whiteSpace" : false
    } ]
  }, {
    "id" : "s1",
    "begin" : 205,
    "end" : 368,
    "text" : "An information exposure through query strings vulnerability in the web interface has been identified, which may allow an attacker to impersonate a legitimate user.",
    "tokens" : [ {
      "id" : "s1-t0",
      "begin" : 205,
      "end" : 207,
      "text" : "An",
      "whiteSpace" : false
    }, {
      "id" : "s1-t1",
      "begin" : 208,
      "end" : 219,
      "text" : "information",
      "whiteSpace" : false
    }, {
      "id" : "s1-t2",
      "begin" : 220,
      "end" : 228,
      "text" : "exposure",
      "whiteSpace" : false
    }, {
      "id" : "s1-t3",
      "begin" : 229,
      "end" : 236,
      "text" : "through",
      "whiteSpace" : false
    }, {
      "id" : "s1-t4",
      "begin" : 237,
      "end" : 242,
      "text" : "query",
      "whiteSpace" : false
    }, {
      "id" : "s1-t5",
      "begin" : 243,
      "end" : 250,
      "text" : "strings",
      "whiteSpace" : false
    }, {
      "id" : "s1-t6",
      "begin" : 251,
      "end" : 264,
      "text" : "vulnerability",
      "whiteSpace" : false
    }, {
      "id" : "s1-t7",
      "begin" : 265,
      "end" : 267,
      "text" : "in",
      "whiteSpace" : false
    }, {
      "id" : "s1-t8",
      "begin" : 268,
      "end" : 271,
      "text" : "the",
      "whiteSpace" : false
    }, {
      "id" : "s1-t9",
      "begin" : 272,
      "end" : 275,
      "text" : "web",
      "whiteSpace" : false
    }, {
      "id" : "s1-t10",
      "begin" : 276,
      "end" : 285,
      "text" : "interface",
      "whiteSpace" : false
    }, {
      "id" : "s1-t11",
      "begin" : 286,
      "end" : 289,
      "text" : "has",
      "whiteSpace" : false
    }, {
      "id" : "s1-t12",
      "begin" : 290,
      "end" : 294,
      "text" : "been",
      "whiteSpace" : false
    }, {
      "id" : "s1-t13",
      "begin" : 295,
      "end" : 305,
      "text" : "identified",
      "whiteSpace" : false
    }, {
      "id" : "s1-t14",
      "begin" : 305,
      "end" : 306,
      "text" : ",",
      "whiteSpace" : false
    }, {
      "id" : "s1-t15",
      "begin" : 307,
      "end" : 312,
      "text" : "which",
      "whiteSpace" : false
    }, {
      "id" : "s1-t16",
      "begin" : 313,
      "end" : 316,
      "text" : "may",
      "whiteSpace" : false
    }, {
      "id" : "s1-t17",
      "begin" : 317,
      "end" : 322,
      "text" : "allow",
      "whiteSpace" : false
    }, {
      "id" : "s1-t18",
      "begin" : 323,
      "end" : 325,
      "text" : "an",
      "whiteSpace" : false
    }, {
      "id" : "s1-t19",
      "begin" : 326,
      "end" : 334,
      "text" : "attacker",
      "whiteSpace" : false
    }, {
      "id" : "s1-t20",
      "begin" : 335,
      "end" : 337,
      "text" : "to",
      "whiteSpace" : false
    }, {
      "id" : "s1-t21",
      "begin" : 338,
      "end" : 349,
      "text" : "impersonate",
      "whiteSpace" : false
    }, {
      "id" : "s1-t22",
      "begin" : 350,
      "end" : 351,
      "text" : "a",
      "whiteSpace" : false
    }, {
      "id" : "s1-t23",
      "begin" : 352,
      "end" : 362,
      "text" : "legitimate",
      "whiteSpace" : false
    }, {
      "id" : "s1-t24",
      "begin" : 363,
      "end" : 367,
      "text" : "user",
      "whiteSpace" : false
    }, {
      "id" : "s1-t25",
      "begin" : 367,
      "end" : 368,
      "text" : ".",
      "whiteSpace" : false
    } ]
  }, {
    "id" : "s2",
    "begin" : 369,
    "end" : 497,
    "text" : "| MISC:https://ics-cert.us-cert.gov/advisories/ICSA-18-065-01   |   BID:103340   |   URL:http://www.securityfocus.com/bid/103340",
    "tokens" : [ {
      "id" : "s2-t0",
      "begin" : 369,
      "end" : 370,
      "text" : "|",
      "whiteSpace" : false
    }, {
      "id" : "s2-t1",
      "begin" : 371,
      "end" : 430,
      "text" : "MISC:https://ics-cert.us-cert.gov/advisories/ICSA-18-065-01",
      "whiteSpace" : false
    }, {
      "id" : "s2-t2",
      "begin" : 433,
      "end" : 434,
      "text" : "|",
      "whiteSpace" : false
    }, {
      "id" : "s2-t3",
      "begin" : 437,
      "end" : 440,
      "text" : "BID",
      "whiteSpace" : false
    }, {
      "id" : "s2-t4",
      "begin" : 440,
      "end" : 441,
      "text" : ":",
      "whiteSpace" : false
    }, {
      "id" : "s2-t5",
      "begin" : 441,
      "end" : 447,
      "text" : "103340",
      "whiteSpace" : false
    }, {
      "id" : "s2-t6",
      "begin" : 450,
      "end" : 451,
      "text" : "|",
      "whiteSpace" : false
    }, {
      "id" : "s2-t7",
      "begin" : 454,
      "end" : 491,
      "text" : "URL:http://www.securityfocus.com/bid/",
      "whiteSpace" : false
    }, {
      "id" : "s2-t8",
      "begin" : 491,
      "end" : 497,
      "text" : "103340",
      "whiteSpace" : false
    } ]
  } ],
  "mentions" : [ ],
  "relations" : [ ],
  "corefs" : [ ],
  "typeResolved" : true,
  "userResolved" : false
}