{
  "id" : "5ca6f540-e5bf-11e8-bc3f-812dc60f5413-1565",
  "name" : "CVE-2018-5208",
  "createdDate" : 0,
  "version" : 3,
  "text" : "CVE-2018-5208 | In Irssi before 1.0.6, a calculation error in the completion code could cause a heap buffer overflow when completing certain strings. | CONFIRM:https://irssi.org/security/irssi_sa_2018_01.txt   |   DEBIAN:DSA-4162   |   URL:https://www.debian.org/security/2018/dsa-4162",
  "docLength" : 0,
  "language" : "EN",
  "status" : "READY",
  "modifiedDate" : 1541947069127,
  "documentSet" : [ ],
  "preannotation" : [ ],
  "sentences" : [ {
    "id" : "s0",
    "begin" : 0,
    "end" : 149,
    "text" : "CVE-2018-5208 | In Irssi before 1.0.6, a calculation error in the completion code could cause a heap buffer overflow when completing certain strings.",
    "tokens" : [ {
      "id" : "s0-t0",
      "begin" : 0,
      "end" : 13,
      "text" : "CVE-2018-5208",
      "whiteSpace" : false
    }, {
      "id" : "s0-t1",
      "begin" : 14,
      "end" : 15,
      "text" : "|",
      "whiteSpace" : false
    }, {
      "id" : "s0-t2",
      "begin" : 16,
      "end" : 18,
      "text" : "In",
      "whiteSpace" : false
    }, {
      "id" : "s0-t3",
      "begin" : 19,
      "end" : 24,
      "text" : "Irssi",
      "whiteSpace" : false
    }, {
      "id" : "s0-t4",
      "begin" : 25,
      "end" : 31,
      "text" : "before",
      "whiteSpace" : false
    }, {
      "id" : "s0-t5",
      "begin" : 32,
      "end" : 37,
      "text" : "1.0.6",
      "whiteSpace" : false
    }, {
      "id" : "s0-t6",
      "begin" : 37,
      "end" : 38,
      "text" : ",",
      "whiteSpace" : false
    }, {
      "id" : "s0-t7",
      "begin" : 39,
      "end" : 40,
      "text" : "a",
      "whiteSpace" : false
    }, {
      "id" : "s0-t8",
      "begin" : 41,
      "end" : 52,
      "text" : "calculation",
      "whiteSpace" : false
    }, {
      "id" : "s0-t9",
      "begin" : 53,
      "end" : 58,
      "text" : "error",
      "whiteSpace" : false
    }, {
      "id" : "s0-t10",
      "begin" : 59,
      "end" : 61,
      "text" : "in",
      "whiteSpace" : false
    }, {
      "id" : "s0-t11",
      "begin" : 62,
      "end" : 65,
      "text" : "the",
      "whiteSpace" : false
    }, {
      "id" : "s0-t12",
      "begin" : 66,
      "end" : 76,
      "text" : "completion",
      "whiteSpace" : false
    }, {
      "id" : "s0-t13",
      "begin" : 77,
      "end" : 81,
      "text" : "code",
      "whiteSpace" : false
    }, {
      "id" : "s0-t14",
      "begin" : 82,
      "end" : 87,
      "text" : "could",
      "whiteSpace" : false
    }, {
      "id" : "s0-t15",
      "begin" : 88,
      "end" : 93,
      "text" : "cause",
      "whiteSpace" : false
    }, {
      "id" : "s0-t16",
      "begin" : 94,
      "end" : 95,
      "text" : "a",
      "whiteSpace" : false
    }, {
      "id" : "s0-t17",
      "begin" : 96,
      "end" : 100,
      "text" : "heap",
      "whiteSpace" : false
    }, {
      "id" : "s0-t18",
      "begin" : 101,
      "end" : 107,
      "text" : "buffer",
      "whiteSpace" : false
    }, {
      "id" : "s0-t19",
      "begin" : 108,
      "end" : 116,
      "text" : "overflow",
      "whiteSpace" : false
    }, {
      "id" : "s0-t20",
      "begin" : 117,
      "end" : 121,
      "text" : "when",
      "whiteSpace" : false
    }, {
      "id" : "s0-t21",
      "begin" : 122,
      "end" : 132,
      "text" : "completing",
      "whiteSpace" : false
    }, {
      "id" : "s0-t22",
      "begin" : 133,
      "end" : 140,
      "text" : "certain",
      "whiteSpace" : false
    }, {
      "id" : "s0-t23",
      "begin" : 141,
      "end" : 148,
      "text" : "strings",
      "whiteSpace" : false
    }, {
      "id" : "s0-t24",
      "begin" : 148,
      "end" : 149,
      "text" : ".",
      "whiteSpace" : false
    } ]
  }, {
    "id" : "s1",
    "begin" : 150,
    "end" : 285,
    "text" : "| CONFIRM:https://irssi.org/security/irssi_sa_2018_01.txt   |   DEBIAN:DSA-4162   |   URL:https://www.debian.org/security/2018/dsa-4162",
    "tokens" : [ {
      "id" : "s1-t0",
      "begin" : 150,
      "end" : 151,
      "text" : "|",
      "whiteSpace" : false
    }, {
      "id" : "s1-t1",
      "begin" : 152,
      "end" : 207,
      "text" : "CONFIRM:https://irssi.org/security/irssi_sa_2018_01.txt",
      "whiteSpace" : false
    }, {
      "id" : "s1-t2",
      "begin" : 210,
      "end" : 211,
      "text" : "|",
      "whiteSpace" : false
    }, {
      "id" : "s1-t3",
      "begin" : 214,
      "end" : 220,
      "text" : "DEBIAN",
      "whiteSpace" : false
    }, {
      "id" : "s1-t4",
      "begin" : 220,
      "end" : 221,
      "text" : ":",
      "whiteSpace" : false
    }, {
      "id" : "s1-t5",
      "begin" : 221,
      "end" : 229,
      "text" : "DSA-4162",
      "whiteSpace" : false
    }, {
      "id" : "s1-t6",
      "begin" : 232,
      "end" : 233,
      "text" : "|",
      "whiteSpace" : false
    }, {
      "id" : "s1-t7",
      "begin" : 236,
      "end" : 285,
      "text" : "URL:https://www.debian.org/security/2018/dsa-4162",
      "whiteSpace" : false
    } ]
  } ],
  "mentions" : [ ],
  "relations" : [ ],
  "corefs" : [ ],
  "typeResolved" : true,
  "userResolved" : false
}