{
  "id" : "5ca6f540-e5bf-11e8-bc3f-812dc60f5413-356",
  "name" : "CVE-2018-7299",
  "createdDate" : 0,
  "version" : 3,
  "text" : "CVE-2018-7299 | Remote Code Execution in the addon installation process in eQ-3 AG Homematic CCU2 2.29.2 and earlier allows authenticated attackers to create or overwrite arbitrary files or install malicious software on the device. | MISC:http://atomic111.github.io/article/homematic-ccu2-untrusted_addon",
  "docLength" : 0,
  "language" : "EN",
  "status" : "READY",
  "modifiedDate" : 1541947069127,
  "documentSet" : [ ],
  "preannotation" : [ ],
  "sentences" : [ {
    "id" : "s0",
    "begin" : 0,
    "end" : 231,
    "text" : "CVE-2018-7299 | Remote Code Execution in the addon installation process in eQ-3 AG Homematic CCU2 2.29.2 and earlier allows authenticated attackers to create or overwrite arbitrary files or install malicious software on the device.",
    "tokens" : [ {
      "id" : "s0-t0",
      "begin" : 0,
      "end" : 13,
      "text" : "CVE-2018-7299",
      "whiteSpace" : false
    }, {
      "id" : "s0-t1",
      "begin" : 14,
      "end" : 15,
      "text" : "|",
      "whiteSpace" : false
    }, {
      "id" : "s0-t2",
      "begin" : 16,
      "end" : 22,
      "text" : "Remote",
      "whiteSpace" : false
    }, {
      "id" : "s0-t3",
      "begin" : 23,
      "end" : 27,
      "text" : "Code",
      "whiteSpace" : false
    }, {
      "id" : "s0-t4",
      "begin" : 28,
      "end" : 37,
      "text" : "Execution",
      "whiteSpace" : false
    }, {
      "id" : "s0-t5",
      "begin" : 38,
      "end" : 40,
      "text" : "in",
      "whiteSpace" : false
    }, {
      "id" : "s0-t6",
      "begin" : 41,
      "end" : 44,
      "text" : "the",
      "whiteSpace" : false
    }, {
      "id" : "s0-t7",
      "begin" : 45,
      "end" : 50,
      "text" : "addon",
      "whiteSpace" : false
    }, {
      "id" : "s0-t8",
      "begin" : 51,
      "end" : 63,
      "text" : "installation",
      "whiteSpace" : false
    }, {
      "id" : "s0-t9",
      "begin" : 64,
      "end" : 71,
      "text" : "process",
      "whiteSpace" : false
    }, {
      "id" : "s0-t10",
      "begin" : 72,
      "end" : 74,
      "text" : "in",
      "whiteSpace" : false
    }, {
      "id" : "s0-t11",
      "begin" : 75,
      "end" : 79,
      "text" : "eQ-3",
      "whiteSpace" : false
    }, {
      "id" : "s0-t12",
      "begin" : 80,
      "end" : 82,
      "text" : "AG",
      "whiteSpace" : false
    }, {
      "id" : "s0-t13",
      "begin" : 83,
      "end" : 92,
      "text" : "Homematic",
      "whiteSpace" : false
    }, {
      "id" : "s0-t14",
      "begin" : 93,
      "end" : 97,
      "text" : "CCU2",
      "whiteSpace" : false
    }, {
      "id" : "s0-t15",
      "begin" : 98,
      "end" : 104,
      "text" : "2.29.2",
      "whiteSpace" : false
    }, {
      "id" : "s0-t16",
      "begin" : 105,
      "end" : 108,
      "text" : "and",
      "whiteSpace" : false
    }, {
      "id" : "s0-t17",
      "begin" : 109,
      "end" : 116,
      "text" : "earlier",
      "whiteSpace" : false
    }, {
      "id" : "s0-t18",
      "begin" : 117,
      "end" : 123,
      "text" : "allows",
      "whiteSpace" : false
    }, {
      "id" : "s0-t19",
      "begin" : 124,
      "end" : 137,
      "text" : "authenticated",
      "whiteSpace" : false
    }, {
      "id" : "s0-t20",
      "begin" : 138,
      "end" : 147,
      "text" : "attackers",
      "whiteSpace" : false
    }, {
      "id" : "s0-t21",
      "begin" : 148,
      "end" : 150,
      "text" : "to",
      "whiteSpace" : false
    }, {
      "id" : "s0-t22",
      "begin" : 151,
      "end" : 157,
      "text" : "create",
      "whiteSpace" : false
    }, {
      "id" : "s0-t23",
      "begin" : 158,
      "end" : 160,
      "text" : "or",
      "whiteSpace" : false
    }, {
      "id" : "s0-t24",
      "begin" : 161,
      "end" : 170,
      "text" : "overwrite",
      "whiteSpace" : false
    }, {
      "id" : "s0-t25",
      "begin" : 171,
      "end" : 180,
      "text" : "arbitrary",
      "whiteSpace" : false
    }, {
      "id" : "s0-t26",
      "begin" : 181,
      "end" : 186,
      "text" : "files",
      "whiteSpace" : false
    }, {
      "id" : "s0-t27",
      "begin" : 187,
      "end" : 189,
      "text" : "or",
      "whiteSpace" : false
    }, {
      "id" : "s0-t28",
      "begin" : 190,
      "end" : 197,
      "text" : "install",
      "whiteSpace" : false
    }, {
      "id" : "s0-t29",
      "begin" : 198,
      "end" : 207,
      "text" : "malicious",
      "whiteSpace" : false
    }, {
      "id" : "s0-t30",
      "begin" : 208,
      "end" : 216,
      "text" : "software",
      "whiteSpace" : false
    }, {
      "id" : "s0-t31",
      "begin" : 217,
      "end" : 219,
      "text" : "on",
      "whiteSpace" : false
    }, {
      "id" : "s0-t32",
      "begin" : 220,
      "end" : 223,
      "text" : "the",
      "whiteSpace" : false
    }, {
      "id" : "s0-t33",
      "begin" : 224,
      "end" : 230,
      "text" : "device",
      "whiteSpace" : false
    }, {
      "id" : "s0-t34",
      "begin" : 230,
      "end" : 231,
      "text" : ".",
      "whiteSpace" : false
    } ]
  }, {
    "id" : "s1",
    "begin" : 232,
    "end" : 304,
    "text" : "| MISC:http://atomic111.github.io/article/homematic-ccu2-untrusted_addon",
    "tokens" : [ {
      "id" : "s1-t0",
      "begin" : 232,
      "end" : 233,
      "text" : "|",
      "whiteSpace" : false
    }, {
      "id" : "s1-t1",
      "begin" : 234,
      "end" : 304,
      "text" : "MISC:http://atomic111.github.io/article/homematic-ccu2-untrusted_addon",
      "whiteSpace" : false
    } ]
  } ],
  "mentions" : [ ],
  "relations" : [ ],
  "corefs" : [ ],
  "typeResolved" : true,
  "userResolved" : false
}