{
  "id" : "5ca6f540-e5bf-11e8-bc3f-812dc60f5413-367",
  "name" : "CVE-2018-7281",
  "createdDate" : 0,
  "version" : 3,
  "text" : "CVE-2018-7281 | CactusVPN 5.3.6 for macOS contains a root privilege escalation vulnerability through a setuid root binary called runme. The binary takes a single command line argument and passes this argument to a system() call, thus allowing low privileged users to execute commands as root. | MISC:https://github.com/VerSprite/research/blob/master/advisories/VS-2018-003.md",
  "docLength" : 0,
  "language" : "EN",
  "status" : "READY",
  "modifiedDate" : 1541947069127,
  "documentSet" : [ ],
  "preannotation" : [ ],
  "sentences" : [ {
    "id" : "s0",
    "begin" : 0,
    "end" : 135,
    "text" : "CVE-2018-7281 | CactusVPN 5.3.6 for macOS contains a root privilege escalation vulnerability through a setuid root binary called runme.",
    "tokens" : [ {
      "id" : "s0-t0",
      "begin" : 0,
      "end" : 13,
      "text" : "CVE-2018-7281",
      "whiteSpace" : false
    }, {
      "id" : "s0-t1",
      "begin" : 14,
      "end" : 15,
      "text" : "|",
      "whiteSpace" : false
    }, {
      "id" : "s0-t2",
      "begin" : 16,
      "end" : 25,
      "text" : "CactusVPN",
      "whiteSpace" : false
    }, {
      "id" : "s0-t3",
      "begin" : 26,
      "end" : 31,
      "text" : "5.3.6",
      "whiteSpace" : false
    }, {
      "id" : "s0-t4",
      "begin" : 32,
      "end" : 35,
      "text" : "for",
      "whiteSpace" : false
    }, {
      "id" : "s0-t5",
      "begin" : 36,
      "end" : 41,
      "text" : "macOS",
      "whiteSpace" : false
    }, {
      "id" : "s0-t6",
      "begin" : 42,
      "end" : 50,
      "text" : "contains",
      "whiteSpace" : false
    }, {
      "id" : "s0-t7",
      "begin" : 51,
      "end" : 52,
      "text" : "a",
      "whiteSpace" : false
    }, {
      "id" : "s0-t8",
      "begin" : 53,
      "end" : 57,
      "text" : "root",
      "whiteSpace" : false
    }, {
      "id" : "s0-t9",
      "begin" : 58,
      "end" : 67,
      "text" : "privilege",
      "whiteSpace" : false
    }, {
      "id" : "s0-t10",
      "begin" : 68,
      "end" : 78,
      "text" : "escalation",
      "whiteSpace" : false
    }, {
      "id" : "s0-t11",
      "begin" : 79,
      "end" : 92,
      "text" : "vulnerability",
      "whiteSpace" : false
    }, {
      "id" : "s0-t12",
      "begin" : 93,
      "end" : 100,
      "text" : "through",
      "whiteSpace" : false
    }, {
      "id" : "s0-t13",
      "begin" : 101,
      "end" : 102,
      "text" : "a",
      "whiteSpace" : false
    }, {
      "id" : "s0-t14",
      "begin" : 103,
      "end" : 109,
      "text" : "setuid",
      "whiteSpace" : false
    }, {
      "id" : "s0-t15",
      "begin" : 110,
      "end" : 114,
      "text" : "root",
      "whiteSpace" : false
    }, {
      "id" : "s0-t16",
      "begin" : 115,
      "end" : 121,
      "text" : "binary",
      "whiteSpace" : false
    }, {
      "id" : "s0-t17",
      "begin" : 122,
      "end" : 128,
      "text" : "called",
      "whiteSpace" : false
    }, {
      "id" : "s0-t18",
      "begin" : 129,
      "end" : 134,
      "text" : "runme",
      "whiteSpace" : false
    }, {
      "id" : "s0-t19",
      "begin" : 134,
      "end" : 135,
      "text" : ".",
      "whiteSpace" : false
    } ]
  }, {
    "id" : "s1",
    "begin" : 136,
    "end" : 292,
    "text" : "The binary takes a single command line argument and passes this argument to a system() call, thus allowing low privileged users to execute commands as root.",
    "tokens" : [ {
      "id" : "s1-t0",
      "begin" : 136,
      "end" : 139,
      "text" : "The",
      "whiteSpace" : false
    }, {
      "id" : "s1-t1",
      "begin" : 140,
      "end" : 146,
      "text" : "binary",
      "whiteSpace" : false
    }, {
      "id" : "s1-t2",
      "begin" : 147,
      "end" : 152,
      "text" : "takes",
      "whiteSpace" : false
    }, {
      "id" : "s1-t3",
      "begin" : 153,
      "end" : 154,
      "text" : "a",
      "whiteSpace" : false
    }, {
      "id" : "s1-t4",
      "begin" : 155,
      "end" : 161,
      "text" : "single",
      "whiteSpace" : false
    }, {
      "id" : "s1-t5",
      "begin" : 162,
      "end" : 169,
      "text" : "command",
      "whiteSpace" : false
    }, {
      "id" : "s1-t6",
      "begin" : 170,
      "end" : 174,
      "text" : "line",
      "whiteSpace" : false
    }, {
      "id" : "s1-t7",
      "begin" : 175,
      "end" : 183,
      "text" : "argument",
      "whiteSpace" : false
    }, {
      "id" : "s1-t8",
      "begin" : 184,
      "end" : 187,
      "text" : "and",
      "whiteSpace" : false
    }, {
      "id" : "s1-t9",
      "begin" : 188,
      "end" : 194,
      "text" : "passes",
      "whiteSpace" : false
    }, {
      "id" : "s1-t10",
      "begin" : 195,
      "end" : 199,
      "text" : "this",
      "whiteSpace" : false
    }, {
      "id" : "s1-t11",
      "begin" : 200,
      "end" : 208,
      "text" : "argument",
      "whiteSpace" : false
    }, {
      "id" : "s1-t12",
      "begin" : 209,
      "end" : 211,
      "text" : "to",
      "whiteSpace" : false
    }, {
      "id" : "s1-t13",
      "begin" : 212,
      "end" : 213,
      "text" : "a",
      "whiteSpace" : false
    }, {
      "id" : "s1-t14",
      "begin" : 214,
      "end" : 220,
      "text" : "system",
      "whiteSpace" : false
    }, {
      "id" : "s1-t15",
      "begin" : 220,
      "end" : 221,
      "text" : "(",
      "whiteSpace" : false
    }, {
      "id" : "s1-t16",
      "begin" : 221,
      "end" : 222,
      "text" : ")",
      "whiteSpace" : false
    }, {
      "id" : "s1-t17",
      "begin" : 223,
      "end" : 227,
      "text" : "call",
      "whiteSpace" : false
    }, {
      "id" : "s1-t18",
      "begin" : 227,
      "end" : 228,
      "text" : ",",
      "whiteSpace" : false
    }, {
      "id" : "s1-t19",
      "begin" : 229,
      "end" : 233,
      "text" : "thus",
      "whiteSpace" : false
    }, {
      "id" : "s1-t20",
      "begin" : 234,
      "end" : 242,
      "text" : "allowing",
      "whiteSpace" : false
    }, {
      "id" : "s1-t21",
      "begin" : 243,
      "end" : 246,
      "text" : "low",
      "whiteSpace" : false
    }, {
      "id" : "s1-t22",
      "begin" : 247,
      "end" : 257,
      "text" : "privileged",
      "whiteSpace" : false
    }, {
      "id" : "s1-t23",
      "begin" : 258,
      "end" : 263,
      "text" : "users",
      "whiteSpace" : false
    }, {
      "id" : "s1-t24",
      "begin" : 264,
      "end" : 266,
      "text" : "to",
      "whiteSpace" : false
    }, {
      "id" : "s1-t25",
      "begin" : 267,
      "end" : 274,
      "text" : "execute",
      "whiteSpace" : false
    }, {
      "id" : "s1-t26",
      "begin" : 275,
      "end" : 283,
      "text" : "commands",
      "whiteSpace" : false
    }, {
      "id" : "s1-t27",
      "begin" : 284,
      "end" : 286,
      "text" : "as",
      "whiteSpace" : false
    }, {
      "id" : "s1-t28",
      "begin" : 287,
      "end" : 291,
      "text" : "root",
      "whiteSpace" : false
    }, {
      "id" : "s1-t29",
      "begin" : 291,
      "end" : 292,
      "text" : ".",
      "whiteSpace" : false
    } ]
  }, {
    "id" : "s2",
    "begin" : 293,
    "end" : 375,
    "text" : "| MISC:https://github.com/VerSprite/research/blob/master/advisories/VS-2018-003.md",
    "tokens" : [ {
      "id" : "s2-t0",
      "begin" : 293,
      "end" : 294,
      "text" : "|",
      "whiteSpace" : false
    }, {
      "id" : "s2-t1",
      "begin" : 295,
      "end" : 375,
      "text" : "MISC:https://github.com/VerSprite/research/blob/master/advisories/VS-2018-003.md",
      "whiteSpace" : false
    } ]
  } ],
  "mentions" : [ ],
  "relations" : [ ],
  "corefs" : [ ],
  "typeResolved" : true,
  "userResolved" : false
}