{
  "id" : "5ca6f540-e5bf-11e8-bc3f-812dc60f5413-785",
  "name" : "CVE-2018-6536",
  "createdDate" : 0,
  "version" : 3,
  "text" : "CVE-2018-6536 | An issue was discovered in Icinga 2.x through 2.8.1. The daemon creates an icinga2.pid file after dropping privileges to a non-root account, which might allow local users to kill arbitrary processes by leveraging access to this non-root account for icinga2.pid modification before a root script executes a \"kill `cat /pathname/icinga2.pid`\" command, as demonstrated by icinga2.init.d.cmake. | MISC:https://github.com/Icinga/icinga2/issues/5991",
  "docLength" : 0,
  "language" : "EN",
  "status" : "READY",
  "modifiedDate" : 1541947069127,
  "documentSet" : [ ],
  "preannotation" : [ ],
  "sentences" : [ {
    "id" : "s0",
    "begin" : 0,
    "end" : 68,
    "text" : "CVE-2018-6536 | An issue was discovered in Icinga 2.x through 2.8.1.",
    "tokens" : [ {
      "id" : "s0-t0",
      "begin" : 0,
      "end" : 13,
      "text" : "CVE-2018-6536",
      "whiteSpace" : false
    }, {
      "id" : "s0-t1",
      "begin" : 14,
      "end" : 15,
      "text" : "|",
      "whiteSpace" : false
    }, {
      "id" : "s0-t2",
      "begin" : 16,
      "end" : 18,
      "text" : "An",
      "whiteSpace" : false
    }, {
      "id" : "s0-t3",
      "begin" : 19,
      "end" : 24,
      "text" : "issue",
      "whiteSpace" : false
    }, {
      "id" : "s0-t4",
      "begin" : 25,
      "end" : 28,
      "text" : "was",
      "whiteSpace" : false
    }, {
      "id" : "s0-t5",
      "begin" : 29,
      "end" : 39,
      "text" : "discovered",
      "whiteSpace" : false
    }, {
      "id" : "s0-t6",
      "begin" : 40,
      "end" : 42,
      "text" : "in",
      "whiteSpace" : false
    }, {
      "id" : "s0-t7",
      "begin" : 43,
      "end" : 49,
      "text" : "Icinga",
      "whiteSpace" : false
    }, {
      "id" : "s0-t8",
      "begin" : 50,
      "end" : 53,
      "text" : "2.x",
      "whiteSpace" : false
    }, {
      "id" : "s0-t9",
      "begin" : 54,
      "end" : 61,
      "text" : "through",
      "whiteSpace" : false
    }, {
      "id" : "s0-t10",
      "begin" : 62,
      "end" : 67,
      "text" : "2.8.1",
      "whiteSpace" : false
    }, {
      "id" : "s0-t11",
      "begin" : 67,
      "end" : 68,
      "text" : ".",
      "whiteSpace" : false
    } ]
  }, {
    "id" : "s1",
    "begin" : 69,
    "end" : 406,
    "text" : "The daemon creates an icinga2.pid file after dropping privileges to a non-root account, which might allow local users to kill arbitrary processes by leveraging access to this non-root account for icinga2.pid modification before a root script executes a \"kill `cat /pathname/icinga2.pid`\" command, as demonstrated by icinga2.init.d.cmake.",
    "tokens" : [ {
      "id" : "s1-t0",
      "begin" : 69,
      "end" : 72,
      "text" : "The",
      "whiteSpace" : false
    }, {
      "id" : "s1-t1",
      "begin" : 73,
      "end" : 79,
      "text" : "daemon",
      "whiteSpace" : false
    }, {
      "id" : "s1-t2",
      "begin" : 80,
      "end" : 87,
      "text" : "creates",
      "whiteSpace" : false
    }, {
      "id" : "s1-t3",
      "begin" : 88,
      "end" : 90,
      "text" : "an",
      "whiteSpace" : false
    }, {
      "id" : "s1-t4",
      "begin" : 91,
      "end" : 102,
      "text" : "icinga2.pid",
      "whiteSpace" : false
    }, {
      "id" : "s1-t5",
      "begin" : 103,
      "end" : 107,
      "text" : "file",
      "whiteSpace" : false
    }, {
      "id" : "s1-t6",
      "begin" : 108,
      "end" : 113,
      "text" : "after",
      "whiteSpace" : false
    }, {
      "id" : "s1-t7",
      "begin" : 114,
      "end" : 122,
      "text" : "dropping",
      "whiteSpace" : false
    }, {
      "id" : "s1-t8",
      "begin" : 123,
      "end" : 133,
      "text" : "privileges",
      "whiteSpace" : false
    }, {
      "id" : "s1-t9",
      "begin" : 134,
      "end" : 136,
      "text" : "to",
      "whiteSpace" : false
    }, {
      "id" : "s1-t10",
      "begin" : 137,
      "end" : 138,
      "text" : "a",
      "whiteSpace" : false
    }, {
      "id" : "s1-t11",
      "begin" : 139,
      "end" : 142,
      "text" : "non",
      "whiteSpace" : false
    }, {
      "id" : "s1-t12",
      "begin" : 142,
      "end" : 143,
      "text" : "-",
      "whiteSpace" : false
    }, {
      "id" : "s1-t13",
      "begin" : 143,
      "end" : 147,
      "text" : "root",
      "whiteSpace" : false
    }, {
      "id" : "s1-t14",
      "begin" : 148,
      "end" : 155,
      "text" : "account",
      "whiteSpace" : false
    }, {
      "id" : "s1-t15",
      "begin" : 155,
      "end" : 156,
      "text" : ",",
      "whiteSpace" : false
    }, {
      "id" : "s1-t16",
      "begin" : 157,
      "end" : 162,
      "text" : "which",
      "whiteSpace" : false
    }, {
      "id" : "s1-t17",
      "begin" : 163,
      "end" : 168,
      "text" : "might",
      "whiteSpace" : false
    }, {
      "id" : "s1-t18",
      "begin" : 169,
      "end" : 174,
      "text" : "allow",
      "whiteSpace" : false
    }, {
      "id" : "s1-t19",
      "begin" : 175,
      "end" : 180,
      "text" : "local",
      "whiteSpace" : false
    }, {
      "id" : "s1-t20",
      "begin" : 181,
      "end" : 186,
      "text" : "users",
      "whiteSpace" : false
    }, {
      "id" : "s1-t21",
      "begin" : 187,
      "end" : 189,
      "text" : "to",
      "whiteSpace" : false
    }, {
      "id" : "s1-t22",
      "begin" : 190,
      "end" : 194,
      "text" : "kill",
      "whiteSpace" : false
    }, {
      "id" : "s1-t23",
      "begin" : 195,
      "end" : 204,
      "text" : "arbitrary",
      "whiteSpace" : false
    }, {
      "id" : "s1-t24",
      "begin" : 205,
      "end" : 214,
      "text" : "processes",
      "whiteSpace" : false
    }, {
      "id" : "s1-t25",
      "begin" : 215,
      "end" : 217,
      "text" : "by",
      "whiteSpace" : false
    }, {
      "id" : "s1-t26",
      "begin" : 218,
      "end" : 228,
      "text" : "leveraging",
      "whiteSpace" : false
    }, {
      "id" : "s1-t27",
      "begin" : 229,
      "end" : 235,
      "text" : "access",
      "whiteSpace" : false
    }, {
      "id" : "s1-t28",
      "begin" : 236,
      "end" : 238,
      "text" : "to",
      "whiteSpace" : false
    }, {
      "id" : "s1-t29",
      "begin" : 239,
      "end" : 243,
      "text" : "this",
      "whiteSpace" : false
    }, {
      "id" : "s1-t30",
      "begin" : 244,
      "end" : 247,
      "text" : "non",
      "whiteSpace" : false
    }, {
      "id" : "s1-t31",
      "begin" : 247,
      "end" : 248,
      "text" : "-",
      "whiteSpace" : false
    }, {
      "id" : "s1-t32",
      "begin" : 248,
      "end" : 252,
      "text" : "root",
      "whiteSpace" : false
    }, {
      "id" : "s1-t33",
      "begin" : 253,
      "end" : 260,
      "text" : "account",
      "whiteSpace" : false
    }, {
      "id" : "s1-t34",
      "begin" : 261,
      "end" : 264,
      "text" : "for",
      "whiteSpace" : false
    }, {
      "id" : "s1-t35",
      "begin" : 265,
      "end" : 276,
      "text" : "icinga2.pid",
      "whiteSpace" : false
    }, {
      "id" : "s1-t36",
      "begin" : 277,
      "end" : 289,
      "text" : "modification",
      "whiteSpace" : false
    }, {
      "id" : "s1-t37",
      "begin" : 290,
      "end" : 296,
      "text" : "before",
      "whiteSpace" : false
    }, {
      "id" : "s1-t38",
      "begin" : 297,
      "end" : 298,
      "text" : "a",
      "whiteSpace" : false
    }, {
      "id" : "s1-t39",
      "begin" : 299,
      "end" : 303,
      "text" : "root",
      "whiteSpace" : false
    }, {
      "id" : "s1-t40",
      "begin" : 304,
      "end" : 310,
      "text" : "script",
      "whiteSpace" : false
    }, {
      "id" : "s1-t41",
      "begin" : 311,
      "end" : 319,
      "text" : "executes",
      "whiteSpace" : false
    }, {
      "id" : "s1-t42",
      "begin" : 320,
      "end" : 321,
      "text" : "a",
      "whiteSpace" : false
    }, {
      "id" : "s1-t43",
      "begin" : 322,
      "end" : 323,
      "text" : "\"",
      "whiteSpace" : false
    }, {
      "id" : "s1-t44",
      "begin" : 323,
      "end" : 327,
      "text" : "kill",
      "whiteSpace" : false
    }, {
      "id" : "s1-t45",
      "begin" : 328,
      "end" : 329,
      "text" : "`",
      "whiteSpace" : false
    }, {
      "id" : "s1-t46",
      "begin" : 329,
      "end" : 332,
      "text" : "cat",
      "whiteSpace" : false
    }, {
      "id" : "s1-t47",
      "begin" : 333,
      "end" : 354,
      "text" : "/pathname/icinga2.pid",
      "whiteSpace" : false
    }, {
      "id" : "s1-t48",
      "begin" : 354,
      "end" : 355,
      "text" : "`",
      "whiteSpace" : false
    }, {
      "id" : "s1-t49",
      "begin" : 355,
      "end" : 356,
      "text" : "\"",
      "whiteSpace" : false
    }, {
      "id" : "s1-t50",
      "begin" : 357,
      "end" : 364,
      "text" : "command",
      "whiteSpace" : false
    }, {
      "id" : "s1-t51",
      "begin" : 364,
      "end" : 365,
      "text" : ",",
      "whiteSpace" : false
    }, {
      "id" : "s1-t52",
      "begin" : 366,
      "end" : 368,
      "text" : "as",
      "whiteSpace" : false
    }, {
      "id" : "s1-t53",
      "begin" : 369,
      "end" : 381,
      "text" : "demonstrated",
      "whiteSpace" : false
    }, {
      "id" : "s1-t54",
      "begin" : 382,
      "end" : 384,
      "text" : "by",
      "whiteSpace" : false
    }, {
      "id" : "s1-t55",
      "begin" : 385,
      "end" : 405,
      "text" : "icinga2.init.d.cmake",
      "whiteSpace" : false
    }, {
      "id" : "s1-t56",
      "begin" : 405,
      "end" : 406,
      "text" : ".",
      "whiteSpace" : false
    } ]
  }, {
    "id" : "s2",
    "begin" : 407,
    "end" : 459,
    "text" : "| MISC:https://github.com/Icinga/icinga2/issues/5991",
    "tokens" : [ {
      "id" : "s2-t0",
      "begin" : 407,
      "end" : 408,
      "text" : "|",
      "whiteSpace" : false
    }, {
      "id" : "s2-t1",
      "begin" : 409,
      "end" : 455,
      "text" : "MISC:https://github.com/Icinga/icinga2/issues/",
      "whiteSpace" : false
    }, {
      "id" : "s2-t2",
      "begin" : 455,
      "end" : 459,
      "text" : "5991",
      "whiteSpace" : false
    } ]
  } ],
  "mentions" : [ ],
  "relations" : [ ],
  "corefs" : [ ],
  "typeResolved" : true,
  "userResolved" : false
}