{
  "id" : "5ca6f540-e5bf-11e8-bc3f-812dc60f5413-1963",
  "name" : "CVE-2018-4176",
  "createdDate" : 0,
  "version" : 3,
  "text" : "CVE-2018-4176 | An issue was discovered in certain Apple products. macOS before 10.13.4 is affected. The issue involves the \"Disk Images\" component. It allows attackers to trigger an app launch upon mounting a crafted disk image. | CONFIRM:https://support.apple.com/HT208692   |   BID:103582   |   URL:http://www.securityfocus.com/bid/103582   |   SECTRACK:1040608   |   URL:http://www.securitytracker.com/id/1040608",
  "docLength" : 0,
  "language" : "EN",
  "status" : "READY",
  "modifiedDate" : 1541947069127,
  "documentSet" : [ ],
  "preannotation" : [ ],
  "sentences" : [ {
    "id" : "s0",
    "begin" : 0,
    "end" : 66,
    "text" : "CVE-2018-4176 | An issue was discovered in certain Apple products.",
    "tokens" : [ {
      "id" : "s0-t0",
      "begin" : 0,
      "end" : 13,
      "text" : "CVE-2018-4176",
      "whiteSpace" : false
    }, {
      "id" : "s0-t1",
      "begin" : 14,
      "end" : 15,
      "text" : "|",
      "whiteSpace" : false
    }, {
      "id" : "s0-t2",
      "begin" : 16,
      "end" : 18,
      "text" : "An",
      "whiteSpace" : false
    }, {
      "id" : "s0-t3",
      "begin" : 19,
      "end" : 24,
      "text" : "issue",
      "whiteSpace" : false
    }, {
      "id" : "s0-t4",
      "begin" : 25,
      "end" : 28,
      "text" : "was",
      "whiteSpace" : false
    }, {
      "id" : "s0-t5",
      "begin" : 29,
      "end" : 39,
      "text" : "discovered",
      "whiteSpace" : false
    }, {
      "id" : "s0-t6",
      "begin" : 40,
      "end" : 42,
      "text" : "in",
      "whiteSpace" : false
    }, {
      "id" : "s0-t7",
      "begin" : 43,
      "end" : 50,
      "text" : "certain",
      "whiteSpace" : false
    }, {
      "id" : "s0-t8",
      "begin" : 51,
      "end" : 56,
      "text" : "Apple",
      "whiteSpace" : false
    }, {
      "id" : "s0-t9",
      "begin" : 57,
      "end" : 65,
      "text" : "products",
      "whiteSpace" : false
    }, {
      "id" : "s0-t10",
      "begin" : 65,
      "end" : 66,
      "text" : ".",
      "whiteSpace" : false
    } ]
  }, {
    "id" : "s1",
    "begin" : 67,
    "end" : 100,
    "text" : "macOS before 10.13.4 is affected.",
    "tokens" : [ {
      "id" : "s1-t0",
      "begin" : 67,
      "end" : 72,
      "text" : "macOS",
      "whiteSpace" : false
    }, {
      "id" : "s1-t1",
      "begin" : 73,
      "end" : 79,
      "text" : "before",
      "whiteSpace" : false
    }, {
      "id" : "s1-t2",
      "begin" : 80,
      "end" : 87,
      "text" : "10.13.4",
      "whiteSpace" : false
    }, {
      "id" : "s1-t3",
      "begin" : 88,
      "end" : 90,
      "text" : "is",
      "whiteSpace" : false
    }, {
      "id" : "s1-t4",
      "begin" : 91,
      "end" : 99,
      "text" : "affected",
      "whiteSpace" : false
    }, {
      "id" : "s1-t5",
      "begin" : 99,
      "end" : 100,
      "text" : ".",
      "whiteSpace" : false
    } ]
  }, {
    "id" : "s2",
    "begin" : 101,
    "end" : 148,
    "text" : "The issue involves the \"Disk Images\" component.",
    "tokens" : [ {
      "id" : "s2-t0",
      "begin" : 101,
      "end" : 104,
      "text" : "The",
      "whiteSpace" : false
    }, {
      "id" : "s2-t1",
      "begin" : 105,
      "end" : 110,
      "text" : "issue",
      "whiteSpace" : false
    }, {
      "id" : "s2-t2",
      "begin" : 111,
      "end" : 119,
      "text" : "involves",
      "whiteSpace" : false
    }, {
      "id" : "s2-t3",
      "begin" : 120,
      "end" : 123,
      "text" : "the",
      "whiteSpace" : false
    }, {
      "id" : "s2-t4",
      "begin" : 124,
      "end" : 125,
      "text" : "\"",
      "whiteSpace" : false
    }, {
      "id" : "s2-t5",
      "begin" : 125,
      "end" : 129,
      "text" : "Disk",
      "whiteSpace" : false
    }, {
      "id" : "s2-t6",
      "begin" : 130,
      "end" : 136,
      "text" : "Images",
      "whiteSpace" : false
    }, {
      "id" : "s2-t7",
      "begin" : 136,
      "end" : 137,
      "text" : "\"",
      "whiteSpace" : false
    }, {
      "id" : "s2-t8",
      "begin" : 138,
      "end" : 147,
      "text" : "component",
      "whiteSpace" : false
    }, {
      "id" : "s2-t9",
      "begin" : 147,
      "end" : 148,
      "text" : ".",
      "whiteSpace" : false
    } ]
  }, {
    "id" : "s3",
    "begin" : 149,
    "end" : 229,
    "text" : "It allows attackers to trigger an app launch upon mounting a crafted disk image.",
    "tokens" : [ {
      "id" : "s3-t0",
      "begin" : 149,
      "end" : 151,
      "text" : "It",
      "whiteSpace" : false
    }, {
      "id" : "s3-t1",
      "begin" : 152,
      "end" : 158,
      "text" : "allows",
      "whiteSpace" : false
    }, {
      "id" : "s3-t2",
      "begin" : 159,
      "end" : 168,
      "text" : "attackers",
      "whiteSpace" : false
    }, {
      "id" : "s3-t3",
      "begin" : 169,
      "end" : 171,
      "text" : "to",
      "whiteSpace" : false
    }, {
      "id" : "s3-t4",
      "begin" : 172,
      "end" : 179,
      "text" : "trigger",
      "whiteSpace" : false
    }, {
      "id" : "s3-t5",
      "begin" : 180,
      "end" : 182,
      "text" : "an",
      "whiteSpace" : false
    }, {
      "id" : "s3-t6",
      "begin" : 183,
      "end" : 186,
      "text" : "app",
      "whiteSpace" : false
    }, {
      "id" : "s3-t7",
      "begin" : 187,
      "end" : 193,
      "text" : "launch",
      "whiteSpace" : false
    }, {
      "id" : "s3-t8",
      "begin" : 194,
      "end" : 198,
      "text" : "upon",
      "whiteSpace" : false
    }, {
      "id" : "s3-t9",
      "begin" : 199,
      "end" : 207,
      "text" : "mounting",
      "whiteSpace" : false
    }, {
      "id" : "s3-t10",
      "begin" : 208,
      "end" : 209,
      "text" : "a",
      "whiteSpace" : false
    }, {
      "id" : "s3-t11",
      "begin" : 210,
      "end" : 217,
      "text" : "crafted",
      "whiteSpace" : false
    }, {
      "id" : "s3-t12",
      "begin" : 218,
      "end" : 222,
      "text" : "disk",
      "whiteSpace" : false
    }, {
      "id" : "s3-t13",
      "begin" : 223,
      "end" : 228,
      "text" : "image",
      "whiteSpace" : false
    }, {
      "id" : "s3-t14",
      "begin" : 228,
      "end" : 229,
      "text" : ".",
      "whiteSpace" : false
    } ]
  }, {
    "id" : "s4",
    "begin" : 230,
    "end" : 416,
    "text" : "| CONFIRM:https://support.apple.com/HT208692   |   BID:103582   |   URL:http://www.securityfocus.com/bid/103582   |   SECTRACK:1040608   |   URL:http://www.securitytracker.com/id/1040608",
    "tokens" : [ {
      "id" : "s4-t0",
      "begin" : 230,
      "end" : 231,
      "text" : "|",
      "whiteSpace" : false
    }, {
      "id" : "s4-t1",
      "begin" : 232,
      "end" : 274,
      "text" : "CONFIRM:https://support.apple.com/HT208692",
      "whiteSpace" : false
    }, {
      "id" : "s4-t2",
      "begin" : 277,
      "end" : 278,
      "text" : "|",
      "whiteSpace" : false
    }, {
      "id" : "s4-t3",
      "begin" : 281,
      "end" : 284,
      "text" : "BID",
      "whiteSpace" : false
    }, {
      "id" : "s4-t4",
      "begin" : 284,
      "end" : 285,
      "text" : ":",
      "whiteSpace" : false
    }, {
      "id" : "s4-t5",
      "begin" : 285,
      "end" : 291,
      "text" : "103582",
      "whiteSpace" : false
    }, {
      "id" : "s4-t6",
      "begin" : 294,
      "end" : 295,
      "text" : "|",
      "whiteSpace" : false
    }, {
      "id" : "s4-t7",
      "begin" : 298,
      "end" : 335,
      "text" : "URL:http://www.securityfocus.com/bid/",
      "whiteSpace" : false
    }, {
      "id" : "s4-t8",
      "begin" : 335,
      "end" : 341,
      "text" : "103582",
      "whiteSpace" : false
    }, {
      "id" : "s4-t9",
      "begin" : 344,
      "end" : 345,
      "text" : "|",
      "whiteSpace" : false
    }, {
      "id" : "s4-t10",
      "begin" : 348,
      "end" : 356,
      "text" : "SECTRACK",
      "whiteSpace" : false
    }, {
      "id" : "s4-t11",
      "begin" : 356,
      "end" : 357,
      "text" : ":",
      "whiteSpace" : false
    }, {
      "id" : "s4-t12",
      "begin" : 357,
      "end" : 364,
      "text" : "1040608",
      "whiteSpace" : false
    }, {
      "id" : "s4-t13",
      "begin" : 367,
      "end" : 368,
      "text" : "|",
      "whiteSpace" : false
    }, {
      "id" : "s4-t14",
      "begin" : 371,
      "end" : 409,
      "text" : "URL:http://www.securitytracker.com/id/",
      "whiteSpace" : false
    }, {
      "id" : "s4-t15",
      "begin" : 409,
      "end" : 416,
      "text" : "1040608",
      "whiteSpace" : false
    } ]
  } ],
  "mentions" : [ ],
  "relations" : [ ],
  "corefs" : [ ],
  "typeResolved" : true,
  "userResolved" : false
}