{
  "id" : "5ca6f540-e5bf-11e8-bc3f-812dc60f5413-1403",
  "name" : "CVE-2018-5441",
  "createdDate" : 0,
  "version" : 3,
  "text" : "CVE-2018-5441 | An Improper Validation of Integrity Check Value issue was discovered in PHOENIX CONTACT mGuard firmware versions 7.2 to 8.6.0. mGuard devices rely on internal checksums for verification of the internal integrity of the update packages. Verification may not always be performed correctly, allowing an attacker to modify firmware update packages. | MISC:https://ics-cert.us-cert.gov/advisories/ICSA-18-030-01   |   CONFIRM:https://cert.vde.com/en-us/advisories/vde-2018-001   |   BID:102907   |   URL:http://www.securityfocus.com/bid/102907",
  "docLength" : 0,
  "language" : "EN",
  "status" : "READY",
  "modifiedDate" : 1541947069127,
  "documentSet" : [ ],
  "preannotation" : [ ],
  "sentences" : [ {
    "id" : "s0",
    "begin" : 0,
    "end" : 142,
    "text" : "CVE-2018-5441 | An Improper Validation of Integrity Check Value issue was discovered in PHOENIX CONTACT mGuard firmware versions 7.2 to 8.6.0.",
    "tokens" : [ {
      "id" : "s0-t0",
      "begin" : 0,
      "end" : 13,
      "text" : "CVE-2018-5441",
      "whiteSpace" : false
    }, {
      "id" : "s0-t1",
      "begin" : 14,
      "end" : 15,
      "text" : "|",
      "whiteSpace" : false
    }, {
      "id" : "s0-t2",
      "begin" : 16,
      "end" : 18,
      "text" : "An",
      "whiteSpace" : false
    }, {
      "id" : "s0-t3",
      "begin" : 19,
      "end" : 27,
      "text" : "Improper",
      "whiteSpace" : false
    }, {
      "id" : "s0-t4",
      "begin" : 28,
      "end" : 38,
      "text" : "Validation",
      "whiteSpace" : false
    }, {
      "id" : "s0-t5",
      "begin" : 39,
      "end" : 41,
      "text" : "of",
      "whiteSpace" : false
    }, {
      "id" : "s0-t6",
      "begin" : 42,
      "end" : 51,
      "text" : "Integrity",
      "whiteSpace" : false
    }, {
      "id" : "s0-t7",
      "begin" : 52,
      "end" : 57,
      "text" : "Check",
      "whiteSpace" : false
    }, {
      "id" : "s0-t8",
      "begin" : 58,
      "end" : 63,
      "text" : "Value",
      "whiteSpace" : false
    }, {
      "id" : "s0-t9",
      "begin" : 64,
      "end" : 69,
      "text" : "issue",
      "whiteSpace" : false
    }, {
      "id" : "s0-t10",
      "begin" : 70,
      "end" : 73,
      "text" : "was",
      "whiteSpace" : false
    }, {
      "id" : "s0-t11",
      "begin" : 74,
      "end" : 84,
      "text" : "discovered",
      "whiteSpace" : false
    }, {
      "id" : "s0-t12",
      "begin" : 85,
      "end" : 87,
      "text" : "in",
      "whiteSpace" : false
    }, {
      "id" : "s0-t13",
      "begin" : 88,
      "end" : 95,
      "text" : "PHOENIX",
      "whiteSpace" : false
    }, {
      "id" : "s0-t14",
      "begin" : 96,
      "end" : 103,
      "text" : "CONTACT",
      "whiteSpace" : false
    }, {
      "id" : "s0-t15",
      "begin" : 104,
      "end" : 110,
      "text" : "mGuard",
      "whiteSpace" : false
    }, {
      "id" : "s0-t16",
      "begin" : 111,
      "end" : 119,
      "text" : "firmware",
      "whiteSpace" : false
    }, {
      "id" : "s0-t17",
      "begin" : 120,
      "end" : 128,
      "text" : "versions",
      "whiteSpace" : false
    }, {
      "id" : "s0-t18",
      "begin" : 129,
      "end" : 132,
      "text" : "7.2",
      "whiteSpace" : false
    }, {
      "id" : "s0-t19",
      "begin" : 133,
      "end" : 135,
      "text" : "to",
      "whiteSpace" : false
    }, {
      "id" : "s0-t20",
      "begin" : 136,
      "end" : 141,
      "text" : "8.6.0",
      "whiteSpace" : false
    }, {
      "id" : "s0-t21",
      "begin" : 141,
      "end" : 142,
      "text" : ".",
      "whiteSpace" : false
    } ]
  }, {
    "id" : "s1",
    "begin" : 143,
    "end" : 251,
    "text" : "mGuard devices rely on internal checksums for verification of the internal integrity of the update packages.",
    "tokens" : [ {
      "id" : "s1-t0",
      "begin" : 143,
      "end" : 149,
      "text" : "mGuard",
      "whiteSpace" : false
    }, {
      "id" : "s1-t1",
      "begin" : 150,
      "end" : 157,
      "text" : "devices",
      "whiteSpace" : false
    }, {
      "id" : "s1-t2",
      "begin" : 158,
      "end" : 162,
      "text" : "rely",
      "whiteSpace" : false
    }, {
      "id" : "s1-t3",
      "begin" : 163,
      "end" : 165,
      "text" : "on",
      "whiteSpace" : false
    }, {
      "id" : "s1-t4",
      "begin" : 166,
      "end" : 174,
      "text" : "internal",
      "whiteSpace" : false
    }, {
      "id" : "s1-t5",
      "begin" : 175,
      "end" : 184,
      "text" : "checksums",
      "whiteSpace" : false
    }, {
      "id" : "s1-t6",
      "begin" : 185,
      "end" : 188,
      "text" : "for",
      "whiteSpace" : false
    }, {
      "id" : "s1-t7",
      "begin" : 189,
      "end" : 201,
      "text" : "verification",
      "whiteSpace" : false
    }, {
      "id" : "s1-t8",
      "begin" : 202,
      "end" : 204,
      "text" : "of",
      "whiteSpace" : false
    }, {
      "id" : "s1-t9",
      "begin" : 205,
      "end" : 208,
      "text" : "the",
      "whiteSpace" : false
    }, {
      "id" : "s1-t10",
      "begin" : 209,
      "end" : 217,
      "text" : "internal",
      "whiteSpace" : false
    }, {
      "id" : "s1-t11",
      "begin" : 218,
      "end" : 227,
      "text" : "integrity",
      "whiteSpace" : false
    }, {
      "id" : "s1-t12",
      "begin" : 228,
      "end" : 230,
      "text" : "of",
      "whiteSpace" : false
    }, {
      "id" : "s1-t13",
      "begin" : 231,
      "end" : 234,
      "text" : "the",
      "whiteSpace" : false
    }, {
      "id" : "s1-t14",
      "begin" : 235,
      "end" : 241,
      "text" : "update",
      "whiteSpace" : false
    }, {
      "id" : "s1-t15",
      "begin" : 242,
      "end" : 250,
      "text" : "packages",
      "whiteSpace" : false
    }, {
      "id" : "s1-t16",
      "begin" : 250,
      "end" : 251,
      "text" : ".",
      "whiteSpace" : false
    } ]
  }, {
    "id" : "s2",
    "begin" : 252,
    "end" : 360,
    "text" : "Verification may not always be performed correctly, allowing an attacker to modify firmware update packages.",
    "tokens" : [ {
      "id" : "s2-t0",
      "begin" : 252,
      "end" : 264,
      "text" : "Verification",
      "whiteSpace" : false
    }, {
      "id" : "s2-t1",
      "begin" : 265,
      "end" : 268,
      "text" : "may",
      "whiteSpace" : false
    }, {
      "id" : "s2-t2",
      "begin" : 269,
      "end" : 272,
      "text" : "not",
      "whiteSpace" : false
    }, {
      "id" : "s2-t3",
      "begin" : 273,
      "end" : 279,
      "text" : "always",
      "whiteSpace" : false
    }, {
      "id" : "s2-t4",
      "begin" : 280,
      "end" : 282,
      "text" : "be",
      "whiteSpace" : false
    }, {
      "id" : "s2-t5",
      "begin" : 283,
      "end" : 292,
      "text" : "performed",
      "whiteSpace" : false
    }, {
      "id" : "s2-t6",
      "begin" : 293,
      "end" : 302,
      "text" : "correctly",
      "whiteSpace" : false
    }, {
      "id" : "s2-t7",
      "begin" : 302,
      "end" : 303,
      "text" : ",",
      "whiteSpace" : false
    }, {
      "id" : "s2-t8",
      "begin" : 304,
      "end" : 312,
      "text" : "allowing",
      "whiteSpace" : false
    }, {
      "id" : "s2-t9",
      "begin" : 313,
      "end" : 315,
      "text" : "an",
      "whiteSpace" : false
    }, {
      "id" : "s2-t10",
      "begin" : 316,
      "end" : 324,
      "text" : "attacker",
      "whiteSpace" : false
    }, {
      "id" : "s2-t11",
      "begin" : 325,
      "end" : 327,
      "text" : "to",
      "whiteSpace" : false
    }, {
      "id" : "s2-t12",
      "begin" : 328,
      "end" : 334,
      "text" : "modify",
      "whiteSpace" : false
    }, {
      "id" : "s2-t13",
      "begin" : 335,
      "end" : 343,
      "text" : "firmware",
      "whiteSpace" : false
    }, {
      "id" : "s2-t14",
      "begin" : 344,
      "end" : 350,
      "text" : "update",
      "whiteSpace" : false
    }, {
      "id" : "s2-t15",
      "begin" : 351,
      "end" : 359,
      "text" : "packages",
      "whiteSpace" : false
    }, {
      "id" : "s2-t16",
      "begin" : 359,
      "end" : 360,
      "text" : ".",
      "whiteSpace" : false
    } ]
  }, {
    "id" : "s3",
    "begin" : 361,
    "end" : 554,
    "text" : "| MISC:https://ics-cert.us-cert.gov/advisories/ICSA-18-030-01   |   CONFIRM:https://cert.vde.com/en-us/advisories/vde-2018-001   |   BID:102907   |   URL:http://www.securityfocus.com/bid/102907",
    "tokens" : [ {
      "id" : "s3-t0",
      "begin" : 361,
      "end" : 362,
      "text" : "|",
      "whiteSpace" : false
    }, {
      "id" : "s3-t1",
      "begin" : 363,
      "end" : 422,
      "text" : "MISC:https://ics-cert.us-cert.gov/advisories/ICSA-18-030-01",
      "whiteSpace" : false
    }, {
      "id" : "s3-t2",
      "begin" : 425,
      "end" : 426,
      "text" : "|",
      "whiteSpace" : false
    }, {
      "id" : "s3-t3",
      "begin" : 429,
      "end" : 487,
      "text" : "CONFIRM:https://cert.vde.com/en-us/advisories/vde-2018-001",
      "whiteSpace" : false
    }, {
      "id" : "s3-t4",
      "begin" : 490,
      "end" : 491,
      "text" : "|",
      "whiteSpace" : false
    }, {
      "id" : "s3-t5",
      "begin" : 494,
      "end" : 497,
      "text" : "BID",
      "whiteSpace" : false
    }, {
      "id" : "s3-t6",
      "begin" : 497,
      "end" : 498,
      "text" : ":",
      "whiteSpace" : false
    }, {
      "id" : "s3-t7",
      "begin" : 498,
      "end" : 504,
      "text" : "102907",
      "whiteSpace" : false
    }, {
      "id" : "s3-t8",
      "begin" : 507,
      "end" : 508,
      "text" : "|",
      "whiteSpace" : false
    }, {
      "id" : "s3-t9",
      "begin" : 511,
      "end" : 548,
      "text" : "URL:http://www.securityfocus.com/bid/",
      "whiteSpace" : false
    }, {
      "id" : "s3-t10",
      "begin" : 548,
      "end" : 554,
      "text" : "102907",
      "whiteSpace" : false
    } ]
  } ],
  "mentions" : [ ],
  "relations" : [ ],
  "corefs" : [ ],
  "typeResolved" : true,
  "userResolved" : false
}