{
  "id" : "5ca6f540-e5bf-11e8-bc3f-812dc60f5413-1964",
  "name" : "CVE-2018-4175",
  "createdDate" : 0,
  "version" : 3,
  "text" : "CVE-2018-4175 | An issue was discovered in certain Apple products. macOS before 10.13.4 is affected. The issue involves the \"LaunchServices\" component. It allows attackers to bypass the code-signing protection mechanism via a crafted app. | CONFIRM:https://support.apple.com/HT208692   |   BID:103582   |   URL:http://www.securityfocus.com/bid/103582   |   SECTRACK:1040608   |   URL:http://www.securitytracker.com/id/1040608",
  "docLength" : 0,
  "language" : "EN",
  "status" : "READY",
  "modifiedDate" : 1541947069127,
  "documentSet" : [ ],
  "preannotation" : [ ],
  "sentences" : [ {
    "id" : "s0",
    "begin" : 0,
    "end" : 66,
    "text" : "CVE-2018-4175 | An issue was discovered in certain Apple products.",
    "tokens" : [ {
      "id" : "s0-t0",
      "begin" : 0,
      "end" : 13,
      "text" : "CVE-2018-4175",
      "whiteSpace" : false
    }, {
      "id" : "s0-t1",
      "begin" : 14,
      "end" : 15,
      "text" : "|",
      "whiteSpace" : false
    }, {
      "id" : "s0-t2",
      "begin" : 16,
      "end" : 18,
      "text" : "An",
      "whiteSpace" : false
    }, {
      "id" : "s0-t3",
      "begin" : 19,
      "end" : 24,
      "text" : "issue",
      "whiteSpace" : false
    }, {
      "id" : "s0-t4",
      "begin" : 25,
      "end" : 28,
      "text" : "was",
      "whiteSpace" : false
    }, {
      "id" : "s0-t5",
      "begin" : 29,
      "end" : 39,
      "text" : "discovered",
      "whiteSpace" : false
    }, {
      "id" : "s0-t6",
      "begin" : 40,
      "end" : 42,
      "text" : "in",
      "whiteSpace" : false
    }, {
      "id" : "s0-t7",
      "begin" : 43,
      "end" : 50,
      "text" : "certain",
      "whiteSpace" : false
    }, {
      "id" : "s0-t8",
      "begin" : 51,
      "end" : 56,
      "text" : "Apple",
      "whiteSpace" : false
    }, {
      "id" : "s0-t9",
      "begin" : 57,
      "end" : 65,
      "text" : "products",
      "whiteSpace" : false
    }, {
      "id" : "s0-t10",
      "begin" : 65,
      "end" : 66,
      "text" : ".",
      "whiteSpace" : false
    } ]
  }, {
    "id" : "s1",
    "begin" : 67,
    "end" : 100,
    "text" : "macOS before 10.13.4 is affected.",
    "tokens" : [ {
      "id" : "s1-t0",
      "begin" : 67,
      "end" : 72,
      "text" : "macOS",
      "whiteSpace" : false
    }, {
      "id" : "s1-t1",
      "begin" : 73,
      "end" : 79,
      "text" : "before",
      "whiteSpace" : false
    }, {
      "id" : "s1-t2",
      "begin" : 80,
      "end" : 87,
      "text" : "10.13.4",
      "whiteSpace" : false
    }, {
      "id" : "s1-t3",
      "begin" : 88,
      "end" : 90,
      "text" : "is",
      "whiteSpace" : false
    }, {
      "id" : "s1-t4",
      "begin" : 91,
      "end" : 99,
      "text" : "affected",
      "whiteSpace" : false
    }, {
      "id" : "s1-t5",
      "begin" : 99,
      "end" : 100,
      "text" : ".",
      "whiteSpace" : false
    } ]
  }, {
    "id" : "s2",
    "begin" : 101,
    "end" : 151,
    "text" : "The issue involves the \"LaunchServices\" component.",
    "tokens" : [ {
      "id" : "s2-t0",
      "begin" : 101,
      "end" : 104,
      "text" : "The",
      "whiteSpace" : false
    }, {
      "id" : "s2-t1",
      "begin" : 105,
      "end" : 110,
      "text" : "issue",
      "whiteSpace" : false
    }, {
      "id" : "s2-t2",
      "begin" : 111,
      "end" : 119,
      "text" : "involves",
      "whiteSpace" : false
    }, {
      "id" : "s2-t3",
      "begin" : 120,
      "end" : 123,
      "text" : "the",
      "whiteSpace" : false
    }, {
      "id" : "s2-t4",
      "begin" : 124,
      "end" : 125,
      "text" : "\"",
      "whiteSpace" : false
    }, {
      "id" : "s2-t5",
      "begin" : 125,
      "end" : 139,
      "text" : "LaunchServices",
      "whiteSpace" : false
    }, {
      "id" : "s2-t6",
      "begin" : 139,
      "end" : 140,
      "text" : "\"",
      "whiteSpace" : false
    }, {
      "id" : "s2-t7",
      "begin" : 141,
      "end" : 150,
      "text" : "component",
      "whiteSpace" : false
    }, {
      "id" : "s2-t8",
      "begin" : 150,
      "end" : 151,
      "text" : ".",
      "whiteSpace" : false
    } ]
  }, {
    "id" : "s3",
    "begin" : 152,
    "end" : 238,
    "text" : "It allows attackers to bypass the code-signing protection mechanism via a crafted app.",
    "tokens" : [ {
      "id" : "s3-t0",
      "begin" : 152,
      "end" : 154,
      "text" : "It",
      "whiteSpace" : false
    }, {
      "id" : "s3-t1",
      "begin" : 155,
      "end" : 161,
      "text" : "allows",
      "whiteSpace" : false
    }, {
      "id" : "s3-t2",
      "begin" : 162,
      "end" : 171,
      "text" : "attackers",
      "whiteSpace" : false
    }, {
      "id" : "s3-t3",
      "begin" : 172,
      "end" : 174,
      "text" : "to",
      "whiteSpace" : false
    }, {
      "id" : "s3-t4",
      "begin" : 175,
      "end" : 181,
      "text" : "bypass",
      "whiteSpace" : false
    }, {
      "id" : "s3-t5",
      "begin" : 182,
      "end" : 185,
      "text" : "the",
      "whiteSpace" : false
    }, {
      "id" : "s3-t6",
      "begin" : 186,
      "end" : 190,
      "text" : "code",
      "whiteSpace" : false
    }, {
      "id" : "s3-t7",
      "begin" : 190,
      "end" : 191,
      "text" : "-",
      "whiteSpace" : false
    }, {
      "id" : "s3-t8",
      "begin" : 191,
      "end" : 198,
      "text" : "signing",
      "whiteSpace" : false
    }, {
      "id" : "s3-t9",
      "begin" : 199,
      "end" : 209,
      "text" : "protection",
      "whiteSpace" : false
    }, {
      "id" : "s3-t10",
      "begin" : 210,
      "end" : 219,
      "text" : "mechanism",
      "whiteSpace" : false
    }, {
      "id" : "s3-t11",
      "begin" : 220,
      "end" : 223,
      "text" : "via",
      "whiteSpace" : false
    }, {
      "id" : "s3-t12",
      "begin" : 224,
      "end" : 225,
      "text" : "a",
      "whiteSpace" : false
    }, {
      "id" : "s3-t13",
      "begin" : 226,
      "end" : 233,
      "text" : "crafted",
      "whiteSpace" : false
    }, {
      "id" : "s3-t14",
      "begin" : 234,
      "end" : 237,
      "text" : "app",
      "whiteSpace" : false
    }, {
      "id" : "s3-t15",
      "begin" : 237,
      "end" : 238,
      "text" : ".",
      "whiteSpace" : false
    } ]
  }, {
    "id" : "s4",
    "begin" : 239,
    "end" : 425,
    "text" : "| CONFIRM:https://support.apple.com/HT208692   |   BID:103582   |   URL:http://www.securityfocus.com/bid/103582   |   SECTRACK:1040608   |   URL:http://www.securitytracker.com/id/1040608",
    "tokens" : [ {
      "id" : "s4-t0",
      "begin" : 239,
      "end" : 240,
      "text" : "|",
      "whiteSpace" : false
    }, {
      "id" : "s4-t1",
      "begin" : 241,
      "end" : 283,
      "text" : "CONFIRM:https://support.apple.com/HT208692",
      "whiteSpace" : false
    }, {
      "id" : "s4-t2",
      "begin" : 286,
      "end" : 287,
      "text" : "|",
      "whiteSpace" : false
    }, {
      "id" : "s4-t3",
      "begin" : 290,
      "end" : 293,
      "text" : "BID",
      "whiteSpace" : false
    }, {
      "id" : "s4-t4",
      "begin" : 293,
      "end" : 294,
      "text" : ":",
      "whiteSpace" : false
    }, {
      "id" : "s4-t5",
      "begin" : 294,
      "end" : 300,
      "text" : "103582",
      "whiteSpace" : false
    }, {
      "id" : "s4-t6",
      "begin" : 303,
      "end" : 304,
      "text" : "|",
      "whiteSpace" : false
    }, {
      "id" : "s4-t7",
      "begin" : 307,
      "end" : 344,
      "text" : "URL:http://www.securityfocus.com/bid/",
      "whiteSpace" : false
    }, {
      "id" : "s4-t8",
      "begin" : 344,
      "end" : 350,
      "text" : "103582",
      "whiteSpace" : false
    }, {
      "id" : "s4-t9",
      "begin" : 353,
      "end" : 354,
      "text" : "|",
      "whiteSpace" : false
    }, {
      "id" : "s4-t10",
      "begin" : 357,
      "end" : 365,
      "text" : "SECTRACK",
      "whiteSpace" : false
    }, {
      "id" : "s4-t11",
      "begin" : 365,
      "end" : 366,
      "text" : ":",
      "whiteSpace" : false
    }, {
      "id" : "s4-t12",
      "begin" : 366,
      "end" : 373,
      "text" : "1040608",
      "whiteSpace" : false
    }, {
      "id" : "s4-t13",
      "begin" : 376,
      "end" : 377,
      "text" : "|",
      "whiteSpace" : false
    }, {
      "id" : "s4-t14",
      "begin" : 380,
      "end" : 418,
      "text" : "URL:http://www.securitytracker.com/id/",
      "whiteSpace" : false
    }, {
      "id" : "s4-t15",
      "begin" : 418,
      "end" : 425,
      "text" : "1040608",
      "whiteSpace" : false
    } ]
  } ],
  "mentions" : [ ],
  "relations" : [ ],
  "corefs" : [ ],
  "typeResolved" : true,
  "userResolved" : false
}