{
  "id" : "5ca6f540-e5bf-11e8-bc3f-812dc60f5413-1400",
  "name" : "CVE-2018-5445",
  "createdDate" : 0,
  "version" : 3,
  "text" : "CVE-2018-5445 | A Path Traversal issue was discovered in Advantech WebAccess/SCADA versions prior to V8.2_20170817. An attacker has read access to files within the directory structure of the target device. | MISC:https://ics-cert.us-cert.gov/advisories/ICSA-18-023-01   |   BID:102781   |   URL:http://www.securityfocus.com/bid/102781",
  "docLength" : 0,
  "language" : "EN",
  "status" : "READY",
  "modifiedDate" : 1541947069127,
  "documentSet" : [ ],
  "preannotation" : [ ],
  "sentences" : [ {
    "id" : "s0",
    "begin" : 0,
    "end" : 115,
    "text" : "CVE-2018-5445 | A Path Traversal issue was discovered in Advantech WebAccess/SCADA versions prior to V8.2_20170817.",
    "tokens" : [ {
      "id" : "s0-t0",
      "begin" : 0,
      "end" : 13,
      "text" : "CVE-2018-5445",
      "whiteSpace" : false
    }, {
      "id" : "s0-t1",
      "begin" : 14,
      "end" : 15,
      "text" : "|",
      "whiteSpace" : false
    }, {
      "id" : "s0-t2",
      "begin" : 16,
      "end" : 17,
      "text" : "A",
      "whiteSpace" : false
    }, {
      "id" : "s0-t3",
      "begin" : 18,
      "end" : 22,
      "text" : "Path",
      "whiteSpace" : false
    }, {
      "id" : "s0-t4",
      "begin" : 23,
      "end" : 32,
      "text" : "Traversal",
      "whiteSpace" : false
    }, {
      "id" : "s0-t5",
      "begin" : 33,
      "end" : 38,
      "text" : "issue",
      "whiteSpace" : false
    }, {
      "id" : "s0-t6",
      "begin" : 39,
      "end" : 42,
      "text" : "was",
      "whiteSpace" : false
    }, {
      "id" : "s0-t7",
      "begin" : 43,
      "end" : 53,
      "text" : "discovered",
      "whiteSpace" : false
    }, {
      "id" : "s0-t8",
      "begin" : 54,
      "end" : 56,
      "text" : "in",
      "whiteSpace" : false
    }, {
      "id" : "s0-t9",
      "begin" : 57,
      "end" : 66,
      "text" : "Advantech",
      "whiteSpace" : false
    }, {
      "id" : "s0-t10",
      "begin" : 67,
      "end" : 82,
      "text" : "WebAccess/SCADA",
      "whiteSpace" : false
    }, {
      "id" : "s0-t11",
      "begin" : 83,
      "end" : 91,
      "text" : "versions",
      "whiteSpace" : false
    }, {
      "id" : "s0-t12",
      "begin" : 92,
      "end" : 97,
      "text" : "prior",
      "whiteSpace" : false
    }, {
      "id" : "s0-t13",
      "begin" : 98,
      "end" : 100,
      "text" : "to",
      "whiteSpace" : false
    }, {
      "id" : "s0-t14",
      "begin" : 101,
      "end" : 114,
      "text" : "V8.2_20170817",
      "whiteSpace" : false
    }, {
      "id" : "s0-t15",
      "begin" : 114,
      "end" : 115,
      "text" : ".",
      "whiteSpace" : false
    } ]
  }, {
    "id" : "s1",
    "begin" : 116,
    "end" : 205,
    "text" : "An attacker has read access to files within the directory structure of the target device.",
    "tokens" : [ {
      "id" : "s1-t0",
      "begin" : 116,
      "end" : 118,
      "text" : "An",
      "whiteSpace" : false
    }, {
      "id" : "s1-t1",
      "begin" : 119,
      "end" : 127,
      "text" : "attacker",
      "whiteSpace" : false
    }, {
      "id" : "s1-t2",
      "begin" : 128,
      "end" : 131,
      "text" : "has",
      "whiteSpace" : false
    }, {
      "id" : "s1-t3",
      "begin" : 132,
      "end" : 136,
      "text" : "read",
      "whiteSpace" : false
    }, {
      "id" : "s1-t4",
      "begin" : 137,
      "end" : 143,
      "text" : "access",
      "whiteSpace" : false
    }, {
      "id" : "s1-t5",
      "begin" : 144,
      "end" : 146,
      "text" : "to",
      "whiteSpace" : false
    }, {
      "id" : "s1-t6",
      "begin" : 147,
      "end" : 152,
      "text" : "files",
      "whiteSpace" : false
    }, {
      "id" : "s1-t7",
      "begin" : 153,
      "end" : 159,
      "text" : "within",
      "whiteSpace" : false
    }, {
      "id" : "s1-t8",
      "begin" : 160,
      "end" : 163,
      "text" : "the",
      "whiteSpace" : false
    }, {
      "id" : "s1-t9",
      "begin" : 164,
      "end" : 173,
      "text" : "directory",
      "whiteSpace" : false
    }, {
      "id" : "s1-t10",
      "begin" : 174,
      "end" : 183,
      "text" : "structure",
      "whiteSpace" : false
    }, {
      "id" : "s1-t11",
      "begin" : 184,
      "end" : 186,
      "text" : "of",
      "whiteSpace" : false
    }, {
      "id" : "s1-t12",
      "begin" : 187,
      "end" : 190,
      "text" : "the",
      "whiteSpace" : false
    }, {
      "id" : "s1-t13",
      "begin" : 191,
      "end" : 197,
      "text" : "target",
      "whiteSpace" : false
    }, {
      "id" : "s1-t14",
      "begin" : 198,
      "end" : 204,
      "text" : "device",
      "whiteSpace" : false
    }, {
      "id" : "s1-t15",
      "begin" : 204,
      "end" : 205,
      "text" : ".",
      "whiteSpace" : false
    } ]
  }, {
    "id" : "s2",
    "begin" : 206,
    "end" : 334,
    "text" : "| MISC:https://ics-cert.us-cert.gov/advisories/ICSA-18-023-01   |   BID:102781   |   URL:http://www.securityfocus.com/bid/102781",
    "tokens" : [ {
      "id" : "s2-t0",
      "begin" : 206,
      "end" : 207,
      "text" : "|",
      "whiteSpace" : false
    }, {
      "id" : "s2-t1",
      "begin" : 208,
      "end" : 267,
      "text" : "MISC:https://ics-cert.us-cert.gov/advisories/ICSA-18-023-01",
      "whiteSpace" : false
    }, {
      "id" : "s2-t2",
      "begin" : 270,
      "end" : 271,
      "text" : "|",
      "whiteSpace" : false
    }, {
      "id" : "s2-t3",
      "begin" : 274,
      "end" : 277,
      "text" : "BID",
      "whiteSpace" : false
    }, {
      "id" : "s2-t4",
      "begin" : 277,
      "end" : 278,
      "text" : ":",
      "whiteSpace" : false
    }, {
      "id" : "s2-t5",
      "begin" : 278,
      "end" : 284,
      "text" : "102781",
      "whiteSpace" : false
    }, {
      "id" : "s2-t6",
      "begin" : 287,
      "end" : 288,
      "text" : "|",
      "whiteSpace" : false
    }, {
      "id" : "s2-t7",
      "begin" : 291,
      "end" : 328,
      "text" : "URL:http://www.securityfocus.com/bid/",
      "whiteSpace" : false
    }, {
      "id" : "s2-t8",
      "begin" : 328,
      "end" : 334,
      "text" : "102781",
      "whiteSpace" : false
    } ]
  } ],
  "mentions" : [ ],
  "relations" : [ ],
  "corefs" : [ ],
  "typeResolved" : true,
  "userResolved" : false
}