{
  "id" : "5ca6f540-e5bf-11e8-bc3f-812dc60f5413-1971",
  "name" : "CVE-2018-4167",
  "createdDate" : 0,
  "version" : 3,
  "text" : "CVE-2018-4167 | An issue was discovered in certain Apple products. iOS before 11.3 is affected. macOS before 10.13.4 is affected. tvOS before 11.3 is affected. watchOS before 4.3 is affected. The issue involves the \"File System Events\" component. A race condition allows attackers to execute arbitrary code in a privileged context via a crafted app. | CONFIRM:https://support.apple.com/HT208692   |   CONFIRM:https://support.apple.com/HT208693   |   CONFIRM:https://support.apple.com/HT208696   |   CONFIRM:https://support.apple.com/HT208698   |   SECTRACK:1040604   |   URL:http://www.securitytracker.com/id/1040604   |   SECTRACK:1040608   |   URL:http://www.securitytracker.com/id/1040608",
  "docLength" : 0,
  "language" : "EN",
  "status" : "READY",
  "modifiedDate" : 1541947069127,
  "documentSet" : [ ],
  "preannotation" : [ ],
  "sentences" : [ {
    "id" : "s0",
    "begin" : 0,
    "end" : 66,
    "text" : "CVE-2018-4167 | An issue was discovered in certain Apple products.",
    "tokens" : [ {
      "id" : "s0-t0",
      "begin" : 0,
      "end" : 13,
      "text" : "CVE-2018-4167",
      "whiteSpace" : false
    }, {
      "id" : "s0-t1",
      "begin" : 14,
      "end" : 15,
      "text" : "|",
      "whiteSpace" : false
    }, {
      "id" : "s0-t2",
      "begin" : 16,
      "end" : 18,
      "text" : "An",
      "whiteSpace" : false
    }, {
      "id" : "s0-t3",
      "begin" : 19,
      "end" : 24,
      "text" : "issue",
      "whiteSpace" : false
    }, {
      "id" : "s0-t4",
      "begin" : 25,
      "end" : 28,
      "text" : "was",
      "whiteSpace" : false
    }, {
      "id" : "s0-t5",
      "begin" : 29,
      "end" : 39,
      "text" : "discovered",
      "whiteSpace" : false
    }, {
      "id" : "s0-t6",
      "begin" : 40,
      "end" : 42,
      "text" : "in",
      "whiteSpace" : false
    }, {
      "id" : "s0-t7",
      "begin" : 43,
      "end" : 50,
      "text" : "certain",
      "whiteSpace" : false
    }, {
      "id" : "s0-t8",
      "begin" : 51,
      "end" : 56,
      "text" : "Apple",
      "whiteSpace" : false
    }, {
      "id" : "s0-t9",
      "begin" : 57,
      "end" : 65,
      "text" : "products",
      "whiteSpace" : false
    }, {
      "id" : "s0-t10",
      "begin" : 65,
      "end" : 66,
      "text" : ".",
      "whiteSpace" : false
    } ]
  }, {
    "id" : "s1",
    "begin" : 67,
    "end" : 95,
    "text" : "iOS before 11.3 is affected.",
    "tokens" : [ {
      "id" : "s1-t0",
      "begin" : 67,
      "end" : 70,
      "text" : "iOS",
      "whiteSpace" : false
    }, {
      "id" : "s1-t1",
      "begin" : 71,
      "end" : 77,
      "text" : "before",
      "whiteSpace" : false
    }, {
      "id" : "s1-t2",
      "begin" : 78,
      "end" : 82,
      "text" : "11.3",
      "whiteSpace" : false
    }, {
      "id" : "s1-t3",
      "begin" : 83,
      "end" : 85,
      "text" : "is",
      "whiteSpace" : false
    }, {
      "id" : "s1-t4",
      "begin" : 86,
      "end" : 94,
      "text" : "affected",
      "whiteSpace" : false
    }, {
      "id" : "s1-t5",
      "begin" : 94,
      "end" : 95,
      "text" : ".",
      "whiteSpace" : false
    } ]
  }, {
    "id" : "s2",
    "begin" : 96,
    "end" : 129,
    "text" : "macOS before 10.13.4 is affected.",
    "tokens" : [ {
      "id" : "s2-t0",
      "begin" : 96,
      "end" : 101,
      "text" : "macOS",
      "whiteSpace" : false
    }, {
      "id" : "s2-t1",
      "begin" : 102,
      "end" : 108,
      "text" : "before",
      "whiteSpace" : false
    }, {
      "id" : "s2-t2",
      "begin" : 109,
      "end" : 116,
      "text" : "10.13.4",
      "whiteSpace" : false
    }, {
      "id" : "s2-t3",
      "begin" : 117,
      "end" : 119,
      "text" : "is",
      "whiteSpace" : false
    }, {
      "id" : "s2-t4",
      "begin" : 120,
      "end" : 128,
      "text" : "affected",
      "whiteSpace" : false
    }, {
      "id" : "s2-t5",
      "begin" : 128,
      "end" : 129,
      "text" : ".",
      "whiteSpace" : false
    } ]
  }, {
    "id" : "s3",
    "begin" : 130,
    "end" : 159,
    "text" : "tvOS before 11.3 is affected.",
    "tokens" : [ {
      "id" : "s3-t0",
      "begin" : 130,
      "end" : 134,
      "text" : "tvOS",
      "whiteSpace" : false
    }, {
      "id" : "s3-t1",
      "begin" : 135,
      "end" : 141,
      "text" : "before",
      "whiteSpace" : false
    }, {
      "id" : "s3-t2",
      "begin" : 142,
      "end" : 146,
      "text" : "11.3",
      "whiteSpace" : false
    }, {
      "id" : "s3-t3",
      "begin" : 147,
      "end" : 149,
      "text" : "is",
      "whiteSpace" : false
    }, {
      "id" : "s3-t4",
      "begin" : 150,
      "end" : 158,
      "text" : "affected",
      "whiteSpace" : false
    }, {
      "id" : "s3-t5",
      "begin" : 158,
      "end" : 159,
      "text" : ".",
      "whiteSpace" : false
    } ]
  }, {
    "id" : "s4",
    "begin" : 160,
    "end" : 191,
    "text" : "watchOS before 4.3 is affected.",
    "tokens" : [ {
      "id" : "s4-t0",
      "begin" : 160,
      "end" : 167,
      "text" : "watchOS",
      "whiteSpace" : false
    }, {
      "id" : "s4-t1",
      "begin" : 168,
      "end" : 174,
      "text" : "before",
      "whiteSpace" : false
    }, {
      "id" : "s4-t2",
      "begin" : 175,
      "end" : 178,
      "text" : "4.3",
      "whiteSpace" : false
    }, {
      "id" : "s4-t3",
      "begin" : 179,
      "end" : 181,
      "text" : "is",
      "whiteSpace" : false
    }, {
      "id" : "s4-t4",
      "begin" : 182,
      "end" : 190,
      "text" : "affected",
      "whiteSpace" : false
    }, {
      "id" : "s4-t5",
      "begin" : 190,
      "end" : 191,
      "text" : ".",
      "whiteSpace" : false
    } ]
  }, {
    "id" : "s5",
    "begin" : 192,
    "end" : 246,
    "text" : "The issue involves the \"File System Events\" component.",
    "tokens" : [ {
      "id" : "s5-t0",
      "begin" : 192,
      "end" : 195,
      "text" : "The",
      "whiteSpace" : false
    }, {
      "id" : "s5-t1",
      "begin" : 196,
      "end" : 201,
      "text" : "issue",
      "whiteSpace" : false
    }, {
      "id" : "s5-t2",
      "begin" : 202,
      "end" : 210,
      "text" : "involves",
      "whiteSpace" : false
    }, {
      "id" : "s5-t3",
      "begin" : 211,
      "end" : 214,
      "text" : "the",
      "whiteSpace" : false
    }, {
      "id" : "s5-t4",
      "begin" : 215,
      "end" : 216,
      "text" : "\"",
      "whiteSpace" : false
    }, {
      "id" : "s5-t5",
      "begin" : 216,
      "end" : 220,
      "text" : "File",
      "whiteSpace" : false
    }, {
      "id" : "s5-t6",
      "begin" : 221,
      "end" : 227,
      "text" : "System",
      "whiteSpace" : false
    }, {
      "id" : "s5-t7",
      "begin" : 228,
      "end" : 234,
      "text" : "Events",
      "whiteSpace" : false
    }, {
      "id" : "s5-t8",
      "begin" : 234,
      "end" : 235,
      "text" : "\"",
      "whiteSpace" : false
    }, {
      "id" : "s5-t9",
      "begin" : 236,
      "end" : 245,
      "text" : "component",
      "whiteSpace" : false
    }, {
      "id" : "s5-t10",
      "begin" : 245,
      "end" : 246,
      "text" : ".",
      "whiteSpace" : false
    } ]
  }, {
    "id" : "s6",
    "begin" : 247,
    "end" : 349,
    "text" : "A race condition allows attackers to execute arbitrary code in a privileged context via a crafted app.",
    "tokens" : [ {
      "id" : "s6-t0",
      "begin" : 247,
      "end" : 248,
      "text" : "A",
      "whiteSpace" : false
    }, {
      "id" : "s6-t1",
      "begin" : 249,
      "end" : 253,
      "text" : "race",
      "whiteSpace" : false
    }, {
      "id" : "s6-t2",
      "begin" : 254,
      "end" : 263,
      "text" : "condition",
      "whiteSpace" : false
    }, {
      "id" : "s6-t3",
      "begin" : 264,
      "end" : 270,
      "text" : "allows",
      "whiteSpace" : false
    }, {
      "id" : "s6-t4",
      "begin" : 271,
      "end" : 280,
      "text" : "attackers",
      "whiteSpace" : false
    }, {
      "id" : "s6-t5",
      "begin" : 281,
      "end" : 283,
      "text" : "to",
      "whiteSpace" : false
    }, {
      "id" : "s6-t6",
      "begin" : 284,
      "end" : 291,
      "text" : "execute",
      "whiteSpace" : false
    }, {
      "id" : "s6-t7",
      "begin" : 292,
      "end" : 301,
      "text" : "arbitrary",
      "whiteSpace" : false
    }, {
      "id" : "s6-t8",
      "begin" : 302,
      "end" : 306,
      "text" : "code",
      "whiteSpace" : false
    }, {
      "id" : "s6-t9",
      "begin" : 307,
      "end" : 309,
      "text" : "in",
      "whiteSpace" : false
    }, {
      "id" : "s6-t10",
      "begin" : 310,
      "end" : 311,
      "text" : "a",
      "whiteSpace" : false
    }, {
      "id" : "s6-t11",
      "begin" : 312,
      "end" : 322,
      "text" : "privileged",
      "whiteSpace" : false
    }, {
      "id" : "s6-t12",
      "begin" : 323,
      "end" : 330,
      "text" : "context",
      "whiteSpace" : false
    }, {
      "id" : "s6-t13",
      "begin" : 331,
      "end" : 334,
      "text" : "via",
      "whiteSpace" : false
    }, {
      "id" : "s6-t14",
      "begin" : 335,
      "end" : 336,
      "text" : "a",
      "whiteSpace" : false
    }, {
      "id" : "s6-t15",
      "begin" : 337,
      "end" : 344,
      "text" : "crafted",
      "whiteSpace" : false
    }, {
      "id" : "s6-t16",
      "begin" : 345,
      "end" : 348,
      "text" : "app",
      "whiteSpace" : false
    }, {
      "id" : "s6-t17",
      "begin" : 348,
      "end" : 349,
      "text" : ".",
      "whiteSpace" : false
    } ]
  }, {
    "id" : "s7",
    "begin" : 350,
    "end" : 691,
    "text" : "| CONFIRM:https://support.apple.com/HT208692   |   CONFIRM:https://support.apple.com/HT208693   |   CONFIRM:https://support.apple.com/HT208696   |   CONFIRM:https://support.apple.com/HT208698   |   SECTRACK:1040604   |   URL:http://www.securitytracker.com/id/1040604   |   SECTRACK:1040608   |   URL:http://www.securitytracker.com/id/1040608",
    "tokens" : [ {
      "id" : "s7-t0",
      "begin" : 350,
      "end" : 351,
      "text" : "|",
      "whiteSpace" : false
    }, {
      "id" : "s7-t1",
      "begin" : 352,
      "end" : 394,
      "text" : "CONFIRM:https://support.apple.com/HT208692",
      "whiteSpace" : false
    }, {
      "id" : "s7-t2",
      "begin" : 397,
      "end" : 398,
      "text" : "|",
      "whiteSpace" : false
    }, {
      "id" : "s7-t3",
      "begin" : 401,
      "end" : 443,
      "text" : "CONFIRM:https://support.apple.com/HT208693",
      "whiteSpace" : false
    }, {
      "id" : "s7-t4",
      "begin" : 446,
      "end" : 447,
      "text" : "|",
      "whiteSpace" : false
    }, {
      "id" : "s7-t5",
      "begin" : 450,
      "end" : 492,
      "text" : "CONFIRM:https://support.apple.com/HT208696",
      "whiteSpace" : false
    }, {
      "id" : "s7-t6",
      "begin" : 495,
      "end" : 496,
      "text" : "|",
      "whiteSpace" : false
    }, {
      "id" : "s7-t7",
      "begin" : 499,
      "end" : 541,
      "text" : "CONFIRM:https://support.apple.com/HT208698",
      "whiteSpace" : false
    }, {
      "id" : "s7-t8",
      "begin" : 544,
      "end" : 545,
      "text" : "|",
      "whiteSpace" : false
    }, {
      "id" : "s7-t9",
      "begin" : 548,
      "end" : 556,
      "text" : "SECTRACK",
      "whiteSpace" : false
    }, {
      "id" : "s7-t10",
      "begin" : 556,
      "end" : 557,
      "text" : ":",
      "whiteSpace" : false
    }, {
      "id" : "s7-t11",
      "begin" : 557,
      "end" : 564,
      "text" : "1040604",
      "whiteSpace" : false
    }, {
      "id" : "s7-t12",
      "begin" : 567,
      "end" : 568,
      "text" : "|",
      "whiteSpace" : false
    }, {
      "id" : "s7-t13",
      "begin" : 571,
      "end" : 609,
      "text" : "URL:http://www.securitytracker.com/id/",
      "whiteSpace" : false
    }, {
      "id" : "s7-t14",
      "begin" : 609,
      "end" : 616,
      "text" : "1040604",
      "whiteSpace" : false
    }, {
      "id" : "s7-t15",
      "begin" : 619,
      "end" : 620,
      "text" : "|",
      "whiteSpace" : false
    }, {
      "id" : "s7-t16",
      "begin" : 623,
      "end" : 631,
      "text" : "SECTRACK",
      "whiteSpace" : false
    }, {
      "id" : "s7-t17",
      "begin" : 631,
      "end" : 632,
      "text" : ":",
      "whiteSpace" : false
    }, {
      "id" : "s7-t18",
      "begin" : 632,
      "end" : 639,
      "text" : "1040608",
      "whiteSpace" : false
    }, {
      "id" : "s7-t19",
      "begin" : 642,
      "end" : 643,
      "text" : "|",
      "whiteSpace" : false
    }, {
      "id" : "s7-t20",
      "begin" : 646,
      "end" : 684,
      "text" : "URL:http://www.securitytracker.com/id/",
      "whiteSpace" : false
    }, {
      "id" : "s7-t21",
      "begin" : 684,
      "end" : 691,
      "text" : "1040608",
      "whiteSpace" : false
    } ]
  } ],
  "mentions" : [ ],
  "relations" : [ ],
  "corefs" : [ ],
  "typeResolved" : true,
  "userResolved" : false
}