{
  "id" : "5ca6f540-e5bf-11e8-bc3f-812dc60f5413-1948",
  "name" : "CVE-2018-4206",
  "createdDate" : 0,
  "version" : 3,
  "text" : "CVE-2018-4206 | An issue was discovered in certain Apple products. iOS before 11.3.1 is affected. macOS before 10.13.4 Security Update 2018-001 is affected. tvOS before 11.4 is affected. watchOS before 4.3.1 is affected. The issue involves the \"Crash Reporter\" component. It allows attackers to execute arbitrary code or cause a denial of service (memory corruption) via a crafted app that replaces a privileged port name. | EXPLOIT-DB:44562   |   URL:https://www.exploit-db.com/exploits/44562/   |   MISC:https://bugs.chromium.org/p/project-zero/issues/detail?id=1529   |   CONFIRM:https://support.apple.com/HT208742   |   CONFIRM:https://support.apple.com/HT208743   |   CONFIRM:https://support.apple.com/HT208850   |   CONFIRM:https://support.apple.com/HT208851   |   BID:103957   |   URL:http://www.securityfocus.com/bid/103957   |   BID:103958   |   URL:http://www.securityfocus.com/bid/103958   |   SECTRACK:1040744   |   URL:http://www.securitytracker.com/id/1040744",
  "docLength" : 0,
  "language" : "EN",
  "status" : "READY",
  "modifiedDate" : 1541947069127,
  "documentSet" : [ ],
  "preannotation" : [ ],
  "sentences" : [ {
    "id" : "s0",
    "begin" : 0,
    "end" : 66,
    "text" : "CVE-2018-4206 | An issue was discovered in certain Apple products.",
    "tokens" : [ {
      "id" : "s0-t0",
      "begin" : 0,
      "end" : 13,
      "text" : "CVE-2018-4206",
      "whiteSpace" : false
    }, {
      "id" : "s0-t1",
      "begin" : 14,
      "end" : 15,
      "text" : "|",
      "whiteSpace" : false
    }, {
      "id" : "s0-t2",
      "begin" : 16,
      "end" : 18,
      "text" : "An",
      "whiteSpace" : false
    }, {
      "id" : "s0-t3",
      "begin" : 19,
      "end" : 24,
      "text" : "issue",
      "whiteSpace" : false
    }, {
      "id" : "s0-t4",
      "begin" : 25,
      "end" : 28,
      "text" : "was",
      "whiteSpace" : false
    }, {
      "id" : "s0-t5",
      "begin" : 29,
      "end" : 39,
      "text" : "discovered",
      "whiteSpace" : false
    }, {
      "id" : "s0-t6",
      "begin" : 40,
      "end" : 42,
      "text" : "in",
      "whiteSpace" : false
    }, {
      "id" : "s0-t7",
      "begin" : 43,
      "end" : 50,
      "text" : "certain",
      "whiteSpace" : false
    }, {
      "id" : "s0-t8",
      "begin" : 51,
      "end" : 56,
      "text" : "Apple",
      "whiteSpace" : false
    }, {
      "id" : "s0-t9",
      "begin" : 57,
      "end" : 65,
      "text" : "products",
      "whiteSpace" : false
    }, {
      "id" : "s0-t10",
      "begin" : 65,
      "end" : 66,
      "text" : ".",
      "whiteSpace" : false
    } ]
  }, {
    "id" : "s1",
    "begin" : 67,
    "end" : 97,
    "text" : "iOS before 11.3.1 is affected.",
    "tokens" : [ {
      "id" : "s1-t0",
      "begin" : 67,
      "end" : 70,
      "text" : "iOS",
      "whiteSpace" : false
    }, {
      "id" : "s1-t1",
      "begin" : 71,
      "end" : 77,
      "text" : "before",
      "whiteSpace" : false
    }, {
      "id" : "s1-t2",
      "begin" : 78,
      "end" : 84,
      "text" : "11.3.1",
      "whiteSpace" : false
    }, {
      "id" : "s1-t3",
      "begin" : 85,
      "end" : 87,
      "text" : "is",
      "whiteSpace" : false
    }, {
      "id" : "s1-t4",
      "begin" : 88,
      "end" : 96,
      "text" : "affected",
      "whiteSpace" : false
    }, {
      "id" : "s1-t5",
      "begin" : 96,
      "end" : 97,
      "text" : ".",
      "whiteSpace" : false
    } ]
  }, {
    "id" : "s2",
    "begin" : 98,
    "end" : 156,
    "text" : "macOS before 10.13.4 Security Update 2018-001 is affected.",
    "tokens" : [ {
      "id" : "s2-t0",
      "begin" : 98,
      "end" : 103,
      "text" : "macOS",
      "whiteSpace" : false
    }, {
      "id" : "s2-t1",
      "begin" : 104,
      "end" : 110,
      "text" : "before",
      "whiteSpace" : false
    }, {
      "id" : "s2-t2",
      "begin" : 111,
      "end" : 118,
      "text" : "10.13.4",
      "whiteSpace" : false
    }, {
      "id" : "s2-t3",
      "begin" : 119,
      "end" : 127,
      "text" : "Security",
      "whiteSpace" : false
    }, {
      "id" : "s2-t4",
      "begin" : 128,
      "end" : 134,
      "text" : "Update",
      "whiteSpace" : false
    }, {
      "id" : "s2-t5",
      "begin" : 135,
      "end" : 143,
      "text" : "2018-001",
      "whiteSpace" : false
    }, {
      "id" : "s2-t6",
      "begin" : 144,
      "end" : 146,
      "text" : "is",
      "whiteSpace" : false
    }, {
      "id" : "s2-t7",
      "begin" : 147,
      "end" : 155,
      "text" : "affected",
      "whiteSpace" : false
    }, {
      "id" : "s2-t8",
      "begin" : 155,
      "end" : 156,
      "text" : ".",
      "whiteSpace" : false
    } ]
  }, {
    "id" : "s3",
    "begin" : 157,
    "end" : 186,
    "text" : "tvOS before 11.4 is affected.",
    "tokens" : [ {
      "id" : "s3-t0",
      "begin" : 157,
      "end" : 161,
      "text" : "tvOS",
      "whiteSpace" : false
    }, {
      "id" : "s3-t1",
      "begin" : 162,
      "end" : 168,
      "text" : "before",
      "whiteSpace" : false
    }, {
      "id" : "s3-t2",
      "begin" : 169,
      "end" : 173,
      "text" : "11.4",
      "whiteSpace" : false
    }, {
      "id" : "s3-t3",
      "begin" : 174,
      "end" : 176,
      "text" : "is",
      "whiteSpace" : false
    }, {
      "id" : "s3-t4",
      "begin" : 177,
      "end" : 185,
      "text" : "affected",
      "whiteSpace" : false
    }, {
      "id" : "s3-t5",
      "begin" : 185,
      "end" : 186,
      "text" : ".",
      "whiteSpace" : false
    } ]
  }, {
    "id" : "s4",
    "begin" : 187,
    "end" : 220,
    "text" : "watchOS before 4.3.1 is affected.",
    "tokens" : [ {
      "id" : "s4-t0",
      "begin" : 187,
      "end" : 194,
      "text" : "watchOS",
      "whiteSpace" : false
    }, {
      "id" : "s4-t1",
      "begin" : 195,
      "end" : 201,
      "text" : "before",
      "whiteSpace" : false
    }, {
      "id" : "s4-t2",
      "begin" : 202,
      "end" : 207,
      "text" : "4.3.1",
      "whiteSpace" : false
    }, {
      "id" : "s4-t3",
      "begin" : 208,
      "end" : 210,
      "text" : "is",
      "whiteSpace" : false
    }, {
      "id" : "s4-t4",
      "begin" : 211,
      "end" : 219,
      "text" : "affected",
      "whiteSpace" : false
    }, {
      "id" : "s4-t5",
      "begin" : 219,
      "end" : 220,
      "text" : ".",
      "whiteSpace" : false
    } ]
  }, {
    "id" : "s5",
    "begin" : 221,
    "end" : 271,
    "text" : "The issue involves the \"Crash Reporter\" component.",
    "tokens" : [ {
      "id" : "s5-t0",
      "begin" : 221,
      "end" : 224,
      "text" : "The",
      "whiteSpace" : false
    }, {
      "id" : "s5-t1",
      "begin" : 225,
      "end" : 230,
      "text" : "issue",
      "whiteSpace" : false
    }, {
      "id" : "s5-t2",
      "begin" : 231,
      "end" : 239,
      "text" : "involves",
      "whiteSpace" : false
    }, {
      "id" : "s5-t3",
      "begin" : 240,
      "end" : 243,
      "text" : "the",
      "whiteSpace" : false
    }, {
      "id" : "s5-t4",
      "begin" : 244,
      "end" : 245,
      "text" : "\"",
      "whiteSpace" : false
    }, {
      "id" : "s5-t5",
      "begin" : 245,
      "end" : 250,
      "text" : "Crash",
      "whiteSpace" : false
    }, {
      "id" : "s5-t6",
      "begin" : 251,
      "end" : 259,
      "text" : "Reporter",
      "whiteSpace" : false
    }, {
      "id" : "s5-t7",
      "begin" : 259,
      "end" : 260,
      "text" : "\"",
      "whiteSpace" : false
    }, {
      "id" : "s5-t8",
      "begin" : 261,
      "end" : 270,
      "text" : "component",
      "whiteSpace" : false
    }, {
      "id" : "s5-t9",
      "begin" : 270,
      "end" : 271,
      "text" : ".",
      "whiteSpace" : false
    } ]
  }, {
    "id" : "s6",
    "begin" : 272,
    "end" : 422,
    "text" : "It allows attackers to execute arbitrary code or cause a denial of service (memory corruption) via a crafted app that replaces a privileged port name.",
    "tokens" : [ {
      "id" : "s6-t0",
      "begin" : 272,
      "end" : 274,
      "text" : "It",
      "whiteSpace" : false
    }, {
      "id" : "s6-t1",
      "begin" : 275,
      "end" : 281,
      "text" : "allows",
      "whiteSpace" : false
    }, {
      "id" : "s6-t2",
      "begin" : 282,
      "end" : 291,
      "text" : "attackers",
      "whiteSpace" : false
    }, {
      "id" : "s6-t3",
      "begin" : 292,
      "end" : 294,
      "text" : "to",
      "whiteSpace" : false
    }, {
      "id" : "s6-t4",
      "begin" : 295,
      "end" : 302,
      "text" : "execute",
      "whiteSpace" : false
    }, {
      "id" : "s6-t5",
      "begin" : 303,
      "end" : 312,
      "text" : "arbitrary",
      "whiteSpace" : false
    }, {
      "id" : "s6-t6",
      "begin" : 313,
      "end" : 317,
      "text" : "code",
      "whiteSpace" : false
    }, {
      "id" : "s6-t7",
      "begin" : 318,
      "end" : 320,
      "text" : "or",
      "whiteSpace" : false
    }, {
      "id" : "s6-t8",
      "begin" : 321,
      "end" : 326,
      "text" : "cause",
      "whiteSpace" : false
    }, {
      "id" : "s6-t9",
      "begin" : 327,
      "end" : 328,
      "text" : "a",
      "whiteSpace" : false
    }, {
      "id" : "s6-t10",
      "begin" : 329,
      "end" : 335,
      "text" : "denial",
      "whiteSpace" : false
    }, {
      "id" : "s6-t11",
      "begin" : 336,
      "end" : 338,
      "text" : "of",
      "whiteSpace" : false
    }, {
      "id" : "s6-t12",
      "begin" : 339,
      "end" : 346,
      "text" : "service",
      "whiteSpace" : false
    }, {
      "id" : "s6-t13",
      "begin" : 347,
      "end" : 348,
      "text" : "(",
      "whiteSpace" : false
    }, {
      "id" : "s6-t14",
      "begin" : 348,
      "end" : 354,
      "text" : "memory",
      "whiteSpace" : false
    }, {
      "id" : "s6-t15",
      "begin" : 355,
      "end" : 365,
      "text" : "corruption",
      "whiteSpace" : false
    }, {
      "id" : "s6-t16",
      "begin" : 365,
      "end" : 366,
      "text" : ")",
      "whiteSpace" : false
    }, {
      "id" : "s6-t17",
      "begin" : 367,
      "end" : 370,
      "text" : "via",
      "whiteSpace" : false
    }, {
      "id" : "s6-t18",
      "begin" : 371,
      "end" : 372,
      "text" : "a",
      "whiteSpace" : false
    }, {
      "id" : "s6-t19",
      "begin" : 373,
      "end" : 380,
      "text" : "crafted",
      "whiteSpace" : false
    }, {
      "id" : "s6-t20",
      "begin" : 381,
      "end" : 384,
      "text" : "app",
      "whiteSpace" : false
    }, {
      "id" : "s6-t21",
      "begin" : 385,
      "end" : 389,
      "text" : "that",
      "whiteSpace" : false
    }, {
      "id" : "s6-t22",
      "begin" : 390,
      "end" : 398,
      "text" : "replaces",
      "whiteSpace" : false
    }, {
      "id" : "s6-t23",
      "begin" : 399,
      "end" : 400,
      "text" : "a",
      "whiteSpace" : false
    }, {
      "id" : "s6-t24",
      "begin" : 401,
      "end" : 411,
      "text" : "privileged",
      "whiteSpace" : false
    }, {
      "id" : "s6-t25",
      "begin" : 412,
      "end" : 416,
      "text" : "port",
      "whiteSpace" : false
    }, {
      "id" : "s6-t26",
      "begin" : 417,
      "end" : 421,
      "text" : "name",
      "whiteSpace" : false
    }, {
      "id" : "s6-t27",
      "begin" : 421,
      "end" : 422,
      "text" : ".",
      "whiteSpace" : false
    } ]
  }, {
    "id" : "s7",
    "begin" : 423,
    "end" : 973,
    "text" : "| EXPLOIT-DB:44562   |   URL:https://www.exploit-db.com/exploits/44562/   |   MISC:https://bugs.chromium.org/p/project-zero/issues/detail?id=1529   |   CONFIRM:https://support.apple.com/HT208742   |   CONFIRM:https://support.apple.com/HT208743   |   CONFIRM:https://support.apple.com/HT208850   |   CONFIRM:https://support.apple.com/HT208851   |   BID:103957   |   URL:http://www.securityfocus.com/bid/103957   |   BID:103958   |   URL:http://www.securityfocus.com/bid/103958   |   SECTRACK:1040744   |   URL:http://www.securitytracker.com/id/1040744",
    "tokens" : [ {
      "id" : "s7-t0",
      "begin" : 423,
      "end" : 424,
      "text" : "|",
      "whiteSpace" : false
    }, {
      "id" : "s7-t1",
      "begin" : 425,
      "end" : 435,
      "text" : "EXPLOIT-DB",
      "whiteSpace" : false
    }, {
      "id" : "s7-t2",
      "begin" : 435,
      "end" : 436,
      "text" : ":",
      "whiteSpace" : false
    }, {
      "id" : "s7-t3",
      "begin" : 436,
      "end" : 441,
      "text" : "44562",
      "whiteSpace" : false
    }, {
      "id" : "s7-t4",
      "begin" : 444,
      "end" : 445,
      "text" : "|",
      "whiteSpace" : false
    }, {
      "id" : "s7-t5",
      "begin" : 448,
      "end" : 493,
      "text" : "URL:https://www.exploit-db.com/exploits/44562",
      "whiteSpace" : false
    }, {
      "id" : "s7-t6",
      "begin" : 493,
      "end" : 494,
      "text" : "/",
      "whiteSpace" : false
    }, {
      "id" : "s7-t7",
      "begin" : 497,
      "end" : 498,
      "text" : "|",
      "whiteSpace" : false
    }, {
      "id" : "s7-t8",
      "begin" : 501,
      "end" : 568,
      "text" : "MISC:https://bugs.chromium.org/p/project-zero/issues/detail?id=1529",
      "whiteSpace" : false
    }, {
      "id" : "s7-t9",
      "begin" : 571,
      "end" : 572,
      "text" : "|",
      "whiteSpace" : false
    }, {
      "id" : "s7-t10",
      "begin" : 575,
      "end" : 617,
      "text" : "CONFIRM:https://support.apple.com/HT208742",
      "whiteSpace" : false
    }, {
      "id" : "s7-t11",
      "begin" : 620,
      "end" : 621,
      "text" : "|",
      "whiteSpace" : false
    }, {
      "id" : "s7-t12",
      "begin" : 624,
      "end" : 666,
      "text" : "CONFIRM:https://support.apple.com/HT208743",
      "whiteSpace" : false
    }, {
      "id" : "s7-t13",
      "begin" : 669,
      "end" : 670,
      "text" : "|",
      "whiteSpace" : false
    }, {
      "id" : "s7-t14",
      "begin" : 673,
      "end" : 715,
      "text" : "CONFIRM:https://support.apple.com/HT208850",
      "whiteSpace" : false
    }, {
      "id" : "s7-t15",
      "begin" : 718,
      "end" : 719,
      "text" : "|",
      "whiteSpace" : false
    }, {
      "id" : "s7-t16",
      "begin" : 722,
      "end" : 764,
      "text" : "CONFIRM:https://support.apple.com/HT208851",
      "whiteSpace" : false
    }, {
      "id" : "s7-t17",
      "begin" : 767,
      "end" : 768,
      "text" : "|",
      "whiteSpace" : false
    }, {
      "id" : "s7-t18",
      "begin" : 771,
      "end" : 774,
      "text" : "BID",
      "whiteSpace" : false
    }, {
      "id" : "s7-t19",
      "begin" : 774,
      "end" : 775,
      "text" : ":",
      "whiteSpace" : false
    }, {
      "id" : "s7-t20",
      "begin" : 775,
      "end" : 781,
      "text" : "103957",
      "whiteSpace" : false
    }, {
      "id" : "s7-t21",
      "begin" : 784,
      "end" : 785,
      "text" : "|",
      "whiteSpace" : false
    }, {
      "id" : "s7-t22",
      "begin" : 788,
      "end" : 825,
      "text" : "URL:http://www.securityfocus.com/bid/",
      "whiteSpace" : false
    }, {
      "id" : "s7-t23",
      "begin" : 825,
      "end" : 831,
      "text" : "103957",
      "whiteSpace" : false
    }, {
      "id" : "s7-t24",
      "begin" : 834,
      "end" : 835,
      "text" : "|",
      "whiteSpace" : false
    }, {
      "id" : "s7-t25",
      "begin" : 838,
      "end" : 841,
      "text" : "BID",
      "whiteSpace" : false
    }, {
      "id" : "s7-t26",
      "begin" : 841,
      "end" : 842,
      "text" : ":",
      "whiteSpace" : false
    }, {
      "id" : "s7-t27",
      "begin" : 842,
      "end" : 848,
      "text" : "103958",
      "whiteSpace" : false
    }, {
      "id" : "s7-t28",
      "begin" : 851,
      "end" : 852,
      "text" : "|",
      "whiteSpace" : false
    }, {
      "id" : "s7-t29",
      "begin" : 855,
      "end" : 892,
      "text" : "URL:http://www.securityfocus.com/bid/",
      "whiteSpace" : false
    }, {
      "id" : "s7-t30",
      "begin" : 892,
      "end" : 898,
      "text" : "103958",
      "whiteSpace" : false
    }, {
      "id" : "s7-t31",
      "begin" : 901,
      "end" : 902,
      "text" : "|",
      "whiteSpace" : false
    }, {
      "id" : "s7-t32",
      "begin" : 905,
      "end" : 913,
      "text" : "SECTRACK",
      "whiteSpace" : false
    }, {
      "id" : "s7-t33",
      "begin" : 913,
      "end" : 914,
      "text" : ":",
      "whiteSpace" : false
    }, {
      "id" : "s7-t34",
      "begin" : 914,
      "end" : 921,
      "text" : "1040744",
      "whiteSpace" : false
    }, {
      "id" : "s7-t35",
      "begin" : 924,
      "end" : 925,
      "text" : "|",
      "whiteSpace" : false
    }, {
      "id" : "s7-t36",
      "begin" : 928,
      "end" : 966,
      "text" : "URL:http://www.securitytracker.com/id/",
      "whiteSpace" : false
    }, {
      "id" : "s7-t37",
      "begin" : 966,
      "end" : 973,
      "text" : "1040744",
      "whiteSpace" : false
    } ]
  } ],
  "mentions" : [ ],
  "relations" : [ ],
  "corefs" : [ ],
  "typeResolved" : true,
  "userResolved" : false
}