{
  "id" : "5ca6f540-e5bf-11e8-bc3f-812dc60f5413-1564",
  "name" : "CVE-2018-5210",
  "createdDate" : 0,
  "version" : 3,
  "text" : "CVE-2018-5210 | On Samsung mobile devices with N(7.x) software and Exynos chipsets, attackers can conduct a Trustlet stack overflow attack for arbitrary TEE code execution, in conjunction with a brute-force attack to discover unlock information (PIN, password, or pattern). The Samsung ID is SVE-2017-10733. | CONFIRM:https://security.samsungmobile.com/securityUpdate.smsb",
  "docLength" : 0,
  "language" : "EN",
  "status" : "READY",
  "modifiedDate" : 1541947069127,
  "documentSet" : [ ],
  "preannotation" : [ ],
  "sentences" : [ {
    "id" : "s0",
    "begin" : 0,
    "end" : 273,
    "text" : "CVE-2018-5210 | On Samsung mobile devices with N(7.x) software and Exynos chipsets, attackers can conduct a Trustlet stack overflow attack for arbitrary TEE code execution, in conjunction with a brute-force attack to discover unlock information (PIN, password, or pattern).",
    "tokens" : [ {
      "id" : "s0-t0",
      "begin" : 0,
      "end" : 13,
      "text" : "CVE-2018-5210",
      "whiteSpace" : false
    }, {
      "id" : "s0-t1",
      "begin" : 14,
      "end" : 15,
      "text" : "|",
      "whiteSpace" : false
    }, {
      "id" : "s0-t2",
      "begin" : 16,
      "end" : 18,
      "text" : "On",
      "whiteSpace" : false
    }, {
      "id" : "s0-t3",
      "begin" : 19,
      "end" : 26,
      "text" : "Samsung",
      "whiteSpace" : false
    }, {
      "id" : "s0-t4",
      "begin" : 27,
      "end" : 33,
      "text" : "mobile",
      "whiteSpace" : false
    }, {
      "id" : "s0-t5",
      "begin" : 34,
      "end" : 41,
      "text" : "devices",
      "whiteSpace" : false
    }, {
      "id" : "s0-t6",
      "begin" : 42,
      "end" : 46,
      "text" : "with",
      "whiteSpace" : false
    }, {
      "id" : "s0-t7",
      "begin" : 47,
      "end" : 49,
      "text" : "N(",
      "whiteSpace" : false
    }, {
      "id" : "s0-t8",
      "begin" : 49,
      "end" : 52,
      "text" : "7.x",
      "whiteSpace" : false
    }, {
      "id" : "s0-t9",
      "begin" : 52,
      "end" : 53,
      "text" : ")",
      "whiteSpace" : false
    }, {
      "id" : "s0-t10",
      "begin" : 54,
      "end" : 62,
      "text" : "software",
      "whiteSpace" : false
    }, {
      "id" : "s0-t11",
      "begin" : 63,
      "end" : 66,
      "text" : "and",
      "whiteSpace" : false
    }, {
      "id" : "s0-t12",
      "begin" : 67,
      "end" : 73,
      "text" : "Exynos",
      "whiteSpace" : false
    }, {
      "id" : "s0-t13",
      "begin" : 74,
      "end" : 82,
      "text" : "chipsets",
      "whiteSpace" : false
    }, {
      "id" : "s0-t14",
      "begin" : 82,
      "end" : 83,
      "text" : ",",
      "whiteSpace" : false
    }, {
      "id" : "s0-t15",
      "begin" : 84,
      "end" : 93,
      "text" : "attackers",
      "whiteSpace" : false
    }, {
      "id" : "s0-t16",
      "begin" : 94,
      "end" : 97,
      "text" : "can",
      "whiteSpace" : false
    }, {
      "id" : "s0-t17",
      "begin" : 98,
      "end" : 105,
      "text" : "conduct",
      "whiteSpace" : false
    }, {
      "id" : "s0-t18",
      "begin" : 106,
      "end" : 107,
      "text" : "a",
      "whiteSpace" : false
    }, {
      "id" : "s0-t19",
      "begin" : 108,
      "end" : 116,
      "text" : "Trustlet",
      "whiteSpace" : false
    }, {
      "id" : "s0-t20",
      "begin" : 117,
      "end" : 122,
      "text" : "stack",
      "whiteSpace" : false
    }, {
      "id" : "s0-t21",
      "begin" : 123,
      "end" : 131,
      "text" : "overflow",
      "whiteSpace" : false
    }, {
      "id" : "s0-t22",
      "begin" : 132,
      "end" : 138,
      "text" : "attack",
      "whiteSpace" : false
    }, {
      "id" : "s0-t23",
      "begin" : 139,
      "end" : 142,
      "text" : "for",
      "whiteSpace" : false
    }, {
      "id" : "s0-t24",
      "begin" : 143,
      "end" : 152,
      "text" : "arbitrary",
      "whiteSpace" : false
    }, {
      "id" : "s0-t25",
      "begin" : 153,
      "end" : 156,
      "text" : "TEE",
      "whiteSpace" : false
    }, {
      "id" : "s0-t26",
      "begin" : 157,
      "end" : 161,
      "text" : "code",
      "whiteSpace" : false
    }, {
      "id" : "s0-t27",
      "begin" : 162,
      "end" : 171,
      "text" : "execution",
      "whiteSpace" : false
    }, {
      "id" : "s0-t28",
      "begin" : 171,
      "end" : 172,
      "text" : ",",
      "whiteSpace" : false
    }, {
      "id" : "s0-t29",
      "begin" : 173,
      "end" : 175,
      "text" : "in",
      "whiteSpace" : false
    }, {
      "id" : "s0-t30",
      "begin" : 176,
      "end" : 187,
      "text" : "conjunction",
      "whiteSpace" : false
    }, {
      "id" : "s0-t31",
      "begin" : 188,
      "end" : 192,
      "text" : "with",
      "whiteSpace" : false
    }, {
      "id" : "s0-t32",
      "begin" : 193,
      "end" : 194,
      "text" : "a",
      "whiteSpace" : false
    }, {
      "id" : "s0-t33",
      "begin" : 195,
      "end" : 206,
      "text" : "brute-force",
      "whiteSpace" : false
    }, {
      "id" : "s0-t34",
      "begin" : 207,
      "end" : 213,
      "text" : "attack",
      "whiteSpace" : false
    }, {
      "id" : "s0-t35",
      "begin" : 214,
      "end" : 216,
      "text" : "to",
      "whiteSpace" : false
    }, {
      "id" : "s0-t36",
      "begin" : 217,
      "end" : 225,
      "text" : "discover",
      "whiteSpace" : false
    }, {
      "id" : "s0-t37",
      "begin" : 226,
      "end" : 232,
      "text" : "unlock",
      "whiteSpace" : false
    }, {
      "id" : "s0-t38",
      "begin" : 233,
      "end" : 244,
      "text" : "information",
      "whiteSpace" : false
    }, {
      "id" : "s0-t39",
      "begin" : 245,
      "end" : 246,
      "text" : "(",
      "whiteSpace" : false
    }, {
      "id" : "s0-t40",
      "begin" : 246,
      "end" : 249,
      "text" : "PIN",
      "whiteSpace" : false
    }, {
      "id" : "s0-t41",
      "begin" : 249,
      "end" : 250,
      "text" : ",",
      "whiteSpace" : false
    }, {
      "id" : "s0-t42",
      "begin" : 251,
      "end" : 259,
      "text" : "password",
      "whiteSpace" : false
    }, {
      "id" : "s0-t43",
      "begin" : 259,
      "end" : 260,
      "text" : ",",
      "whiteSpace" : false
    }, {
      "id" : "s0-t44",
      "begin" : 261,
      "end" : 263,
      "text" : "or",
      "whiteSpace" : false
    }, {
      "id" : "s0-t45",
      "begin" : 264,
      "end" : 271,
      "text" : "pattern",
      "whiteSpace" : false
    }, {
      "id" : "s0-t46",
      "begin" : 271,
      "end" : 272,
      "text" : ")",
      "whiteSpace" : false
    }, {
      "id" : "s0-t47",
      "begin" : 272,
      "end" : 273,
      "text" : ".",
      "whiteSpace" : false
    } ]
  }, {
    "id" : "s1",
    "begin" : 274,
    "end" : 307,
    "text" : "The Samsung ID is SVE-2017-10733.",
    "tokens" : [ {
      "id" : "s1-t0",
      "begin" : 274,
      "end" : 277,
      "text" : "The",
      "whiteSpace" : false
    }, {
      "id" : "s1-t1",
      "begin" : 278,
      "end" : 285,
      "text" : "Samsung",
      "whiteSpace" : false
    }, {
      "id" : "s1-t2",
      "begin" : 286,
      "end" : 288,
      "text" : "ID",
      "whiteSpace" : false
    }, {
      "id" : "s1-t3",
      "begin" : 289,
      "end" : 291,
      "text" : "is",
      "whiteSpace" : false
    }, {
      "id" : "s1-t4",
      "begin" : 292,
      "end" : 306,
      "text" : "SVE-2017-10733",
      "whiteSpace" : false
    }, {
      "id" : "s1-t5",
      "begin" : 306,
      "end" : 307,
      "text" : ".",
      "whiteSpace" : false
    } ]
  }, {
    "id" : "s2",
    "begin" : 308,
    "end" : 372,
    "text" : "| CONFIRM:https://security.samsungmobile.com/securityUpdate.smsb",
    "tokens" : [ {
      "id" : "s2-t0",
      "begin" : 308,
      "end" : 309,
      "text" : "|",
      "whiteSpace" : false
    }, {
      "id" : "s2-t1",
      "begin" : 310,
      "end" : 372,
      "text" : "CONFIRM:https://security.samsungmobile.com/securityUpdate.smsb",
      "whiteSpace" : false
    } ]
  } ],
  "mentions" : [ ],
  "relations" : [ ],
  "corefs" : [ ],
  "typeResolved" : true,
  "userResolved" : false
}