{
  "id" : "5ca6f540-e5bf-11e8-bc3f-812dc60f5413-1961",
  "name" : "CVE-2018-4187",
  "createdDate" : 0,
  "version" : 3,
  "text" : "CVE-2018-4187 | An issue was discovered in certain Apple products. iOS before 11.3.1 is affected. macOS before 10.13.4 Security Update 2018-001 is affected. The issue involves the \"LinkPresentation\" component. It allows remote attackers to spoof the UI via a crafted URL in a text message. | CONFIRM:https://support.apple.com/HT208742   |   CONFIRM:https://support.apple.com/HT208743   |   BID:103957   |   URL:http://www.securityfocus.com/bid/103957   |   BID:103958   |   URL:http://www.securityfocus.com/bid/103958   |   SECTRACK:1040744   |   URL:http://www.securitytracker.com/id/1040744",
  "docLength" : 0,
  "language" : "EN",
  "status" : "READY",
  "modifiedDate" : 1541947069127,
  "documentSet" : [ ],
  "preannotation" : [ ],
  "sentences" : [ {
    "id" : "s0",
    "begin" : 0,
    "end" : 66,
    "text" : "CVE-2018-4187 | An issue was discovered in certain Apple products.",
    "tokens" : [ {
      "id" : "s0-t0",
      "begin" : 0,
      "end" : 13,
      "text" : "CVE-2018-4187",
      "whiteSpace" : false
    }, {
      "id" : "s0-t1",
      "begin" : 14,
      "end" : 15,
      "text" : "|",
      "whiteSpace" : false
    }, {
      "id" : "s0-t2",
      "begin" : 16,
      "end" : 18,
      "text" : "An",
      "whiteSpace" : false
    }, {
      "id" : "s0-t3",
      "begin" : 19,
      "end" : 24,
      "text" : "issue",
      "whiteSpace" : false
    }, {
      "id" : "s0-t4",
      "begin" : 25,
      "end" : 28,
      "text" : "was",
      "whiteSpace" : false
    }, {
      "id" : "s0-t5",
      "begin" : 29,
      "end" : 39,
      "text" : "discovered",
      "whiteSpace" : false
    }, {
      "id" : "s0-t6",
      "begin" : 40,
      "end" : 42,
      "text" : "in",
      "whiteSpace" : false
    }, {
      "id" : "s0-t7",
      "begin" : 43,
      "end" : 50,
      "text" : "certain",
      "whiteSpace" : false
    }, {
      "id" : "s0-t8",
      "begin" : 51,
      "end" : 56,
      "text" : "Apple",
      "whiteSpace" : false
    }, {
      "id" : "s0-t9",
      "begin" : 57,
      "end" : 65,
      "text" : "products",
      "whiteSpace" : false
    }, {
      "id" : "s0-t10",
      "begin" : 65,
      "end" : 66,
      "text" : ".",
      "whiteSpace" : false
    } ]
  }, {
    "id" : "s1",
    "begin" : 67,
    "end" : 97,
    "text" : "iOS before 11.3.1 is affected.",
    "tokens" : [ {
      "id" : "s1-t0",
      "begin" : 67,
      "end" : 70,
      "text" : "iOS",
      "whiteSpace" : false
    }, {
      "id" : "s1-t1",
      "begin" : 71,
      "end" : 77,
      "text" : "before",
      "whiteSpace" : false
    }, {
      "id" : "s1-t2",
      "begin" : 78,
      "end" : 84,
      "text" : "11.3.1",
      "whiteSpace" : false
    }, {
      "id" : "s1-t3",
      "begin" : 85,
      "end" : 87,
      "text" : "is",
      "whiteSpace" : false
    }, {
      "id" : "s1-t4",
      "begin" : 88,
      "end" : 96,
      "text" : "affected",
      "whiteSpace" : false
    }, {
      "id" : "s1-t5",
      "begin" : 96,
      "end" : 97,
      "text" : ".",
      "whiteSpace" : false
    } ]
  }, {
    "id" : "s2",
    "begin" : 98,
    "end" : 156,
    "text" : "macOS before 10.13.4 Security Update 2018-001 is affected.",
    "tokens" : [ {
      "id" : "s2-t0",
      "begin" : 98,
      "end" : 103,
      "text" : "macOS",
      "whiteSpace" : false
    }, {
      "id" : "s2-t1",
      "begin" : 104,
      "end" : 110,
      "text" : "before",
      "whiteSpace" : false
    }, {
      "id" : "s2-t2",
      "begin" : 111,
      "end" : 118,
      "text" : "10.13.4",
      "whiteSpace" : false
    }, {
      "id" : "s2-t3",
      "begin" : 119,
      "end" : 127,
      "text" : "Security",
      "whiteSpace" : false
    }, {
      "id" : "s2-t4",
      "begin" : 128,
      "end" : 134,
      "text" : "Update",
      "whiteSpace" : false
    }, {
      "id" : "s2-t5",
      "begin" : 135,
      "end" : 143,
      "text" : "2018-001",
      "whiteSpace" : false
    }, {
      "id" : "s2-t6",
      "begin" : 144,
      "end" : 146,
      "text" : "is",
      "whiteSpace" : false
    }, {
      "id" : "s2-t7",
      "begin" : 147,
      "end" : 155,
      "text" : "affected",
      "whiteSpace" : false
    }, {
      "id" : "s2-t8",
      "begin" : 155,
      "end" : 156,
      "text" : ".",
      "whiteSpace" : false
    } ]
  }, {
    "id" : "s3",
    "begin" : 157,
    "end" : 209,
    "text" : "The issue involves the \"LinkPresentation\" component.",
    "tokens" : [ {
      "id" : "s3-t0",
      "begin" : 157,
      "end" : 160,
      "text" : "The",
      "whiteSpace" : false
    }, {
      "id" : "s3-t1",
      "begin" : 161,
      "end" : 166,
      "text" : "issue",
      "whiteSpace" : false
    }, {
      "id" : "s3-t2",
      "begin" : 167,
      "end" : 175,
      "text" : "involves",
      "whiteSpace" : false
    }, {
      "id" : "s3-t3",
      "begin" : 176,
      "end" : 179,
      "text" : "the",
      "whiteSpace" : false
    }, {
      "id" : "s3-t4",
      "begin" : 180,
      "end" : 181,
      "text" : "\"",
      "whiteSpace" : false
    }, {
      "id" : "s3-t5",
      "begin" : 181,
      "end" : 197,
      "text" : "LinkPresentation",
      "whiteSpace" : false
    }, {
      "id" : "s3-t6",
      "begin" : 197,
      "end" : 198,
      "text" : "\"",
      "whiteSpace" : false
    }, {
      "id" : "s3-t7",
      "begin" : 199,
      "end" : 208,
      "text" : "component",
      "whiteSpace" : false
    }, {
      "id" : "s3-t8",
      "begin" : 208,
      "end" : 209,
      "text" : ".",
      "whiteSpace" : false
    } ]
  }, {
    "id" : "s4",
    "begin" : 210,
    "end" : 289,
    "text" : "It allows remote attackers to spoof the UI via a crafted URL in a text message.",
    "tokens" : [ {
      "id" : "s4-t0",
      "begin" : 210,
      "end" : 212,
      "text" : "It",
      "whiteSpace" : false
    }, {
      "id" : "s4-t1",
      "begin" : 213,
      "end" : 219,
      "text" : "allows",
      "whiteSpace" : false
    }, {
      "id" : "s4-t2",
      "begin" : 220,
      "end" : 226,
      "text" : "remote",
      "whiteSpace" : false
    }, {
      "id" : "s4-t3",
      "begin" : 227,
      "end" : 236,
      "text" : "attackers",
      "whiteSpace" : false
    }, {
      "id" : "s4-t4",
      "begin" : 237,
      "end" : 239,
      "text" : "to",
      "whiteSpace" : false
    }, {
      "id" : "s4-t5",
      "begin" : 240,
      "end" : 245,
      "text" : "spoof",
      "whiteSpace" : false
    }, {
      "id" : "s4-t6",
      "begin" : 246,
      "end" : 249,
      "text" : "the",
      "whiteSpace" : false
    }, {
      "id" : "s4-t7",
      "begin" : 250,
      "end" : 252,
      "text" : "UI",
      "whiteSpace" : false
    }, {
      "id" : "s4-t8",
      "begin" : 253,
      "end" : 256,
      "text" : "via",
      "whiteSpace" : false
    }, {
      "id" : "s4-t9",
      "begin" : 257,
      "end" : 258,
      "text" : "a",
      "whiteSpace" : false
    }, {
      "id" : "s4-t10",
      "begin" : 259,
      "end" : 266,
      "text" : "crafted",
      "whiteSpace" : false
    }, {
      "id" : "s4-t11",
      "begin" : 267,
      "end" : 270,
      "text" : "URL",
      "whiteSpace" : false
    }, {
      "id" : "s4-t12",
      "begin" : 271,
      "end" : 273,
      "text" : "in",
      "whiteSpace" : false
    }, {
      "id" : "s4-t13",
      "begin" : 274,
      "end" : 275,
      "text" : "a",
      "whiteSpace" : false
    }, {
      "id" : "s4-t14",
      "begin" : 276,
      "end" : 280,
      "text" : "text",
      "whiteSpace" : false
    }, {
      "id" : "s4-t15",
      "begin" : 281,
      "end" : 288,
      "text" : "message",
      "whiteSpace" : false
    }, {
      "id" : "s4-t16",
      "begin" : 288,
      "end" : 289,
      "text" : ".",
      "whiteSpace" : false
    } ]
  }, {
    "id" : "s5",
    "begin" : 290,
    "end" : 592,
    "text" : "| CONFIRM:https://support.apple.com/HT208742   |   CONFIRM:https://support.apple.com/HT208743   |   BID:103957   |   URL:http://www.securityfocus.com/bid/103957   |   BID:103958   |   URL:http://www.securityfocus.com/bid/103958   |   SECTRACK:1040744   |   URL:http://www.securitytracker.com/id/1040744",
    "tokens" : [ {
      "id" : "s5-t0",
      "begin" : 290,
      "end" : 291,
      "text" : "|",
      "whiteSpace" : false
    }, {
      "id" : "s5-t1",
      "begin" : 292,
      "end" : 334,
      "text" : "CONFIRM:https://support.apple.com/HT208742",
      "whiteSpace" : false
    }, {
      "id" : "s5-t2",
      "begin" : 337,
      "end" : 338,
      "text" : "|",
      "whiteSpace" : false
    }, {
      "id" : "s5-t3",
      "begin" : 341,
      "end" : 383,
      "text" : "CONFIRM:https://support.apple.com/HT208743",
      "whiteSpace" : false
    }, {
      "id" : "s5-t4",
      "begin" : 386,
      "end" : 387,
      "text" : "|",
      "whiteSpace" : false
    }, {
      "id" : "s5-t5",
      "begin" : 390,
      "end" : 393,
      "text" : "BID",
      "whiteSpace" : false
    }, {
      "id" : "s5-t6",
      "begin" : 393,
      "end" : 394,
      "text" : ":",
      "whiteSpace" : false
    }, {
      "id" : "s5-t7",
      "begin" : 394,
      "end" : 400,
      "text" : "103957",
      "whiteSpace" : false
    }, {
      "id" : "s5-t8",
      "begin" : 403,
      "end" : 404,
      "text" : "|",
      "whiteSpace" : false
    }, {
      "id" : "s5-t9",
      "begin" : 407,
      "end" : 444,
      "text" : "URL:http://www.securityfocus.com/bid/",
      "whiteSpace" : false
    }, {
      "id" : "s5-t10",
      "begin" : 444,
      "end" : 450,
      "text" : "103957",
      "whiteSpace" : false
    }, {
      "id" : "s5-t11",
      "begin" : 453,
      "end" : 454,
      "text" : "|",
      "whiteSpace" : false
    }, {
      "id" : "s5-t12",
      "begin" : 457,
      "end" : 460,
      "text" : "BID",
      "whiteSpace" : false
    }, {
      "id" : "s5-t13",
      "begin" : 460,
      "end" : 461,
      "text" : ":",
      "whiteSpace" : false
    }, {
      "id" : "s5-t14",
      "begin" : 461,
      "end" : 467,
      "text" : "103958",
      "whiteSpace" : false
    }, {
      "id" : "s5-t15",
      "begin" : 470,
      "end" : 471,
      "text" : "|",
      "whiteSpace" : false
    }, {
      "id" : "s5-t16",
      "begin" : 474,
      "end" : 511,
      "text" : "URL:http://www.securityfocus.com/bid/",
      "whiteSpace" : false
    }, {
      "id" : "s5-t17",
      "begin" : 511,
      "end" : 517,
      "text" : "103958",
      "whiteSpace" : false
    }, {
      "id" : "s5-t18",
      "begin" : 520,
      "end" : 521,
      "text" : "|",
      "whiteSpace" : false
    }, {
      "id" : "s5-t19",
      "begin" : 524,
      "end" : 532,
      "text" : "SECTRACK",
      "whiteSpace" : false
    }, {
      "id" : "s5-t20",
      "begin" : 532,
      "end" : 533,
      "text" : ":",
      "whiteSpace" : false
    }, {
      "id" : "s5-t21",
      "begin" : 533,
      "end" : 540,
      "text" : "1040744",
      "whiteSpace" : false
    }, {
      "id" : "s5-t22",
      "begin" : 543,
      "end" : 544,
      "text" : "|",
      "whiteSpace" : false
    }, {
      "id" : "s5-t23",
      "begin" : 547,
      "end" : 585,
      "text" : "URL:http://www.securitytracker.com/id/",
      "whiteSpace" : false
    }, {
      "id" : "s5-t24",
      "begin" : 585,
      "end" : 592,
      "text" : "1040744",
      "whiteSpace" : false
    } ]
  } ],
  "mentions" : [ ],
  "relations" : [ ],
  "corefs" : [ ],
  "typeResolved" : true,
  "userResolved" : false
}