{
  "id" : "5ca6f540-e5bf-11e8-bc3f-812dc60f5413-1569",
  "name" : "CVE-2018-5195",
  "createdDate" : 0,
  "version" : 3,
  "text" : "CVE-2018-5195 | Hancom NEO versions 9.6.1.5183 and earlier have a buffer Overflow vulnerability that leads remote attackers to execute arbitrary commands when performing the hyperlink Attributes in document. | MISC:https://www.krcert.or.kr/krcert/secNoticeView.do?bulletin_writing_sequence=26983   |   CONFIRM:http://help.hancom.com/cve/hoffice/en-US/CVE_en_050_01.htm",
  "docLength" : 0,
  "language" : "EN",
  "status" : "READY",
  "modifiedDate" : 1541947069127,
  "documentSet" : [ ],
  "preannotation" : [ ],
  "sentences" : [ {
    "id" : "s0",
    "begin" : 0,
    "end" : 207,
    "text" : "CVE-2018-5195 | Hancom NEO versions 9.6.1.5183 and earlier have a buffer Overflow vulnerability that leads remote attackers to execute arbitrary commands when performing the hyperlink Attributes in document.",
    "tokens" : [ {
      "id" : "s0-t0",
      "begin" : 0,
      "end" : 13,
      "text" : "CVE-2018-5195",
      "whiteSpace" : false
    }, {
      "id" : "s0-t1",
      "begin" : 14,
      "end" : 15,
      "text" : "|",
      "whiteSpace" : false
    }, {
      "id" : "s0-t2",
      "begin" : 16,
      "end" : 22,
      "text" : "Hancom",
      "whiteSpace" : false
    }, {
      "id" : "s0-t3",
      "begin" : 23,
      "end" : 26,
      "text" : "NEO",
      "whiteSpace" : false
    }, {
      "id" : "s0-t4",
      "begin" : 27,
      "end" : 35,
      "text" : "versions",
      "whiteSpace" : false
    }, {
      "id" : "s0-t5",
      "begin" : 36,
      "end" : 46,
      "text" : "9.6.1.5183",
      "whiteSpace" : false
    }, {
      "id" : "s0-t6",
      "begin" : 47,
      "end" : 50,
      "text" : "and",
      "whiteSpace" : false
    }, {
      "id" : "s0-t7",
      "begin" : 51,
      "end" : 58,
      "text" : "earlier",
      "whiteSpace" : false
    }, {
      "id" : "s0-t8",
      "begin" : 59,
      "end" : 63,
      "text" : "have",
      "whiteSpace" : false
    }, {
      "id" : "s0-t9",
      "begin" : 64,
      "end" : 65,
      "text" : "a",
      "whiteSpace" : false
    }, {
      "id" : "s0-t10",
      "begin" : 66,
      "end" : 72,
      "text" : "buffer",
      "whiteSpace" : false
    }, {
      "id" : "s0-t11",
      "begin" : 73,
      "end" : 81,
      "text" : "Overflow",
      "whiteSpace" : false
    }, {
      "id" : "s0-t12",
      "begin" : 82,
      "end" : 95,
      "text" : "vulnerability",
      "whiteSpace" : false
    }, {
      "id" : "s0-t13",
      "begin" : 96,
      "end" : 100,
      "text" : "that",
      "whiteSpace" : false
    }, {
      "id" : "s0-t14",
      "begin" : 101,
      "end" : 106,
      "text" : "leads",
      "whiteSpace" : false
    }, {
      "id" : "s0-t15",
      "begin" : 107,
      "end" : 113,
      "text" : "remote",
      "whiteSpace" : false
    }, {
      "id" : "s0-t16",
      "begin" : 114,
      "end" : 123,
      "text" : "attackers",
      "whiteSpace" : false
    }, {
      "id" : "s0-t17",
      "begin" : 124,
      "end" : 126,
      "text" : "to",
      "whiteSpace" : false
    }, {
      "id" : "s0-t18",
      "begin" : 127,
      "end" : 134,
      "text" : "execute",
      "whiteSpace" : false
    }, {
      "id" : "s0-t19",
      "begin" : 135,
      "end" : 144,
      "text" : "arbitrary",
      "whiteSpace" : false
    }, {
      "id" : "s0-t20",
      "begin" : 145,
      "end" : 153,
      "text" : "commands",
      "whiteSpace" : false
    }, {
      "id" : "s0-t21",
      "begin" : 154,
      "end" : 158,
      "text" : "when",
      "whiteSpace" : false
    }, {
      "id" : "s0-t22",
      "begin" : 159,
      "end" : 169,
      "text" : "performing",
      "whiteSpace" : false
    }, {
      "id" : "s0-t23",
      "begin" : 170,
      "end" : 173,
      "text" : "the",
      "whiteSpace" : false
    }, {
      "id" : "s0-t24",
      "begin" : 174,
      "end" : 183,
      "text" : "hyperlink",
      "whiteSpace" : false
    }, {
      "id" : "s0-t25",
      "begin" : 184,
      "end" : 194,
      "text" : "Attributes",
      "whiteSpace" : false
    }, {
      "id" : "s0-t26",
      "begin" : 195,
      "end" : 197,
      "text" : "in",
      "whiteSpace" : false
    }, {
      "id" : "s0-t27",
      "begin" : 198,
      "end" : 206,
      "text" : "document",
      "whiteSpace" : false
    }, {
      "id" : "s0-t28",
      "begin" : 206,
      "end" : 207,
      "text" : ".",
      "whiteSpace" : false
    } ]
  }, {
    "id" : "s1",
    "begin" : 208,
    "end" : 368,
    "text" : "| MISC:https://www.krcert.or.kr/krcert/secNoticeView.do?bulletin_writing_sequence=26983   |   CONFIRM:http://help.hancom.com/cve/hoffice/en-US/CVE_en_050_01.htm",
    "tokens" : [ {
      "id" : "s1-t0",
      "begin" : 208,
      "end" : 209,
      "text" : "|",
      "whiteSpace" : false
    }, {
      "id" : "s1-t1",
      "begin" : 210,
      "end" : 295,
      "text" : "MISC:https://www.krcert.or.kr/krcert/secNoticeView.do?bulletin_writing_sequence=26983",
      "whiteSpace" : false
    }, {
      "id" : "s1-t2",
      "begin" : 298,
      "end" : 299,
      "text" : "|",
      "whiteSpace" : false
    }, {
      "id" : "s1-t3",
      "begin" : 302,
      "end" : 368,
      "text" : "CONFIRM:http://help.hancom.com/cve/hoffice/en-US/CVE_en_050_01.htm",
      "whiteSpace" : false
    } ]
  } ],
  "mentions" : [ ],
  "relations" : [ ],
  "corefs" : [ ],
  "typeResolved" : true,
  "userResolved" : false
}