{
  "id" : "5ca6f540-e5bf-11e8-bc3f-812dc60f5413-1974",
  "name" : "CVE-2018-4164",
  "createdDate" : 0,
  "version" : 3,
  "text" : "CVE-2018-4164 | An issue was discovered in certain Apple products. Xcode before 9.3 is affected. The issue, which is unspecified, involves the \"LLVM\" component. | MISC:http://lists.llvm.org/pipermail/llvm-commits/   |   MISC:http://releases.llvm.org/   |   MISC:https://developer.apple.com/library/content/releasenotes/DeveloperTools/RN-Xcode/Chapters/Introduction.html   |   CONFIRM:https://support.apple.com/HT208699   |   BID:103583   |   URL:http://www.securityfocus.com/bid/103583   |   SECTRACK:1040610   |   URL:http://www.securitytracker.com/id/1040610",
  "docLength" : 0,
  "language" : "EN",
  "status" : "READY",
  "modifiedDate" : 1541947069127,
  "documentSet" : [ ],
  "preannotation" : [ ],
  "sentences" : [ {
    "id" : "s0",
    "begin" : 0,
    "end" : 66,
    "text" : "CVE-2018-4164 | An issue was discovered in certain Apple products.",
    "tokens" : [ {
      "id" : "s0-t0",
      "begin" : 0,
      "end" : 13,
      "text" : "CVE-2018-4164",
      "whiteSpace" : false
    }, {
      "id" : "s0-t1",
      "begin" : 14,
      "end" : 15,
      "text" : "|",
      "whiteSpace" : false
    }, {
      "id" : "s0-t2",
      "begin" : 16,
      "end" : 18,
      "text" : "An",
      "whiteSpace" : false
    }, {
      "id" : "s0-t3",
      "begin" : 19,
      "end" : 24,
      "text" : "issue",
      "whiteSpace" : false
    }, {
      "id" : "s0-t4",
      "begin" : 25,
      "end" : 28,
      "text" : "was",
      "whiteSpace" : false
    }, {
      "id" : "s0-t5",
      "begin" : 29,
      "end" : 39,
      "text" : "discovered",
      "whiteSpace" : false
    }, {
      "id" : "s0-t6",
      "begin" : 40,
      "end" : 42,
      "text" : "in",
      "whiteSpace" : false
    }, {
      "id" : "s0-t7",
      "begin" : 43,
      "end" : 50,
      "text" : "certain",
      "whiteSpace" : false
    }, {
      "id" : "s0-t8",
      "begin" : 51,
      "end" : 56,
      "text" : "Apple",
      "whiteSpace" : false
    }, {
      "id" : "s0-t9",
      "begin" : 57,
      "end" : 65,
      "text" : "products",
      "whiteSpace" : false
    }, {
      "id" : "s0-t10",
      "begin" : 65,
      "end" : 66,
      "text" : ".",
      "whiteSpace" : false
    } ]
  }, {
    "id" : "s1",
    "begin" : 67,
    "end" : 96,
    "text" : "Xcode before 9.3 is affected.",
    "tokens" : [ {
      "id" : "s1-t0",
      "begin" : 67,
      "end" : 72,
      "text" : "Xcode",
      "whiteSpace" : false
    }, {
      "id" : "s1-t1",
      "begin" : 73,
      "end" : 79,
      "text" : "before",
      "whiteSpace" : false
    }, {
      "id" : "s1-t2",
      "begin" : 80,
      "end" : 83,
      "text" : "9.3",
      "whiteSpace" : false
    }, {
      "id" : "s1-t3",
      "begin" : 84,
      "end" : 86,
      "text" : "is",
      "whiteSpace" : false
    }, {
      "id" : "s1-t4",
      "begin" : 87,
      "end" : 95,
      "text" : "affected",
      "whiteSpace" : false
    }, {
      "id" : "s1-t5",
      "begin" : 95,
      "end" : 96,
      "text" : ".",
      "whiteSpace" : false
    } ]
  }, {
    "id" : "s2",
    "begin" : 97,
    "end" : 160,
    "text" : "The issue, which is unspecified, involves the \"LLVM\" component.",
    "tokens" : [ {
      "id" : "s2-t0",
      "begin" : 97,
      "end" : 100,
      "text" : "The",
      "whiteSpace" : false
    }, {
      "id" : "s2-t1",
      "begin" : 101,
      "end" : 106,
      "text" : "issue",
      "whiteSpace" : false
    }, {
      "id" : "s2-t2",
      "begin" : 106,
      "end" : 107,
      "text" : ",",
      "whiteSpace" : false
    }, {
      "id" : "s2-t3",
      "begin" : 108,
      "end" : 113,
      "text" : "which",
      "whiteSpace" : false
    }, {
      "id" : "s2-t4",
      "begin" : 114,
      "end" : 116,
      "text" : "is",
      "whiteSpace" : false
    }, {
      "id" : "s2-t5",
      "begin" : 117,
      "end" : 128,
      "text" : "unspecified",
      "whiteSpace" : false
    }, {
      "id" : "s2-t6",
      "begin" : 128,
      "end" : 129,
      "text" : ",",
      "whiteSpace" : false
    }, {
      "id" : "s2-t7",
      "begin" : 130,
      "end" : 138,
      "text" : "involves",
      "whiteSpace" : false
    }, {
      "id" : "s2-t8",
      "begin" : 139,
      "end" : 142,
      "text" : "the",
      "whiteSpace" : false
    }, {
      "id" : "s2-t9",
      "begin" : 143,
      "end" : 144,
      "text" : "\"",
      "whiteSpace" : false
    }, {
      "id" : "s2-t10",
      "begin" : 144,
      "end" : 148,
      "text" : "LLVM",
      "whiteSpace" : false
    }, {
      "id" : "s2-t11",
      "begin" : 148,
      "end" : 149,
      "text" : "\"",
      "whiteSpace" : false
    }, {
      "id" : "s2-t12",
      "begin" : 150,
      "end" : 159,
      "text" : "component",
      "whiteSpace" : false
    }, {
      "id" : "s2-t13",
      "begin" : 159,
      "end" : 160,
      "text" : ".",
      "whiteSpace" : false
    } ]
  }, {
    "id" : "s3",
    "begin" : 161,
    "end" : 560,
    "text" : "| MISC:http://lists.llvm.org/pipermail/llvm-commits/   |   MISC:http://releases.llvm.org/   |   MISC:https://developer.apple.com/library/content/releasenotes/DeveloperTools/RN-Xcode/Chapters/Introduction.html   |   CONFIRM:https://support.apple.com/HT208699   |   BID:103583   |   URL:http://www.securityfocus.com/bid/103583   |   SECTRACK:1040610   |   URL:http://www.securitytracker.com/id/1040610",
    "tokens" : [ {
      "id" : "s3-t0",
      "begin" : 161,
      "end" : 162,
      "text" : "|",
      "whiteSpace" : false
    }, {
      "id" : "s3-t1",
      "begin" : 163,
      "end" : 213,
      "text" : "MISC:http://lists.llvm.org/pipermail/llvm-commits/",
      "whiteSpace" : false
    }, {
      "id" : "s3-t2",
      "begin" : 216,
      "end" : 217,
      "text" : "|",
      "whiteSpace" : false
    }, {
      "id" : "s3-t3",
      "begin" : 220,
      "end" : 250,
      "text" : "MISC:http://releases.llvm.org/",
      "whiteSpace" : false
    }, {
      "id" : "s3-t4",
      "begin" : 253,
      "end" : 254,
      "text" : "|",
      "whiteSpace" : false
    }, {
      "id" : "s3-t5",
      "begin" : 257,
      "end" : 369,
      "text" : "MISC:https://developer.apple.com/library/content/releasenotes/DeveloperTools/RN-Xcode/Chapters/Introduction.html",
      "whiteSpace" : false
    }, {
      "id" : "s3-t6",
      "begin" : 372,
      "end" : 373,
      "text" : "|",
      "whiteSpace" : false
    }, {
      "id" : "s3-t7",
      "begin" : 376,
      "end" : 418,
      "text" : "CONFIRM:https://support.apple.com/HT208699",
      "whiteSpace" : false
    }, {
      "id" : "s3-t8",
      "begin" : 421,
      "end" : 422,
      "text" : "|",
      "whiteSpace" : false
    }, {
      "id" : "s3-t9",
      "begin" : 425,
      "end" : 428,
      "text" : "BID",
      "whiteSpace" : false
    }, {
      "id" : "s3-t10",
      "begin" : 428,
      "end" : 429,
      "text" : ":",
      "whiteSpace" : false
    }, {
      "id" : "s3-t11",
      "begin" : 429,
      "end" : 435,
      "text" : "103583",
      "whiteSpace" : false
    }, {
      "id" : "s3-t12",
      "begin" : 438,
      "end" : 439,
      "text" : "|",
      "whiteSpace" : false
    }, {
      "id" : "s3-t13",
      "begin" : 442,
      "end" : 479,
      "text" : "URL:http://www.securityfocus.com/bid/",
      "whiteSpace" : false
    }, {
      "id" : "s3-t14",
      "begin" : 479,
      "end" : 485,
      "text" : "103583",
      "whiteSpace" : false
    }, {
      "id" : "s3-t15",
      "begin" : 488,
      "end" : 489,
      "text" : "|",
      "whiteSpace" : false
    }, {
      "id" : "s3-t16",
      "begin" : 492,
      "end" : 500,
      "text" : "SECTRACK",
      "whiteSpace" : false
    }, {
      "id" : "s3-t17",
      "begin" : 500,
      "end" : 501,
      "text" : ":",
      "whiteSpace" : false
    }, {
      "id" : "s3-t18",
      "begin" : 501,
      "end" : 508,
      "text" : "1040610",
      "whiteSpace" : false
    }, {
      "id" : "s3-t19",
      "begin" : 511,
      "end" : 512,
      "text" : "|",
      "whiteSpace" : false
    }, {
      "id" : "s3-t20",
      "begin" : 515,
      "end" : 553,
      "text" : "URL:http://www.securitytracker.com/id/",
      "whiteSpace" : false
    }, {
      "id" : "s3-t21",
      "begin" : 553,
      "end" : 560,
      "text" : "1040610",
      "whiteSpace" : false
    } ]
  } ],
  "mentions" : [ ],
  "relations" : [ ],
  "corefs" : [ ],
  "typeResolved" : true,
  "userResolved" : false
}