{
  "id" : "5e6b9330-e5c0-11e8-ac51-0ddb2b53e7d9-75",
  "name" : "CVE-2018-14878",
  "createdDate" : 0,
  "version" : 3,
  "text" : "CVE-2018-14878 | JetBrains dotPeek before 2018.2 and ReSharper Ultimate before 2018.1.4 allow attackers to execute code by decompiling a compiled .NET object (such as a DLL or EXE file) with a specific file, because of Deserialization of Untrusted Data. | MISC:https://www.nccgroup.trust/uk/about-us/newsroom-and-events/blogs/2018/august/aspnet-resource-files-resx-and-deserialisation-issues/   |   CONFIRM:https://blog.jetbrains.com/dotnet/2018/08/02/resharper-ultimate-2018-1-4-rider-2018-1-4-released/",
  "docLength" : 0,
  "language" : "EN",
  "status" : "READY",
  "modifiedDate" : 1541947501633,
  "documentSet" : [ ],
  "preannotation" : [ ],
  "sentences" : [ {
    "id" : "s0",
    "begin" : 0,
    "end" : 253,
    "text" : "CVE-2018-14878 | JetBrains dotPeek before 2018.2 and ReSharper Ultimate before 2018.1.4 allow attackers to execute code by decompiling a compiled .NET object (such as a DLL or EXE file) with a specific file, because of Deserialization of Untrusted Data.",
    "tokens" : [ {
      "id" : "s0-t0",
      "begin" : 0,
      "end" : 14,
      "text" : "CVE-2018-14878",
      "whiteSpace" : false
    }, {
      "id" : "s0-t1",
      "begin" : 15,
      "end" : 16,
      "text" : "|",
      "whiteSpace" : false
    }, {
      "id" : "s0-t2",
      "begin" : 17,
      "end" : 26,
      "text" : "JetBrains",
      "whiteSpace" : false
    }, {
      "id" : "s0-t3",
      "begin" : 27,
      "end" : 34,
      "text" : "dotPeek",
      "whiteSpace" : false
    }, {
      "id" : "s0-t4",
      "begin" : 35,
      "end" : 41,
      "text" : "before",
      "whiteSpace" : false
    }, {
      "id" : "s0-t5",
      "begin" : 42,
      "end" : 48,
      "text" : "2018.2",
      "whiteSpace" : false
    }, {
      "id" : "s0-t6",
      "begin" : 49,
      "end" : 52,
      "text" : "and",
      "whiteSpace" : false
    }, {
      "id" : "s0-t7",
      "begin" : 53,
      "end" : 62,
      "text" : "ReSharper",
      "whiteSpace" : false
    }, {
      "id" : "s0-t8",
      "begin" : 63,
      "end" : 71,
      "text" : "Ultimate",
      "whiteSpace" : false
    }, {
      "id" : "s0-t9",
      "begin" : 72,
      "end" : 78,
      "text" : "before",
      "whiteSpace" : false
    }, {
      "id" : "s0-t10",
      "begin" : 79,
      "end" : 87,
      "text" : "2018.1.4",
      "whiteSpace" : false
    }, {
      "id" : "s0-t11",
      "begin" : 88,
      "end" : 93,
      "text" : "allow",
      "whiteSpace" : false
    }, {
      "id" : "s0-t12",
      "begin" : 94,
      "end" : 103,
      "text" : "attackers",
      "whiteSpace" : false
    }, {
      "id" : "s0-t13",
      "begin" : 104,
      "end" : 106,
      "text" : "to",
      "whiteSpace" : false
    }, {
      "id" : "s0-t14",
      "begin" : 107,
      "end" : 114,
      "text" : "execute",
      "whiteSpace" : false
    }, {
      "id" : "s0-t15",
      "begin" : 115,
      "end" : 119,
      "text" : "code",
      "whiteSpace" : false
    }, {
      "id" : "s0-t16",
      "begin" : 120,
      "end" : 122,
      "text" : "by",
      "whiteSpace" : false
    }, {
      "id" : "s0-t17",
      "begin" : 123,
      "end" : 134,
      "text" : "decompiling",
      "whiteSpace" : false
    }, {
      "id" : "s0-t18",
      "begin" : 135,
      "end" : 136,
      "text" : "a",
      "whiteSpace" : false
    }, {
      "id" : "s0-t19",
      "begin" : 137,
      "end" : 145,
      "text" : "compiled",
      "whiteSpace" : false
    }, {
      "id" : "s0-t20",
      "begin" : 146,
      "end" : 150,
      "text" : ".NET",
      "whiteSpace" : false
    }, {
      "id" : "s0-t21",
      "begin" : 151,
      "end" : 157,
      "text" : "object",
      "whiteSpace" : false
    }, {
      "id" : "s0-t22",
      "begin" : 158,
      "end" : 159,
      "text" : "(",
      "whiteSpace" : false
    }, {
      "id" : "s0-t23",
      "begin" : 159,
      "end" : 163,
      "text" : "such",
      "whiteSpace" : false
    }, {
      "id" : "s0-t24",
      "begin" : 164,
      "end" : 166,
      "text" : "as",
      "whiteSpace" : false
    }, {
      "id" : "s0-t25",
      "begin" : 167,
      "end" : 168,
      "text" : "a",
      "whiteSpace" : false
    }, {
      "id" : "s0-t26",
      "begin" : 169,
      "end" : 172,
      "text" : "DLL",
      "whiteSpace" : false
    }, {
      "id" : "s0-t27",
      "begin" : 173,
      "end" : 175,
      "text" : "or",
      "whiteSpace" : false
    }, {
      "id" : "s0-t28",
      "begin" : 176,
      "end" : 179,
      "text" : "EXE",
      "whiteSpace" : false
    }, {
      "id" : "s0-t29",
      "begin" : 180,
      "end" : 184,
      "text" : "file",
      "whiteSpace" : false
    }, {
      "id" : "s0-t30",
      "begin" : 184,
      "end" : 185,
      "text" : ")",
      "whiteSpace" : false
    }, {
      "id" : "s0-t31",
      "begin" : 186,
      "end" : 190,
      "text" : "with",
      "whiteSpace" : false
    }, {
      "id" : "s0-t32",
      "begin" : 191,
      "end" : 192,
      "text" : "a",
      "whiteSpace" : false
    }, {
      "id" : "s0-t33",
      "begin" : 193,
      "end" : 201,
      "text" : "specific",
      "whiteSpace" : false
    }, {
      "id" : "s0-t34",
      "begin" : 202,
      "end" : 206,
      "text" : "file",
      "whiteSpace" : false
    }, {
      "id" : "s0-t35",
      "begin" : 206,
      "end" : 207,
      "text" : ",",
      "whiteSpace" : false
    }, {
      "id" : "s0-t36",
      "begin" : 208,
      "end" : 215,
      "text" : "because",
      "whiteSpace" : false
    }, {
      "id" : "s0-t37",
      "begin" : 216,
      "end" : 218,
      "text" : "of",
      "whiteSpace" : false
    }, {
      "id" : "s0-t38",
      "begin" : 219,
      "end" : 234,
      "text" : "Deserialization",
      "whiteSpace" : false
    }, {
      "id" : "s0-t39",
      "begin" : 235,
      "end" : 237,
      "text" : "of",
      "whiteSpace" : false
    }, {
      "id" : "s0-t40",
      "begin" : 238,
      "end" : 247,
      "text" : "Untrusted",
      "whiteSpace" : false
    }, {
      "id" : "s0-t41",
      "begin" : 248,
      "end" : 252,
      "text" : "Data",
      "whiteSpace" : false
    }, {
      "id" : "s0-t42",
      "begin" : 252,
      "end" : 253,
      "text" : ".",
      "whiteSpace" : false
    } ]
  }, {
    "id" : "s1",
    "begin" : 254,
    "end" : 504,
    "text" : "| MISC:https://www.nccgroup.trust/uk/about-us/newsroom-and-events/blogs/2018/august/aspnet-resource-files-resx-and-deserialisation-issues/   |   CONFIRM:https://blog.jetbrains.com/dotnet/2018/08/02/resharper-ultimate-2018-1-4-rider-2018-1-4-released/",
    "tokens" : [ {
      "id" : "s1-t0",
      "begin" : 254,
      "end" : 255,
      "text" : "|",
      "whiteSpace" : false
    }, {
      "id" : "s1-t1",
      "begin" : 256,
      "end" : 392,
      "text" : "MISC:https://www.nccgroup.trust/uk/about-us/newsroom-and-events/blogs/2018/august/aspnet-resource-files-resx-and-deserialisation-issues/",
      "whiteSpace" : false
    }, {
      "id" : "s1-t2",
      "begin" : 395,
      "end" : 396,
      "text" : "|",
      "whiteSpace" : false
    }, {
      "id" : "s1-t3",
      "begin" : 399,
      "end" : 406,
      "text" : "CONFIRM",
      "whiteSpace" : false
    }, {
      "id" : "s1-t4",
      "begin" : 406,
      "end" : 504,
      "text" : ":https://blog.jetbrains.com/dotnet/2018/08/02/resharper-ultimate-2018-1-4-rider-2018-1-4-released/",
      "whiteSpace" : false
    } ]
  } ],
  "mentions" : [ ],
  "relations" : [ ],
  "corefs" : [ ],
  "typeResolved" : true,
  "userResolved" : false
}