{
  "id" : "5e6b9330-e5c0-11e8-ac51-0ddb2b53e7d9-51",
  "name" : "CVE-2018-14924",
  "createdDate" : 0,
  "version" : 3,
  "text" : "CVE-2018-14924 | Matera Banco 1.0.0 is vulnerable to multiple stored XSS, as demonstrated by the sca/privilegio/consultarUsuario.jsf \"Nome Completo\" (aka user fullname) field. | MISC:https://medium.com/stolabs/security-issues-on-matera-systems-fba14d207dc9",
  "docLength" : 0,
  "language" : "EN",
  "status" : "READY",
  "modifiedDate" : 1541947501633,
  "documentSet" : [ ],
  "preannotation" : [ ],
  "sentences" : [ {
    "id" : "s0",
    "begin" : 0,
    "end" : 175,
    "text" : "CVE-2018-14924 | Matera Banco 1.0.0 is vulnerable to multiple stored XSS, as demonstrated by the sca/privilegio/consultarUsuario.jsf \"Nome Completo\" (aka user fullname) field.",
    "tokens" : [ {
      "id" : "s0-t0",
      "begin" : 0,
      "end" : 14,
      "text" : "CVE-2018-14924",
      "whiteSpace" : false
    }, {
      "id" : "s0-t1",
      "begin" : 15,
      "end" : 16,
      "text" : "|",
      "whiteSpace" : false
    }, {
      "id" : "s0-t2",
      "begin" : 17,
      "end" : 23,
      "text" : "Matera",
      "whiteSpace" : false
    }, {
      "id" : "s0-t3",
      "begin" : 24,
      "end" : 29,
      "text" : "Banco",
      "whiteSpace" : false
    }, {
      "id" : "s0-t4",
      "begin" : 30,
      "end" : 35,
      "text" : "1.0.0",
      "whiteSpace" : false
    }, {
      "id" : "s0-t5",
      "begin" : 36,
      "end" : 38,
      "text" : "is",
      "whiteSpace" : false
    }, {
      "id" : "s0-t6",
      "begin" : 39,
      "end" : 49,
      "text" : "vulnerable",
      "whiteSpace" : false
    }, {
      "id" : "s0-t7",
      "begin" : 50,
      "end" : 52,
      "text" : "to",
      "whiteSpace" : false
    }, {
      "id" : "s0-t8",
      "begin" : 53,
      "end" : 61,
      "text" : "multiple",
      "whiteSpace" : false
    }, {
      "id" : "s0-t9",
      "begin" : 62,
      "end" : 68,
      "text" : "stored",
      "whiteSpace" : false
    }, {
      "id" : "s0-t10",
      "begin" : 69,
      "end" : 72,
      "text" : "XSS",
      "whiteSpace" : false
    }, {
      "id" : "s0-t11",
      "begin" : 72,
      "end" : 73,
      "text" : ",",
      "whiteSpace" : false
    }, {
      "id" : "s0-t12",
      "begin" : 74,
      "end" : 76,
      "text" : "as",
      "whiteSpace" : false
    }, {
      "id" : "s0-t13",
      "begin" : 77,
      "end" : 89,
      "text" : "demonstrated",
      "whiteSpace" : false
    }, {
      "id" : "s0-t14",
      "begin" : 90,
      "end" : 92,
      "text" : "by",
      "whiteSpace" : false
    }, {
      "id" : "s0-t15",
      "begin" : 93,
      "end" : 96,
      "text" : "the",
      "whiteSpace" : false
    }, {
      "id" : "s0-t16",
      "begin" : 97,
      "end" : 132,
      "text" : "sca/privilegio/consultarUsuario.jsf",
      "whiteSpace" : false
    }, {
      "id" : "s0-t17",
      "begin" : 133,
      "end" : 138,
      "text" : "\"Nome",
      "whiteSpace" : false
    }, {
      "id" : "s0-t18",
      "begin" : 139,
      "end" : 147,
      "text" : "Completo",
      "whiteSpace" : false
    }, {
      "id" : "s0-t19",
      "begin" : 147,
      "end" : 148,
      "text" : "\"",
      "whiteSpace" : false
    }, {
      "id" : "s0-t20",
      "begin" : 149,
      "end" : 150,
      "text" : "(",
      "whiteSpace" : false
    }, {
      "id" : "s0-t21",
      "begin" : 150,
      "end" : 153,
      "text" : "aka",
      "whiteSpace" : false
    }, {
      "id" : "s0-t22",
      "begin" : 154,
      "end" : 158,
      "text" : "user",
      "whiteSpace" : false
    }, {
      "id" : "s0-t23",
      "begin" : 159,
      "end" : 167,
      "text" : "fullname",
      "whiteSpace" : false
    }, {
      "id" : "s0-t24",
      "begin" : 167,
      "end" : 168,
      "text" : ")",
      "whiteSpace" : false
    }, {
      "id" : "s0-t25",
      "begin" : 169,
      "end" : 174,
      "text" : "field",
      "whiteSpace" : false
    }, {
      "id" : "s0-t26",
      "begin" : 174,
      "end" : 175,
      "text" : ".",
      "whiteSpace" : false
    } ]
  }, {
    "id" : "s1",
    "begin" : 176,
    "end" : 256,
    "text" : "| MISC:https://medium.com/stolabs/security-issues-on-matera-systems-fba14d207dc9",
    "tokens" : [ {
      "id" : "s1-t0",
      "begin" : 176,
      "end" : 177,
      "text" : "|",
      "whiteSpace" : false
    }, {
      "id" : "s1-t1",
      "begin" : 178,
      "end" : 218,
      "text" : "MISC:https://medium.com/stolabs/security",
      "whiteSpace" : false
    }, {
      "id" : "s1-t2",
      "begin" : 218,
      "end" : 219,
      "text" : "-",
      "whiteSpace" : false
    }, {
      "id" : "s1-t3",
      "begin" : 219,
      "end" : 225,
      "text" : "issues",
      "whiteSpace" : false
    }, {
      "id" : "s1-t4",
      "begin" : 225,
      "end" : 226,
      "text" : "-",
      "whiteSpace" : false
    }, {
      "id" : "s1-t5",
      "begin" : 226,
      "end" : 228,
      "text" : "on",
      "whiteSpace" : false
    }, {
      "id" : "s1-t6",
      "begin" : 228,
      "end" : 229,
      "text" : "-",
      "whiteSpace" : false
    }, {
      "id" : "s1-t7",
      "begin" : 229,
      "end" : 235,
      "text" : "matera",
      "whiteSpace" : false
    }, {
      "id" : "s1-t8",
      "begin" : 235,
      "end" : 236,
      "text" : "-",
      "whiteSpace" : false
    }, {
      "id" : "s1-t9",
      "begin" : 236,
      "end" : 243,
      "text" : "systems",
      "whiteSpace" : false
    }, {
      "id" : "s1-t10",
      "begin" : 243,
      "end" : 244,
      "text" : "-",
      "whiteSpace" : false
    }, {
      "id" : "s1-t11",
      "begin" : 244,
      "end" : 256,
      "text" : "fba14d207dc9",
      "whiteSpace" : false
    } ]
  } ],
  "mentions" : [ ],
  "relations" : [ ],
  "corefs" : [ ],
  "typeResolved" : true,
  "userResolved" : false
}