{
  "id" : "5e6b9330-e5c0-11e8-ac51-0ddb2b53e7d9-85",
  "name" : "CVE-2018-14850",
  "createdDate" : 0,
  "version" : 3,
  "text" : "CVE-2018-14850 | Stored XSS vulnerabilities in Tiki before 18.2, 15.7 and 12.14 allow an authenticated user injecting JavaScript to gain administrator privileges if an administrator opens a wiki page and moves the mouse pointer over a modified link or thumb image. | MLIST:[oss-security] 20180802 Re: Stored XSS vulnerabilities in Tiki <= 18.1   |   URL:http://www.openwall.com/lists/oss-security/2018/08/02/2   |   MLIST:[oss-security] 20180802 Stored XSS vulnerabilities in Tiki <= 18.1   |   URL:http://www.openwall.com/lists/oss-security/2018/08/02/1   |   CONFIRM:https://sourceforge.net/p/tikiwiki/code/66990",
  "docLength" : 0,
  "language" : "EN",
  "status" : "READY",
  "modifiedDate" : 1541947501633,
  "documentSet" : [ ],
  "preannotation" : [ ],
  "sentences" : [ {
    "id" : "s0",
    "begin" : 0,
    "end" : 264,
    "text" : "CVE-2018-14850 | Stored XSS vulnerabilities in Tiki before 18.2, 15.7 and 12.14 allow an authenticated user injecting JavaScript to gain administrator privileges if an administrator opens a wiki page and moves the mouse pointer over a modified link or thumb image.",
    "tokens" : [ {
      "id" : "s0-t0",
      "begin" : 0,
      "end" : 14,
      "text" : "CVE-2018-14850",
      "whiteSpace" : false
    }, {
      "id" : "s0-t1",
      "begin" : 15,
      "end" : 16,
      "text" : "|",
      "whiteSpace" : false
    }, {
      "id" : "s0-t2",
      "begin" : 17,
      "end" : 23,
      "text" : "Stored",
      "whiteSpace" : false
    }, {
      "id" : "s0-t3",
      "begin" : 24,
      "end" : 27,
      "text" : "XSS",
      "whiteSpace" : false
    }, {
      "id" : "s0-t4",
      "begin" : 28,
      "end" : 43,
      "text" : "vulnerabilities",
      "whiteSpace" : false
    }, {
      "id" : "s0-t5",
      "begin" : 44,
      "end" : 46,
      "text" : "in",
      "whiteSpace" : false
    }, {
      "id" : "s0-t6",
      "begin" : 47,
      "end" : 51,
      "text" : "Tiki",
      "whiteSpace" : false
    }, {
      "id" : "s0-t7",
      "begin" : 52,
      "end" : 58,
      "text" : "before",
      "whiteSpace" : false
    }, {
      "id" : "s0-t8",
      "begin" : 59,
      "end" : 63,
      "text" : "18.2",
      "whiteSpace" : false
    }, {
      "id" : "s0-t9",
      "begin" : 63,
      "end" : 64,
      "text" : ",",
      "whiteSpace" : false
    }, {
      "id" : "s0-t10",
      "begin" : 65,
      "end" : 69,
      "text" : "15.7",
      "whiteSpace" : false
    }, {
      "id" : "s0-t11",
      "begin" : 70,
      "end" : 73,
      "text" : "and",
      "whiteSpace" : false
    }, {
      "id" : "s0-t12",
      "begin" : 74,
      "end" : 79,
      "text" : "12.14",
      "whiteSpace" : false
    }, {
      "id" : "s0-t13",
      "begin" : 80,
      "end" : 85,
      "text" : "allow",
      "whiteSpace" : false
    }, {
      "id" : "s0-t14",
      "begin" : 86,
      "end" : 88,
      "text" : "an",
      "whiteSpace" : false
    }, {
      "id" : "s0-t15",
      "begin" : 89,
      "end" : 102,
      "text" : "authenticated",
      "whiteSpace" : false
    }, {
      "id" : "s0-t16",
      "begin" : 103,
      "end" : 107,
      "text" : "user",
      "whiteSpace" : false
    }, {
      "id" : "s0-t17",
      "begin" : 108,
      "end" : 117,
      "text" : "injecting",
      "whiteSpace" : false
    }, {
      "id" : "s0-t18",
      "begin" : 118,
      "end" : 128,
      "text" : "JavaScript",
      "whiteSpace" : false
    }, {
      "id" : "s0-t19",
      "begin" : 129,
      "end" : 131,
      "text" : "to",
      "whiteSpace" : false
    }, {
      "id" : "s0-t20",
      "begin" : 132,
      "end" : 136,
      "text" : "gain",
      "whiteSpace" : false
    }, {
      "id" : "s0-t21",
      "begin" : 137,
      "end" : 150,
      "text" : "administrator",
      "whiteSpace" : false
    }, {
      "id" : "s0-t22",
      "begin" : 151,
      "end" : 161,
      "text" : "privileges",
      "whiteSpace" : false
    }, {
      "id" : "s0-t23",
      "begin" : 162,
      "end" : 164,
      "text" : "if",
      "whiteSpace" : false
    }, {
      "id" : "s0-t24",
      "begin" : 165,
      "end" : 167,
      "text" : "an",
      "whiteSpace" : false
    }, {
      "id" : "s0-t25",
      "begin" : 168,
      "end" : 181,
      "text" : "administrator",
      "whiteSpace" : false
    }, {
      "id" : "s0-t26",
      "begin" : 182,
      "end" : 187,
      "text" : "opens",
      "whiteSpace" : false
    }, {
      "id" : "s0-t27",
      "begin" : 188,
      "end" : 189,
      "text" : "a",
      "whiteSpace" : false
    }, {
      "id" : "s0-t28",
      "begin" : 190,
      "end" : 194,
      "text" : "wiki",
      "whiteSpace" : false
    }, {
      "id" : "s0-t29",
      "begin" : 195,
      "end" : 199,
      "text" : "page",
      "whiteSpace" : false
    }, {
      "id" : "s0-t30",
      "begin" : 200,
      "end" : 203,
      "text" : "and",
      "whiteSpace" : false
    }, {
      "id" : "s0-t31",
      "begin" : 204,
      "end" : 209,
      "text" : "moves",
      "whiteSpace" : false
    }, {
      "id" : "s0-t32",
      "begin" : 210,
      "end" : 213,
      "text" : "the",
      "whiteSpace" : false
    }, {
      "id" : "s0-t33",
      "begin" : 214,
      "end" : 219,
      "text" : "mouse",
      "whiteSpace" : false
    }, {
      "id" : "s0-t34",
      "begin" : 220,
      "end" : 227,
      "text" : "pointer",
      "whiteSpace" : false
    }, {
      "id" : "s0-t35",
      "begin" : 228,
      "end" : 232,
      "text" : "over",
      "whiteSpace" : false
    }, {
      "id" : "s0-t36",
      "begin" : 233,
      "end" : 234,
      "text" : "a",
      "whiteSpace" : false
    }, {
      "id" : "s0-t37",
      "begin" : 235,
      "end" : 243,
      "text" : "modified",
      "whiteSpace" : false
    }, {
      "id" : "s0-t38",
      "begin" : 244,
      "end" : 248,
      "text" : "link",
      "whiteSpace" : false
    }, {
      "id" : "s0-t39",
      "begin" : 249,
      "end" : 251,
      "text" : "or",
      "whiteSpace" : false
    }, {
      "id" : "s0-t40",
      "begin" : 252,
      "end" : 257,
      "text" : "thumb",
      "whiteSpace" : false
    }, {
      "id" : "s0-t41",
      "begin" : 258,
      "end" : 263,
      "text" : "image",
      "whiteSpace" : false
    }, {
      "id" : "s0-t42",
      "begin" : 263,
      "end" : 264,
      "text" : ".",
      "whiteSpace" : false
    } ]
  }, {
    "id" : "s1",
    "begin" : 265,
    "end" : 614,
    "text" : "| MLIST:[oss-security] 20180802 Re: Stored XSS vulnerabilities in Tiki <= 18.1   |   URL:http://www.openwall.com/lists/oss-security/2018/08/02/2   |   MLIST:[oss-security] 20180802 Stored XSS vulnerabilities in Tiki <= 18.1   |   URL:http://www.openwall.com/lists/oss-security/2018/08/02/1   |   CONFIRM:https://sourceforge.net/p/tikiwiki/code/66990",
    "tokens" : [ {
      "id" : "s1-t0",
      "begin" : 265,
      "end" : 266,
      "text" : "|",
      "whiteSpace" : false
    }, {
      "id" : "s1-t1",
      "begin" : 267,
      "end" : 272,
      "text" : "MLIST",
      "whiteSpace" : false
    }, {
      "id" : "s1-t2",
      "begin" : 272,
      "end" : 273,
      "text" : ":",
      "whiteSpace" : false
    }, {
      "id" : "s1-t3",
      "begin" : 273,
      "end" : 274,
      "text" : "[",
      "whiteSpace" : false
    }, {
      "id" : "s1-t4",
      "begin" : 274,
      "end" : 286,
      "text" : "oss-security",
      "whiteSpace" : false
    }, {
      "id" : "s1-t5",
      "begin" : 286,
      "end" : 287,
      "text" : "]",
      "whiteSpace" : false
    }, {
      "id" : "s1-t6",
      "begin" : 288,
      "end" : 296,
      "text" : "20180802",
      "whiteSpace" : false
    }, {
      "id" : "s1-t7",
      "begin" : 297,
      "end" : 299,
      "text" : "Re",
      "whiteSpace" : false
    }, {
      "id" : "s1-t8",
      "begin" : 299,
      "end" : 300,
      "text" : ":",
      "whiteSpace" : false
    }, {
      "id" : "s1-t9",
      "begin" : 301,
      "end" : 307,
      "text" : "Stored",
      "whiteSpace" : false
    }, {
      "id" : "s1-t10",
      "begin" : 308,
      "end" : 311,
      "text" : "XSS",
      "whiteSpace" : false
    }, {
      "id" : "s1-t11",
      "begin" : 312,
      "end" : 327,
      "text" : "vulnerabilities",
      "whiteSpace" : false
    }, {
      "id" : "s1-t12",
      "begin" : 328,
      "end" : 330,
      "text" : "in",
      "whiteSpace" : false
    }, {
      "id" : "s1-t13",
      "begin" : 331,
      "end" : 335,
      "text" : "Tiki",
      "whiteSpace" : false
    }, {
      "id" : "s1-t14",
      "begin" : 336,
      "end" : 337,
      "text" : "<",
      "whiteSpace" : false
    }, {
      "id" : "s1-t15",
      "begin" : 337,
      "end" : 338,
      "text" : "=",
      "whiteSpace" : false
    }, {
      "id" : "s1-t16",
      "begin" : 339,
      "end" : 343,
      "text" : "18.1",
      "whiteSpace" : false
    }, {
      "id" : "s1-t17",
      "begin" : 346,
      "end" : 347,
      "text" : "|",
      "whiteSpace" : false
    }, {
      "id" : "s1-t18",
      "begin" : 350,
      "end" : 409,
      "text" : "URL:http://www.openwall.com/lists/oss-security/2018/08/02/2",
      "whiteSpace" : false
    }, {
      "id" : "s1-t19",
      "begin" : 412,
      "end" : 413,
      "text" : "|",
      "whiteSpace" : false
    }, {
      "id" : "s1-t20",
      "begin" : 416,
      "end" : 421,
      "text" : "MLIST",
      "whiteSpace" : false
    }, {
      "id" : "s1-t21",
      "begin" : 421,
      "end" : 422,
      "text" : ":",
      "whiteSpace" : false
    }, {
      "id" : "s1-t22",
      "begin" : 422,
      "end" : 423,
      "text" : "[",
      "whiteSpace" : false
    }, {
      "id" : "s1-t23",
      "begin" : 423,
      "end" : 435,
      "text" : "oss-security",
      "whiteSpace" : false
    }, {
      "id" : "s1-t24",
      "begin" : 435,
      "end" : 436,
      "text" : "]",
      "whiteSpace" : false
    }, {
      "id" : "s1-t25",
      "begin" : 437,
      "end" : 445,
      "text" : "20180802",
      "whiteSpace" : false
    }, {
      "id" : "s1-t26",
      "begin" : 446,
      "end" : 452,
      "text" : "Stored",
      "whiteSpace" : false
    }, {
      "id" : "s1-t27",
      "begin" : 453,
      "end" : 456,
      "text" : "XSS",
      "whiteSpace" : false
    }, {
      "id" : "s1-t28",
      "begin" : 457,
      "end" : 472,
      "text" : "vulnerabilities",
      "whiteSpace" : false
    }, {
      "id" : "s1-t29",
      "begin" : 473,
      "end" : 475,
      "text" : "in",
      "whiteSpace" : false
    }, {
      "id" : "s1-t30",
      "begin" : 476,
      "end" : 480,
      "text" : "Tiki",
      "whiteSpace" : false
    }, {
      "id" : "s1-t31",
      "begin" : 481,
      "end" : 482,
      "text" : "<",
      "whiteSpace" : false
    }, {
      "id" : "s1-t32",
      "begin" : 482,
      "end" : 483,
      "text" : "=",
      "whiteSpace" : false
    }, {
      "id" : "s1-t33",
      "begin" : 484,
      "end" : 488,
      "text" : "18.1",
      "whiteSpace" : false
    }, {
      "id" : "s1-t34",
      "begin" : 491,
      "end" : 492,
      "text" : "|",
      "whiteSpace" : false
    }, {
      "id" : "s1-t35",
      "begin" : 495,
      "end" : 554,
      "text" : "URL:http://www.openwall.com/lists/oss-security/2018/08/02/1",
      "whiteSpace" : false
    }, {
      "id" : "s1-t36",
      "begin" : 557,
      "end" : 558,
      "text" : "|",
      "whiteSpace" : false
    }, {
      "id" : "s1-t37",
      "begin" : 561,
      "end" : 609,
      "text" : "CONFIRM:https://sourceforge.net/p/tikiwiki/code/",
      "whiteSpace" : false
    }, {
      "id" : "s1-t38",
      "begin" : 609,
      "end" : 614,
      "text" : "66990",
      "whiteSpace" : false
    } ]
  } ],
  "mentions" : [ ],
  "relations" : [ ],
  "corefs" : [ ],
  "typeResolved" : true,
  "userResolved" : false
}