{
  "id" : "5e6b9330-e5c0-11e8-ac51-0ddb2b53e7d9-38",
  "name" : "CVE-2018-14941",
  "createdDate" : 0,
  "version" : 3,
  "text" : "CVE-2018-14941 | Harmonic NSG 9000 devices allow remote authenticated users to read the webapp.py source code via a direct request for the /webapp.py URI. | MISC:https://github.com/pudding2/NSG9000/blob/master/exp.txt",
  "docLength" : 0,
  "language" : "EN",
  "status" : "READY",
  "modifiedDate" : 1541947501633,
  "documentSet" : [ ],
  "preannotation" : [ ],
  "sentences" : [ {
    "id" : "s0",
    "begin" : 0,
    "end" : 154,
    "text" : "CVE-2018-14941 | Harmonic NSG 9000 devices allow remote authenticated users to read the webapp.py source code via a direct request for the /webapp.py URI.",
    "tokens" : [ {
      "id" : "s0-t0",
      "begin" : 0,
      "end" : 14,
      "text" : "CVE-2018-14941",
      "whiteSpace" : false
    }, {
      "id" : "s0-t1",
      "begin" : 15,
      "end" : 16,
      "text" : "|",
      "whiteSpace" : false
    }, {
      "id" : "s0-t2",
      "begin" : 17,
      "end" : 25,
      "text" : "Harmonic",
      "whiteSpace" : false
    }, {
      "id" : "s0-t3",
      "begin" : 26,
      "end" : 29,
      "text" : "NSG",
      "whiteSpace" : false
    }, {
      "id" : "s0-t4",
      "begin" : 30,
      "end" : 34,
      "text" : "9000",
      "whiteSpace" : false
    }, {
      "id" : "s0-t5",
      "begin" : 35,
      "end" : 42,
      "text" : "devices",
      "whiteSpace" : false
    }, {
      "id" : "s0-t6",
      "begin" : 43,
      "end" : 48,
      "text" : "allow",
      "whiteSpace" : false
    }, {
      "id" : "s0-t7",
      "begin" : 49,
      "end" : 55,
      "text" : "remote",
      "whiteSpace" : false
    }, {
      "id" : "s0-t8",
      "begin" : 56,
      "end" : 69,
      "text" : "authenticated",
      "whiteSpace" : false
    }, {
      "id" : "s0-t9",
      "begin" : 70,
      "end" : 75,
      "text" : "users",
      "whiteSpace" : false
    }, {
      "id" : "s0-t10",
      "begin" : 76,
      "end" : 78,
      "text" : "to",
      "whiteSpace" : false
    }, {
      "id" : "s0-t11",
      "begin" : 79,
      "end" : 83,
      "text" : "read",
      "whiteSpace" : false
    }, {
      "id" : "s0-t12",
      "begin" : 84,
      "end" : 87,
      "text" : "the",
      "whiteSpace" : false
    }, {
      "id" : "s0-t13",
      "begin" : 88,
      "end" : 97,
      "text" : "webapp.py",
      "whiteSpace" : false
    }, {
      "id" : "s0-t14",
      "begin" : 98,
      "end" : 104,
      "text" : "source",
      "whiteSpace" : false
    }, {
      "id" : "s0-t15",
      "begin" : 105,
      "end" : 109,
      "text" : "code",
      "whiteSpace" : false
    }, {
      "id" : "s0-t16",
      "begin" : 110,
      "end" : 113,
      "text" : "via",
      "whiteSpace" : false
    }, {
      "id" : "s0-t17",
      "begin" : 114,
      "end" : 115,
      "text" : "a",
      "whiteSpace" : false
    }, {
      "id" : "s0-t18",
      "begin" : 116,
      "end" : 122,
      "text" : "direct",
      "whiteSpace" : false
    }, {
      "id" : "s0-t19",
      "begin" : 123,
      "end" : 130,
      "text" : "request",
      "whiteSpace" : false
    }, {
      "id" : "s0-t20",
      "begin" : 131,
      "end" : 134,
      "text" : "for",
      "whiteSpace" : false
    }, {
      "id" : "s0-t21",
      "begin" : 135,
      "end" : 138,
      "text" : "the",
      "whiteSpace" : false
    }, {
      "id" : "s0-t22",
      "begin" : 139,
      "end" : 149,
      "text" : "/webapp.py",
      "whiteSpace" : false
    }, {
      "id" : "s0-t23",
      "begin" : 150,
      "end" : 153,
      "text" : "URI",
      "whiteSpace" : false
    }, {
      "id" : "s0-t24",
      "begin" : 153,
      "end" : 154,
      "text" : ".",
      "whiteSpace" : false
    } ]
  }, {
    "id" : "s1",
    "begin" : 155,
    "end" : 217,
    "text" : "| MISC:https://github.com/pudding2/NSG9000/blob/master/exp.txt",
    "tokens" : [ {
      "id" : "s1-t0",
      "begin" : 155,
      "end" : 156,
      "text" : "|",
      "whiteSpace" : false
    }, {
      "id" : "s1-t1",
      "begin" : 157,
      "end" : 217,
      "text" : "MISC:https://github.com/pudding2/NSG9000/blob/master/exp.txt",
      "whiteSpace" : false
    } ]
  } ],
  "mentions" : [ ],
  "relations" : [ ],
  "corefs" : [ ],
  "typeResolved" : true,
  "userResolved" : false
}