{
  "id" : "5e6b9330-e5c0-11e8-ac51-0ddb2b53e7d9-32",
  "name" : "CVE-2018-14947",
  "createdDate" : 0,
  "version" : 3,
  "text" : "CVE-2018-14947 | An issue has been found in PDF2JSON 0.69. XmlFontAccu::CSStyle in XmlFonts.cc has Mismatched Memory Management Routines (operator new [] versus operator delete). | MISC:https://github.com/flexpaper/pdf2json/issues/20   |   MISC:https://github.com/fouzhe/security/tree/master/pdf2json#alloc_dealloc_mismatch-in-function-csstyle",
  "docLength" : 0,
  "language" : "EN",
  "status" : "READY",
  "modifiedDate" : 1541947501633,
  "documentSet" : [ ],
  "preannotation" : [ ],
  "sentences" : [ {
    "id" : "s0",
    "begin" : 0,
    "end" : 58,
    "text" : "CVE-2018-14947 | An issue has been found in PDF2JSON 0.69.",
    "tokens" : [ {
      "id" : "s0-t0",
      "begin" : 0,
      "end" : 14,
      "text" : "CVE-2018-14947",
      "whiteSpace" : false
    }, {
      "id" : "s0-t1",
      "begin" : 15,
      "end" : 16,
      "text" : "|",
      "whiteSpace" : false
    }, {
      "id" : "s0-t2",
      "begin" : 17,
      "end" : 19,
      "text" : "An",
      "whiteSpace" : false
    }, {
      "id" : "s0-t3",
      "begin" : 20,
      "end" : 25,
      "text" : "issue",
      "whiteSpace" : false
    }, {
      "id" : "s0-t4",
      "begin" : 26,
      "end" : 29,
      "text" : "has",
      "whiteSpace" : false
    }, {
      "id" : "s0-t5",
      "begin" : 30,
      "end" : 34,
      "text" : "been",
      "whiteSpace" : false
    }, {
      "id" : "s0-t6",
      "begin" : 35,
      "end" : 40,
      "text" : "found",
      "whiteSpace" : false
    }, {
      "id" : "s0-t7",
      "begin" : 41,
      "end" : 43,
      "text" : "in",
      "whiteSpace" : false
    }, {
      "id" : "s0-t8",
      "begin" : 44,
      "end" : 52,
      "text" : "PDF2JSON",
      "whiteSpace" : false
    }, {
      "id" : "s0-t9",
      "begin" : 53,
      "end" : 57,
      "text" : "0.69",
      "whiteSpace" : false
    }, {
      "id" : "s0-t10",
      "begin" : 57,
      "end" : 58,
      "text" : ".",
      "whiteSpace" : false
    } ]
  }, {
    "id" : "s1",
    "begin" : 59,
    "end" : 178,
    "text" : "XmlFontAccu::CSStyle in XmlFonts.cc has Mismatched Memory Management Routines (operator new [] versus operator delete).",
    "tokens" : [ {
      "id" : "s1-t0",
      "begin" : 59,
      "end" : 70,
      "text" : "XmlFontAccu",
      "whiteSpace" : false
    }, {
      "id" : "s1-t1",
      "begin" : 70,
      "end" : 79,
      "text" : "::CSStyle",
      "whiteSpace" : false
    }, {
      "id" : "s1-t2",
      "begin" : 80,
      "end" : 82,
      "text" : "in",
      "whiteSpace" : false
    }, {
      "id" : "s1-t3",
      "begin" : 83,
      "end" : 94,
      "text" : "XmlFonts.cc",
      "whiteSpace" : false
    }, {
      "id" : "s1-t4",
      "begin" : 95,
      "end" : 98,
      "text" : "has",
      "whiteSpace" : false
    }, {
      "id" : "s1-t5",
      "begin" : 99,
      "end" : 109,
      "text" : "Mismatched",
      "whiteSpace" : false
    }, {
      "id" : "s1-t6",
      "begin" : 110,
      "end" : 116,
      "text" : "Memory",
      "whiteSpace" : false
    }, {
      "id" : "s1-t7",
      "begin" : 117,
      "end" : 127,
      "text" : "Management",
      "whiteSpace" : false
    }, {
      "id" : "s1-t8",
      "begin" : 128,
      "end" : 136,
      "text" : "Routines",
      "whiteSpace" : false
    }, {
      "id" : "s1-t9",
      "begin" : 137,
      "end" : 138,
      "text" : "(",
      "whiteSpace" : false
    }, {
      "id" : "s1-t10",
      "begin" : 138,
      "end" : 146,
      "text" : "operator",
      "whiteSpace" : false
    }, {
      "id" : "s1-t11",
      "begin" : 147,
      "end" : 150,
      "text" : "new",
      "whiteSpace" : false
    }, {
      "id" : "s1-t12",
      "begin" : 151,
      "end" : 152,
      "text" : "[",
      "whiteSpace" : false
    }, {
      "id" : "s1-t13",
      "begin" : 152,
      "end" : 153,
      "text" : "]",
      "whiteSpace" : false
    }, {
      "id" : "s1-t14",
      "begin" : 154,
      "end" : 160,
      "text" : "versus",
      "whiteSpace" : false
    }, {
      "id" : "s1-t15",
      "begin" : 161,
      "end" : 169,
      "text" : "operator",
      "whiteSpace" : false
    }, {
      "id" : "s1-t16",
      "begin" : 170,
      "end" : 176,
      "text" : "delete",
      "whiteSpace" : false
    }, {
      "id" : "s1-t17",
      "begin" : 176,
      "end" : 177,
      "text" : ")",
      "whiteSpace" : false
    }, {
      "id" : "s1-t18",
      "begin" : 177,
      "end" : 178,
      "text" : ".",
      "whiteSpace" : false
    } ]
  }, {
    "id" : "s2",
    "begin" : 179,
    "end" : 343,
    "text" : "| MISC:https://github.com/flexpaper/pdf2json/issues/20   |   MISC:https://github.com/fouzhe/security/tree/master/pdf2json#alloc_dealloc_mismatch-in-function-csstyle",
    "tokens" : [ {
      "id" : "s2-t0",
      "begin" : 179,
      "end" : 180,
      "text" : "|",
      "whiteSpace" : false
    }, {
      "id" : "s2-t1",
      "begin" : 181,
      "end" : 231,
      "text" : "MISC:https://github.com/flexpaper/pdf2json/issues/",
      "whiteSpace" : false
    }, {
      "id" : "s2-t2",
      "begin" : 231,
      "end" : 233,
      "text" : "20",
      "whiteSpace" : false
    }, {
      "id" : "s2-t3",
      "begin" : 236,
      "end" : 237,
      "text" : "|",
      "whiteSpace" : false
    }, {
      "id" : "s2-t4",
      "begin" : 240,
      "end" : 244,
      "text" : "MISC",
      "whiteSpace" : false
    }, {
      "id" : "s2-t5",
      "begin" : 244,
      "end" : 326,
      "text" : ":https://github.com/fouzhe/security/tree/master/pdf2json#alloc_dealloc_mismatch-in",
      "whiteSpace" : false
    }, {
      "id" : "s2-t6",
      "begin" : 326,
      "end" : 327,
      "text" : "-",
      "whiteSpace" : false
    }, {
      "id" : "s2-t7",
      "begin" : 327,
      "end" : 335,
      "text" : "function",
      "whiteSpace" : false
    }, {
      "id" : "s2-t8",
      "begin" : 335,
      "end" : 336,
      "text" : "-",
      "whiteSpace" : false
    }, {
      "id" : "s2-t9",
      "begin" : 336,
      "end" : 343,
      "text" : "csstyle",
      "whiteSpace" : false
    } ]
  } ],
  "mentions" : [ ],
  "relations" : [ ],
  "corefs" : [ ],
  "typeResolved" : true,
  "userResolved" : false
}