{
  "id" : "5e6b9330-e5c0-11e8-ac51-0ddb2b53e7d9-87",
  "name" : "CVE-2018-14847",
  "createdDate" : 0,
  "version" : 3,
  "text" : "CVE-2018-14847 | Winbox for MikroTik RouterOS through 6.42 allows remote attackers to bypass authentication and read arbitrary files by modifying a request to change one byte related to a Session ID. | EXPLOIT-DB:45578   |   URL:https://www.exploit-db.com/exploits/45578/   |   MISC:https://github.com/BasuCert/WinboxPoC   |   MISC:https://github.com/BigNerd95/WinboxExploit   |   MISC:https://n0p.me/winbox-bug-dissection/",
  "docLength" : 0,
  "language" : "EN",
  "status" : "READY",
  "modifiedDate" : 1541947501633,
  "documentSet" : [ ],
  "preannotation" : [ ],
  "sentences" : [ {
    "id" : "s0",
    "begin" : 0,
    "end" : 199,
    "text" : "CVE-2018-14847 | Winbox for MikroTik RouterOS through 6.42 allows remote attackers to bypass authentication and read arbitrary files by modifying a request to change one byte related to a Session ID.",
    "tokens" : [ {
      "id" : "s0-t0",
      "begin" : 0,
      "end" : 14,
      "text" : "CVE-2018-14847",
      "whiteSpace" : false
    }, {
      "id" : "s0-t1",
      "begin" : 15,
      "end" : 16,
      "text" : "|",
      "whiteSpace" : false
    }, {
      "id" : "s0-t2",
      "begin" : 17,
      "end" : 23,
      "text" : "Winbox",
      "whiteSpace" : false
    }, {
      "id" : "s0-t3",
      "begin" : 24,
      "end" : 27,
      "text" : "for",
      "whiteSpace" : false
    }, {
      "id" : "s0-t4",
      "begin" : 28,
      "end" : 36,
      "text" : "MikroTik",
      "whiteSpace" : false
    }, {
      "id" : "s0-t5",
      "begin" : 37,
      "end" : 45,
      "text" : "RouterOS",
      "whiteSpace" : false
    }, {
      "id" : "s0-t6",
      "begin" : 46,
      "end" : 53,
      "text" : "through",
      "whiteSpace" : false
    }, {
      "id" : "s0-t7",
      "begin" : 54,
      "end" : 58,
      "text" : "6.42",
      "whiteSpace" : false
    }, {
      "id" : "s0-t8",
      "begin" : 59,
      "end" : 65,
      "text" : "allows",
      "whiteSpace" : false
    }, {
      "id" : "s0-t9",
      "begin" : 66,
      "end" : 72,
      "text" : "remote",
      "whiteSpace" : false
    }, {
      "id" : "s0-t10",
      "begin" : 73,
      "end" : 82,
      "text" : "attackers",
      "whiteSpace" : false
    }, {
      "id" : "s0-t11",
      "begin" : 83,
      "end" : 85,
      "text" : "to",
      "whiteSpace" : false
    }, {
      "id" : "s0-t12",
      "begin" : 86,
      "end" : 92,
      "text" : "bypass",
      "whiteSpace" : false
    }, {
      "id" : "s0-t13",
      "begin" : 93,
      "end" : 107,
      "text" : "authentication",
      "whiteSpace" : false
    }, {
      "id" : "s0-t14",
      "begin" : 108,
      "end" : 111,
      "text" : "and",
      "whiteSpace" : false
    }, {
      "id" : "s0-t15",
      "begin" : 112,
      "end" : 116,
      "text" : "read",
      "whiteSpace" : false
    }, {
      "id" : "s0-t16",
      "begin" : 117,
      "end" : 126,
      "text" : "arbitrary",
      "whiteSpace" : false
    }, {
      "id" : "s0-t17",
      "begin" : 127,
      "end" : 132,
      "text" : "files",
      "whiteSpace" : false
    }, {
      "id" : "s0-t18",
      "begin" : 133,
      "end" : 135,
      "text" : "by",
      "whiteSpace" : false
    }, {
      "id" : "s0-t19",
      "begin" : 136,
      "end" : 145,
      "text" : "modifying",
      "whiteSpace" : false
    }, {
      "id" : "s0-t20",
      "begin" : 146,
      "end" : 147,
      "text" : "a",
      "whiteSpace" : false
    }, {
      "id" : "s0-t21",
      "begin" : 148,
      "end" : 155,
      "text" : "request",
      "whiteSpace" : false
    }, {
      "id" : "s0-t22",
      "begin" : 156,
      "end" : 158,
      "text" : "to",
      "whiteSpace" : false
    }, {
      "id" : "s0-t23",
      "begin" : 159,
      "end" : 165,
      "text" : "change",
      "whiteSpace" : false
    }, {
      "id" : "s0-t24",
      "begin" : 166,
      "end" : 169,
      "text" : "one",
      "whiteSpace" : false
    }, {
      "id" : "s0-t25",
      "begin" : 170,
      "end" : 174,
      "text" : "byte",
      "whiteSpace" : false
    }, {
      "id" : "s0-t26",
      "begin" : 175,
      "end" : 182,
      "text" : "related",
      "whiteSpace" : false
    }, {
      "id" : "s0-t27",
      "begin" : 183,
      "end" : 185,
      "text" : "to",
      "whiteSpace" : false
    }, {
      "id" : "s0-t28",
      "begin" : 186,
      "end" : 187,
      "text" : "a",
      "whiteSpace" : false
    }, {
      "id" : "s0-t29",
      "begin" : 188,
      "end" : 195,
      "text" : "Session",
      "whiteSpace" : false
    }, {
      "id" : "s0-t30",
      "begin" : 196,
      "end" : 198,
      "text" : "ID",
      "whiteSpace" : false
    }, {
      "id" : "s0-t31",
      "begin" : 198,
      "end" : 199,
      "text" : ".",
      "whiteSpace" : false
    } ]
  }, {
    "id" : "s1",
    "begin" : 200,
    "end" : 423,
    "text" : "| EXPLOIT-DB:45578   |   URL:https://www.exploit-db.com/exploits/45578/   |   MISC:https://github.com/BasuCert/WinboxPoC   |   MISC:https://github.com/BigNerd95/WinboxExploit   |   MISC:https://n0p.me/winbox-bug-dissection/",
    "tokens" : [ {
      "id" : "s1-t0",
      "begin" : 200,
      "end" : 201,
      "text" : "|",
      "whiteSpace" : false
    }, {
      "id" : "s1-t1",
      "begin" : 202,
      "end" : 212,
      "text" : "EXPLOIT-DB",
      "whiteSpace" : false
    }, {
      "id" : "s1-t2",
      "begin" : 212,
      "end" : 213,
      "text" : ":",
      "whiteSpace" : false
    }, {
      "id" : "s1-t3",
      "begin" : 213,
      "end" : 218,
      "text" : "45578",
      "whiteSpace" : false
    }, {
      "id" : "s1-t4",
      "begin" : 221,
      "end" : 222,
      "text" : "|",
      "whiteSpace" : false
    }, {
      "id" : "s1-t5",
      "begin" : 225,
      "end" : 270,
      "text" : "URL:https://www.exploit-db.com/exploits/45578",
      "whiteSpace" : false
    }, {
      "id" : "s1-t6",
      "begin" : 270,
      "end" : 271,
      "text" : "/",
      "whiteSpace" : false
    }, {
      "id" : "s1-t7",
      "begin" : 274,
      "end" : 275,
      "text" : "|",
      "whiteSpace" : false
    }, {
      "id" : "s1-t8",
      "begin" : 278,
      "end" : 320,
      "text" : "MISC:https://github.com/BasuCert/WinboxPoC",
      "whiteSpace" : false
    }, {
      "id" : "s1-t9",
      "begin" : 323,
      "end" : 324,
      "text" : "|",
      "whiteSpace" : false
    }, {
      "id" : "s1-t10",
      "begin" : 327,
      "end" : 374,
      "text" : "MISC:https://github.com/BigNerd95/WinboxExploit",
      "whiteSpace" : false
    }, {
      "id" : "s1-t11",
      "begin" : 377,
      "end" : 378,
      "text" : "|",
      "whiteSpace" : false
    }, {
      "id" : "s1-t12",
      "begin" : 381,
      "end" : 407,
      "text" : "MISC:https://n0p.me/winbox",
      "whiteSpace" : false
    }, {
      "id" : "s1-t13",
      "begin" : 407,
      "end" : 408,
      "text" : "-",
      "whiteSpace" : false
    }, {
      "id" : "s1-t14",
      "begin" : 408,
      "end" : 411,
      "text" : "bug",
      "whiteSpace" : false
    }, {
      "id" : "s1-t15",
      "begin" : 411,
      "end" : 412,
      "text" : "-",
      "whiteSpace" : false
    }, {
      "id" : "s1-t16",
      "begin" : 412,
      "end" : 423,
      "text" : "dissection/",
      "whiteSpace" : false
    } ]
  } ],
  "mentions" : [ ],
  "relations" : [ ],
  "corefs" : [ ],
  "typeResolved" : true,
  "userResolved" : false
}