{
  "id" : "5e6b9330-e5c0-11e8-ac51-0ddb2b53e7d9-14",
  "name" : "CVE-2018-14964",
  "createdDate" : 0,
  "version" : 3,
  "text" : "CVE-2018-14964 | An issue was discovered in EMLsoft 5.4.5. XSS exists via the eml/upload/eml/?action=address&do=edit page. | MISC:https://github.com/AvaterXXX/emlsoft/blob/master/README.md",
  "docLength" : 0,
  "language" : "EN",
  "status" : "READY",
  "modifiedDate" : 1541947501633,
  "documentSet" : [ ],
  "preannotation" : [ ],
  "sentences" : [ {
    "id" : "s0",
    "begin" : 0,
    "end" : 58,
    "text" : "CVE-2018-14964 | An issue was discovered in EMLsoft 5.4.5.",
    "tokens" : [ {
      "id" : "s0-t0",
      "begin" : 0,
      "end" : 14,
      "text" : "CVE-2018-14964",
      "whiteSpace" : false
    }, {
      "id" : "s0-t1",
      "begin" : 15,
      "end" : 16,
      "text" : "|",
      "whiteSpace" : false
    }, {
      "id" : "s0-t2",
      "begin" : 17,
      "end" : 19,
      "text" : "An",
      "whiteSpace" : false
    }, {
      "id" : "s0-t3",
      "begin" : 20,
      "end" : 25,
      "text" : "issue",
      "whiteSpace" : false
    }, {
      "id" : "s0-t4",
      "begin" : 26,
      "end" : 29,
      "text" : "was",
      "whiteSpace" : false
    }, {
      "id" : "s0-t5",
      "begin" : 30,
      "end" : 40,
      "text" : "discovered",
      "whiteSpace" : false
    }, {
      "id" : "s0-t6",
      "begin" : 41,
      "end" : 43,
      "text" : "in",
      "whiteSpace" : false
    }, {
      "id" : "s0-t7",
      "begin" : 44,
      "end" : 51,
      "text" : "EMLsoft",
      "whiteSpace" : false
    }, {
      "id" : "s0-t8",
      "begin" : 52,
      "end" : 57,
      "text" : "5.4.5",
      "whiteSpace" : false
    }, {
      "id" : "s0-t9",
      "begin" : 57,
      "end" : 58,
      "text" : ".",
      "whiteSpace" : false
    } ]
  }, {
    "id" : "s1",
    "begin" : 59,
    "end" : 122,
    "text" : "XSS exists via the eml/upload/eml/?action=address&do=edit page.",
    "tokens" : [ {
      "id" : "s1-t0",
      "begin" : 59,
      "end" : 62,
      "text" : "XSS",
      "whiteSpace" : false
    }, {
      "id" : "s1-t1",
      "begin" : 63,
      "end" : 69,
      "text" : "exists",
      "whiteSpace" : false
    }, {
      "id" : "s1-t2",
      "begin" : 70,
      "end" : 73,
      "text" : "via",
      "whiteSpace" : false
    }, {
      "id" : "s1-t3",
      "begin" : 74,
      "end" : 77,
      "text" : "the",
      "whiteSpace" : false
    }, {
      "id" : "s1-t4",
      "begin" : 78,
      "end" : 81,
      "text" : "eml",
      "whiteSpace" : false
    }, {
      "id" : "s1-t5",
      "begin" : 81,
      "end" : 82,
      "text" : "/",
      "whiteSpace" : false
    }, {
      "id" : "s1-t6",
      "begin" : 82,
      "end" : 116,
      "text" : "upload/eml/?action=address&do=edit",
      "whiteSpace" : false
    }, {
      "id" : "s1-t7",
      "begin" : 117,
      "end" : 121,
      "text" : "page",
      "whiteSpace" : false
    }, {
      "id" : "s1-t8",
      "begin" : 121,
      "end" : 122,
      "text" : ".",
      "whiteSpace" : false
    } ]
  }, {
    "id" : "s2",
    "begin" : 123,
    "end" : 188,
    "text" : "| MISC:https://github.com/AvaterXXX/emlsoft/blob/master/README.md",
    "tokens" : [ {
      "id" : "s2-t0",
      "begin" : 123,
      "end" : 124,
      "text" : "|",
      "whiteSpace" : false
    }, {
      "id" : "s2-t1",
      "begin" : 125,
      "end" : 188,
      "text" : "MISC:https://github.com/AvaterXXX/emlsoft/blob/master/README.md",
      "whiteSpace" : false
    } ]
  } ],
  "mentions" : [ ],
  "relations" : [ ],
  "corefs" : [ ],
  "typeResolved" : true,
  "userResolved" : false
}