{
  "id" : "5e6b9330-e5c0-11e8-ac51-0ddb2b53e7d9-58",
  "name" : "CVE-2018-14908",
  "createdDate" : 0,
  "version" : 3,
  "text" : "CVE-2018-14908 | Samsung Syncthru Web Service V4.05.61 is vulnerable to CSRF on every request, as demonstrated by sws.application/printinformation/printReportSetupView.sws for a \"Print emails sent\" action. | MISC:https://medium.com/stolabs/security-issues-on-samsung-syncthru-web-service-cc86467d2df",
  "docLength" : 0,
  "language" : "EN",
  "status" : "READY",
  "modifiedDate" : 1541947501633,
  "documentSet" : [ ],
  "preannotation" : [ ],
  "sentences" : [ {
    "id" : "s0",
    "begin" : 0,
    "end" : 205,
    "text" : "CVE-2018-14908 | Samsung Syncthru Web Service V4.05.61 is vulnerable to CSRF on every request, as demonstrated by sws.application/printinformation/printReportSetupView.sws for a \"Print emails sent\" action.",
    "tokens" : [ {
      "id" : "s0-t0",
      "begin" : 0,
      "end" : 14,
      "text" : "CVE-2018-14908",
      "whiteSpace" : false
    }, {
      "id" : "s0-t1",
      "begin" : 15,
      "end" : 16,
      "text" : "|",
      "whiteSpace" : false
    }, {
      "id" : "s0-t2",
      "begin" : 17,
      "end" : 24,
      "text" : "Samsung",
      "whiteSpace" : false
    }, {
      "id" : "s0-t3",
      "begin" : 25,
      "end" : 33,
      "text" : "Syncthru",
      "whiteSpace" : false
    }, {
      "id" : "s0-t4",
      "begin" : 34,
      "end" : 37,
      "text" : "Web",
      "whiteSpace" : false
    }, {
      "id" : "s0-t5",
      "begin" : 38,
      "end" : 45,
      "text" : "Service",
      "whiteSpace" : false
    }, {
      "id" : "s0-t6",
      "begin" : 46,
      "end" : 54,
      "text" : "V4.05.61",
      "whiteSpace" : false
    }, {
      "id" : "s0-t7",
      "begin" : 55,
      "end" : 57,
      "text" : "is",
      "whiteSpace" : false
    }, {
      "id" : "s0-t8",
      "begin" : 58,
      "end" : 68,
      "text" : "vulnerable",
      "whiteSpace" : false
    }, {
      "id" : "s0-t9",
      "begin" : 69,
      "end" : 71,
      "text" : "to",
      "whiteSpace" : false
    }, {
      "id" : "s0-t10",
      "begin" : 72,
      "end" : 76,
      "text" : "CSRF",
      "whiteSpace" : false
    }, {
      "id" : "s0-t11",
      "begin" : 77,
      "end" : 79,
      "text" : "on",
      "whiteSpace" : false
    }, {
      "id" : "s0-t12",
      "begin" : 80,
      "end" : 85,
      "text" : "every",
      "whiteSpace" : false
    }, {
      "id" : "s0-t13",
      "begin" : 86,
      "end" : 93,
      "text" : "request",
      "whiteSpace" : false
    }, {
      "id" : "s0-t14",
      "begin" : 93,
      "end" : 94,
      "text" : ",",
      "whiteSpace" : false
    }, {
      "id" : "s0-t15",
      "begin" : 95,
      "end" : 97,
      "text" : "as",
      "whiteSpace" : false
    }, {
      "id" : "s0-t16",
      "begin" : 98,
      "end" : 110,
      "text" : "demonstrated",
      "whiteSpace" : false
    }, {
      "id" : "s0-t17",
      "begin" : 111,
      "end" : 113,
      "text" : "by",
      "whiteSpace" : false
    }, {
      "id" : "s0-t18",
      "begin" : 114,
      "end" : 171,
      "text" : "sws.application/printinformation/printReportSetupView.sws",
      "whiteSpace" : false
    }, {
      "id" : "s0-t19",
      "begin" : 172,
      "end" : 175,
      "text" : "for",
      "whiteSpace" : false
    }, {
      "id" : "s0-t20",
      "begin" : 176,
      "end" : 177,
      "text" : "a",
      "whiteSpace" : false
    }, {
      "id" : "s0-t21",
      "begin" : 178,
      "end" : 179,
      "text" : "\"",
      "whiteSpace" : false
    }, {
      "id" : "s0-t22",
      "begin" : 179,
      "end" : 184,
      "text" : "Print",
      "whiteSpace" : false
    }, {
      "id" : "s0-t23",
      "begin" : 185,
      "end" : 191,
      "text" : "emails",
      "whiteSpace" : false
    }, {
      "id" : "s0-t24",
      "begin" : 192,
      "end" : 196,
      "text" : "sent",
      "whiteSpace" : false
    }, {
      "id" : "s0-t25",
      "begin" : 196,
      "end" : 197,
      "text" : "\"",
      "whiteSpace" : false
    }, {
      "id" : "s0-t26",
      "begin" : 198,
      "end" : 204,
      "text" : "action",
      "whiteSpace" : false
    }, {
      "id" : "s0-t27",
      "begin" : 204,
      "end" : 205,
      "text" : ".",
      "whiteSpace" : false
    } ]
  }, {
    "id" : "s1",
    "begin" : 206,
    "end" : 299,
    "text" : "| MISC:https://medium.com/stolabs/security-issues-on-samsung-syncthru-web-service-cc86467d2df",
    "tokens" : [ {
      "id" : "s1-t0",
      "begin" : 206,
      "end" : 207,
      "text" : "|",
      "whiteSpace" : false
    }, {
      "id" : "s1-t1",
      "begin" : 208,
      "end" : 248,
      "text" : "MISC:https://medium.com/stolabs/security",
      "whiteSpace" : false
    }, {
      "id" : "s1-t2",
      "begin" : 248,
      "end" : 249,
      "text" : "-",
      "whiteSpace" : false
    }, {
      "id" : "s1-t3",
      "begin" : 249,
      "end" : 255,
      "text" : "issues",
      "whiteSpace" : false
    }, {
      "id" : "s1-t4",
      "begin" : 255,
      "end" : 256,
      "text" : "-",
      "whiteSpace" : false
    }, {
      "id" : "s1-t5",
      "begin" : 256,
      "end" : 258,
      "text" : "on",
      "whiteSpace" : false
    }, {
      "id" : "s1-t6",
      "begin" : 258,
      "end" : 259,
      "text" : "-",
      "whiteSpace" : false
    }, {
      "id" : "s1-t7",
      "begin" : 259,
      "end" : 266,
      "text" : "samsung",
      "whiteSpace" : false
    }, {
      "id" : "s1-t8",
      "begin" : 266,
      "end" : 267,
      "text" : "-",
      "whiteSpace" : false
    }, {
      "id" : "s1-t9",
      "begin" : 267,
      "end" : 275,
      "text" : "syncthru",
      "whiteSpace" : false
    }, {
      "id" : "s1-t10",
      "begin" : 275,
      "end" : 276,
      "text" : "-",
      "whiteSpace" : false
    }, {
      "id" : "s1-t11",
      "begin" : 276,
      "end" : 279,
      "text" : "web",
      "whiteSpace" : false
    }, {
      "id" : "s1-t12",
      "begin" : 279,
      "end" : 280,
      "text" : "-",
      "whiteSpace" : false
    }, {
      "id" : "s1-t13",
      "begin" : 280,
      "end" : 287,
      "text" : "service",
      "whiteSpace" : false
    }, {
      "id" : "s1-t14",
      "begin" : 287,
      "end" : 288,
      "text" : "-",
      "whiteSpace" : false
    }, {
      "id" : "s1-t15",
      "begin" : 288,
      "end" : 299,
      "text" : "cc86467d2df",
      "whiteSpace" : false
    } ]
  } ],
  "mentions" : [ ],
  "relations" : [ ],
  "corefs" : [ ],
  "typeResolved" : true,
  "userResolved" : false
}