{
  "id" : "5e6b9330-e5c0-11e8-ac51-0ddb2b53e7d9-80",
  "name" : "CVE-2018-1487",
  "createdDate" : 0,
  "version" : 3,
  "text" : "CVE-2018-1487 | IBM DB2 for Linux, UNIX and Windows (includes DB2 Connect Server) 9.7, 10.1, 10.5 and 11.1 binaries load shared libraries from an untrusted path potentially giving low privilege users full access to the DB2 instance account by loading a malicious shared library. IBM X-Force ID: 140972. | CONFIRM:http://www.ibm.com/support/docview.wss?uid=swg22016505   |   SECTRACK:1041231   |   URL:http://www.securitytracker.com/id/1041231   |   XF:ibm-db2-cve20181487-priv-escalation(140972)   |   URL:https://exchange.xforce.ibmcloud.com/vulnerabilities/140972",
  "docLength" : 0,
  "language" : "EN",
  "status" : "READY",
  "modifiedDate" : 1541947501633,
  "documentSet" : [ ],
  "preannotation" : [ ],
  "sentences" : [ {
    "id" : "s0",
    "begin" : 0,
    "end" : 278,
    "text" : "CVE-2018-1487 | IBM DB2 for Linux, UNIX and Windows (includes DB2 Connect Server) 9.7, 10.1, 10.5 and 11.1 binaries load shared libraries from an untrusted path potentially giving low privilege users full access to the DB2 instance account by loading a malicious shared library.",
    "tokens" : [ {
      "id" : "s0-t0",
      "begin" : 0,
      "end" : 13,
      "text" : "CVE-2018-1487",
      "whiteSpace" : false
    }, {
      "id" : "s0-t1",
      "begin" : 14,
      "end" : 15,
      "text" : "|",
      "whiteSpace" : false
    }, {
      "id" : "s0-t2",
      "begin" : 16,
      "end" : 19,
      "text" : "IBM",
      "whiteSpace" : false
    }, {
      "id" : "s0-t3",
      "begin" : 20,
      "end" : 23,
      "text" : "DB2",
      "whiteSpace" : false
    }, {
      "id" : "s0-t4",
      "begin" : 24,
      "end" : 27,
      "text" : "for",
      "whiteSpace" : false
    }, {
      "id" : "s0-t5",
      "begin" : 28,
      "end" : 33,
      "text" : "Linux",
      "whiteSpace" : false
    }, {
      "id" : "s0-t6",
      "begin" : 33,
      "end" : 34,
      "text" : ",",
      "whiteSpace" : false
    }, {
      "id" : "s0-t7",
      "begin" : 35,
      "end" : 39,
      "text" : "UNIX",
      "whiteSpace" : false
    }, {
      "id" : "s0-t8",
      "begin" : 40,
      "end" : 43,
      "text" : "and",
      "whiteSpace" : false
    }, {
      "id" : "s0-t9",
      "begin" : 44,
      "end" : 51,
      "text" : "Windows",
      "whiteSpace" : false
    }, {
      "id" : "s0-t10",
      "begin" : 52,
      "end" : 53,
      "text" : "(",
      "whiteSpace" : false
    }, {
      "id" : "s0-t11",
      "begin" : 53,
      "end" : 61,
      "text" : "includes",
      "whiteSpace" : false
    }, {
      "id" : "s0-t12",
      "begin" : 62,
      "end" : 65,
      "text" : "DB2",
      "whiteSpace" : false
    }, {
      "id" : "s0-t13",
      "begin" : 66,
      "end" : 73,
      "text" : "Connect",
      "whiteSpace" : false
    }, {
      "id" : "s0-t14",
      "begin" : 74,
      "end" : 80,
      "text" : "Server",
      "whiteSpace" : false
    }, {
      "id" : "s0-t15",
      "begin" : 80,
      "end" : 81,
      "text" : ")",
      "whiteSpace" : false
    }, {
      "id" : "s0-t16",
      "begin" : 82,
      "end" : 85,
      "text" : "9.7",
      "whiteSpace" : false
    }, {
      "id" : "s0-t17",
      "begin" : 85,
      "end" : 86,
      "text" : ",",
      "whiteSpace" : false
    }, {
      "id" : "s0-t18",
      "begin" : 87,
      "end" : 91,
      "text" : "10.1",
      "whiteSpace" : false
    }, {
      "id" : "s0-t19",
      "begin" : 91,
      "end" : 92,
      "text" : ",",
      "whiteSpace" : false
    }, {
      "id" : "s0-t20",
      "begin" : 93,
      "end" : 97,
      "text" : "10.5",
      "whiteSpace" : false
    }, {
      "id" : "s0-t21",
      "begin" : 98,
      "end" : 101,
      "text" : "and",
      "whiteSpace" : false
    }, {
      "id" : "s0-t22",
      "begin" : 102,
      "end" : 106,
      "text" : "11.1",
      "whiteSpace" : false
    }, {
      "id" : "s0-t23",
      "begin" : 107,
      "end" : 115,
      "text" : "binaries",
      "whiteSpace" : false
    }, {
      "id" : "s0-t24",
      "begin" : 116,
      "end" : 120,
      "text" : "load",
      "whiteSpace" : false
    }, {
      "id" : "s0-t25",
      "begin" : 121,
      "end" : 127,
      "text" : "shared",
      "whiteSpace" : false
    }, {
      "id" : "s0-t26",
      "begin" : 128,
      "end" : 137,
      "text" : "libraries",
      "whiteSpace" : false
    }, {
      "id" : "s0-t27",
      "begin" : 138,
      "end" : 142,
      "text" : "from",
      "whiteSpace" : false
    }, {
      "id" : "s0-t28",
      "begin" : 143,
      "end" : 145,
      "text" : "an",
      "whiteSpace" : false
    }, {
      "id" : "s0-t29",
      "begin" : 146,
      "end" : 155,
      "text" : "untrusted",
      "whiteSpace" : false
    }, {
      "id" : "s0-t30",
      "begin" : 156,
      "end" : 160,
      "text" : "path",
      "whiteSpace" : false
    }, {
      "id" : "s0-t31",
      "begin" : 161,
      "end" : 172,
      "text" : "potentially",
      "whiteSpace" : false
    }, {
      "id" : "s0-t32",
      "begin" : 173,
      "end" : 179,
      "text" : "giving",
      "whiteSpace" : false
    }, {
      "id" : "s0-t33",
      "begin" : 180,
      "end" : 183,
      "text" : "low",
      "whiteSpace" : false
    }, {
      "id" : "s0-t34",
      "begin" : 184,
      "end" : 193,
      "text" : "privilege",
      "whiteSpace" : false
    }, {
      "id" : "s0-t35",
      "begin" : 194,
      "end" : 199,
      "text" : "users",
      "whiteSpace" : false
    }, {
      "id" : "s0-t36",
      "begin" : 200,
      "end" : 204,
      "text" : "full",
      "whiteSpace" : false
    }, {
      "id" : "s0-t37",
      "begin" : 205,
      "end" : 211,
      "text" : "access",
      "whiteSpace" : false
    }, {
      "id" : "s0-t38",
      "begin" : 212,
      "end" : 214,
      "text" : "to",
      "whiteSpace" : false
    }, {
      "id" : "s0-t39",
      "begin" : 215,
      "end" : 218,
      "text" : "the",
      "whiteSpace" : false
    }, {
      "id" : "s0-t40",
      "begin" : 219,
      "end" : 222,
      "text" : "DB2",
      "whiteSpace" : false
    }, {
      "id" : "s0-t41",
      "begin" : 223,
      "end" : 231,
      "text" : "instance",
      "whiteSpace" : false
    }, {
      "id" : "s0-t42",
      "begin" : 232,
      "end" : 239,
      "text" : "account",
      "whiteSpace" : false
    }, {
      "id" : "s0-t43",
      "begin" : 240,
      "end" : 242,
      "text" : "by",
      "whiteSpace" : false
    }, {
      "id" : "s0-t44",
      "begin" : 243,
      "end" : 250,
      "text" : "loading",
      "whiteSpace" : false
    }, {
      "id" : "s0-t45",
      "begin" : 251,
      "end" : 252,
      "text" : "a",
      "whiteSpace" : false
    }, {
      "id" : "s0-t46",
      "begin" : 253,
      "end" : 262,
      "text" : "malicious",
      "whiteSpace" : false
    }, {
      "id" : "s0-t47",
      "begin" : 263,
      "end" : 269,
      "text" : "shared",
      "whiteSpace" : false
    }, {
      "id" : "s0-t48",
      "begin" : 270,
      "end" : 277,
      "text" : "library",
      "whiteSpace" : false
    }, {
      "id" : "s0-t49",
      "begin" : 277,
      "end" : 278,
      "text" : ".",
      "whiteSpace" : false
    } ]
  }, {
    "id" : "s1",
    "begin" : 279,
    "end" : 302,
    "text" : "IBM X-Force ID: 140972.",
    "tokens" : [ {
      "id" : "s1-t0",
      "begin" : 279,
      "end" : 282,
      "text" : "IBM",
      "whiteSpace" : false
    }, {
      "id" : "s1-t1",
      "begin" : 283,
      "end" : 290,
      "text" : "X-Force",
      "whiteSpace" : false
    }, {
      "id" : "s1-t2",
      "begin" : 291,
      "end" : 293,
      "text" : "ID",
      "whiteSpace" : false
    }, {
      "id" : "s1-t3",
      "begin" : 293,
      "end" : 294,
      "text" : ":",
      "whiteSpace" : false
    }, {
      "id" : "s1-t4",
      "begin" : 295,
      "end" : 301,
      "text" : "140972",
      "whiteSpace" : false
    }, {
      "id" : "s1-t5",
      "begin" : 301,
      "end" : 302,
      "text" : ".",
      "whiteSpace" : false
    } ]
  }, {
    "id" : "s2",
    "begin" : 303,
    "end" : 565,
    "text" : "| CONFIRM:http://www.ibm.com/support/docview.wss?uid=swg22016505   |   SECTRACK:1041231   |   URL:http://www.securitytracker.com/id/1041231   |   XF:ibm-db2-cve20181487-priv-escalation(140972)   |   URL:https://exchange.xforce.ibmcloud.com/vulnerabilities/140972",
    "tokens" : [ {
      "id" : "s2-t0",
      "begin" : 303,
      "end" : 304,
      "text" : "|",
      "whiteSpace" : false
    }, {
      "id" : "s2-t1",
      "begin" : 305,
      "end" : 367,
      "text" : "CONFIRM:http://www.ibm.com/support/docview.wss?uid=swg22016505",
      "whiteSpace" : false
    }, {
      "id" : "s2-t2",
      "begin" : 370,
      "end" : 371,
      "text" : "|",
      "whiteSpace" : false
    }, {
      "id" : "s2-t3",
      "begin" : 374,
      "end" : 382,
      "text" : "SECTRACK",
      "whiteSpace" : false
    }, {
      "id" : "s2-t4",
      "begin" : 382,
      "end" : 383,
      "text" : ":",
      "whiteSpace" : false
    }, {
      "id" : "s2-t5",
      "begin" : 383,
      "end" : 390,
      "text" : "1041231",
      "whiteSpace" : false
    }, {
      "id" : "s2-t6",
      "begin" : 393,
      "end" : 394,
      "text" : "|",
      "whiteSpace" : false
    }, {
      "id" : "s2-t7",
      "begin" : 397,
      "end" : 435,
      "text" : "URL:http://www.securitytracker.com/id/",
      "whiteSpace" : false
    }, {
      "id" : "s2-t8",
      "begin" : 435,
      "end" : 442,
      "text" : "1041231",
      "whiteSpace" : false
    }, {
      "id" : "s2-t9",
      "begin" : 445,
      "end" : 446,
      "text" : "|",
      "whiteSpace" : false
    }, {
      "id" : "s2-t10",
      "begin" : 449,
      "end" : 451,
      "text" : "XF",
      "whiteSpace" : false
    }, {
      "id" : "s2-t11",
      "begin" : 451,
      "end" : 455,
      "text" : ":ibm",
      "whiteSpace" : false
    }, {
      "id" : "s2-t12",
      "begin" : 455,
      "end" : 456,
      "text" : "-",
      "whiteSpace" : false
    }, {
      "id" : "s2-t13",
      "begin" : 456,
      "end" : 459,
      "text" : "db2",
      "whiteSpace" : false
    }, {
      "id" : "s2-t14",
      "begin" : 459,
      "end" : 460,
      "text" : "-",
      "whiteSpace" : false
    }, {
      "id" : "s2-t15",
      "begin" : 460,
      "end" : 471,
      "text" : "cve20181487",
      "whiteSpace" : false
    }, {
      "id" : "s2-t16",
      "begin" : 471,
      "end" : 472,
      "text" : "-",
      "whiteSpace" : false
    }, {
      "id" : "s2-t17",
      "begin" : 472,
      "end" : 476,
      "text" : "priv",
      "whiteSpace" : false
    }, {
      "id" : "s2-t18",
      "begin" : 476,
      "end" : 477,
      "text" : "-",
      "whiteSpace" : false
    }, {
      "id" : "s2-t19",
      "begin" : 477,
      "end" : 487,
      "text" : "escalation",
      "whiteSpace" : false
    }, {
      "id" : "s2-t20",
      "begin" : 487,
      "end" : 488,
      "text" : "(",
      "whiteSpace" : false
    }, {
      "id" : "s2-t21",
      "begin" : 488,
      "end" : 494,
      "text" : "140972",
      "whiteSpace" : false
    }, {
      "id" : "s2-t22",
      "begin" : 494,
      "end" : 495,
      "text" : ")",
      "whiteSpace" : false
    }, {
      "id" : "s2-t23",
      "begin" : 498,
      "end" : 499,
      "text" : "|",
      "whiteSpace" : false
    }, {
      "id" : "s2-t24",
      "begin" : 502,
      "end" : 559,
      "text" : "URL:https://exchange.xforce.ibmcloud.com/vulnerabilities/",
      "whiteSpace" : false
    }, {
      "id" : "s2-t25",
      "begin" : 559,
      "end" : 565,
      "text" : "140972",
      "whiteSpace" : false
    } ]
  } ],
  "mentions" : [ ],
  "relations" : [ ],
  "corefs" : [ ],
  "typeResolved" : true,
  "userResolved" : false
}