{
  "id" : "5e6b9330-e5c0-11e8-ac51-0ddb2b53e7d9-82",
  "name" : "CVE-2018-14858",
  "createdDate" : 0,
  "version" : 3,
  "text" : "CVE-2018-14858 | An SSRF vulnerability was discovered in idreamsoft iCMS before V7.0.11 because the remote function in app/spider/spider_tools.class.php does not block private and reserved IP addresses such as 10.0.0.0/8. NOTE: this vulnerability exists because of an incomplete fix for CVE-2018-14514. | MISC:https://github.com/idreamsoft/iCMS/issues/33",
  "docLength" : 0,
  "language" : "EN",
  "status" : "READY",
  "modifiedDate" : 1541947501633,
  "documentSet" : [ ],
  "preannotation" : [ ],
  "sentences" : [ {
    "id" : "s0",
    "begin" : 0,
    "end" : 302,
    "text" : "CVE-2018-14858 | An SSRF vulnerability was discovered in idreamsoft iCMS before V7.0.11 because the remote function in app/spider/spider_tools.class.php does not block private and reserved IP addresses such as 10.0.0.0/8. NOTE: this vulnerability exists because of an incomplete fix for CVE-2018-14514.",
    "tokens" : [ {
      "id" : "s0-t0",
      "begin" : 0,
      "end" : 14,
      "text" : "CVE-2018-14858",
      "whiteSpace" : false
    }, {
      "id" : "s0-t1",
      "begin" : 15,
      "end" : 16,
      "text" : "|",
      "whiteSpace" : false
    }, {
      "id" : "s0-t2",
      "begin" : 17,
      "end" : 19,
      "text" : "An",
      "whiteSpace" : false
    }, {
      "id" : "s0-t3",
      "begin" : 20,
      "end" : 24,
      "text" : "SSRF",
      "whiteSpace" : false
    }, {
      "id" : "s0-t4",
      "begin" : 25,
      "end" : 38,
      "text" : "vulnerability",
      "whiteSpace" : false
    }, {
      "id" : "s0-t5",
      "begin" : 39,
      "end" : 42,
      "text" : "was",
      "whiteSpace" : false
    }, {
      "id" : "s0-t6",
      "begin" : 43,
      "end" : 53,
      "text" : "discovered",
      "whiteSpace" : false
    }, {
      "id" : "s0-t7",
      "begin" : 54,
      "end" : 56,
      "text" : "in",
      "whiteSpace" : false
    }, {
      "id" : "s0-t8",
      "begin" : 57,
      "end" : 67,
      "text" : "idreamsoft",
      "whiteSpace" : false
    }, {
      "id" : "s0-t9",
      "begin" : 68,
      "end" : 72,
      "text" : "iCMS",
      "whiteSpace" : false
    }, {
      "id" : "s0-t10",
      "begin" : 73,
      "end" : 79,
      "text" : "before",
      "whiteSpace" : false
    }, {
      "id" : "s0-t11",
      "begin" : 80,
      "end" : 87,
      "text" : "V7.0.11",
      "whiteSpace" : false
    }, {
      "id" : "s0-t12",
      "begin" : 88,
      "end" : 95,
      "text" : "because",
      "whiteSpace" : false
    }, {
      "id" : "s0-t13",
      "begin" : 96,
      "end" : 99,
      "text" : "the",
      "whiteSpace" : false
    }, {
      "id" : "s0-t14",
      "begin" : 100,
      "end" : 106,
      "text" : "remote",
      "whiteSpace" : false
    }, {
      "id" : "s0-t15",
      "begin" : 107,
      "end" : 115,
      "text" : "function",
      "whiteSpace" : false
    }, {
      "id" : "s0-t16",
      "begin" : 116,
      "end" : 118,
      "text" : "in",
      "whiteSpace" : false
    }, {
      "id" : "s0-t17",
      "begin" : 119,
      "end" : 152,
      "text" : "app/spider/spider_tools.class.php",
      "whiteSpace" : false
    }, {
      "id" : "s0-t18",
      "begin" : 153,
      "end" : 157,
      "text" : "does",
      "whiteSpace" : false
    }, {
      "id" : "s0-t19",
      "begin" : 158,
      "end" : 161,
      "text" : "not",
      "whiteSpace" : false
    }, {
      "id" : "s0-t20",
      "begin" : 162,
      "end" : 167,
      "text" : "block",
      "whiteSpace" : false
    }, {
      "id" : "s0-t21",
      "begin" : 168,
      "end" : 175,
      "text" : "private",
      "whiteSpace" : false
    }, {
      "id" : "s0-t22",
      "begin" : 176,
      "end" : 179,
      "text" : "and",
      "whiteSpace" : false
    }, {
      "id" : "s0-t23",
      "begin" : 180,
      "end" : 188,
      "text" : "reserved",
      "whiteSpace" : false
    }, {
      "id" : "s0-t24",
      "begin" : 189,
      "end" : 191,
      "text" : "IP",
      "whiteSpace" : false
    }, {
      "id" : "s0-t25",
      "begin" : 192,
      "end" : 201,
      "text" : "addresses",
      "whiteSpace" : false
    }, {
      "id" : "s0-t26",
      "begin" : 202,
      "end" : 206,
      "text" : "such",
      "whiteSpace" : false
    }, {
      "id" : "s0-t27",
      "begin" : 207,
      "end" : 209,
      "text" : "as",
      "whiteSpace" : false
    }, {
      "id" : "s0-t28",
      "begin" : 210,
      "end" : 221,
      "text" : "10.0.0.0/8.",
      "whiteSpace" : false
    }, {
      "id" : "s0-t29",
      "begin" : 222,
      "end" : 226,
      "text" : "NOTE",
      "whiteSpace" : false
    }, {
      "id" : "s0-t30",
      "begin" : 226,
      "end" : 227,
      "text" : ":",
      "whiteSpace" : false
    }, {
      "id" : "s0-t31",
      "begin" : 228,
      "end" : 232,
      "text" : "this",
      "whiteSpace" : false
    }, {
      "id" : "s0-t32",
      "begin" : 233,
      "end" : 246,
      "text" : "vulnerability",
      "whiteSpace" : false
    }, {
      "id" : "s0-t33",
      "begin" : 247,
      "end" : 253,
      "text" : "exists",
      "whiteSpace" : false
    }, {
      "id" : "s0-t34",
      "begin" : 254,
      "end" : 261,
      "text" : "because",
      "whiteSpace" : false
    }, {
      "id" : "s0-t35",
      "begin" : 262,
      "end" : 264,
      "text" : "of",
      "whiteSpace" : false
    }, {
      "id" : "s0-t36",
      "begin" : 265,
      "end" : 267,
      "text" : "an",
      "whiteSpace" : false
    }, {
      "id" : "s0-t37",
      "begin" : 268,
      "end" : 278,
      "text" : "incomplete",
      "whiteSpace" : false
    }, {
      "id" : "s0-t38",
      "begin" : 279,
      "end" : 282,
      "text" : "fix",
      "whiteSpace" : false
    }, {
      "id" : "s0-t39",
      "begin" : 283,
      "end" : 286,
      "text" : "for",
      "whiteSpace" : false
    }, {
      "id" : "s0-t40",
      "begin" : 287,
      "end" : 301,
      "text" : "CVE-2018-14514",
      "whiteSpace" : false
    }, {
      "id" : "s0-t41",
      "begin" : 301,
      "end" : 302,
      "text" : ".",
      "whiteSpace" : false
    } ]
  }, {
    "id" : "s1",
    "begin" : 303,
    "end" : 354,
    "text" : "| MISC:https://github.com/idreamsoft/iCMS/issues/33",
    "tokens" : [ {
      "id" : "s1-t0",
      "begin" : 303,
      "end" : 304,
      "text" : "|",
      "whiteSpace" : false
    }, {
      "id" : "s1-t1",
      "begin" : 305,
      "end" : 352,
      "text" : "MISC:https://github.com/idreamsoft/iCMS/issues/",
      "whiteSpace" : false
    }, {
      "id" : "s1-t2",
      "begin" : 352,
      "end" : 354,
      "text" : "33",
      "whiteSpace" : false
    } ]
  } ],
  "mentions" : [ ],
  "relations" : [ ],
  "corefs" : [ ],
  "typeResolved" : true,
  "userResolved" : false
}