{
  "id" : "5e6b9330-e5c0-11e8-ac51-0ddb2b53e7d9-49",
  "name" : "CVE-2018-14926",
  "createdDate" : 0,
  "version" : 3,
  "text" : "CVE-2018-14926 | Matera Banco 1.0.0 allows CSRF, as demonstrated by a /contingency/web/messageSend/messageSendHandler.jsp request. | MISC:https://medium.com/stolabs/security-issues-on-matera-systems-fba14d207dc9",
  "docLength" : 0,
  "language" : "EN",
  "status" : "READY",
  "modifiedDate" : 1541947501633,
  "documentSet" : [ ],
  "preannotation" : [ ],
  "sentences" : [ {
    "id" : "s0",
    "begin" : 0,
    "end" : 130,
    "text" : "CVE-2018-14926 | Matera Banco 1.0.0 allows CSRF, as demonstrated by a /contingency/web/messageSend/messageSendHandler.jsp request.",
    "tokens" : [ {
      "id" : "s0-t0",
      "begin" : 0,
      "end" : 14,
      "text" : "CVE-2018-14926",
      "whiteSpace" : false
    }, {
      "id" : "s0-t1",
      "begin" : 15,
      "end" : 16,
      "text" : "|",
      "whiteSpace" : false
    }, {
      "id" : "s0-t2",
      "begin" : 17,
      "end" : 23,
      "text" : "Matera",
      "whiteSpace" : false
    }, {
      "id" : "s0-t3",
      "begin" : 24,
      "end" : 29,
      "text" : "Banco",
      "whiteSpace" : false
    }, {
      "id" : "s0-t4",
      "begin" : 30,
      "end" : 35,
      "text" : "1.0.0",
      "whiteSpace" : false
    }, {
      "id" : "s0-t5",
      "begin" : 36,
      "end" : 42,
      "text" : "allows",
      "whiteSpace" : false
    }, {
      "id" : "s0-t6",
      "begin" : 43,
      "end" : 47,
      "text" : "CSRF",
      "whiteSpace" : false
    }, {
      "id" : "s0-t7",
      "begin" : 47,
      "end" : 48,
      "text" : ",",
      "whiteSpace" : false
    }, {
      "id" : "s0-t8",
      "begin" : 49,
      "end" : 51,
      "text" : "as",
      "whiteSpace" : false
    }, {
      "id" : "s0-t9",
      "begin" : 52,
      "end" : 64,
      "text" : "demonstrated",
      "whiteSpace" : false
    }, {
      "id" : "s0-t10",
      "begin" : 65,
      "end" : 67,
      "text" : "by",
      "whiteSpace" : false
    }, {
      "id" : "s0-t11",
      "begin" : 68,
      "end" : 69,
      "text" : "a",
      "whiteSpace" : false
    }, {
      "id" : "s0-t12",
      "begin" : 70,
      "end" : 121,
      "text" : "/contingency/web/messageSend/messageSendHandler.jsp",
      "whiteSpace" : false
    }, {
      "id" : "s0-t13",
      "begin" : 122,
      "end" : 129,
      "text" : "request",
      "whiteSpace" : false
    }, {
      "id" : "s0-t14",
      "begin" : 129,
      "end" : 130,
      "text" : ".",
      "whiteSpace" : false
    } ]
  }, {
    "id" : "s1",
    "begin" : 131,
    "end" : 211,
    "text" : "| MISC:https://medium.com/stolabs/security-issues-on-matera-systems-fba14d207dc9",
    "tokens" : [ {
      "id" : "s1-t0",
      "begin" : 131,
      "end" : 132,
      "text" : "|",
      "whiteSpace" : false
    }, {
      "id" : "s1-t1",
      "begin" : 133,
      "end" : 173,
      "text" : "MISC:https://medium.com/stolabs/security",
      "whiteSpace" : false
    }, {
      "id" : "s1-t2",
      "begin" : 173,
      "end" : 174,
      "text" : "-",
      "whiteSpace" : false
    }, {
      "id" : "s1-t3",
      "begin" : 174,
      "end" : 180,
      "text" : "issues",
      "whiteSpace" : false
    }, {
      "id" : "s1-t4",
      "begin" : 180,
      "end" : 181,
      "text" : "-",
      "whiteSpace" : false
    }, {
      "id" : "s1-t5",
      "begin" : 181,
      "end" : 183,
      "text" : "on",
      "whiteSpace" : false
    }, {
      "id" : "s1-t6",
      "begin" : 183,
      "end" : 184,
      "text" : "-",
      "whiteSpace" : false
    }, {
      "id" : "s1-t7",
      "begin" : 184,
      "end" : 190,
      "text" : "matera",
      "whiteSpace" : false
    }, {
      "id" : "s1-t8",
      "begin" : 190,
      "end" : 191,
      "text" : "-",
      "whiteSpace" : false
    }, {
      "id" : "s1-t9",
      "begin" : 191,
      "end" : 198,
      "text" : "systems",
      "whiteSpace" : false
    }, {
      "id" : "s1-t10",
      "begin" : 198,
      "end" : 199,
      "text" : "-",
      "whiteSpace" : false
    }, {
      "id" : "s1-t11",
      "begin" : 199,
      "end" : 211,
      "text" : "fba14d207dc9",
      "whiteSpace" : false
    } ]
  } ],
  "mentions" : [ ],
  "relations" : [ ],
  "corefs" : [ ],
  "typeResolved" : true,
  "userResolved" : false
}