{
  "id" : "5e6b9330-e5c0-11e8-ac51-0ddb2b53e7d9-22",
  "name" : "CVE-2018-14957",
  "createdDate" : 0,
  "version" : 3,
  "text" : "CVE-2018-14957 | CMS ISWEB 3.5.3 is vulnerable to directory traversal and local file download, as demonstrated by moduli/downloadFile.php?file=oggetto_documenti/../.././inc/config.php (one can take the control of the application because credentials are present in that config.php file). | MISC:https://cxsecurity.com/issue/WLB-2018090248",
  "docLength" : 0,
  "language" : "EN",
  "status" : "READY",
  "modifiedDate" : 1541947501633,
  "documentSet" : [ ],
  "preannotation" : [ ],
  "sentences" : [ {
    "id" : "s0",
    "begin" : 0,
    "end" : 286,
    "text" : "CVE-2018-14957 | CMS ISWEB 3.5.3 is vulnerable to directory traversal and local file download, as demonstrated by moduli/downloadFile.php?file=oggetto_documenti/../.././inc/config.php (one can take the control of the application because credentials are present in that config.php file).",
    "tokens" : [ {
      "id" : "s0-t0",
      "begin" : 0,
      "end" : 14,
      "text" : "CVE-2018-14957",
      "whiteSpace" : false
    }, {
      "id" : "s0-t1",
      "begin" : 15,
      "end" : 16,
      "text" : "|",
      "whiteSpace" : false
    }, {
      "id" : "s0-t2",
      "begin" : 17,
      "end" : 20,
      "text" : "CMS",
      "whiteSpace" : false
    }, {
      "id" : "s0-t3",
      "begin" : 21,
      "end" : 26,
      "text" : "ISWEB",
      "whiteSpace" : false
    }, {
      "id" : "s0-t4",
      "begin" : 27,
      "end" : 32,
      "text" : "3.5.3",
      "whiteSpace" : false
    }, {
      "id" : "s0-t5",
      "begin" : 33,
      "end" : 35,
      "text" : "is",
      "whiteSpace" : false
    }, {
      "id" : "s0-t6",
      "begin" : 36,
      "end" : 46,
      "text" : "vulnerable",
      "whiteSpace" : false
    }, {
      "id" : "s0-t7",
      "begin" : 47,
      "end" : 49,
      "text" : "to",
      "whiteSpace" : false
    }, {
      "id" : "s0-t8",
      "begin" : 50,
      "end" : 59,
      "text" : "directory",
      "whiteSpace" : false
    }, {
      "id" : "s0-t9",
      "begin" : 60,
      "end" : 69,
      "text" : "traversal",
      "whiteSpace" : false
    }, {
      "id" : "s0-t10",
      "begin" : 70,
      "end" : 73,
      "text" : "and",
      "whiteSpace" : false
    }, {
      "id" : "s0-t11",
      "begin" : 74,
      "end" : 79,
      "text" : "local",
      "whiteSpace" : false
    }, {
      "id" : "s0-t12",
      "begin" : 80,
      "end" : 84,
      "text" : "file",
      "whiteSpace" : false
    }, {
      "id" : "s0-t13",
      "begin" : 85,
      "end" : 93,
      "text" : "download",
      "whiteSpace" : false
    }, {
      "id" : "s0-t14",
      "begin" : 93,
      "end" : 94,
      "text" : ",",
      "whiteSpace" : false
    }, {
      "id" : "s0-t15",
      "begin" : 95,
      "end" : 97,
      "text" : "as",
      "whiteSpace" : false
    }, {
      "id" : "s0-t16",
      "begin" : 98,
      "end" : 110,
      "text" : "demonstrated",
      "whiteSpace" : false
    }, {
      "id" : "s0-t17",
      "begin" : 111,
      "end" : 113,
      "text" : "by",
      "whiteSpace" : false
    }, {
      "id" : "s0-t18",
      "begin" : 114,
      "end" : 161,
      "text" : "moduli/downloadFile.php?file=oggetto_documenti/",
      "whiteSpace" : false
    }, {
      "id" : "s0-t19",
      "begin" : 161,
      "end" : 164,
      "text" : "../",
      "whiteSpace" : false
    }, {
      "id" : "s0-t20",
      "begin" : 164,
      "end" : 183,
      "text" : ".././inc/config.php",
      "whiteSpace" : false
    }, {
      "id" : "s0-t21",
      "begin" : 184,
      "end" : 185,
      "text" : "(",
      "whiteSpace" : false
    }, {
      "id" : "s0-t22",
      "begin" : 185,
      "end" : 188,
      "text" : "one",
      "whiteSpace" : false
    }, {
      "id" : "s0-t23",
      "begin" : 189,
      "end" : 192,
      "text" : "can",
      "whiteSpace" : false
    }, {
      "id" : "s0-t24",
      "begin" : 193,
      "end" : 197,
      "text" : "take",
      "whiteSpace" : false
    }, {
      "id" : "s0-t25",
      "begin" : 198,
      "end" : 201,
      "text" : "the",
      "whiteSpace" : false
    }, {
      "id" : "s0-t26",
      "begin" : 202,
      "end" : 209,
      "text" : "control",
      "whiteSpace" : false
    }, {
      "id" : "s0-t27",
      "begin" : 210,
      "end" : 212,
      "text" : "of",
      "whiteSpace" : false
    }, {
      "id" : "s0-t28",
      "begin" : 213,
      "end" : 216,
      "text" : "the",
      "whiteSpace" : false
    }, {
      "id" : "s0-t29",
      "begin" : 217,
      "end" : 228,
      "text" : "application",
      "whiteSpace" : false
    }, {
      "id" : "s0-t30",
      "begin" : 229,
      "end" : 236,
      "text" : "because",
      "whiteSpace" : false
    }, {
      "id" : "s0-t31",
      "begin" : 237,
      "end" : 248,
      "text" : "credentials",
      "whiteSpace" : false
    }, {
      "id" : "s0-t32",
      "begin" : 249,
      "end" : 252,
      "text" : "are",
      "whiteSpace" : false
    }, {
      "id" : "s0-t33",
      "begin" : 253,
      "end" : 260,
      "text" : "present",
      "whiteSpace" : false
    }, {
      "id" : "s0-t34",
      "begin" : 261,
      "end" : 263,
      "text" : "in",
      "whiteSpace" : false
    }, {
      "id" : "s0-t35",
      "begin" : 264,
      "end" : 268,
      "text" : "that",
      "whiteSpace" : false
    }, {
      "id" : "s0-t36",
      "begin" : 269,
      "end" : 279,
      "text" : "config.php",
      "whiteSpace" : false
    }, {
      "id" : "s0-t37",
      "begin" : 280,
      "end" : 284,
      "text" : "file",
      "whiteSpace" : false
    }, {
      "id" : "s0-t38",
      "begin" : 284,
      "end" : 285,
      "text" : ")",
      "whiteSpace" : false
    }, {
      "id" : "s0-t39",
      "begin" : 285,
      "end" : 286,
      "text" : ".",
      "whiteSpace" : false
    } ]
  }, {
    "id" : "s1",
    "begin" : 287,
    "end" : 337,
    "text" : "| MISC:https://cxsecurity.com/issue/WLB-2018090248",
    "tokens" : [ {
      "id" : "s1-t0",
      "begin" : 287,
      "end" : 288,
      "text" : "|",
      "whiteSpace" : false
    }, {
      "id" : "s1-t1",
      "begin" : 289,
      "end" : 337,
      "text" : "MISC:https://cxsecurity.com/issue/WLB-2018090248",
      "whiteSpace" : false
    } ]
  } ],
  "mentions" : [ ],
  "relations" : [ ],
  "corefs" : [ ],
  "typeResolved" : true,
  "userResolved" : false
}