{
  "id" : "5e6b9330-e5c0-11e8-ac51-0ddb2b53e7d9-59",
  "name" : "CVE-2018-14907",
  "createdDate" : 0,
  "version" : 3,
  "text" : "CVE-2018-14907 | The Web server in 3CX version 15.5.8801.3 is vulnerable to Information Leakage, because of improper error handling in Stack traces, as demonstrated by discovering a full pathname. | MISC:https://medium.com/stolabs/security-issues-on-3cx-web-service-d9dc7f1bea79",
  "docLength" : 0,
  "language" : "EN",
  "status" : "READY",
  "modifiedDate" : 1541947501633,
  "documentSet" : [ ],
  "preannotation" : [ ],
  "sentences" : [ {
    "id" : "s0",
    "begin" : 0,
    "end" : 196,
    "text" : "CVE-2018-14907 | The Web server in 3CX version 15.5.8801.3 is vulnerable to Information Leakage, because of improper error handling in Stack traces, as demonstrated by discovering a full pathname.",
    "tokens" : [ {
      "id" : "s0-t0",
      "begin" : 0,
      "end" : 14,
      "text" : "CVE-2018-14907",
      "whiteSpace" : false
    }, {
      "id" : "s0-t1",
      "begin" : 15,
      "end" : 16,
      "text" : "|",
      "whiteSpace" : false
    }, {
      "id" : "s0-t2",
      "begin" : 17,
      "end" : 20,
      "text" : "The",
      "whiteSpace" : false
    }, {
      "id" : "s0-t3",
      "begin" : 21,
      "end" : 24,
      "text" : "Web",
      "whiteSpace" : false
    }, {
      "id" : "s0-t4",
      "begin" : 25,
      "end" : 31,
      "text" : "server",
      "whiteSpace" : false
    }, {
      "id" : "s0-t5",
      "begin" : 32,
      "end" : 34,
      "text" : "in",
      "whiteSpace" : false
    }, {
      "id" : "s0-t6",
      "begin" : 35,
      "end" : 38,
      "text" : "3CX",
      "whiteSpace" : false
    }, {
      "id" : "s0-t7",
      "begin" : 39,
      "end" : 46,
      "text" : "version",
      "whiteSpace" : false
    }, {
      "id" : "s0-t8",
      "begin" : 47,
      "end" : 58,
      "text" : "15.5.8801.3",
      "whiteSpace" : false
    }, {
      "id" : "s0-t9",
      "begin" : 59,
      "end" : 61,
      "text" : "is",
      "whiteSpace" : false
    }, {
      "id" : "s0-t10",
      "begin" : 62,
      "end" : 72,
      "text" : "vulnerable",
      "whiteSpace" : false
    }, {
      "id" : "s0-t11",
      "begin" : 73,
      "end" : 75,
      "text" : "to",
      "whiteSpace" : false
    }, {
      "id" : "s0-t12",
      "begin" : 76,
      "end" : 87,
      "text" : "Information",
      "whiteSpace" : false
    }, {
      "id" : "s0-t13",
      "begin" : 88,
      "end" : 95,
      "text" : "Leakage",
      "whiteSpace" : false
    }, {
      "id" : "s0-t14",
      "begin" : 95,
      "end" : 96,
      "text" : ",",
      "whiteSpace" : false
    }, {
      "id" : "s0-t15",
      "begin" : 97,
      "end" : 104,
      "text" : "because",
      "whiteSpace" : false
    }, {
      "id" : "s0-t16",
      "begin" : 105,
      "end" : 107,
      "text" : "of",
      "whiteSpace" : false
    }, {
      "id" : "s0-t17",
      "begin" : 108,
      "end" : 116,
      "text" : "improper",
      "whiteSpace" : false
    }, {
      "id" : "s0-t18",
      "begin" : 117,
      "end" : 122,
      "text" : "error",
      "whiteSpace" : false
    }, {
      "id" : "s0-t19",
      "begin" : 123,
      "end" : 131,
      "text" : "handling",
      "whiteSpace" : false
    }, {
      "id" : "s0-t20",
      "begin" : 132,
      "end" : 134,
      "text" : "in",
      "whiteSpace" : false
    }, {
      "id" : "s0-t21",
      "begin" : 135,
      "end" : 140,
      "text" : "Stack",
      "whiteSpace" : false
    }, {
      "id" : "s0-t22",
      "begin" : 141,
      "end" : 147,
      "text" : "traces",
      "whiteSpace" : false
    }, {
      "id" : "s0-t23",
      "begin" : 147,
      "end" : 148,
      "text" : ",",
      "whiteSpace" : false
    }, {
      "id" : "s0-t24",
      "begin" : 149,
      "end" : 151,
      "text" : "as",
      "whiteSpace" : false
    }, {
      "id" : "s0-t25",
      "begin" : 152,
      "end" : 164,
      "text" : "demonstrated",
      "whiteSpace" : false
    }, {
      "id" : "s0-t26",
      "begin" : 165,
      "end" : 167,
      "text" : "by",
      "whiteSpace" : false
    }, {
      "id" : "s0-t27",
      "begin" : 168,
      "end" : 179,
      "text" : "discovering",
      "whiteSpace" : false
    }, {
      "id" : "s0-t28",
      "begin" : 180,
      "end" : 181,
      "text" : "a",
      "whiteSpace" : false
    }, {
      "id" : "s0-t29",
      "begin" : 182,
      "end" : 186,
      "text" : "full",
      "whiteSpace" : false
    }, {
      "id" : "s0-t30",
      "begin" : 187,
      "end" : 195,
      "text" : "pathname",
      "whiteSpace" : false
    }, {
      "id" : "s0-t31",
      "begin" : 195,
      "end" : 196,
      "text" : ".",
      "whiteSpace" : false
    } ]
  }, {
    "id" : "s1",
    "begin" : 197,
    "end" : 278,
    "text" : "| MISC:https://medium.com/stolabs/security-issues-on-3cx-web-service-d9dc7f1bea79",
    "tokens" : [ {
      "id" : "s1-t0",
      "begin" : 197,
      "end" : 198,
      "text" : "|",
      "whiteSpace" : false
    }, {
      "id" : "s1-t1",
      "begin" : 199,
      "end" : 239,
      "text" : "MISC:https://medium.com/stolabs/security",
      "whiteSpace" : false
    }, {
      "id" : "s1-t2",
      "begin" : 239,
      "end" : 240,
      "text" : "-",
      "whiteSpace" : false
    }, {
      "id" : "s1-t3",
      "begin" : 240,
      "end" : 246,
      "text" : "issues",
      "whiteSpace" : false
    }, {
      "id" : "s1-t4",
      "begin" : 246,
      "end" : 247,
      "text" : "-",
      "whiteSpace" : false
    }, {
      "id" : "s1-t5",
      "begin" : 247,
      "end" : 249,
      "text" : "on",
      "whiteSpace" : false
    }, {
      "id" : "s1-t6",
      "begin" : 249,
      "end" : 250,
      "text" : "-",
      "whiteSpace" : false
    }, {
      "id" : "s1-t7",
      "begin" : 250,
      "end" : 253,
      "text" : "3cx",
      "whiteSpace" : false
    }, {
      "id" : "s1-t8",
      "begin" : 253,
      "end" : 254,
      "text" : "-",
      "whiteSpace" : false
    }, {
      "id" : "s1-t9",
      "begin" : 254,
      "end" : 257,
      "text" : "web",
      "whiteSpace" : false
    }, {
      "id" : "s1-t10",
      "begin" : 257,
      "end" : 258,
      "text" : "-",
      "whiteSpace" : false
    }, {
      "id" : "s1-t11",
      "begin" : 258,
      "end" : 265,
      "text" : "service",
      "whiteSpace" : false
    }, {
      "id" : "s1-t12",
      "begin" : 265,
      "end" : 266,
      "text" : "-",
      "whiteSpace" : false
    }, {
      "id" : "s1-t13",
      "begin" : 266,
      "end" : 278,
      "text" : "d9dc7f1bea79",
      "whiteSpace" : false
    } ]
  } ],
  "mentions" : [ ],
  "relations" : [ ],
  "corefs" : [ ],
  "typeResolved" : true,
  "userResolved" : false
}