{
  "id" : "5e6b9330-e5c0-11e8-ac51-0ddb2b53e7d9-30",
  "name" : "CVE-2018-1495",
  "createdDate" : 0,
  "version" : 3,
  "text" : "CVE-2018-1495 | IBM FlashSystem V840 and V900 products could allow an authenticated attacker with specialized access to overwrite arbitrary files which could cause a denial of service. IBM X-Force ID: 141148. | CONFIRM:http://www.ibm.com/support/docview.wss?uid=ssg1S1012280   |   CONFIRM:http://www.ibm.com/support/docview.wss?uid=ssg1S1012281   |   XF:ibm-flashsystem-cve20181495-dos(141148)   |   URL:https://exchange.xforce.ibmcloud.com/vulnerabilities/141148",
  "docLength" : 0,
  "language" : "EN",
  "status" : "READY",
  "modifiedDate" : 1541947501633,
  "documentSet" : [ ],
  "preannotation" : [ ],
  "sentences" : [ {
    "id" : "s0",
    "begin" : 0,
    "end" : 184,
    "text" : "CVE-2018-1495 | IBM FlashSystem V840 and V900 products could allow an authenticated attacker with specialized access to overwrite arbitrary files which could cause a denial of service.",
    "tokens" : [ {
      "id" : "s0-t0",
      "begin" : 0,
      "end" : 13,
      "text" : "CVE-2018-1495",
      "whiteSpace" : false
    }, {
      "id" : "s0-t1",
      "begin" : 14,
      "end" : 15,
      "text" : "|",
      "whiteSpace" : false
    }, {
      "id" : "s0-t2",
      "begin" : 16,
      "end" : 19,
      "text" : "IBM",
      "whiteSpace" : false
    }, {
      "id" : "s0-t3",
      "begin" : 20,
      "end" : 31,
      "text" : "FlashSystem",
      "whiteSpace" : false
    }, {
      "id" : "s0-t4",
      "begin" : 32,
      "end" : 36,
      "text" : "V840",
      "whiteSpace" : false
    }, {
      "id" : "s0-t5",
      "begin" : 37,
      "end" : 40,
      "text" : "and",
      "whiteSpace" : false
    }, {
      "id" : "s0-t6",
      "begin" : 41,
      "end" : 45,
      "text" : "V900",
      "whiteSpace" : false
    }, {
      "id" : "s0-t7",
      "begin" : 46,
      "end" : 54,
      "text" : "products",
      "whiteSpace" : false
    }, {
      "id" : "s0-t8",
      "begin" : 55,
      "end" : 60,
      "text" : "could",
      "whiteSpace" : false
    }, {
      "id" : "s0-t9",
      "begin" : 61,
      "end" : 66,
      "text" : "allow",
      "whiteSpace" : false
    }, {
      "id" : "s0-t10",
      "begin" : 67,
      "end" : 69,
      "text" : "an",
      "whiteSpace" : false
    }, {
      "id" : "s0-t11",
      "begin" : 70,
      "end" : 83,
      "text" : "authenticated",
      "whiteSpace" : false
    }, {
      "id" : "s0-t12",
      "begin" : 84,
      "end" : 92,
      "text" : "attacker",
      "whiteSpace" : false
    }, {
      "id" : "s0-t13",
      "begin" : 93,
      "end" : 97,
      "text" : "with",
      "whiteSpace" : false
    }, {
      "id" : "s0-t14",
      "begin" : 98,
      "end" : 109,
      "text" : "specialized",
      "whiteSpace" : false
    }, {
      "id" : "s0-t15",
      "begin" : 110,
      "end" : 116,
      "text" : "access",
      "whiteSpace" : false
    }, {
      "id" : "s0-t16",
      "begin" : 117,
      "end" : 119,
      "text" : "to",
      "whiteSpace" : false
    }, {
      "id" : "s0-t17",
      "begin" : 120,
      "end" : 129,
      "text" : "overwrite",
      "whiteSpace" : false
    }, {
      "id" : "s0-t18",
      "begin" : 130,
      "end" : 139,
      "text" : "arbitrary",
      "whiteSpace" : false
    }, {
      "id" : "s0-t19",
      "begin" : 140,
      "end" : 145,
      "text" : "files",
      "whiteSpace" : false
    }, {
      "id" : "s0-t20",
      "begin" : 146,
      "end" : 151,
      "text" : "which",
      "whiteSpace" : false
    }, {
      "id" : "s0-t21",
      "begin" : 152,
      "end" : 157,
      "text" : "could",
      "whiteSpace" : false
    }, {
      "id" : "s0-t22",
      "begin" : 158,
      "end" : 163,
      "text" : "cause",
      "whiteSpace" : false
    }, {
      "id" : "s0-t23",
      "begin" : 164,
      "end" : 165,
      "text" : "a",
      "whiteSpace" : false
    }, {
      "id" : "s0-t24",
      "begin" : 166,
      "end" : 172,
      "text" : "denial",
      "whiteSpace" : false
    }, {
      "id" : "s0-t25",
      "begin" : 173,
      "end" : 175,
      "text" : "of",
      "whiteSpace" : false
    }, {
      "id" : "s0-t26",
      "begin" : 176,
      "end" : 183,
      "text" : "service",
      "whiteSpace" : false
    }, {
      "id" : "s0-t27",
      "begin" : 183,
      "end" : 184,
      "text" : ".",
      "whiteSpace" : false
    } ]
  }, {
    "id" : "s1",
    "begin" : 185,
    "end" : 208,
    "text" : "IBM X-Force ID: 141148.",
    "tokens" : [ {
      "id" : "s1-t0",
      "begin" : 185,
      "end" : 188,
      "text" : "IBM",
      "whiteSpace" : false
    }, {
      "id" : "s1-t1",
      "begin" : 189,
      "end" : 196,
      "text" : "X-Force",
      "whiteSpace" : false
    }, {
      "id" : "s1-t2",
      "begin" : 197,
      "end" : 199,
      "text" : "ID",
      "whiteSpace" : false
    }, {
      "id" : "s1-t3",
      "begin" : 199,
      "end" : 200,
      "text" : ":",
      "whiteSpace" : false
    }, {
      "id" : "s1-t4",
      "begin" : 201,
      "end" : 207,
      "text" : "141148",
      "whiteSpace" : false
    }, {
      "id" : "s1-t5",
      "begin" : 207,
      "end" : 208,
      "text" : ".",
      "whiteSpace" : false
    } ]
  }, {
    "id" : "s2",
    "begin" : 209,
    "end" : 463,
    "text" : "| CONFIRM:http://www.ibm.com/support/docview.wss?uid=ssg1S1012280   |   CONFIRM:http://www.ibm.com/support/docview.wss?uid=ssg1S1012281   |   XF:ibm-flashsystem-cve20181495-dos(141148)   |   URL:https://exchange.xforce.ibmcloud.com/vulnerabilities/141148",
    "tokens" : [ {
      "id" : "s2-t0",
      "begin" : 209,
      "end" : 210,
      "text" : "|",
      "whiteSpace" : false
    }, {
      "id" : "s2-t1",
      "begin" : 211,
      "end" : 274,
      "text" : "CONFIRM:http://www.ibm.com/support/docview.wss?uid=ssg1S1012280",
      "whiteSpace" : false
    }, {
      "id" : "s2-t2",
      "begin" : 277,
      "end" : 278,
      "text" : "|",
      "whiteSpace" : false
    }, {
      "id" : "s2-t3",
      "begin" : 281,
      "end" : 344,
      "text" : "CONFIRM:http://www.ibm.com/support/docview.wss?uid=ssg1S1012281",
      "whiteSpace" : false
    }, {
      "id" : "s2-t4",
      "begin" : 347,
      "end" : 348,
      "text" : "|",
      "whiteSpace" : false
    }, {
      "id" : "s2-t5",
      "begin" : 351,
      "end" : 353,
      "text" : "XF",
      "whiteSpace" : false
    }, {
      "id" : "s2-t6",
      "begin" : 353,
      "end" : 357,
      "text" : ":ibm",
      "whiteSpace" : false
    }, {
      "id" : "s2-t7",
      "begin" : 357,
      "end" : 358,
      "text" : "-",
      "whiteSpace" : false
    }, {
      "id" : "s2-t8",
      "begin" : 358,
      "end" : 369,
      "text" : "flashsystem",
      "whiteSpace" : false
    }, {
      "id" : "s2-t9",
      "begin" : 369,
      "end" : 370,
      "text" : "-",
      "whiteSpace" : false
    }, {
      "id" : "s2-t10",
      "begin" : 370,
      "end" : 381,
      "text" : "cve20181495",
      "whiteSpace" : false
    }, {
      "id" : "s2-t11",
      "begin" : 381,
      "end" : 382,
      "text" : "-",
      "whiteSpace" : false
    }, {
      "id" : "s2-t12",
      "begin" : 382,
      "end" : 385,
      "text" : "dos",
      "whiteSpace" : false
    }, {
      "id" : "s2-t13",
      "begin" : 385,
      "end" : 386,
      "text" : "(",
      "whiteSpace" : false
    }, {
      "id" : "s2-t14",
      "begin" : 386,
      "end" : 392,
      "text" : "141148",
      "whiteSpace" : false
    }, {
      "id" : "s2-t15",
      "begin" : 392,
      "end" : 393,
      "text" : ")",
      "whiteSpace" : false
    }, {
      "id" : "s2-t16",
      "begin" : 396,
      "end" : 397,
      "text" : "|",
      "whiteSpace" : false
    }, {
      "id" : "s2-t17",
      "begin" : 400,
      "end" : 457,
      "text" : "URL:https://exchange.xforce.ibmcloud.com/vulnerabilities/",
      "whiteSpace" : false
    }, {
      "id" : "s2-t18",
      "begin" : 457,
      "end" : 463,
      "text" : "141148",
      "whiteSpace" : false
    } ]
  } ],
  "mentions" : [ ],
  "relations" : [ ],
  "corefs" : [ ],
  "typeResolved" : true,
  "userResolved" : false
}