{
  "id" : "5e6b9330-e5c0-11e8-ac51-0ddb2b53e7d9-104",
  "name" : "CVE-2018-14819",
  "createdDate" : 0,
  "version" : 3,
  "text" : "CVE-2018-14819 | Fuji Electric V-Server 4.0.3.0 and prior, An out-of-bounds read vulnerability has been identified, which may allow remote code execution. | MISC:https://ics-cert.us-cert.gov/advisories/ICSA-18-254-01   |   BID:105341   |   URL:http://www.securityfocus.com/bid/105341",
  "docLength" : 0,
  "language" : "EN",
  "status" : "READY",
  "modifiedDate" : 1541947501633,
  "documentSet" : [ ],
  "preannotation" : [ ],
  "sentences" : [ {
    "id" : "s0",
    "begin" : 0,
    "end" : 154,
    "text" : "CVE-2018-14819 | Fuji Electric V-Server 4.0.3.0 and prior, An out-of-bounds read vulnerability has been identified, which may allow remote code execution.",
    "tokens" : [ {
      "id" : "s0-t0",
      "begin" : 0,
      "end" : 14,
      "text" : "CVE-2018-14819",
      "whiteSpace" : false
    }, {
      "id" : "s0-t1",
      "begin" : 15,
      "end" : 16,
      "text" : "|",
      "whiteSpace" : false
    }, {
      "id" : "s0-t2",
      "begin" : 17,
      "end" : 21,
      "text" : "Fuji",
      "whiteSpace" : false
    }, {
      "id" : "s0-t3",
      "begin" : 22,
      "end" : 30,
      "text" : "Electric",
      "whiteSpace" : false
    }, {
      "id" : "s0-t4",
      "begin" : 31,
      "end" : 39,
      "text" : "V-Server",
      "whiteSpace" : false
    }, {
      "id" : "s0-t5",
      "begin" : 40,
      "end" : 47,
      "text" : "4.0.3.0",
      "whiteSpace" : false
    }, {
      "id" : "s0-t6",
      "begin" : 48,
      "end" : 51,
      "text" : "and",
      "whiteSpace" : false
    }, {
      "id" : "s0-t7",
      "begin" : 52,
      "end" : 57,
      "text" : "prior",
      "whiteSpace" : false
    }, {
      "id" : "s0-t8",
      "begin" : 57,
      "end" : 58,
      "text" : ",",
      "whiteSpace" : false
    }, {
      "id" : "s0-t9",
      "begin" : 59,
      "end" : 61,
      "text" : "An",
      "whiteSpace" : false
    }, {
      "id" : "s0-t10",
      "begin" : 62,
      "end" : 75,
      "text" : "out-of-bounds",
      "whiteSpace" : false
    }, {
      "id" : "s0-t11",
      "begin" : 76,
      "end" : 80,
      "text" : "read",
      "whiteSpace" : false
    }, {
      "id" : "s0-t12",
      "begin" : 81,
      "end" : 94,
      "text" : "vulnerability",
      "whiteSpace" : false
    }, {
      "id" : "s0-t13",
      "begin" : 95,
      "end" : 98,
      "text" : "has",
      "whiteSpace" : false
    }, {
      "id" : "s0-t14",
      "begin" : 99,
      "end" : 103,
      "text" : "been",
      "whiteSpace" : false
    }, {
      "id" : "s0-t15",
      "begin" : 104,
      "end" : 114,
      "text" : "identified",
      "whiteSpace" : false
    }, {
      "id" : "s0-t16",
      "begin" : 114,
      "end" : 115,
      "text" : ",",
      "whiteSpace" : false
    }, {
      "id" : "s0-t17",
      "begin" : 116,
      "end" : 121,
      "text" : "which",
      "whiteSpace" : false
    }, {
      "id" : "s0-t18",
      "begin" : 122,
      "end" : 125,
      "text" : "may",
      "whiteSpace" : false
    }, {
      "id" : "s0-t19",
      "begin" : 126,
      "end" : 131,
      "text" : "allow",
      "whiteSpace" : false
    }, {
      "id" : "s0-t20",
      "begin" : 132,
      "end" : 138,
      "text" : "remote",
      "whiteSpace" : false
    }, {
      "id" : "s0-t21",
      "begin" : 139,
      "end" : 143,
      "text" : "code",
      "whiteSpace" : false
    }, {
      "id" : "s0-t22",
      "begin" : 144,
      "end" : 153,
      "text" : "execution",
      "whiteSpace" : false
    }, {
      "id" : "s0-t23",
      "begin" : 153,
      "end" : 154,
      "text" : ".",
      "whiteSpace" : false
    } ]
  }, {
    "id" : "s1",
    "begin" : 155,
    "end" : 283,
    "text" : "| MISC:https://ics-cert.us-cert.gov/advisories/ICSA-18-254-01   |   BID:105341   |   URL:http://www.securityfocus.com/bid/105341",
    "tokens" : [ {
      "id" : "s1-t0",
      "begin" : 155,
      "end" : 156,
      "text" : "|",
      "whiteSpace" : false
    }, {
      "id" : "s1-t1",
      "begin" : 157,
      "end" : 216,
      "text" : "MISC:https://ics-cert.us-cert.gov/advisories/ICSA-18-254-01",
      "whiteSpace" : false
    }, {
      "id" : "s1-t2",
      "begin" : 219,
      "end" : 220,
      "text" : "|",
      "whiteSpace" : false
    }, {
      "id" : "s1-t3",
      "begin" : 223,
      "end" : 226,
      "text" : "BID",
      "whiteSpace" : false
    }, {
      "id" : "s1-t4",
      "begin" : 226,
      "end" : 227,
      "text" : ":",
      "whiteSpace" : false
    }, {
      "id" : "s1-t5",
      "begin" : 227,
      "end" : 233,
      "text" : "105341",
      "whiteSpace" : false
    }, {
      "id" : "s1-t6",
      "begin" : 236,
      "end" : 237,
      "text" : "|",
      "whiteSpace" : false
    }, {
      "id" : "s1-t7",
      "begin" : 240,
      "end" : 277,
      "text" : "URL:http://www.securityfocus.com/bid/",
      "whiteSpace" : false
    }, {
      "id" : "s1-t8",
      "begin" : 277,
      "end" : 283,
      "text" : "105341",
      "whiteSpace" : false
    } ]
  } ],
  "mentions" : [ ],
  "relations" : [ ],
  "corefs" : [ ],
  "typeResolved" : true,
  "userResolved" : false
}