{
  "id" : "5e6b9330-e5c0-11e8-ac51-0ddb2b53e7d9-100",
  "name" : "CVE-2018-14823",
  "createdDate" : 0,
  "version" : 3,
  "text" : "CVE-2018-14823 | Fuji Electric V-Server 4.0.3.0 and prior, A stack-based buffer overflow vulnerability has been identified, which may allow remote code execution. | MISC:https://ics-cert.us-cert.gov/advisories/ICSA-18-254-01   |   BID:105341   |   URL:http://www.securityfocus.com/bid/105341",
  "docLength" : 0,
  "language" : "EN",
  "status" : "READY",
  "modifiedDate" : 1541947501633,
  "documentSet" : [ ],
  "preannotation" : [ ],
  "sentences" : [ {
    "id" : "s0",
    "begin" : 0,
    "end" : 162,
    "text" : "CVE-2018-14823 | Fuji Electric V-Server 4.0.3.0 and prior, A stack-based buffer overflow vulnerability has been identified, which may allow remote code execution.",
    "tokens" : [ {
      "id" : "s0-t0",
      "begin" : 0,
      "end" : 14,
      "text" : "CVE-2018-14823",
      "whiteSpace" : false
    }, {
      "id" : "s0-t1",
      "begin" : 15,
      "end" : 16,
      "text" : "|",
      "whiteSpace" : false
    }, {
      "id" : "s0-t2",
      "begin" : 17,
      "end" : 21,
      "text" : "Fuji",
      "whiteSpace" : false
    }, {
      "id" : "s0-t3",
      "begin" : 22,
      "end" : 30,
      "text" : "Electric",
      "whiteSpace" : false
    }, {
      "id" : "s0-t4",
      "begin" : 31,
      "end" : 39,
      "text" : "V-Server",
      "whiteSpace" : false
    }, {
      "id" : "s0-t5",
      "begin" : 40,
      "end" : 47,
      "text" : "4.0.3.0",
      "whiteSpace" : false
    }, {
      "id" : "s0-t6",
      "begin" : 48,
      "end" : 51,
      "text" : "and",
      "whiteSpace" : false
    }, {
      "id" : "s0-t7",
      "begin" : 52,
      "end" : 57,
      "text" : "prior",
      "whiteSpace" : false
    }, {
      "id" : "s0-t8",
      "begin" : 57,
      "end" : 58,
      "text" : ",",
      "whiteSpace" : false
    }, {
      "id" : "s0-t9",
      "begin" : 59,
      "end" : 60,
      "text" : "A",
      "whiteSpace" : false
    }, {
      "id" : "s0-t10",
      "begin" : 61,
      "end" : 66,
      "text" : "stack",
      "whiteSpace" : false
    }, {
      "id" : "s0-t11",
      "begin" : 66,
      "end" : 67,
      "text" : "-",
      "whiteSpace" : false
    }, {
      "id" : "s0-t12",
      "begin" : 67,
      "end" : 72,
      "text" : "based",
      "whiteSpace" : false
    }, {
      "id" : "s0-t13",
      "begin" : 73,
      "end" : 79,
      "text" : "buffer",
      "whiteSpace" : false
    }, {
      "id" : "s0-t14",
      "begin" : 80,
      "end" : 88,
      "text" : "overflow",
      "whiteSpace" : false
    }, {
      "id" : "s0-t15",
      "begin" : 89,
      "end" : 102,
      "text" : "vulnerability",
      "whiteSpace" : false
    }, {
      "id" : "s0-t16",
      "begin" : 103,
      "end" : 106,
      "text" : "has",
      "whiteSpace" : false
    }, {
      "id" : "s0-t17",
      "begin" : 107,
      "end" : 111,
      "text" : "been",
      "whiteSpace" : false
    }, {
      "id" : "s0-t18",
      "begin" : 112,
      "end" : 122,
      "text" : "identified",
      "whiteSpace" : false
    }, {
      "id" : "s0-t19",
      "begin" : 122,
      "end" : 123,
      "text" : ",",
      "whiteSpace" : false
    }, {
      "id" : "s0-t20",
      "begin" : 124,
      "end" : 129,
      "text" : "which",
      "whiteSpace" : false
    }, {
      "id" : "s0-t21",
      "begin" : 130,
      "end" : 133,
      "text" : "may",
      "whiteSpace" : false
    }, {
      "id" : "s0-t22",
      "begin" : 134,
      "end" : 139,
      "text" : "allow",
      "whiteSpace" : false
    }, {
      "id" : "s0-t23",
      "begin" : 140,
      "end" : 146,
      "text" : "remote",
      "whiteSpace" : false
    }, {
      "id" : "s0-t24",
      "begin" : 147,
      "end" : 151,
      "text" : "code",
      "whiteSpace" : false
    }, {
      "id" : "s0-t25",
      "begin" : 152,
      "end" : 161,
      "text" : "execution",
      "whiteSpace" : false
    }, {
      "id" : "s0-t26",
      "begin" : 161,
      "end" : 162,
      "text" : ".",
      "whiteSpace" : false
    } ]
  }, {
    "id" : "s1",
    "begin" : 163,
    "end" : 291,
    "text" : "| MISC:https://ics-cert.us-cert.gov/advisories/ICSA-18-254-01   |   BID:105341   |   URL:http://www.securityfocus.com/bid/105341",
    "tokens" : [ {
      "id" : "s1-t0",
      "begin" : 163,
      "end" : 164,
      "text" : "|",
      "whiteSpace" : false
    }, {
      "id" : "s1-t1",
      "begin" : 165,
      "end" : 224,
      "text" : "MISC:https://ics-cert.us-cert.gov/advisories/ICSA-18-254-01",
      "whiteSpace" : false
    }, {
      "id" : "s1-t2",
      "begin" : 227,
      "end" : 228,
      "text" : "|",
      "whiteSpace" : false
    }, {
      "id" : "s1-t3",
      "begin" : 231,
      "end" : 234,
      "text" : "BID",
      "whiteSpace" : false
    }, {
      "id" : "s1-t4",
      "begin" : 234,
      "end" : 235,
      "text" : ":",
      "whiteSpace" : false
    }, {
      "id" : "s1-t5",
      "begin" : 235,
      "end" : 241,
      "text" : "105341",
      "whiteSpace" : false
    }, {
      "id" : "s1-t6",
      "begin" : 244,
      "end" : 245,
      "text" : "|",
      "whiteSpace" : false
    }, {
      "id" : "s1-t7",
      "begin" : 248,
      "end" : 285,
      "text" : "URL:http://www.securityfocus.com/bid/",
      "whiteSpace" : false
    }, {
      "id" : "s1-t8",
      "begin" : 285,
      "end" : 291,
      "text" : "105341",
      "whiteSpace" : false
    } ]
  } ],
  "mentions" : [ ],
  "relations" : [ ],
  "corefs" : [ ],
  "typeResolved" : true,
  "userResolved" : false
}