{
  "id" : "5e6b9330-e5c0-11e8-ac51-0ddb2b53e7d9-17",
  "name" : "CVE-2018-14961",
  "createdDate" : 0,
  "version" : 3,
  "text" : "CVE-2018-14961 | dl/dl_sendmail.php in zzcms 8.3 has SQL Injection via the sql parameter. | MISC:https://blog.csdn.net/weixin_42813492/article/details/81240523   |   MISC:https://github.com/AvaterXXX/ZZCMS/blob/master/README.md",
  "docLength" : 0,
  "language" : "EN",
  "status" : "READY",
  "modifiedDate" : 1541947501633,
  "documentSet" : [ ],
  "preannotation" : [ ],
  "sentences" : [ {
    "id" : "s0",
    "begin" : 0,
    "end" : 89,
    "text" : "CVE-2018-14961 | dl/dl_sendmail.php in zzcms 8.3 has SQL Injection via the sql parameter.",
    "tokens" : [ {
      "id" : "s0-t0",
      "begin" : 0,
      "end" : 14,
      "text" : "CVE-2018-14961",
      "whiteSpace" : false
    }, {
      "id" : "s0-t1",
      "begin" : 15,
      "end" : 16,
      "text" : "|",
      "whiteSpace" : false
    }, {
      "id" : "s0-t2",
      "begin" : 17,
      "end" : 35,
      "text" : "dl/dl_sendmail.php",
      "whiteSpace" : false
    }, {
      "id" : "s0-t3",
      "begin" : 36,
      "end" : 38,
      "text" : "in",
      "whiteSpace" : false
    }, {
      "id" : "s0-t4",
      "begin" : 39,
      "end" : 44,
      "text" : "zzcms",
      "whiteSpace" : false
    }, {
      "id" : "s0-t5",
      "begin" : 45,
      "end" : 48,
      "text" : "8.3",
      "whiteSpace" : false
    }, {
      "id" : "s0-t6",
      "begin" : 49,
      "end" : 52,
      "text" : "has",
      "whiteSpace" : false
    }, {
      "id" : "s0-t7",
      "begin" : 53,
      "end" : 56,
      "text" : "SQL",
      "whiteSpace" : false
    }, {
      "id" : "s0-t8",
      "begin" : 57,
      "end" : 66,
      "text" : "Injection",
      "whiteSpace" : false
    }, {
      "id" : "s0-t9",
      "begin" : 67,
      "end" : 70,
      "text" : "via",
      "whiteSpace" : false
    }, {
      "id" : "s0-t10",
      "begin" : 71,
      "end" : 74,
      "text" : "the",
      "whiteSpace" : false
    }, {
      "id" : "s0-t11",
      "begin" : 75,
      "end" : 78,
      "text" : "sql",
      "whiteSpace" : false
    }, {
      "id" : "s0-t12",
      "begin" : 79,
      "end" : 88,
      "text" : "parameter",
      "whiteSpace" : false
    }, {
      "id" : "s0-t13",
      "begin" : 88,
      "end" : 89,
      "text" : ".",
      "whiteSpace" : false
    } ]
  }, {
    "id" : "s1",
    "begin" : 90,
    "end" : 227,
    "text" : "| MISC:https://blog.csdn.net/weixin_42813492/article/details/81240523   |   MISC:https://github.com/AvaterXXX/ZZCMS/blob/master/README.md",
    "tokens" : [ {
      "id" : "s1-t0",
      "begin" : 90,
      "end" : 91,
      "text" : "|",
      "whiteSpace" : false
    }, {
      "id" : "s1-t1",
      "begin" : 92,
      "end" : 151,
      "text" : "MISC:https://blog.csdn.net/weixin_42813492/article/details/",
      "whiteSpace" : false
    }, {
      "id" : "s1-t2",
      "begin" : 151,
      "end" : 159,
      "text" : "81240523",
      "whiteSpace" : false
    }, {
      "id" : "s1-t3",
      "begin" : 162,
      "end" : 163,
      "text" : "|",
      "whiteSpace" : false
    }, {
      "id" : "s1-t4",
      "begin" : 166,
      "end" : 227,
      "text" : "MISC:https://github.com/AvaterXXX/ZZCMS/blob/master/README.md",
      "whiteSpace" : false
    } ]
  } ],
  "mentions" : [ ],
  "relations" : [ ],
  "corefs" : [ ],
  "typeResolved" : true,
  "userResolved" : false
}