{
  "id" : "5e6b9330-e5c0-11e8-ac51-0ddb2b53e7d9-47",
  "name" : "CVE-2018-14928",
  "createdDate" : 0,
  "version" : 3,
  "text" : "CVE-2018-14928 | /contingency/servlet/ServletFileDownload executes as root and provides unauthenticated access to files via the file parameter. | MISC:https://medium.com/stolabs/security-issues-on-matera-systems-fba14d207dc9",
  "docLength" : 0,
  "language" : "EN",
  "status" : "READY",
  "modifiedDate" : 1541947501633,
  "documentSet" : [ ],
  "preannotation" : [ ],
  "sentences" : [ {
    "id" : "s0",
    "begin" : 0,
    "end" : 143,
    "text" : "CVE-2018-14928 | /contingency/servlet/ServletFileDownload executes as root and provides unauthenticated access to files via the file parameter.",
    "tokens" : [ {
      "id" : "s0-t0",
      "begin" : 0,
      "end" : 14,
      "text" : "CVE-2018-14928",
      "whiteSpace" : false
    }, {
      "id" : "s0-t1",
      "begin" : 15,
      "end" : 16,
      "text" : "|",
      "whiteSpace" : false
    }, {
      "id" : "s0-t2",
      "begin" : 17,
      "end" : 57,
      "text" : "/contingency/servlet/ServletFileDownload",
      "whiteSpace" : false
    }, {
      "id" : "s0-t3",
      "begin" : 58,
      "end" : 66,
      "text" : "executes",
      "whiteSpace" : false
    }, {
      "id" : "s0-t4",
      "begin" : 67,
      "end" : 69,
      "text" : "as",
      "whiteSpace" : false
    }, {
      "id" : "s0-t5",
      "begin" : 70,
      "end" : 74,
      "text" : "root",
      "whiteSpace" : false
    }, {
      "id" : "s0-t6",
      "begin" : 75,
      "end" : 78,
      "text" : "and",
      "whiteSpace" : false
    }, {
      "id" : "s0-t7",
      "begin" : 79,
      "end" : 87,
      "text" : "provides",
      "whiteSpace" : false
    }, {
      "id" : "s0-t8",
      "begin" : 88,
      "end" : 103,
      "text" : "unauthenticated",
      "whiteSpace" : false
    }, {
      "id" : "s0-t9",
      "begin" : 104,
      "end" : 110,
      "text" : "access",
      "whiteSpace" : false
    }, {
      "id" : "s0-t10",
      "begin" : 111,
      "end" : 113,
      "text" : "to",
      "whiteSpace" : false
    }, {
      "id" : "s0-t11",
      "begin" : 114,
      "end" : 119,
      "text" : "files",
      "whiteSpace" : false
    }, {
      "id" : "s0-t12",
      "begin" : 120,
      "end" : 123,
      "text" : "via",
      "whiteSpace" : false
    }, {
      "id" : "s0-t13",
      "begin" : 124,
      "end" : 127,
      "text" : "the",
      "whiteSpace" : false
    }, {
      "id" : "s0-t14",
      "begin" : 128,
      "end" : 132,
      "text" : "file",
      "whiteSpace" : false
    }, {
      "id" : "s0-t15",
      "begin" : 133,
      "end" : 142,
      "text" : "parameter",
      "whiteSpace" : false
    }, {
      "id" : "s0-t16",
      "begin" : 142,
      "end" : 143,
      "text" : ".",
      "whiteSpace" : false
    } ]
  }, {
    "id" : "s1",
    "begin" : 144,
    "end" : 224,
    "text" : "| MISC:https://medium.com/stolabs/security-issues-on-matera-systems-fba14d207dc9",
    "tokens" : [ {
      "id" : "s1-t0",
      "begin" : 144,
      "end" : 145,
      "text" : "|",
      "whiteSpace" : false
    }, {
      "id" : "s1-t1",
      "begin" : 146,
      "end" : 186,
      "text" : "MISC:https://medium.com/stolabs/security",
      "whiteSpace" : false
    }, {
      "id" : "s1-t2",
      "begin" : 186,
      "end" : 187,
      "text" : "-",
      "whiteSpace" : false
    }, {
      "id" : "s1-t3",
      "begin" : 187,
      "end" : 193,
      "text" : "issues",
      "whiteSpace" : false
    }, {
      "id" : "s1-t4",
      "begin" : 193,
      "end" : 194,
      "text" : "-",
      "whiteSpace" : false
    }, {
      "id" : "s1-t5",
      "begin" : 194,
      "end" : 196,
      "text" : "on",
      "whiteSpace" : false
    }, {
      "id" : "s1-t6",
      "begin" : 196,
      "end" : 197,
      "text" : "-",
      "whiteSpace" : false
    }, {
      "id" : "s1-t7",
      "begin" : 197,
      "end" : 203,
      "text" : "matera",
      "whiteSpace" : false
    }, {
      "id" : "s1-t8",
      "begin" : 203,
      "end" : 204,
      "text" : "-",
      "whiteSpace" : false
    }, {
      "id" : "s1-t9",
      "begin" : 204,
      "end" : 211,
      "text" : "systems",
      "whiteSpace" : false
    }, {
      "id" : "s1-t10",
      "begin" : 211,
      "end" : 212,
      "text" : "-",
      "whiteSpace" : false
    }, {
      "id" : "s1-t11",
      "begin" : 212,
      "end" : 224,
      "text" : "fba14d207dc9",
      "whiteSpace" : false
    } ]
  } ],
  "mentions" : [ ],
  "relations" : [ ],
  "corefs" : [ ],
  "typeResolved" : true,
  "userResolved" : false
}