{
  "id" : "5e6b9330-e5c0-11e8-ac51-0ddb2b53e7d9-83",
  "name" : "CVE-2018-14857",
  "createdDate" : 0,
  "version" : 3,
  "text" : "CVE-2018-14857 | Unrestricted file upload (with remote code execution) in require/mail/NotificationMail.php in Webconsole in OCS Inventory NG OCS Inventory Server through 2.5 allows a privileged user to gain access to the server via a template file containing PHP code, because file extensions other than .html are permitted. | FULLDISC:20180803 CVE-2018-14857 (Unrestricted File Upload (RCE) in OCS Inventory NG Webconsole before 2.5)   |   URL:http://seclists.org/fulldisclosure/2018/Aug/6   |   CONFIRM:https://github.com/OCSInventory-NG/OCSInventory-ocsreports/commit/cc572819e373f7ff81dec61591b6f465b43c5515   |   SECTRACK:1041418   |   URL:http://www.securitytracker.com/id/1041418",
  "docLength" : 0,
  "language" : "EN",
  "status" : "READY",
  "modifiedDate" : 1541947501633,
  "documentSet" : [ ],
  "preannotation" : [ ],
  "sentences" : [ {
    "id" : "s0",
    "begin" : 0,
    "end" : 325,
    "text" : "CVE-2018-14857 | Unrestricted file upload (with remote code execution) in require/mail/NotificationMail.php in Webconsole in OCS Inventory NG OCS Inventory Server through 2.5 allows a privileged user to gain access to the server via a template file containing PHP code, because file extensions other than .html are permitted.",
    "tokens" : [ {
      "id" : "s0-t0",
      "begin" : 0,
      "end" : 14,
      "text" : "CVE-2018-14857",
      "whiteSpace" : false
    }, {
      "id" : "s0-t1",
      "begin" : 15,
      "end" : 16,
      "text" : "|",
      "whiteSpace" : false
    }, {
      "id" : "s0-t2",
      "begin" : 17,
      "end" : 29,
      "text" : "Unrestricted",
      "whiteSpace" : false
    }, {
      "id" : "s0-t3",
      "begin" : 30,
      "end" : 34,
      "text" : "file",
      "whiteSpace" : false
    }, {
      "id" : "s0-t4",
      "begin" : 35,
      "end" : 41,
      "text" : "upload",
      "whiteSpace" : false
    }, {
      "id" : "s0-t5",
      "begin" : 42,
      "end" : 43,
      "text" : "(",
      "whiteSpace" : false
    }, {
      "id" : "s0-t6",
      "begin" : 43,
      "end" : 47,
      "text" : "with",
      "whiteSpace" : false
    }, {
      "id" : "s0-t7",
      "begin" : 48,
      "end" : 54,
      "text" : "remote",
      "whiteSpace" : false
    }, {
      "id" : "s0-t8",
      "begin" : 55,
      "end" : 59,
      "text" : "code",
      "whiteSpace" : false
    }, {
      "id" : "s0-t9",
      "begin" : 60,
      "end" : 69,
      "text" : "execution",
      "whiteSpace" : false
    }, {
      "id" : "s0-t10",
      "begin" : 69,
      "end" : 70,
      "text" : ")",
      "whiteSpace" : false
    }, {
      "id" : "s0-t11",
      "begin" : 71,
      "end" : 73,
      "text" : "in",
      "whiteSpace" : false
    }, {
      "id" : "s0-t12",
      "begin" : 74,
      "end" : 81,
      "text" : "require",
      "whiteSpace" : false
    }, {
      "id" : "s0-t13",
      "begin" : 81,
      "end" : 82,
      "text" : "/",
      "whiteSpace" : false
    }, {
      "id" : "s0-t14",
      "begin" : 82,
      "end" : 107,
      "text" : "mail/NotificationMail.php",
      "whiteSpace" : false
    }, {
      "id" : "s0-t15",
      "begin" : 108,
      "end" : 110,
      "text" : "in",
      "whiteSpace" : false
    }, {
      "id" : "s0-t16",
      "begin" : 111,
      "end" : 121,
      "text" : "Webconsole",
      "whiteSpace" : false
    }, {
      "id" : "s0-t17",
      "begin" : 122,
      "end" : 124,
      "text" : "in",
      "whiteSpace" : false
    }, {
      "id" : "s0-t18",
      "begin" : 125,
      "end" : 128,
      "text" : "OCS",
      "whiteSpace" : false
    }, {
      "id" : "s0-t19",
      "begin" : 129,
      "end" : 138,
      "text" : "Inventory",
      "whiteSpace" : false
    }, {
      "id" : "s0-t20",
      "begin" : 139,
      "end" : 141,
      "text" : "NG",
      "whiteSpace" : false
    }, {
      "id" : "s0-t21",
      "begin" : 142,
      "end" : 145,
      "text" : "OCS",
      "whiteSpace" : false
    }, {
      "id" : "s0-t22",
      "begin" : 146,
      "end" : 155,
      "text" : "Inventory",
      "whiteSpace" : false
    }, {
      "id" : "s0-t23",
      "begin" : 156,
      "end" : 162,
      "text" : "Server",
      "whiteSpace" : false
    }, {
      "id" : "s0-t24",
      "begin" : 163,
      "end" : 170,
      "text" : "through",
      "whiteSpace" : false
    }, {
      "id" : "s0-t25",
      "begin" : 171,
      "end" : 174,
      "text" : "2.5",
      "whiteSpace" : false
    }, {
      "id" : "s0-t26",
      "begin" : 175,
      "end" : 181,
      "text" : "allows",
      "whiteSpace" : false
    }, {
      "id" : "s0-t27",
      "begin" : 182,
      "end" : 183,
      "text" : "a",
      "whiteSpace" : false
    }, {
      "id" : "s0-t28",
      "begin" : 184,
      "end" : 194,
      "text" : "privileged",
      "whiteSpace" : false
    }, {
      "id" : "s0-t29",
      "begin" : 195,
      "end" : 199,
      "text" : "user",
      "whiteSpace" : false
    }, {
      "id" : "s0-t30",
      "begin" : 200,
      "end" : 202,
      "text" : "to",
      "whiteSpace" : false
    }, {
      "id" : "s0-t31",
      "begin" : 203,
      "end" : 207,
      "text" : "gain",
      "whiteSpace" : false
    }, {
      "id" : "s0-t32",
      "begin" : 208,
      "end" : 214,
      "text" : "access",
      "whiteSpace" : false
    }, {
      "id" : "s0-t33",
      "begin" : 215,
      "end" : 217,
      "text" : "to",
      "whiteSpace" : false
    }, {
      "id" : "s0-t34",
      "begin" : 218,
      "end" : 221,
      "text" : "the",
      "whiteSpace" : false
    }, {
      "id" : "s0-t35",
      "begin" : 222,
      "end" : 228,
      "text" : "server",
      "whiteSpace" : false
    }, {
      "id" : "s0-t36",
      "begin" : 229,
      "end" : 232,
      "text" : "via",
      "whiteSpace" : false
    }, {
      "id" : "s0-t37",
      "begin" : 233,
      "end" : 234,
      "text" : "a",
      "whiteSpace" : false
    }, {
      "id" : "s0-t38",
      "begin" : 235,
      "end" : 243,
      "text" : "template",
      "whiteSpace" : false
    }, {
      "id" : "s0-t39",
      "begin" : 244,
      "end" : 248,
      "text" : "file",
      "whiteSpace" : false
    }, {
      "id" : "s0-t40",
      "begin" : 249,
      "end" : 259,
      "text" : "containing",
      "whiteSpace" : false
    }, {
      "id" : "s0-t41",
      "begin" : 260,
      "end" : 263,
      "text" : "PHP",
      "whiteSpace" : false
    }, {
      "id" : "s0-t42",
      "begin" : 264,
      "end" : 268,
      "text" : "code",
      "whiteSpace" : false
    }, {
      "id" : "s0-t43",
      "begin" : 268,
      "end" : 269,
      "text" : ",",
      "whiteSpace" : false
    }, {
      "id" : "s0-t44",
      "begin" : 270,
      "end" : 277,
      "text" : "because",
      "whiteSpace" : false
    }, {
      "id" : "s0-t45",
      "begin" : 278,
      "end" : 282,
      "text" : "file",
      "whiteSpace" : false
    }, {
      "id" : "s0-t46",
      "begin" : 283,
      "end" : 293,
      "text" : "extensions",
      "whiteSpace" : false
    }, {
      "id" : "s0-t47",
      "begin" : 294,
      "end" : 299,
      "text" : "other",
      "whiteSpace" : false
    }, {
      "id" : "s0-t48",
      "begin" : 300,
      "end" : 304,
      "text" : "than",
      "whiteSpace" : false
    }, {
      "id" : "s0-t49",
      "begin" : 305,
      "end" : 310,
      "text" : ".html",
      "whiteSpace" : false
    }, {
      "id" : "s0-t50",
      "begin" : 311,
      "end" : 314,
      "text" : "are",
      "whiteSpace" : false
    }, {
      "id" : "s0-t51",
      "begin" : 315,
      "end" : 324,
      "text" : "permitted",
      "whiteSpace" : false
    }, {
      "id" : "s0-t52",
      "begin" : 324,
      "end" : 325,
      "text" : ".",
      "whiteSpace" : false
    } ]
  }, {
    "id" : "s1",
    "begin" : 326,
    "end" : 687,
    "text" : "| FULLDISC:20180803 CVE-2018-14857 (Unrestricted File Upload (RCE) in OCS Inventory NG Webconsole before 2.5)   |   URL:http://seclists.org/fulldisclosure/2018/Aug/6   |   CONFIRM:https://github.com/OCSInventory-NG/OCSInventory-ocsreports/commit/cc572819e373f7ff81dec61591b6f465b43c5515   |   SECTRACK:1041418   |   URL:http://www.securitytracker.com/id/1041418",
    "tokens" : [ {
      "id" : "s1-t0",
      "begin" : 326,
      "end" : 327,
      "text" : "|",
      "whiteSpace" : false
    }, {
      "id" : "s1-t1",
      "begin" : 328,
      "end" : 336,
      "text" : "FULLDISC",
      "whiteSpace" : false
    }, {
      "id" : "s1-t2",
      "begin" : 336,
      "end" : 337,
      "text" : ":",
      "whiteSpace" : false
    }, {
      "id" : "s1-t3",
      "begin" : 337,
      "end" : 345,
      "text" : "20180803",
      "whiteSpace" : false
    }, {
      "id" : "s1-t4",
      "begin" : 346,
      "end" : 360,
      "text" : "CVE-2018-14857",
      "whiteSpace" : false
    }, {
      "id" : "s1-t5",
      "begin" : 361,
      "end" : 362,
      "text" : "(",
      "whiteSpace" : false
    }, {
      "id" : "s1-t6",
      "begin" : 362,
      "end" : 374,
      "text" : "Unrestricted",
      "whiteSpace" : false
    }, {
      "id" : "s1-t7",
      "begin" : 375,
      "end" : 379,
      "text" : "File",
      "whiteSpace" : false
    }, {
      "id" : "s1-t8",
      "begin" : 380,
      "end" : 386,
      "text" : "Upload",
      "whiteSpace" : false
    }, {
      "id" : "s1-t9",
      "begin" : 387,
      "end" : 388,
      "text" : "(",
      "whiteSpace" : false
    }, {
      "id" : "s1-t10",
      "begin" : 388,
      "end" : 391,
      "text" : "RCE",
      "whiteSpace" : false
    }, {
      "id" : "s1-t11",
      "begin" : 391,
      "end" : 392,
      "text" : ")",
      "whiteSpace" : false
    }, {
      "id" : "s1-t12",
      "begin" : 393,
      "end" : 395,
      "text" : "in",
      "whiteSpace" : false
    }, {
      "id" : "s1-t13",
      "begin" : 396,
      "end" : 399,
      "text" : "OCS",
      "whiteSpace" : false
    }, {
      "id" : "s1-t14",
      "begin" : 400,
      "end" : 409,
      "text" : "Inventory",
      "whiteSpace" : false
    }, {
      "id" : "s1-t15",
      "begin" : 410,
      "end" : 412,
      "text" : "NG",
      "whiteSpace" : false
    }, {
      "id" : "s1-t16",
      "begin" : 413,
      "end" : 423,
      "text" : "Webconsole",
      "whiteSpace" : false
    }, {
      "id" : "s1-t17",
      "begin" : 424,
      "end" : 430,
      "text" : "before",
      "whiteSpace" : false
    }, {
      "id" : "s1-t18",
      "begin" : 431,
      "end" : 434,
      "text" : "2.5",
      "whiteSpace" : false
    }, {
      "id" : "s1-t19",
      "begin" : 434,
      "end" : 435,
      "text" : ")",
      "whiteSpace" : false
    }, {
      "id" : "s1-t20",
      "begin" : 438,
      "end" : 439,
      "text" : "|",
      "whiteSpace" : false
    }, {
      "id" : "s1-t21",
      "begin" : 442,
      "end" : 491,
      "text" : "URL:http://seclists.org/fulldisclosure/2018/Aug/6",
      "whiteSpace" : false
    }, {
      "id" : "s1-t22",
      "begin" : 494,
      "end" : 495,
      "text" : "|",
      "whiteSpace" : false
    }, {
      "id" : "s1-t23",
      "begin" : 498,
      "end" : 612,
      "text" : "CONFIRM:https://github.com/OCSInventory-NG/OCSInventory-ocsreports/commit/cc572819e373f7ff81dec61591b6f465b43c5515",
      "whiteSpace" : false
    }, {
      "id" : "s1-t24",
      "begin" : 615,
      "end" : 616,
      "text" : "|",
      "whiteSpace" : false
    }, {
      "id" : "s1-t25",
      "begin" : 619,
      "end" : 627,
      "text" : "SECTRACK",
      "whiteSpace" : false
    }, {
      "id" : "s1-t26",
      "begin" : 627,
      "end" : 628,
      "text" : ":",
      "whiteSpace" : false
    }, {
      "id" : "s1-t27",
      "begin" : 628,
      "end" : 635,
      "text" : "1041418",
      "whiteSpace" : false
    }, {
      "id" : "s1-t28",
      "begin" : 638,
      "end" : 639,
      "text" : "|",
      "whiteSpace" : false
    }, {
      "id" : "s1-t29",
      "begin" : 642,
      "end" : 680,
      "text" : "URL:http://www.securitytracker.com/id/",
      "whiteSpace" : false
    }, {
      "id" : "s1-t30",
      "begin" : 680,
      "end" : 687,
      "text" : "1041418",
      "whiteSpace" : false
    } ]
  } ],
  "mentions" : [ ],
  "relations" : [ ],
  "corefs" : [ ],
  "typeResolved" : true,
  "userResolved" : false
}