{
  "id" : "5e6b9330-e5c0-11e8-ac51-0ddb2b53e7d9-1",
  "name" : "CVE-2018-14977",
  "createdDate" : 0,
  "version" : 3,
  "text" : "CVE-2018-14977 | An issue was discovered in QCMS 3.0.1. upload/System/Controller/guest.php has XSS, as demonstrated by the name parameter, a different vulnerability than CVE-2018-8070. | MISC:https://github.com/AvaterXXX/QCMS/blob/master/XSS.md",
  "docLength" : 0,
  "language" : "EN",
  "status" : "READY",
  "modifiedDate" : 1541947501633,
  "documentSet" : [ ],
  "preannotation" : [ ],
  "sentences" : [ {
    "id" : "s0",
    "begin" : 0,
    "end" : 55,
    "text" : "CVE-2018-14977 | An issue was discovered in QCMS 3.0.1.",
    "tokens" : [ {
      "id" : "s0-t0",
      "begin" : 0,
      "end" : 14,
      "text" : "CVE-2018-14977",
      "whiteSpace" : false
    }, {
      "id" : "s0-t1",
      "begin" : 15,
      "end" : 16,
      "text" : "|",
      "whiteSpace" : false
    }, {
      "id" : "s0-t2",
      "begin" : 17,
      "end" : 19,
      "text" : "An",
      "whiteSpace" : false
    }, {
      "id" : "s0-t3",
      "begin" : 20,
      "end" : 25,
      "text" : "issue",
      "whiteSpace" : false
    }, {
      "id" : "s0-t4",
      "begin" : 26,
      "end" : 29,
      "text" : "was",
      "whiteSpace" : false
    }, {
      "id" : "s0-t5",
      "begin" : 30,
      "end" : 40,
      "text" : "discovered",
      "whiteSpace" : false
    }, {
      "id" : "s0-t6",
      "begin" : 41,
      "end" : 43,
      "text" : "in",
      "whiteSpace" : false
    }, {
      "id" : "s0-t7",
      "begin" : 44,
      "end" : 48,
      "text" : "QCMS",
      "whiteSpace" : false
    }, {
      "id" : "s0-t8",
      "begin" : 49,
      "end" : 54,
      "text" : "3.0.1",
      "whiteSpace" : false
    }, {
      "id" : "s0-t9",
      "begin" : 54,
      "end" : 55,
      "text" : ".",
      "whiteSpace" : false
    } ]
  }, {
    "id" : "s1",
    "begin" : 56,
    "end" : 184,
    "text" : "upload/System/Controller/guest.php has XSS, as demonstrated by the name parameter, a different vulnerability than CVE-2018-8070.",
    "tokens" : [ {
      "id" : "s1-t0",
      "begin" : 56,
      "end" : 62,
      "text" : "upload",
      "whiteSpace" : false
    }, {
      "id" : "s1-t1",
      "begin" : 62,
      "end" : 63,
      "text" : "/",
      "whiteSpace" : false
    }, {
      "id" : "s1-t2",
      "begin" : 63,
      "end" : 90,
      "text" : "System/Controller/guest.php",
      "whiteSpace" : false
    }, {
      "id" : "s1-t3",
      "begin" : 91,
      "end" : 94,
      "text" : "has",
      "whiteSpace" : false
    }, {
      "id" : "s1-t4",
      "begin" : 95,
      "end" : 98,
      "text" : "XSS",
      "whiteSpace" : false
    }, {
      "id" : "s1-t5",
      "begin" : 98,
      "end" : 99,
      "text" : ",",
      "whiteSpace" : false
    }, {
      "id" : "s1-t6",
      "begin" : 100,
      "end" : 102,
      "text" : "as",
      "whiteSpace" : false
    }, {
      "id" : "s1-t7",
      "begin" : 103,
      "end" : 115,
      "text" : "demonstrated",
      "whiteSpace" : false
    }, {
      "id" : "s1-t8",
      "begin" : 116,
      "end" : 118,
      "text" : "by",
      "whiteSpace" : false
    }, {
      "id" : "s1-t9",
      "begin" : 119,
      "end" : 122,
      "text" : "the",
      "whiteSpace" : false
    }, {
      "id" : "s1-t10",
      "begin" : 123,
      "end" : 127,
      "text" : "name",
      "whiteSpace" : false
    }, {
      "id" : "s1-t11",
      "begin" : 128,
      "end" : 137,
      "text" : "parameter",
      "whiteSpace" : false
    }, {
      "id" : "s1-t12",
      "begin" : 137,
      "end" : 138,
      "text" : ",",
      "whiteSpace" : false
    }, {
      "id" : "s1-t13",
      "begin" : 139,
      "end" : 140,
      "text" : "a",
      "whiteSpace" : false
    }, {
      "id" : "s1-t14",
      "begin" : 141,
      "end" : 150,
      "text" : "different",
      "whiteSpace" : false
    }, {
      "id" : "s1-t15",
      "begin" : 151,
      "end" : 164,
      "text" : "vulnerability",
      "whiteSpace" : false
    }, {
      "id" : "s1-t16",
      "begin" : 165,
      "end" : 169,
      "text" : "than",
      "whiteSpace" : false
    }, {
      "id" : "s1-t17",
      "begin" : 170,
      "end" : 183,
      "text" : "CVE-2018-8070",
      "whiteSpace" : false
    }, {
      "id" : "s1-t18",
      "begin" : 183,
      "end" : 184,
      "text" : ".",
      "whiteSpace" : false
    } ]
  }, {
    "id" : "s2",
    "begin" : 185,
    "end" : 244,
    "text" : "| MISC:https://github.com/AvaterXXX/QCMS/blob/master/XSS.md",
    "tokens" : [ {
      "id" : "s2-t0",
      "begin" : 185,
      "end" : 186,
      "text" : "|",
      "whiteSpace" : false
    }, {
      "id" : "s2-t1",
      "begin" : 187,
      "end" : 244,
      "text" : "MISC:https://github.com/AvaterXXX/QCMS/blob/master/XSS.md",
      "whiteSpace" : false
    } ]
  } ],
  "mentions" : [ ],
  "relations" : [ ],
  "corefs" : [ ],
  "typeResolved" : true,
  "userResolved" : false
}