{
  "id" : "5e6b9330-e5c0-11e8-ac51-0ddb2b53e7d9-97",
  "name" : "CVE-2018-14826",
  "createdDate" : 0,
  "version" : 3,
  "text" : "CVE-2018-14826 | Entes EMG12 versions 2.57 and prior The application uses a web interface where it is possible for an attacker to bypass authentication with a specially crafted URL. This could allow for remote code execution. | MISC:https://ics-cert.us-cert.gov/advisories/ICSA-18-275-03   |   BID:105489   |   URL:http://www.securityfocus.com/bid/105489",
  "docLength" : 0,
  "language" : "EN",
  "status" : "READY",
  "modifiedDate" : 1541947501633,
  "documentSet" : [ ],
  "preannotation" : [ ],
  "sentences" : [ {
    "id" : "s0",
    "begin" : 0,
    "end" : 181,
    "text" : "CVE-2018-14826 | Entes EMG12 versions 2.57 and prior The application uses a web interface where it is possible for an attacker to bypass authentication with a specially crafted URL.",
    "tokens" : [ {
      "id" : "s0-t0",
      "begin" : 0,
      "end" : 14,
      "text" : "CVE-2018-14826",
      "whiteSpace" : false
    }, {
      "id" : "s0-t1",
      "begin" : 15,
      "end" : 16,
      "text" : "|",
      "whiteSpace" : false
    }, {
      "id" : "s0-t2",
      "begin" : 17,
      "end" : 22,
      "text" : "Entes",
      "whiteSpace" : false
    }, {
      "id" : "s0-t3",
      "begin" : 23,
      "end" : 28,
      "text" : "EMG12",
      "whiteSpace" : false
    }, {
      "id" : "s0-t4",
      "begin" : 29,
      "end" : 37,
      "text" : "versions",
      "whiteSpace" : false
    }, {
      "id" : "s0-t5",
      "begin" : 38,
      "end" : 42,
      "text" : "2.57",
      "whiteSpace" : false
    }, {
      "id" : "s0-t6",
      "begin" : 43,
      "end" : 46,
      "text" : "and",
      "whiteSpace" : false
    }, {
      "id" : "s0-t7",
      "begin" : 47,
      "end" : 52,
      "text" : "prior",
      "whiteSpace" : false
    }, {
      "id" : "s0-t8",
      "begin" : 53,
      "end" : 56,
      "text" : "The",
      "whiteSpace" : false
    }, {
      "id" : "s0-t9",
      "begin" : 57,
      "end" : 68,
      "text" : "application",
      "whiteSpace" : false
    }, {
      "id" : "s0-t10",
      "begin" : 69,
      "end" : 73,
      "text" : "uses",
      "whiteSpace" : false
    }, {
      "id" : "s0-t11",
      "begin" : 74,
      "end" : 75,
      "text" : "a",
      "whiteSpace" : false
    }, {
      "id" : "s0-t12",
      "begin" : 76,
      "end" : 79,
      "text" : "web",
      "whiteSpace" : false
    }, {
      "id" : "s0-t13",
      "begin" : 80,
      "end" : 89,
      "text" : "interface",
      "whiteSpace" : false
    }, {
      "id" : "s0-t14",
      "begin" : 90,
      "end" : 95,
      "text" : "where",
      "whiteSpace" : false
    }, {
      "id" : "s0-t15",
      "begin" : 96,
      "end" : 98,
      "text" : "it",
      "whiteSpace" : false
    }, {
      "id" : "s0-t16",
      "begin" : 99,
      "end" : 101,
      "text" : "is",
      "whiteSpace" : false
    }, {
      "id" : "s0-t17",
      "begin" : 102,
      "end" : 110,
      "text" : "possible",
      "whiteSpace" : false
    }, {
      "id" : "s0-t18",
      "begin" : 111,
      "end" : 114,
      "text" : "for",
      "whiteSpace" : false
    }, {
      "id" : "s0-t19",
      "begin" : 115,
      "end" : 117,
      "text" : "an",
      "whiteSpace" : false
    }, {
      "id" : "s0-t20",
      "begin" : 118,
      "end" : 126,
      "text" : "attacker",
      "whiteSpace" : false
    }, {
      "id" : "s0-t21",
      "begin" : 127,
      "end" : 129,
      "text" : "to",
      "whiteSpace" : false
    }, {
      "id" : "s0-t22",
      "begin" : 130,
      "end" : 136,
      "text" : "bypass",
      "whiteSpace" : false
    }, {
      "id" : "s0-t23",
      "begin" : 137,
      "end" : 151,
      "text" : "authentication",
      "whiteSpace" : false
    }, {
      "id" : "s0-t24",
      "begin" : 152,
      "end" : 156,
      "text" : "with",
      "whiteSpace" : false
    }, {
      "id" : "s0-t25",
      "begin" : 157,
      "end" : 158,
      "text" : "a",
      "whiteSpace" : false
    }, {
      "id" : "s0-t26",
      "begin" : 159,
      "end" : 168,
      "text" : "specially",
      "whiteSpace" : false
    }, {
      "id" : "s0-t27",
      "begin" : 169,
      "end" : 176,
      "text" : "crafted",
      "whiteSpace" : false
    }, {
      "id" : "s0-t28",
      "begin" : 177,
      "end" : 180,
      "text" : "URL",
      "whiteSpace" : false
    }, {
      "id" : "s0-t29",
      "begin" : 180,
      "end" : 181,
      "text" : ".",
      "whiteSpace" : false
    } ]
  }, {
    "id" : "s1",
    "begin" : 182,
    "end" : 225,
    "text" : "This could allow for remote code execution.",
    "tokens" : [ {
      "id" : "s1-t0",
      "begin" : 182,
      "end" : 186,
      "text" : "This",
      "whiteSpace" : false
    }, {
      "id" : "s1-t1",
      "begin" : 187,
      "end" : 192,
      "text" : "could",
      "whiteSpace" : false
    }, {
      "id" : "s1-t2",
      "begin" : 193,
      "end" : 198,
      "text" : "allow",
      "whiteSpace" : false
    }, {
      "id" : "s1-t3",
      "begin" : 199,
      "end" : 202,
      "text" : "for",
      "whiteSpace" : false
    }, {
      "id" : "s1-t4",
      "begin" : 203,
      "end" : 209,
      "text" : "remote",
      "whiteSpace" : false
    }, {
      "id" : "s1-t5",
      "begin" : 210,
      "end" : 214,
      "text" : "code",
      "whiteSpace" : false
    }, {
      "id" : "s1-t6",
      "begin" : 215,
      "end" : 224,
      "text" : "execution",
      "whiteSpace" : false
    }, {
      "id" : "s1-t7",
      "begin" : 224,
      "end" : 225,
      "text" : ".",
      "whiteSpace" : false
    } ]
  }, {
    "id" : "s2",
    "begin" : 226,
    "end" : 354,
    "text" : "| MISC:https://ics-cert.us-cert.gov/advisories/ICSA-18-275-03   |   BID:105489   |   URL:http://www.securityfocus.com/bid/105489",
    "tokens" : [ {
      "id" : "s2-t0",
      "begin" : 226,
      "end" : 227,
      "text" : "|",
      "whiteSpace" : false
    }, {
      "id" : "s2-t1",
      "begin" : 228,
      "end" : 287,
      "text" : "MISC:https://ics-cert.us-cert.gov/advisories/ICSA-18-275-03",
      "whiteSpace" : false
    }, {
      "id" : "s2-t2",
      "begin" : 290,
      "end" : 291,
      "text" : "|",
      "whiteSpace" : false
    }, {
      "id" : "s2-t3",
      "begin" : 294,
      "end" : 297,
      "text" : "BID",
      "whiteSpace" : false
    }, {
      "id" : "s2-t4",
      "begin" : 297,
      "end" : 298,
      "text" : ":",
      "whiteSpace" : false
    }, {
      "id" : "s2-t5",
      "begin" : 298,
      "end" : 304,
      "text" : "105489",
      "whiteSpace" : false
    }, {
      "id" : "s2-t6",
      "begin" : 307,
      "end" : 308,
      "text" : "|",
      "whiteSpace" : false
    }, {
      "id" : "s2-t7",
      "begin" : 311,
      "end" : 348,
      "text" : "URL:http://www.securityfocus.com/bid/",
      "whiteSpace" : false
    }, {
      "id" : "s2-t8",
      "begin" : 348,
      "end" : 354,
      "text" : "105489",
      "whiteSpace" : false
    } ]
  } ],
  "mentions" : [ ],
  "relations" : [ ],
  "corefs" : [ ],
  "typeResolved" : true,
  "userResolved" : false
}