{
  "id" : "5e6b9330-e5c0-11e8-ac51-0ddb2b53e7d9-37",
  "name" : "CVE-2018-14942",
  "createdDate" : 0,
  "version" : 3,
  "text" : "CVE-2018-14942 | Harmonic NSG 9000 devices allow remote authenticated users to conduct directory traversal attacks, as demonstrated by \"POST /PY/EMULATION_GET_FILE\" or \"POST /PY/EMULATION_EXPORT\" with FileName=../../../passwd in the POST data. | MISC:https://github.com/pudding2/NSG9000/blob/master/exp.txt",
  "docLength" : 0,
  "language" : "EN",
  "status" : "READY",
  "modifiedDate" : 1541947501633,
  "documentSet" : [ ],
  "preannotation" : [ ],
  "sentences" : [ {
    "id" : "s0",
    "begin" : 0,
    "end" : 243,
    "text" : "CVE-2018-14942 | Harmonic NSG 9000 devices allow remote authenticated users to conduct directory traversal attacks, as demonstrated by \"POST /PY/EMULATION_GET_FILE\" or \"POST /PY/EMULATION_EXPORT\" with FileName=../../../passwd in the POST data.",
    "tokens" : [ {
      "id" : "s0-t0",
      "begin" : 0,
      "end" : 14,
      "text" : "CVE-2018-14942",
      "whiteSpace" : false
    }, {
      "id" : "s0-t1",
      "begin" : 15,
      "end" : 16,
      "text" : "|",
      "whiteSpace" : false
    }, {
      "id" : "s0-t2",
      "begin" : 17,
      "end" : 25,
      "text" : "Harmonic",
      "whiteSpace" : false
    }, {
      "id" : "s0-t3",
      "begin" : 26,
      "end" : 29,
      "text" : "NSG",
      "whiteSpace" : false
    }, {
      "id" : "s0-t4",
      "begin" : 30,
      "end" : 34,
      "text" : "9000",
      "whiteSpace" : false
    }, {
      "id" : "s0-t5",
      "begin" : 35,
      "end" : 42,
      "text" : "devices",
      "whiteSpace" : false
    }, {
      "id" : "s0-t6",
      "begin" : 43,
      "end" : 48,
      "text" : "allow",
      "whiteSpace" : false
    }, {
      "id" : "s0-t7",
      "begin" : 49,
      "end" : 55,
      "text" : "remote",
      "whiteSpace" : false
    }, {
      "id" : "s0-t8",
      "begin" : 56,
      "end" : 69,
      "text" : "authenticated",
      "whiteSpace" : false
    }, {
      "id" : "s0-t9",
      "begin" : 70,
      "end" : 75,
      "text" : "users",
      "whiteSpace" : false
    }, {
      "id" : "s0-t10",
      "begin" : 76,
      "end" : 78,
      "text" : "to",
      "whiteSpace" : false
    }, {
      "id" : "s0-t11",
      "begin" : 79,
      "end" : 86,
      "text" : "conduct",
      "whiteSpace" : false
    }, {
      "id" : "s0-t12",
      "begin" : 87,
      "end" : 96,
      "text" : "directory",
      "whiteSpace" : false
    }, {
      "id" : "s0-t13",
      "begin" : 97,
      "end" : 106,
      "text" : "traversal",
      "whiteSpace" : false
    }, {
      "id" : "s0-t14",
      "begin" : 107,
      "end" : 114,
      "text" : "attacks",
      "whiteSpace" : false
    }, {
      "id" : "s0-t15",
      "begin" : 114,
      "end" : 115,
      "text" : ",",
      "whiteSpace" : false
    }, {
      "id" : "s0-t16",
      "begin" : 116,
      "end" : 118,
      "text" : "as",
      "whiteSpace" : false
    }, {
      "id" : "s0-t17",
      "begin" : 119,
      "end" : 131,
      "text" : "demonstrated",
      "whiteSpace" : false
    }, {
      "id" : "s0-t18",
      "begin" : 132,
      "end" : 134,
      "text" : "by",
      "whiteSpace" : false
    }, {
      "id" : "s0-t19",
      "begin" : 135,
      "end" : 136,
      "text" : "\"",
      "whiteSpace" : false
    }, {
      "id" : "s0-t20",
      "begin" : 136,
      "end" : 140,
      "text" : "POST",
      "whiteSpace" : false
    }, {
      "id" : "s0-t21",
      "begin" : 141,
      "end" : 163,
      "text" : "/PY/EMULATION_GET_FILE",
      "whiteSpace" : false
    }, {
      "id" : "s0-t22",
      "begin" : 163,
      "end" : 164,
      "text" : "\"",
      "whiteSpace" : false
    }, {
      "id" : "s0-t23",
      "begin" : 165,
      "end" : 167,
      "text" : "or",
      "whiteSpace" : false
    }, {
      "id" : "s0-t24",
      "begin" : 168,
      "end" : 169,
      "text" : "\"",
      "whiteSpace" : false
    }, {
      "id" : "s0-t25",
      "begin" : 169,
      "end" : 173,
      "text" : "POST",
      "whiteSpace" : false
    }, {
      "id" : "s0-t26",
      "begin" : 174,
      "end" : 194,
      "text" : "/PY/EMULATION_EXPORT",
      "whiteSpace" : false
    }, {
      "id" : "s0-t27",
      "begin" : 194,
      "end" : 195,
      "text" : "\"",
      "whiteSpace" : false
    }, {
      "id" : "s0-t28",
      "begin" : 196,
      "end" : 200,
      "text" : "with",
      "whiteSpace" : false
    }, {
      "id" : "s0-t29",
      "begin" : 201,
      "end" : 210,
      "text" : "FileName=",
      "whiteSpace" : false
    }, {
      "id" : "s0-t30",
      "begin" : 210,
      "end" : 225,
      "text" : "../../../passwd",
      "whiteSpace" : false
    }, {
      "id" : "s0-t31",
      "begin" : 226,
      "end" : 228,
      "text" : "in",
      "whiteSpace" : false
    }, {
      "id" : "s0-t32",
      "begin" : 229,
      "end" : 232,
      "text" : "the",
      "whiteSpace" : false
    }, {
      "id" : "s0-t33",
      "begin" : 233,
      "end" : 237,
      "text" : "POST",
      "whiteSpace" : false
    }, {
      "id" : "s0-t34",
      "begin" : 238,
      "end" : 242,
      "text" : "data",
      "whiteSpace" : false
    }, {
      "id" : "s0-t35",
      "begin" : 242,
      "end" : 243,
      "text" : ".",
      "whiteSpace" : false
    } ]
  }, {
    "id" : "s1",
    "begin" : 244,
    "end" : 306,
    "text" : "| MISC:https://github.com/pudding2/NSG9000/blob/master/exp.txt",
    "tokens" : [ {
      "id" : "s1-t0",
      "begin" : 244,
      "end" : 245,
      "text" : "|",
      "whiteSpace" : false
    }, {
      "id" : "s1-t1",
      "begin" : 246,
      "end" : 306,
      "text" : "MISC:https://github.com/pudding2/NSG9000/blob/master/exp.txt",
      "whiteSpace" : false
    } ]
  } ],
  "mentions" : [ ],
  "relations" : [ ],
  "corefs" : [ ],
  "typeResolved" : true,
  "userResolved" : false
}