{
  "id" : "5e6b9330-e5c0-11e8-ac51-0ddb2b53e7d9-65",
  "name" : "CVE-2018-14901",
  "createdDate" : 0,
  "version" : 3,
  "text" : "CVE-2018-14901 | The EPSON iPrint application 6.6.3 for Android contains hard-coded API and Secret keys for the Dropbox, Box, Evernote and OneDrive services. | MISC:https://www.vdalabs.com/2018/08/26/epson-printer-vulnerabilities/",
  "docLength" : 0,
  "language" : "EN",
  "status" : "READY",
  "modifiedDate" : 1541947501633,
  "documentSet" : [ ],
  "preannotation" : [ ],
  "sentences" : [ {
    "id" : "s0",
    "begin" : 0,
    "end" : 157,
    "text" : "CVE-2018-14901 | The EPSON iPrint application 6.6.3 for Android contains hard-coded API and Secret keys for the Dropbox, Box, Evernote and OneDrive services.",
    "tokens" : [ {
      "id" : "s0-t0",
      "begin" : 0,
      "end" : 14,
      "text" : "CVE-2018-14901",
      "whiteSpace" : false
    }, {
      "id" : "s0-t1",
      "begin" : 15,
      "end" : 16,
      "text" : "|",
      "whiteSpace" : false
    }, {
      "id" : "s0-t2",
      "begin" : 17,
      "end" : 20,
      "text" : "The",
      "whiteSpace" : false
    }, {
      "id" : "s0-t3",
      "begin" : 21,
      "end" : 26,
      "text" : "EPSON",
      "whiteSpace" : false
    }, {
      "id" : "s0-t4",
      "begin" : 27,
      "end" : 33,
      "text" : "iPrint",
      "whiteSpace" : false
    }, {
      "id" : "s0-t5",
      "begin" : 34,
      "end" : 45,
      "text" : "application",
      "whiteSpace" : false
    }, {
      "id" : "s0-t6",
      "begin" : 46,
      "end" : 51,
      "text" : "6.6.3",
      "whiteSpace" : false
    }, {
      "id" : "s0-t7",
      "begin" : 52,
      "end" : 55,
      "text" : "for",
      "whiteSpace" : false
    }, {
      "id" : "s0-t8",
      "begin" : 56,
      "end" : 63,
      "text" : "Android",
      "whiteSpace" : false
    }, {
      "id" : "s0-t9",
      "begin" : 64,
      "end" : 72,
      "text" : "contains",
      "whiteSpace" : false
    }, {
      "id" : "s0-t10",
      "begin" : 73,
      "end" : 77,
      "text" : "hard",
      "whiteSpace" : false
    }, {
      "id" : "s0-t11",
      "begin" : 77,
      "end" : 78,
      "text" : "-",
      "whiteSpace" : false
    }, {
      "id" : "s0-t12",
      "begin" : 78,
      "end" : 83,
      "text" : "coded",
      "whiteSpace" : false
    }, {
      "id" : "s0-t13",
      "begin" : 84,
      "end" : 87,
      "text" : "API",
      "whiteSpace" : false
    }, {
      "id" : "s0-t14",
      "begin" : 88,
      "end" : 91,
      "text" : "and",
      "whiteSpace" : false
    }, {
      "id" : "s0-t15",
      "begin" : 92,
      "end" : 98,
      "text" : "Secret",
      "whiteSpace" : false
    }, {
      "id" : "s0-t16",
      "begin" : 99,
      "end" : 103,
      "text" : "keys",
      "whiteSpace" : false
    }, {
      "id" : "s0-t17",
      "begin" : 104,
      "end" : 107,
      "text" : "for",
      "whiteSpace" : false
    }, {
      "id" : "s0-t18",
      "begin" : 108,
      "end" : 111,
      "text" : "the",
      "whiteSpace" : false
    }, {
      "id" : "s0-t19",
      "begin" : 112,
      "end" : 119,
      "text" : "Dropbox",
      "whiteSpace" : false
    }, {
      "id" : "s0-t20",
      "begin" : 119,
      "end" : 120,
      "text" : ",",
      "whiteSpace" : false
    }, {
      "id" : "s0-t21",
      "begin" : 121,
      "end" : 124,
      "text" : "Box",
      "whiteSpace" : false
    }, {
      "id" : "s0-t22",
      "begin" : 124,
      "end" : 125,
      "text" : ",",
      "whiteSpace" : false
    }, {
      "id" : "s0-t23",
      "begin" : 126,
      "end" : 134,
      "text" : "Evernote",
      "whiteSpace" : false
    }, {
      "id" : "s0-t24",
      "begin" : 135,
      "end" : 138,
      "text" : "and",
      "whiteSpace" : false
    }, {
      "id" : "s0-t25",
      "begin" : 139,
      "end" : 147,
      "text" : "OneDrive",
      "whiteSpace" : false
    }, {
      "id" : "s0-t26",
      "begin" : 148,
      "end" : 156,
      "text" : "services",
      "whiteSpace" : false
    }, {
      "id" : "s0-t27",
      "begin" : 156,
      "end" : 157,
      "text" : ".",
      "whiteSpace" : false
    } ]
  }, {
    "id" : "s1",
    "begin" : 158,
    "end" : 230,
    "text" : "| MISC:https://www.vdalabs.com/2018/08/26/epson-printer-vulnerabilities/",
    "tokens" : [ {
      "id" : "s1-t0",
      "begin" : 158,
      "end" : 159,
      "text" : "|",
      "whiteSpace" : false
    }, {
      "id" : "s1-t1",
      "begin" : 160,
      "end" : 205,
      "text" : "MISC:https://www.vdalabs.com/2018/08/26/epson",
      "whiteSpace" : false
    }, {
      "id" : "s1-t2",
      "begin" : 205,
      "end" : 206,
      "text" : "-",
      "whiteSpace" : false
    }, {
      "id" : "s1-t3",
      "begin" : 206,
      "end" : 213,
      "text" : "printer",
      "whiteSpace" : false
    }, {
      "id" : "s1-t4",
      "begin" : 213,
      "end" : 214,
      "text" : "-",
      "whiteSpace" : false
    }, {
      "id" : "s1-t5",
      "begin" : 214,
      "end" : 230,
      "text" : "vulnerabilities/",
      "whiteSpace" : false
    } ]
  } ],
  "mentions" : [ ],
  "relations" : [ ],
  "corefs" : [ ],
  "typeResolved" : true,
  "userResolved" : false
}