{
  "id" : "5e6b9330-e5c0-11e8-ac51-0ddb2b53e7d9-19",
  "name" : "CVE-2018-1496",
  "createdDate" : 0,
  "version" : 3,
  "text" : "CVE-2018-1496 | IBM Content Navigator 2.0.3, 3.0.0, 3.0.1, 3.0.2, and 3.0.3 is vulnerable to cross-site scripting. This vulnerability allows users to embed arbitrary JavaScript code in the Web UI thus altering the intended functionality potentially leading to credentials disclosure within a trusted session. IBM X-Force ID: 141219. | CONFIRM:http://www.ibm.com/support/docview.wss?uid=swg22015420   |   BID:104374   |   URL:http://www.securityfocus.com/bid/104374   |   XF:ibm-cmis-cve20181496-xss(141219)   |   URL:https://exchange.xforce.ibmcloud.com/vulnerabilities/141219",
  "docLength" : 0,
  "language" : "EN",
  "status" : "READY",
  "modifiedDate" : 1541947501633,
  "documentSet" : [ ],
  "preannotation" : [ ],
  "sentences" : [ {
    "id" : "s0",
    "begin" : 0,
    "end" : 114,
    "text" : "CVE-2018-1496 | IBM Content Navigator 2.0.3, 3.0.0, 3.0.1, 3.0.2, and 3.0.3 is vulnerable to cross-site scripting.",
    "tokens" : [ {
      "id" : "s0-t0",
      "begin" : 0,
      "end" : 13,
      "text" : "CVE-2018-1496",
      "whiteSpace" : false
    }, {
      "id" : "s0-t1",
      "begin" : 14,
      "end" : 15,
      "text" : "|",
      "whiteSpace" : false
    }, {
      "id" : "s0-t2",
      "begin" : 16,
      "end" : 19,
      "text" : "IBM",
      "whiteSpace" : false
    }, {
      "id" : "s0-t3",
      "begin" : 20,
      "end" : 27,
      "text" : "Content",
      "whiteSpace" : false
    }, {
      "id" : "s0-t4",
      "begin" : 28,
      "end" : 37,
      "text" : "Navigator",
      "whiteSpace" : false
    }, {
      "id" : "s0-t5",
      "begin" : 38,
      "end" : 43,
      "text" : "2.0.3",
      "whiteSpace" : false
    }, {
      "id" : "s0-t6",
      "begin" : 43,
      "end" : 44,
      "text" : ",",
      "whiteSpace" : false
    }, {
      "id" : "s0-t7",
      "begin" : 45,
      "end" : 50,
      "text" : "3.0.0",
      "whiteSpace" : false
    }, {
      "id" : "s0-t8",
      "begin" : 50,
      "end" : 51,
      "text" : ",",
      "whiteSpace" : false
    }, {
      "id" : "s0-t9",
      "begin" : 52,
      "end" : 57,
      "text" : "3.0.1",
      "whiteSpace" : false
    }, {
      "id" : "s0-t10",
      "begin" : 57,
      "end" : 58,
      "text" : ",",
      "whiteSpace" : false
    }, {
      "id" : "s0-t11",
      "begin" : 59,
      "end" : 64,
      "text" : "3.0.2",
      "whiteSpace" : false
    }, {
      "id" : "s0-t12",
      "begin" : 64,
      "end" : 65,
      "text" : ",",
      "whiteSpace" : false
    }, {
      "id" : "s0-t13",
      "begin" : 66,
      "end" : 69,
      "text" : "and",
      "whiteSpace" : false
    }, {
      "id" : "s0-t14",
      "begin" : 70,
      "end" : 75,
      "text" : "3.0.3",
      "whiteSpace" : false
    }, {
      "id" : "s0-t15",
      "begin" : 76,
      "end" : 78,
      "text" : "is",
      "whiteSpace" : false
    }, {
      "id" : "s0-t16",
      "begin" : 79,
      "end" : 89,
      "text" : "vulnerable",
      "whiteSpace" : false
    }, {
      "id" : "s0-t17",
      "begin" : 90,
      "end" : 92,
      "text" : "to",
      "whiteSpace" : false
    }, {
      "id" : "s0-t18",
      "begin" : 93,
      "end" : 98,
      "text" : "cross",
      "whiteSpace" : false
    }, {
      "id" : "s0-t19",
      "begin" : 98,
      "end" : 99,
      "text" : "-",
      "whiteSpace" : false
    }, {
      "id" : "s0-t20",
      "begin" : 99,
      "end" : 103,
      "text" : "site",
      "whiteSpace" : false
    }, {
      "id" : "s0-t21",
      "begin" : 104,
      "end" : 113,
      "text" : "scripting",
      "whiteSpace" : false
    }, {
      "id" : "s0-t22",
      "begin" : 113,
      "end" : 114,
      "text" : ".",
      "whiteSpace" : false
    } ]
  }, {
    "id" : "s1",
    "begin" : 115,
    "end" : 308,
    "text" : "This vulnerability allows users to embed arbitrary JavaScript code in the Web UI thus altering the intended functionality potentially leading to credentials disclosure within a trusted session.",
    "tokens" : [ {
      "id" : "s1-t0",
      "begin" : 115,
      "end" : 119,
      "text" : "This",
      "whiteSpace" : false
    }, {
      "id" : "s1-t1",
      "begin" : 120,
      "end" : 133,
      "text" : "vulnerability",
      "whiteSpace" : false
    }, {
      "id" : "s1-t2",
      "begin" : 134,
      "end" : 140,
      "text" : "allows",
      "whiteSpace" : false
    }, {
      "id" : "s1-t3",
      "begin" : 141,
      "end" : 146,
      "text" : "users",
      "whiteSpace" : false
    }, {
      "id" : "s1-t4",
      "begin" : 147,
      "end" : 149,
      "text" : "to",
      "whiteSpace" : false
    }, {
      "id" : "s1-t5",
      "begin" : 150,
      "end" : 155,
      "text" : "embed",
      "whiteSpace" : false
    }, {
      "id" : "s1-t6",
      "begin" : 156,
      "end" : 165,
      "text" : "arbitrary",
      "whiteSpace" : false
    }, {
      "id" : "s1-t7",
      "begin" : 166,
      "end" : 176,
      "text" : "JavaScript",
      "whiteSpace" : false
    }, {
      "id" : "s1-t8",
      "begin" : 177,
      "end" : 181,
      "text" : "code",
      "whiteSpace" : false
    }, {
      "id" : "s1-t9",
      "begin" : 182,
      "end" : 184,
      "text" : "in",
      "whiteSpace" : false
    }, {
      "id" : "s1-t10",
      "begin" : 185,
      "end" : 188,
      "text" : "the",
      "whiteSpace" : false
    }, {
      "id" : "s1-t11",
      "begin" : 189,
      "end" : 192,
      "text" : "Web",
      "whiteSpace" : false
    }, {
      "id" : "s1-t12",
      "begin" : 193,
      "end" : 195,
      "text" : "UI",
      "whiteSpace" : false
    }, {
      "id" : "s1-t13",
      "begin" : 196,
      "end" : 200,
      "text" : "thus",
      "whiteSpace" : false
    }, {
      "id" : "s1-t14",
      "begin" : 201,
      "end" : 209,
      "text" : "altering",
      "whiteSpace" : false
    }, {
      "id" : "s1-t15",
      "begin" : 210,
      "end" : 213,
      "text" : "the",
      "whiteSpace" : false
    }, {
      "id" : "s1-t16",
      "begin" : 214,
      "end" : 222,
      "text" : "intended",
      "whiteSpace" : false
    }, {
      "id" : "s1-t17",
      "begin" : 223,
      "end" : 236,
      "text" : "functionality",
      "whiteSpace" : false
    }, {
      "id" : "s1-t18",
      "begin" : 237,
      "end" : 248,
      "text" : "potentially",
      "whiteSpace" : false
    }, {
      "id" : "s1-t19",
      "begin" : 249,
      "end" : 256,
      "text" : "leading",
      "whiteSpace" : false
    }, {
      "id" : "s1-t20",
      "begin" : 257,
      "end" : 259,
      "text" : "to",
      "whiteSpace" : false
    }, {
      "id" : "s1-t21",
      "begin" : 260,
      "end" : 271,
      "text" : "credentials",
      "whiteSpace" : false
    }, {
      "id" : "s1-t22",
      "begin" : 272,
      "end" : 282,
      "text" : "disclosure",
      "whiteSpace" : false
    }, {
      "id" : "s1-t23",
      "begin" : 283,
      "end" : 289,
      "text" : "within",
      "whiteSpace" : false
    }, {
      "id" : "s1-t24",
      "begin" : 290,
      "end" : 291,
      "text" : "a",
      "whiteSpace" : false
    }, {
      "id" : "s1-t25",
      "begin" : 292,
      "end" : 299,
      "text" : "trusted",
      "whiteSpace" : false
    }, {
      "id" : "s1-t26",
      "begin" : 300,
      "end" : 307,
      "text" : "session",
      "whiteSpace" : false
    }, {
      "id" : "s1-t27",
      "begin" : 307,
      "end" : 308,
      "text" : ".",
      "whiteSpace" : false
    } ]
  }, {
    "id" : "s2",
    "begin" : 309,
    "end" : 332,
    "text" : "IBM X-Force ID: 141219.",
    "tokens" : [ {
      "id" : "s2-t0",
      "begin" : 309,
      "end" : 312,
      "text" : "IBM",
      "whiteSpace" : false
    }, {
      "id" : "s2-t1",
      "begin" : 313,
      "end" : 320,
      "text" : "X-Force",
      "whiteSpace" : false
    }, {
      "id" : "s2-t2",
      "begin" : 321,
      "end" : 323,
      "text" : "ID",
      "whiteSpace" : false
    }, {
      "id" : "s2-t3",
      "begin" : 323,
      "end" : 324,
      "text" : ":",
      "whiteSpace" : false
    }, {
      "id" : "s2-t4",
      "begin" : 325,
      "end" : 331,
      "text" : "141219",
      "whiteSpace" : false
    }, {
      "id" : "s2-t5",
      "begin" : 331,
      "end" : 332,
      "text" : ".",
      "whiteSpace" : false
    } ]
  }, {
    "id" : "s3",
    "begin" : 333,
    "end" : 576,
    "text" : "| CONFIRM:http://www.ibm.com/support/docview.wss?uid=swg22015420   |   BID:104374   |   URL:http://www.securityfocus.com/bid/104374   |   XF:ibm-cmis-cve20181496-xss(141219)   |   URL:https://exchange.xforce.ibmcloud.com/vulnerabilities/141219",
    "tokens" : [ {
      "id" : "s3-t0",
      "begin" : 333,
      "end" : 334,
      "text" : "|",
      "whiteSpace" : false
    }, {
      "id" : "s3-t1",
      "begin" : 335,
      "end" : 397,
      "text" : "CONFIRM:http://www.ibm.com/support/docview.wss?uid=swg22015420",
      "whiteSpace" : false
    }, {
      "id" : "s3-t2",
      "begin" : 400,
      "end" : 401,
      "text" : "|",
      "whiteSpace" : false
    }, {
      "id" : "s3-t3",
      "begin" : 404,
      "end" : 407,
      "text" : "BID",
      "whiteSpace" : false
    }, {
      "id" : "s3-t4",
      "begin" : 407,
      "end" : 408,
      "text" : ":",
      "whiteSpace" : false
    }, {
      "id" : "s3-t5",
      "begin" : 408,
      "end" : 414,
      "text" : "104374",
      "whiteSpace" : false
    }, {
      "id" : "s3-t6",
      "begin" : 417,
      "end" : 418,
      "text" : "|",
      "whiteSpace" : false
    }, {
      "id" : "s3-t7",
      "begin" : 421,
      "end" : 458,
      "text" : "URL:http://www.securityfocus.com/bid/",
      "whiteSpace" : false
    }, {
      "id" : "s3-t8",
      "begin" : 458,
      "end" : 464,
      "text" : "104374",
      "whiteSpace" : false
    }, {
      "id" : "s3-t9",
      "begin" : 467,
      "end" : 468,
      "text" : "|",
      "whiteSpace" : false
    }, {
      "id" : "s3-t10",
      "begin" : 471,
      "end" : 473,
      "text" : "XF",
      "whiteSpace" : false
    }, {
      "id" : "s3-t11",
      "begin" : 473,
      "end" : 477,
      "text" : ":ibm",
      "whiteSpace" : false
    }, {
      "id" : "s3-t12",
      "begin" : 477,
      "end" : 478,
      "text" : "-",
      "whiteSpace" : false
    }, {
      "id" : "s3-t13",
      "begin" : 478,
      "end" : 482,
      "text" : "cmis",
      "whiteSpace" : false
    }, {
      "id" : "s3-t14",
      "begin" : 482,
      "end" : 483,
      "text" : "-",
      "whiteSpace" : false
    }, {
      "id" : "s3-t15",
      "begin" : 483,
      "end" : 494,
      "text" : "cve20181496",
      "whiteSpace" : false
    }, {
      "id" : "s3-t16",
      "begin" : 494,
      "end" : 495,
      "text" : "-",
      "whiteSpace" : false
    }, {
      "id" : "s3-t17",
      "begin" : 495,
      "end" : 498,
      "text" : "xss",
      "whiteSpace" : false
    }, {
      "id" : "s3-t18",
      "begin" : 498,
      "end" : 499,
      "text" : "(",
      "whiteSpace" : false
    }, {
      "id" : "s3-t19",
      "begin" : 499,
      "end" : 505,
      "text" : "141219",
      "whiteSpace" : false
    }, {
      "id" : "s3-t20",
      "begin" : 505,
      "end" : 506,
      "text" : ")",
      "whiteSpace" : false
    }, {
      "id" : "s3-t21",
      "begin" : 509,
      "end" : 510,
      "text" : "|",
      "whiteSpace" : false
    }, {
      "id" : "s3-t22",
      "begin" : 513,
      "end" : 570,
      "text" : "URL:https://exchange.xforce.ibmcloud.com/vulnerabilities/",
      "whiteSpace" : false
    }, {
      "id" : "s3-t23",
      "begin" : 570,
      "end" : 576,
      "text" : "141219",
      "whiteSpace" : false
    } ]
  } ],
  "mentions" : [ ],
  "relations" : [ ],
  "corefs" : [ ],
  "typeResolved" : true,
  "userResolved" : false
}