{
  "id" : "5e6b9330-e5c0-11e8-ac51-0ddb2b53e7d9-42",
  "name" : "CVE-2018-14938",
  "createdDate" : 0,
  "version" : 3,
  "text" : "CVE-2018-14938 | An issue was discovered in wifipcap/wifipcap.cpp in TCPFLOW through 1.5.0-alpha. There is an integer overflow in the function handle_prism during caplen processing. If the caplen is less than 144, one can cause an integer overflow in the function handle_80211, which will result in an out-of-bounds read and may allow access to sensitive memory (or a denial of service). | MISC:https://github.com/simsong/tcpflow/commit/a4e1cd14eb5ccc51ed271b65b3420f7d692c40eb   |   MISC:https://github.com/simsong/tcpflow/issues/182",
  "docLength" : 0,
  "language" : "EN",
  "status" : "READY",
  "modifiedDate" : 1541947501633,
  "documentSet" : [ ],
  "preannotation" : [ ],
  "sentences" : [ {
    "id" : "s0",
    "begin" : 0,
    "end" : 97,
    "text" : "CVE-2018-14938 | An issue was discovered in wifipcap/wifipcap.cpp in TCPFLOW through 1.5.0-alpha.",
    "tokens" : [ {
      "id" : "s0-t0",
      "begin" : 0,
      "end" : 14,
      "text" : "CVE-2018-14938",
      "whiteSpace" : false
    }, {
      "id" : "s0-t1",
      "begin" : 15,
      "end" : 16,
      "text" : "|",
      "whiteSpace" : false
    }, {
      "id" : "s0-t2",
      "begin" : 17,
      "end" : 19,
      "text" : "An",
      "whiteSpace" : false
    }, {
      "id" : "s0-t3",
      "begin" : 20,
      "end" : 25,
      "text" : "issue",
      "whiteSpace" : false
    }, {
      "id" : "s0-t4",
      "begin" : 26,
      "end" : 29,
      "text" : "was",
      "whiteSpace" : false
    }, {
      "id" : "s0-t5",
      "begin" : 30,
      "end" : 40,
      "text" : "discovered",
      "whiteSpace" : false
    }, {
      "id" : "s0-t6",
      "begin" : 41,
      "end" : 43,
      "text" : "in",
      "whiteSpace" : false
    }, {
      "id" : "s0-t7",
      "begin" : 44,
      "end" : 65,
      "text" : "wifipcap/wifipcap.cpp",
      "whiteSpace" : false
    }, {
      "id" : "s0-t8",
      "begin" : 66,
      "end" : 68,
      "text" : "in",
      "whiteSpace" : false
    }, {
      "id" : "s0-t9",
      "begin" : 69,
      "end" : 76,
      "text" : "TCPFLOW",
      "whiteSpace" : false
    }, {
      "id" : "s0-t10",
      "begin" : 77,
      "end" : 84,
      "text" : "through",
      "whiteSpace" : false
    }, {
      "id" : "s0-t11",
      "begin" : 85,
      "end" : 90,
      "text" : "1.5.0",
      "whiteSpace" : false
    }, {
      "id" : "s0-t12",
      "begin" : 90,
      "end" : 96,
      "text" : "-alpha",
      "whiteSpace" : false
    }, {
      "id" : "s0-t13",
      "begin" : 96,
      "end" : 97,
      "text" : ".",
      "whiteSpace" : false
    } ]
  }, {
    "id" : "s1",
    "begin" : 98,
    "end" : 181,
    "text" : "There is an integer overflow in the function handle_prism during caplen processing.",
    "tokens" : [ {
      "id" : "s1-t0",
      "begin" : 98,
      "end" : 103,
      "text" : "There",
      "whiteSpace" : false
    }, {
      "id" : "s1-t1",
      "begin" : 104,
      "end" : 106,
      "text" : "is",
      "whiteSpace" : false
    }, {
      "id" : "s1-t2",
      "begin" : 107,
      "end" : 109,
      "text" : "an",
      "whiteSpace" : false
    }, {
      "id" : "s1-t3",
      "begin" : 110,
      "end" : 117,
      "text" : "integer",
      "whiteSpace" : false
    }, {
      "id" : "s1-t4",
      "begin" : 118,
      "end" : 126,
      "text" : "overflow",
      "whiteSpace" : false
    }, {
      "id" : "s1-t5",
      "begin" : 127,
      "end" : 129,
      "text" : "in",
      "whiteSpace" : false
    }, {
      "id" : "s1-t6",
      "begin" : 130,
      "end" : 133,
      "text" : "the",
      "whiteSpace" : false
    }, {
      "id" : "s1-t7",
      "begin" : 134,
      "end" : 142,
      "text" : "function",
      "whiteSpace" : false
    }, {
      "id" : "s1-t8",
      "begin" : 143,
      "end" : 155,
      "text" : "handle_prism",
      "whiteSpace" : false
    }, {
      "id" : "s1-t9",
      "begin" : 156,
      "end" : 162,
      "text" : "during",
      "whiteSpace" : false
    }, {
      "id" : "s1-t10",
      "begin" : 163,
      "end" : 169,
      "text" : "caplen",
      "whiteSpace" : false
    }, {
      "id" : "s1-t11",
      "begin" : 170,
      "end" : 180,
      "text" : "processing",
      "whiteSpace" : false
    }, {
      "id" : "s1-t12",
      "begin" : 180,
      "end" : 181,
      "text" : ".",
      "whiteSpace" : false
    } ]
  }, {
    "id" : "s2",
    "begin" : 182,
    "end" : 387,
    "text" : "If the caplen is less than 144, one can cause an integer overflow in the function handle_80211, which will result in an out-of-bounds read and may allow access to sensitive memory (or a denial of service).",
    "tokens" : [ {
      "id" : "s2-t0",
      "begin" : 182,
      "end" : 184,
      "text" : "If",
      "whiteSpace" : false
    }, {
      "id" : "s2-t1",
      "begin" : 185,
      "end" : 188,
      "text" : "the",
      "whiteSpace" : false
    }, {
      "id" : "s2-t2",
      "begin" : 189,
      "end" : 195,
      "text" : "caplen",
      "whiteSpace" : false
    }, {
      "id" : "s2-t3",
      "begin" : 196,
      "end" : 198,
      "text" : "is",
      "whiteSpace" : false
    }, {
      "id" : "s2-t4",
      "begin" : 199,
      "end" : 203,
      "text" : "less",
      "whiteSpace" : false
    }, {
      "id" : "s2-t5",
      "begin" : 204,
      "end" : 208,
      "text" : "than",
      "whiteSpace" : false
    }, {
      "id" : "s2-t6",
      "begin" : 209,
      "end" : 212,
      "text" : "144",
      "whiteSpace" : false
    }, {
      "id" : "s2-t7",
      "begin" : 212,
      "end" : 213,
      "text" : ",",
      "whiteSpace" : false
    }, {
      "id" : "s2-t8",
      "begin" : 214,
      "end" : 217,
      "text" : "one",
      "whiteSpace" : false
    }, {
      "id" : "s2-t9",
      "begin" : 218,
      "end" : 221,
      "text" : "can",
      "whiteSpace" : false
    }, {
      "id" : "s2-t10",
      "begin" : 222,
      "end" : 227,
      "text" : "cause",
      "whiteSpace" : false
    }, {
      "id" : "s2-t11",
      "begin" : 228,
      "end" : 230,
      "text" : "an",
      "whiteSpace" : false
    }, {
      "id" : "s2-t12",
      "begin" : 231,
      "end" : 238,
      "text" : "integer",
      "whiteSpace" : false
    }, {
      "id" : "s2-t13",
      "begin" : 239,
      "end" : 247,
      "text" : "overflow",
      "whiteSpace" : false
    }, {
      "id" : "s2-t14",
      "begin" : 248,
      "end" : 250,
      "text" : "in",
      "whiteSpace" : false
    }, {
      "id" : "s2-t15",
      "begin" : 251,
      "end" : 254,
      "text" : "the",
      "whiteSpace" : false
    }, {
      "id" : "s2-t16",
      "begin" : 255,
      "end" : 263,
      "text" : "function",
      "whiteSpace" : false
    }, {
      "id" : "s2-t17",
      "begin" : 264,
      "end" : 276,
      "text" : "handle_80211",
      "whiteSpace" : false
    }, {
      "id" : "s2-t18",
      "begin" : 276,
      "end" : 277,
      "text" : ",",
      "whiteSpace" : false
    }, {
      "id" : "s2-t19",
      "begin" : 278,
      "end" : 283,
      "text" : "which",
      "whiteSpace" : false
    }, {
      "id" : "s2-t20",
      "begin" : 284,
      "end" : 288,
      "text" : "will",
      "whiteSpace" : false
    }, {
      "id" : "s2-t21",
      "begin" : 289,
      "end" : 295,
      "text" : "result",
      "whiteSpace" : false
    }, {
      "id" : "s2-t22",
      "begin" : 296,
      "end" : 298,
      "text" : "in",
      "whiteSpace" : false
    }, {
      "id" : "s2-t23",
      "begin" : 299,
      "end" : 301,
      "text" : "an",
      "whiteSpace" : false
    }, {
      "id" : "s2-t24",
      "begin" : 302,
      "end" : 315,
      "text" : "out-of-bounds",
      "whiteSpace" : false
    }, {
      "id" : "s2-t25",
      "begin" : 316,
      "end" : 320,
      "text" : "read",
      "whiteSpace" : false
    }, {
      "id" : "s2-t26",
      "begin" : 321,
      "end" : 324,
      "text" : "and",
      "whiteSpace" : false
    }, {
      "id" : "s2-t27",
      "begin" : 325,
      "end" : 328,
      "text" : "may",
      "whiteSpace" : false
    }, {
      "id" : "s2-t28",
      "begin" : 329,
      "end" : 334,
      "text" : "allow",
      "whiteSpace" : false
    }, {
      "id" : "s2-t29",
      "begin" : 335,
      "end" : 341,
      "text" : "access",
      "whiteSpace" : false
    }, {
      "id" : "s2-t30",
      "begin" : 342,
      "end" : 344,
      "text" : "to",
      "whiteSpace" : false
    }, {
      "id" : "s2-t31",
      "begin" : 345,
      "end" : 354,
      "text" : "sensitive",
      "whiteSpace" : false
    }, {
      "id" : "s2-t32",
      "begin" : 355,
      "end" : 361,
      "text" : "memory",
      "whiteSpace" : false
    }, {
      "id" : "s2-t33",
      "begin" : 362,
      "end" : 363,
      "text" : "(",
      "whiteSpace" : false
    }, {
      "id" : "s2-t34",
      "begin" : 363,
      "end" : 365,
      "text" : "or",
      "whiteSpace" : false
    }, {
      "id" : "s2-t35",
      "begin" : 366,
      "end" : 367,
      "text" : "a",
      "whiteSpace" : false
    }, {
      "id" : "s2-t36",
      "begin" : 368,
      "end" : 374,
      "text" : "denial",
      "whiteSpace" : false
    }, {
      "id" : "s2-t37",
      "begin" : 375,
      "end" : 377,
      "text" : "of",
      "whiteSpace" : false
    }, {
      "id" : "s2-t38",
      "begin" : 378,
      "end" : 385,
      "text" : "service",
      "whiteSpace" : false
    }, {
      "id" : "s2-t39",
      "begin" : 385,
      "end" : 386,
      "text" : ")",
      "whiteSpace" : false
    }, {
      "id" : "s2-t40",
      "begin" : 386,
      "end" : 387,
      "text" : ".",
      "whiteSpace" : false
    } ]
  }, {
    "id" : "s3",
    "begin" : 388,
    "end" : 534,
    "text" : "| MISC:https://github.com/simsong/tcpflow/commit/a4e1cd14eb5ccc51ed271b65b3420f7d692c40eb   |   MISC:https://github.com/simsong/tcpflow/issues/182",
    "tokens" : [ {
      "id" : "s3-t0",
      "begin" : 388,
      "end" : 389,
      "text" : "|",
      "whiteSpace" : false
    }, {
      "id" : "s3-t1",
      "begin" : 390,
      "end" : 477,
      "text" : "MISC:https://github.com/simsong/tcpflow/commit/a4e1cd14eb5ccc51ed271b65b3420f7d692c40eb",
      "whiteSpace" : false
    }, {
      "id" : "s3-t2",
      "begin" : 480,
      "end" : 481,
      "text" : "|",
      "whiteSpace" : false
    }, {
      "id" : "s3-t3",
      "begin" : 484,
      "end" : 531,
      "text" : "MISC:https://github.com/simsong/tcpflow/issues/",
      "whiteSpace" : false
    }, {
      "id" : "s3-t4",
      "begin" : 531,
      "end" : 534,
      "text" : "182",
      "whiteSpace" : false
    } ]
  } ],
  "mentions" : [ ],
  "relations" : [ ],
  "corefs" : [ ],
  "typeResolved" : true,
  "userResolved" : false
}