{
  "id" : "5e6b9330-e5c0-11e8-ac51-0ddb2b53e7d9-111",
  "name" : "CVE-2018-14811",
  "createdDate" : 0,
  "version" : 3,
  "text" : "CVE-2018-14811 | Fuji Electric V-Server 4.0.3.0 and prior, Multiple untrusted pointer dereference vulnerabilities have been identified, which may allow remote code execution. | MISC:https://ics-cert.us-cert.gov/advisories/ICSA-18-254-01   |   BID:105341   |   URL:http://www.securityfocus.com/bid/105341",
  "docLength" : 0,
  "language" : "EN",
  "status" : "READY",
  "modifiedDate" : 1541947501633,
  "documentSet" : [ ],
  "preannotation" : [ ],
  "sentences" : [ {
    "id" : "s0",
    "begin" : 0,
    "end" : 174,
    "text" : "CVE-2018-14811 | Fuji Electric V-Server 4.0.3.0 and prior, Multiple untrusted pointer dereference vulnerabilities have been identified, which may allow remote code execution.",
    "tokens" : [ {
      "id" : "s0-t0",
      "begin" : 0,
      "end" : 14,
      "text" : "CVE-2018-14811",
      "whiteSpace" : false
    }, {
      "id" : "s0-t1",
      "begin" : 15,
      "end" : 16,
      "text" : "|",
      "whiteSpace" : false
    }, {
      "id" : "s0-t2",
      "begin" : 17,
      "end" : 21,
      "text" : "Fuji",
      "whiteSpace" : false
    }, {
      "id" : "s0-t3",
      "begin" : 22,
      "end" : 30,
      "text" : "Electric",
      "whiteSpace" : false
    }, {
      "id" : "s0-t4",
      "begin" : 31,
      "end" : 39,
      "text" : "V-Server",
      "whiteSpace" : false
    }, {
      "id" : "s0-t5",
      "begin" : 40,
      "end" : 47,
      "text" : "4.0.3.0",
      "whiteSpace" : false
    }, {
      "id" : "s0-t6",
      "begin" : 48,
      "end" : 51,
      "text" : "and",
      "whiteSpace" : false
    }, {
      "id" : "s0-t7",
      "begin" : 52,
      "end" : 57,
      "text" : "prior",
      "whiteSpace" : false
    }, {
      "id" : "s0-t8",
      "begin" : 57,
      "end" : 58,
      "text" : ",",
      "whiteSpace" : false
    }, {
      "id" : "s0-t9",
      "begin" : 59,
      "end" : 67,
      "text" : "Multiple",
      "whiteSpace" : false
    }, {
      "id" : "s0-t10",
      "begin" : 68,
      "end" : 77,
      "text" : "untrusted",
      "whiteSpace" : false
    }, {
      "id" : "s0-t11",
      "begin" : 78,
      "end" : 85,
      "text" : "pointer",
      "whiteSpace" : false
    }, {
      "id" : "s0-t12",
      "begin" : 86,
      "end" : 97,
      "text" : "dereference",
      "whiteSpace" : false
    }, {
      "id" : "s0-t13",
      "begin" : 98,
      "end" : 113,
      "text" : "vulnerabilities",
      "whiteSpace" : false
    }, {
      "id" : "s0-t14",
      "begin" : 114,
      "end" : 118,
      "text" : "have",
      "whiteSpace" : false
    }, {
      "id" : "s0-t15",
      "begin" : 119,
      "end" : 123,
      "text" : "been",
      "whiteSpace" : false
    }, {
      "id" : "s0-t16",
      "begin" : 124,
      "end" : 134,
      "text" : "identified",
      "whiteSpace" : false
    }, {
      "id" : "s0-t17",
      "begin" : 134,
      "end" : 135,
      "text" : ",",
      "whiteSpace" : false
    }, {
      "id" : "s0-t18",
      "begin" : 136,
      "end" : 141,
      "text" : "which",
      "whiteSpace" : false
    }, {
      "id" : "s0-t19",
      "begin" : 142,
      "end" : 145,
      "text" : "may",
      "whiteSpace" : false
    }, {
      "id" : "s0-t20",
      "begin" : 146,
      "end" : 151,
      "text" : "allow",
      "whiteSpace" : false
    }, {
      "id" : "s0-t21",
      "begin" : 152,
      "end" : 158,
      "text" : "remote",
      "whiteSpace" : false
    }, {
      "id" : "s0-t22",
      "begin" : 159,
      "end" : 163,
      "text" : "code",
      "whiteSpace" : false
    }, {
      "id" : "s0-t23",
      "begin" : 164,
      "end" : 173,
      "text" : "execution",
      "whiteSpace" : false
    }, {
      "id" : "s0-t24",
      "begin" : 173,
      "end" : 174,
      "text" : ".",
      "whiteSpace" : false
    } ]
  }, {
    "id" : "s1",
    "begin" : 175,
    "end" : 303,
    "text" : "| MISC:https://ics-cert.us-cert.gov/advisories/ICSA-18-254-01   |   BID:105341   |   URL:http://www.securityfocus.com/bid/105341",
    "tokens" : [ {
      "id" : "s1-t0",
      "begin" : 175,
      "end" : 176,
      "text" : "|",
      "whiteSpace" : false
    }, {
      "id" : "s1-t1",
      "begin" : 177,
      "end" : 236,
      "text" : "MISC:https://ics-cert.us-cert.gov/advisories/ICSA-18-254-01",
      "whiteSpace" : false
    }, {
      "id" : "s1-t2",
      "begin" : 239,
      "end" : 240,
      "text" : "|",
      "whiteSpace" : false
    }, {
      "id" : "s1-t3",
      "begin" : 243,
      "end" : 246,
      "text" : "BID",
      "whiteSpace" : false
    }, {
      "id" : "s1-t4",
      "begin" : 246,
      "end" : 247,
      "text" : ":",
      "whiteSpace" : false
    }, {
      "id" : "s1-t5",
      "begin" : 247,
      "end" : 253,
      "text" : "105341",
      "whiteSpace" : false
    }, {
      "id" : "s1-t6",
      "begin" : 256,
      "end" : 257,
      "text" : "|",
      "whiteSpace" : false
    }, {
      "id" : "s1-t7",
      "begin" : 260,
      "end" : 297,
      "text" : "URL:http://www.securityfocus.com/bid/",
      "whiteSpace" : false
    }, {
      "id" : "s1-t8",
      "begin" : 297,
      "end" : 303,
      "text" : "105341",
      "whiteSpace" : false
    } ]
  } ],
  "mentions" : [ ],
  "relations" : [ ],
  "corefs" : [ ],
  "typeResolved" : true,
  "userResolved" : false
}