{
  "id" : "5e6b9330-e5c0-11e8-ac51-0ddb2b53e7d9-117",
  "name" : "CVE-2018-14805",
  "createdDate" : 0,
  "version" : 3,
  "text" : "CVE-2018-14805 | ABB eSOMS version 6.0.2 may allow unauthorized access to the system when LDAP is set to allow anonymous authentication, and specific key values within the eSOMS web.config file are present. Both conditions are required to exploit this vulnerability. | MISC:https://ics-cert.us-cert.gov/advisories/ICSA-18-240-04   |   CONFIRM:https://search.abb.com/library/Download.aspx?DocumentID=9AKK107046A5821&LanguageCode=en&DocumentPartId=&Action=Launch   |   BID:105169   |   URL:http://www.securityfocus.com/bid/105169",
  "docLength" : 0,
  "language" : "EN",
  "status" : "READY",
  "modifiedDate" : 1541947501633,
  "documentSet" : [ ],
  "preannotation" : [ ],
  "sentences" : [ {
    "id" : "s0",
    "begin" : 0,
    "end" : 206,
    "text" : "CVE-2018-14805 | ABB eSOMS version 6.0.2 may allow unauthorized access to the system when LDAP is set to allow anonymous authentication, and specific key values within the eSOMS web.config file are present.",
    "tokens" : [ {
      "id" : "s0-t0",
      "begin" : 0,
      "end" : 14,
      "text" : "CVE-2018-14805",
      "whiteSpace" : false
    }, {
      "id" : "s0-t1",
      "begin" : 15,
      "end" : 16,
      "text" : "|",
      "whiteSpace" : false
    }, {
      "id" : "s0-t2",
      "begin" : 17,
      "end" : 20,
      "text" : "ABB",
      "whiteSpace" : false
    }, {
      "id" : "s0-t3",
      "begin" : 21,
      "end" : 26,
      "text" : "eSOMS",
      "whiteSpace" : false
    }, {
      "id" : "s0-t4",
      "begin" : 27,
      "end" : 34,
      "text" : "version",
      "whiteSpace" : false
    }, {
      "id" : "s0-t5",
      "begin" : 35,
      "end" : 40,
      "text" : "6.0.2",
      "whiteSpace" : false
    }, {
      "id" : "s0-t6",
      "begin" : 41,
      "end" : 44,
      "text" : "may",
      "whiteSpace" : false
    }, {
      "id" : "s0-t7",
      "begin" : 45,
      "end" : 50,
      "text" : "allow",
      "whiteSpace" : false
    }, {
      "id" : "s0-t8",
      "begin" : 51,
      "end" : 63,
      "text" : "unauthorized",
      "whiteSpace" : false
    }, {
      "id" : "s0-t9",
      "begin" : 64,
      "end" : 70,
      "text" : "access",
      "whiteSpace" : false
    }, {
      "id" : "s0-t10",
      "begin" : 71,
      "end" : 73,
      "text" : "to",
      "whiteSpace" : false
    }, {
      "id" : "s0-t11",
      "begin" : 74,
      "end" : 77,
      "text" : "the",
      "whiteSpace" : false
    }, {
      "id" : "s0-t12",
      "begin" : 78,
      "end" : 84,
      "text" : "system",
      "whiteSpace" : false
    }, {
      "id" : "s0-t13",
      "begin" : 85,
      "end" : 89,
      "text" : "when",
      "whiteSpace" : false
    }, {
      "id" : "s0-t14",
      "begin" : 90,
      "end" : 94,
      "text" : "LDAP",
      "whiteSpace" : false
    }, {
      "id" : "s0-t15",
      "begin" : 95,
      "end" : 97,
      "text" : "is",
      "whiteSpace" : false
    }, {
      "id" : "s0-t16",
      "begin" : 98,
      "end" : 101,
      "text" : "set",
      "whiteSpace" : false
    }, {
      "id" : "s0-t17",
      "begin" : 102,
      "end" : 104,
      "text" : "to",
      "whiteSpace" : false
    }, {
      "id" : "s0-t18",
      "begin" : 105,
      "end" : 110,
      "text" : "allow",
      "whiteSpace" : false
    }, {
      "id" : "s0-t19",
      "begin" : 111,
      "end" : 120,
      "text" : "anonymous",
      "whiteSpace" : false
    }, {
      "id" : "s0-t20",
      "begin" : 121,
      "end" : 135,
      "text" : "authentication",
      "whiteSpace" : false
    }, {
      "id" : "s0-t21",
      "begin" : 135,
      "end" : 136,
      "text" : ",",
      "whiteSpace" : false
    }, {
      "id" : "s0-t22",
      "begin" : 137,
      "end" : 140,
      "text" : "and",
      "whiteSpace" : false
    }, {
      "id" : "s0-t23",
      "begin" : 141,
      "end" : 149,
      "text" : "specific",
      "whiteSpace" : false
    }, {
      "id" : "s0-t24",
      "begin" : 150,
      "end" : 153,
      "text" : "key",
      "whiteSpace" : false
    }, {
      "id" : "s0-t25",
      "begin" : 154,
      "end" : 160,
      "text" : "values",
      "whiteSpace" : false
    }, {
      "id" : "s0-t26",
      "begin" : 161,
      "end" : 167,
      "text" : "within",
      "whiteSpace" : false
    }, {
      "id" : "s0-t27",
      "begin" : 168,
      "end" : 171,
      "text" : "the",
      "whiteSpace" : false
    }, {
      "id" : "s0-t28",
      "begin" : 172,
      "end" : 177,
      "text" : "eSOMS",
      "whiteSpace" : false
    }, {
      "id" : "s0-t29",
      "begin" : 178,
      "end" : 188,
      "text" : "web.config",
      "whiteSpace" : false
    }, {
      "id" : "s0-t30",
      "begin" : 189,
      "end" : 193,
      "text" : "file",
      "whiteSpace" : false
    }, {
      "id" : "s0-t31",
      "begin" : 194,
      "end" : 197,
      "text" : "are",
      "whiteSpace" : false
    }, {
      "id" : "s0-t32",
      "begin" : 198,
      "end" : 205,
      "text" : "present",
      "whiteSpace" : false
    }, {
      "id" : "s0-t33",
      "begin" : 205,
      "end" : 206,
      "text" : ".",
      "whiteSpace" : false
    } ]
  }, {
    "id" : "s1",
    "begin" : 207,
    "end" : 266,
    "text" : "Both conditions are required to exploit this vulnerability.",
    "tokens" : [ {
      "id" : "s1-t0",
      "begin" : 207,
      "end" : 211,
      "text" : "Both",
      "whiteSpace" : false
    }, {
      "id" : "s1-t1",
      "begin" : 212,
      "end" : 222,
      "text" : "conditions",
      "whiteSpace" : false
    }, {
      "id" : "s1-t2",
      "begin" : 223,
      "end" : 226,
      "text" : "are",
      "whiteSpace" : false
    }, {
      "id" : "s1-t3",
      "begin" : 227,
      "end" : 235,
      "text" : "required",
      "whiteSpace" : false
    }, {
      "id" : "s1-t4",
      "begin" : 236,
      "end" : 238,
      "text" : "to",
      "whiteSpace" : false
    }, {
      "id" : "s1-t5",
      "begin" : 239,
      "end" : 246,
      "text" : "exploit",
      "whiteSpace" : false
    }, {
      "id" : "s1-t6",
      "begin" : 247,
      "end" : 251,
      "text" : "this",
      "whiteSpace" : false
    }, {
      "id" : "s1-t7",
      "begin" : 252,
      "end" : 265,
      "text" : "vulnerability",
      "whiteSpace" : false
    }, {
      "id" : "s1-t8",
      "begin" : 265,
      "end" : 266,
      "text" : ".",
      "whiteSpace" : false
    } ]
  }, {
    "id" : "s2",
    "begin" : 267,
    "end" : 527,
    "text" : "| MISC:https://ics-cert.us-cert.gov/advisories/ICSA-18-240-04   |   CONFIRM:https://search.abb.com/library/Download.aspx?DocumentID=9AKK107046A5821&LanguageCode=en&DocumentPartId=&Action=Launch   |   BID:105169   |   URL:http://www.securityfocus.com/bid/105169",
    "tokens" : [ {
      "id" : "s2-t0",
      "begin" : 267,
      "end" : 268,
      "text" : "|",
      "whiteSpace" : false
    }, {
      "id" : "s2-t1",
      "begin" : 269,
      "end" : 328,
      "text" : "MISC:https://ics-cert.us-cert.gov/advisories/ICSA-18-240-04",
      "whiteSpace" : false
    }, {
      "id" : "s2-t2",
      "begin" : 331,
      "end" : 332,
      "text" : "|",
      "whiteSpace" : false
    }, {
      "id" : "s2-t3",
      "begin" : 335,
      "end" : 414,
      "text" : "CONFIRM:https://search.abb.com/library/Download.aspx?DocumentID=9AKK107046A5821",
      "whiteSpace" : false
    }, {
      "id" : "s2-t4",
      "begin" : 414,
      "end" : 446,
      "text" : "&LanguageCode=en&DocumentPartId=",
      "whiteSpace" : false
    }, {
      "id" : "s2-t5",
      "begin" : 446,
      "end" : 460,
      "text" : "&Action=Launch",
      "whiteSpace" : false
    }, {
      "id" : "s2-t6",
      "begin" : 463,
      "end" : 464,
      "text" : "|",
      "whiteSpace" : false
    }, {
      "id" : "s2-t7",
      "begin" : 467,
      "end" : 470,
      "text" : "BID",
      "whiteSpace" : false
    }, {
      "id" : "s2-t8",
      "begin" : 470,
      "end" : 471,
      "text" : ":",
      "whiteSpace" : false
    }, {
      "id" : "s2-t9",
      "begin" : 471,
      "end" : 477,
      "text" : "105169",
      "whiteSpace" : false
    }, {
      "id" : "s2-t10",
      "begin" : 480,
      "end" : 481,
      "text" : "|",
      "whiteSpace" : false
    }, {
      "id" : "s2-t11",
      "begin" : 484,
      "end" : 521,
      "text" : "URL:http://www.securityfocus.com/bid/",
      "whiteSpace" : false
    }, {
      "id" : "s2-t12",
      "begin" : 521,
      "end" : 527,
      "text" : "105169",
      "whiteSpace" : false
    } ]
  } ],
  "mentions" : [ ],
  "relations" : [ ],
  "corefs" : [ ],
  "typeResolved" : true,
  "userResolved" : false
}