{
  "id" : "5e6b9330-e5c0-11e8-ac51-0ddb2b53e7d9-66",
  "name" : "CVE-2018-14900",
  "createdDate" : 0,
  "version" : 3,
  "text" : "CVE-2018-14900 | On EPSON WF-2750 printers with firmware JP02I2, there is no filtering of print jobs. Remote attackers can send print jobs directly to the printer via TCP port 9100. | MISC:https://www.vdalabs.com/2018/08/26/epson-printer-vulnerabilities/",
  "docLength" : 0,
  "language" : "EN",
  "status" : "READY",
  "modifiedDate" : 1541947501633,
  "documentSet" : [ ],
  "preannotation" : [ ],
  "sentences" : [ {
    "id" : "s0",
    "begin" : 0,
    "end" : 101,
    "text" : "CVE-2018-14900 | On EPSON WF-2750 printers with firmware JP02I2, there is no filtering of print jobs.",
    "tokens" : [ {
      "id" : "s0-t0",
      "begin" : 0,
      "end" : 14,
      "text" : "CVE-2018-14900",
      "whiteSpace" : false
    }, {
      "id" : "s0-t1",
      "begin" : 15,
      "end" : 16,
      "text" : "|",
      "whiteSpace" : false
    }, {
      "id" : "s0-t2",
      "begin" : 17,
      "end" : 19,
      "text" : "On",
      "whiteSpace" : false
    }, {
      "id" : "s0-t3",
      "begin" : 20,
      "end" : 25,
      "text" : "EPSON",
      "whiteSpace" : false
    }, {
      "id" : "s0-t4",
      "begin" : 26,
      "end" : 33,
      "text" : "WF-2750",
      "whiteSpace" : false
    }, {
      "id" : "s0-t5",
      "begin" : 34,
      "end" : 42,
      "text" : "printers",
      "whiteSpace" : false
    }, {
      "id" : "s0-t6",
      "begin" : 43,
      "end" : 47,
      "text" : "with",
      "whiteSpace" : false
    }, {
      "id" : "s0-t7",
      "begin" : 48,
      "end" : 56,
      "text" : "firmware",
      "whiteSpace" : false
    }, {
      "id" : "s0-t8",
      "begin" : 57,
      "end" : 63,
      "text" : "JP02I2",
      "whiteSpace" : false
    }, {
      "id" : "s0-t9",
      "begin" : 63,
      "end" : 64,
      "text" : ",",
      "whiteSpace" : false
    }, {
      "id" : "s0-t10",
      "begin" : 65,
      "end" : 70,
      "text" : "there",
      "whiteSpace" : false
    }, {
      "id" : "s0-t11",
      "begin" : 71,
      "end" : 73,
      "text" : "is",
      "whiteSpace" : false
    }, {
      "id" : "s0-t12",
      "begin" : 74,
      "end" : 76,
      "text" : "no",
      "whiteSpace" : false
    }, {
      "id" : "s0-t13",
      "begin" : 77,
      "end" : 86,
      "text" : "filtering",
      "whiteSpace" : false
    }, {
      "id" : "s0-t14",
      "begin" : 87,
      "end" : 89,
      "text" : "of",
      "whiteSpace" : false
    }, {
      "id" : "s0-t15",
      "begin" : 90,
      "end" : 95,
      "text" : "print",
      "whiteSpace" : false
    }, {
      "id" : "s0-t16",
      "begin" : 96,
      "end" : 100,
      "text" : "jobs",
      "whiteSpace" : false
    }, {
      "id" : "s0-t17",
      "begin" : 100,
      "end" : 101,
      "text" : ".",
      "whiteSpace" : false
    } ]
  }, {
    "id" : "s1",
    "begin" : 102,
    "end" : 181,
    "text" : "Remote attackers can send print jobs directly to the printer via TCP port 9100.",
    "tokens" : [ {
      "id" : "s1-t0",
      "begin" : 102,
      "end" : 108,
      "text" : "Remote",
      "whiteSpace" : false
    }, {
      "id" : "s1-t1",
      "begin" : 109,
      "end" : 118,
      "text" : "attackers",
      "whiteSpace" : false
    }, {
      "id" : "s1-t2",
      "begin" : 119,
      "end" : 122,
      "text" : "can",
      "whiteSpace" : false
    }, {
      "id" : "s1-t3",
      "begin" : 123,
      "end" : 127,
      "text" : "send",
      "whiteSpace" : false
    }, {
      "id" : "s1-t4",
      "begin" : 128,
      "end" : 133,
      "text" : "print",
      "whiteSpace" : false
    }, {
      "id" : "s1-t5",
      "begin" : 134,
      "end" : 138,
      "text" : "jobs",
      "whiteSpace" : false
    }, {
      "id" : "s1-t6",
      "begin" : 139,
      "end" : 147,
      "text" : "directly",
      "whiteSpace" : false
    }, {
      "id" : "s1-t7",
      "begin" : 148,
      "end" : 150,
      "text" : "to",
      "whiteSpace" : false
    }, {
      "id" : "s1-t8",
      "begin" : 151,
      "end" : 154,
      "text" : "the",
      "whiteSpace" : false
    }, {
      "id" : "s1-t9",
      "begin" : 155,
      "end" : 162,
      "text" : "printer",
      "whiteSpace" : false
    }, {
      "id" : "s1-t10",
      "begin" : 163,
      "end" : 166,
      "text" : "via",
      "whiteSpace" : false
    }, {
      "id" : "s1-t11",
      "begin" : 167,
      "end" : 170,
      "text" : "TCP",
      "whiteSpace" : false
    }, {
      "id" : "s1-t12",
      "begin" : 171,
      "end" : 175,
      "text" : "port",
      "whiteSpace" : false
    }, {
      "id" : "s1-t13",
      "begin" : 176,
      "end" : 180,
      "text" : "9100",
      "whiteSpace" : false
    }, {
      "id" : "s1-t14",
      "begin" : 180,
      "end" : 181,
      "text" : ".",
      "whiteSpace" : false
    } ]
  }, {
    "id" : "s2",
    "begin" : 182,
    "end" : 254,
    "text" : "| MISC:https://www.vdalabs.com/2018/08/26/epson-printer-vulnerabilities/",
    "tokens" : [ {
      "id" : "s2-t0",
      "begin" : 182,
      "end" : 183,
      "text" : "|",
      "whiteSpace" : false
    }, {
      "id" : "s2-t1",
      "begin" : 184,
      "end" : 229,
      "text" : "MISC:https://www.vdalabs.com/2018/08/26/epson",
      "whiteSpace" : false
    }, {
      "id" : "s2-t2",
      "begin" : 229,
      "end" : 230,
      "text" : "-",
      "whiteSpace" : false
    }, {
      "id" : "s2-t3",
      "begin" : 230,
      "end" : 237,
      "text" : "printer",
      "whiteSpace" : false
    }, {
      "id" : "s2-t4",
      "begin" : 237,
      "end" : 238,
      "text" : "-",
      "whiteSpace" : false
    }, {
      "id" : "s2-t5",
      "begin" : 238,
      "end" : 254,
      "text" : "vulnerabilities/",
      "whiteSpace" : false
    } ]
  } ],
  "mentions" : [ ],
  "relations" : [ ],
  "corefs" : [ ],
  "typeResolved" : true,
  "userResolved" : false
}