{
  "id" : "5e6b9330-e5c0-11e8-ac51-0ddb2b53e7d9-102",
  "name" : "CVE-2018-14821",
  "createdDate" : 0,
  "version" : 3,
  "text" : "CVE-2018-14821 | Rockwell Automation RSLinx Classic Versions 4.00.01 and prior. This vulnerability may allow a remote, unauthenticated threat actor to intentionally send a malformed CIP packet to Port 44818, causing the RSLinx Classic application to terminate. The user will need to manually restart the software to regain functionality. | MISC:https://ics-cert.us-cert.gov/advisories/ICSA-18-263-02   |   MISC:https://www.tenable.com/security/research/tra-2018-26",
  "docLength" : 0,
  "language" : "EN",
  "status" : "READY",
  "modifiedDate" : 1541947501633,
  "documentSet" : [ ],
  "preannotation" : [ ],
  "sentences" : [ {
    "id" : "s0",
    "begin" : 0,
    "end" : 79,
    "text" : "CVE-2018-14821 | Rockwell Automation RSLinx Classic Versions 4.00.01 and prior.",
    "tokens" : [ {
      "id" : "s0-t0",
      "begin" : 0,
      "end" : 14,
      "text" : "CVE-2018-14821",
      "whiteSpace" : false
    }, {
      "id" : "s0-t1",
      "begin" : 15,
      "end" : 16,
      "text" : "|",
      "whiteSpace" : false
    }, {
      "id" : "s0-t2",
      "begin" : 17,
      "end" : 25,
      "text" : "Rockwell",
      "whiteSpace" : false
    }, {
      "id" : "s0-t3",
      "begin" : 26,
      "end" : 36,
      "text" : "Automation",
      "whiteSpace" : false
    }, {
      "id" : "s0-t4",
      "begin" : 37,
      "end" : 43,
      "text" : "RSLinx",
      "whiteSpace" : false
    }, {
      "id" : "s0-t5",
      "begin" : 44,
      "end" : 51,
      "text" : "Classic",
      "whiteSpace" : false
    }, {
      "id" : "s0-t6",
      "begin" : 52,
      "end" : 60,
      "text" : "Versions",
      "whiteSpace" : false
    }, {
      "id" : "s0-t7",
      "begin" : 61,
      "end" : 68,
      "text" : "4.00.01",
      "whiteSpace" : false
    }, {
      "id" : "s0-t8",
      "begin" : 69,
      "end" : 72,
      "text" : "and",
      "whiteSpace" : false
    }, {
      "id" : "s0-t9",
      "begin" : 73,
      "end" : 78,
      "text" : "prior",
      "whiteSpace" : false
    }, {
      "id" : "s0-t10",
      "begin" : 78,
      "end" : 79,
      "text" : ".",
      "whiteSpace" : false
    } ]
  }, {
    "id" : "s1",
    "begin" : 80,
    "end" : 260,
    "text" : "This vulnerability may allow a remote, unauthenticated threat actor to intentionally send a malformed CIP packet to Port 44818, causing the RSLinx Classic application to terminate.",
    "tokens" : [ {
      "id" : "s1-t0",
      "begin" : 80,
      "end" : 84,
      "text" : "This",
      "whiteSpace" : false
    }, {
      "id" : "s1-t1",
      "begin" : 85,
      "end" : 98,
      "text" : "vulnerability",
      "whiteSpace" : false
    }, {
      "id" : "s1-t2",
      "begin" : 99,
      "end" : 102,
      "text" : "may",
      "whiteSpace" : false
    }, {
      "id" : "s1-t3",
      "begin" : 103,
      "end" : 108,
      "text" : "allow",
      "whiteSpace" : false
    }, {
      "id" : "s1-t4",
      "begin" : 109,
      "end" : 110,
      "text" : "a",
      "whiteSpace" : false
    }, {
      "id" : "s1-t5",
      "begin" : 111,
      "end" : 117,
      "text" : "remote",
      "whiteSpace" : false
    }, {
      "id" : "s1-t6",
      "begin" : 117,
      "end" : 118,
      "text" : ",",
      "whiteSpace" : false
    }, {
      "id" : "s1-t7",
      "begin" : 119,
      "end" : 134,
      "text" : "unauthenticated",
      "whiteSpace" : false
    }, {
      "id" : "s1-t8",
      "begin" : 135,
      "end" : 141,
      "text" : "threat",
      "whiteSpace" : false
    }, {
      "id" : "s1-t9",
      "begin" : 142,
      "end" : 147,
      "text" : "actor",
      "whiteSpace" : false
    }, {
      "id" : "s1-t10",
      "begin" : 148,
      "end" : 150,
      "text" : "to",
      "whiteSpace" : false
    }, {
      "id" : "s1-t11",
      "begin" : 151,
      "end" : 164,
      "text" : "intentionally",
      "whiteSpace" : false
    }, {
      "id" : "s1-t12",
      "begin" : 165,
      "end" : 169,
      "text" : "send",
      "whiteSpace" : false
    }, {
      "id" : "s1-t13",
      "begin" : 170,
      "end" : 171,
      "text" : "a",
      "whiteSpace" : false
    }, {
      "id" : "s1-t14",
      "begin" : 172,
      "end" : 181,
      "text" : "malformed",
      "whiteSpace" : false
    }, {
      "id" : "s1-t15",
      "begin" : 182,
      "end" : 185,
      "text" : "CIP",
      "whiteSpace" : false
    }, {
      "id" : "s1-t16",
      "begin" : 186,
      "end" : 192,
      "text" : "packet",
      "whiteSpace" : false
    }, {
      "id" : "s1-t17",
      "begin" : 193,
      "end" : 195,
      "text" : "to",
      "whiteSpace" : false
    }, {
      "id" : "s1-t18",
      "begin" : 196,
      "end" : 200,
      "text" : "Port",
      "whiteSpace" : false
    }, {
      "id" : "s1-t19",
      "begin" : 201,
      "end" : 206,
      "text" : "44818",
      "whiteSpace" : false
    }, {
      "id" : "s1-t20",
      "begin" : 206,
      "end" : 207,
      "text" : ",",
      "whiteSpace" : false
    }, {
      "id" : "s1-t21",
      "begin" : 208,
      "end" : 215,
      "text" : "causing",
      "whiteSpace" : false
    }, {
      "id" : "s1-t22",
      "begin" : 216,
      "end" : 219,
      "text" : "the",
      "whiteSpace" : false
    }, {
      "id" : "s1-t23",
      "begin" : 220,
      "end" : 226,
      "text" : "RSLinx",
      "whiteSpace" : false
    }, {
      "id" : "s1-t24",
      "begin" : 227,
      "end" : 234,
      "text" : "Classic",
      "whiteSpace" : false
    }, {
      "id" : "s1-t25",
      "begin" : 235,
      "end" : 246,
      "text" : "application",
      "whiteSpace" : false
    }, {
      "id" : "s1-t26",
      "begin" : 247,
      "end" : 249,
      "text" : "to",
      "whiteSpace" : false
    }, {
      "id" : "s1-t27",
      "begin" : 250,
      "end" : 259,
      "text" : "terminate",
      "whiteSpace" : false
    }, {
      "id" : "s1-t28",
      "begin" : 259,
      "end" : 260,
      "text" : ".",
      "whiteSpace" : false
    } ]
  }, {
    "id" : "s2",
    "begin" : 261,
    "end" : 337,
    "text" : "The user will need to manually restart the software to regain functionality.",
    "tokens" : [ {
      "id" : "s2-t0",
      "begin" : 261,
      "end" : 264,
      "text" : "The",
      "whiteSpace" : false
    }, {
      "id" : "s2-t1",
      "begin" : 265,
      "end" : 269,
      "text" : "user",
      "whiteSpace" : false
    }, {
      "id" : "s2-t2",
      "begin" : 270,
      "end" : 274,
      "text" : "will",
      "whiteSpace" : false
    }, {
      "id" : "s2-t3",
      "begin" : 275,
      "end" : 279,
      "text" : "need",
      "whiteSpace" : false
    }, {
      "id" : "s2-t4",
      "begin" : 280,
      "end" : 282,
      "text" : "to",
      "whiteSpace" : false
    }, {
      "id" : "s2-t5",
      "begin" : 283,
      "end" : 291,
      "text" : "manually",
      "whiteSpace" : false
    }, {
      "id" : "s2-t6",
      "begin" : 292,
      "end" : 299,
      "text" : "restart",
      "whiteSpace" : false
    }, {
      "id" : "s2-t7",
      "begin" : 300,
      "end" : 303,
      "text" : "the",
      "whiteSpace" : false
    }, {
      "id" : "s2-t8",
      "begin" : 304,
      "end" : 312,
      "text" : "software",
      "whiteSpace" : false
    }, {
      "id" : "s2-t9",
      "begin" : 313,
      "end" : 315,
      "text" : "to",
      "whiteSpace" : false
    }, {
      "id" : "s2-t10",
      "begin" : 316,
      "end" : 322,
      "text" : "regain",
      "whiteSpace" : false
    }, {
      "id" : "s2-t11",
      "begin" : 323,
      "end" : 336,
      "text" : "functionality",
      "whiteSpace" : false
    }, {
      "id" : "s2-t12",
      "begin" : 336,
      "end" : 337,
      "text" : ".",
      "whiteSpace" : false
    } ]
  }, {
    "id" : "s3",
    "begin" : 338,
    "end" : 464,
    "text" : "| MISC:https://ics-cert.us-cert.gov/advisories/ICSA-18-263-02   |   MISC:https://www.tenable.com/security/research/tra-2018-26",
    "tokens" : [ {
      "id" : "s3-t0",
      "begin" : 338,
      "end" : 339,
      "text" : "|",
      "whiteSpace" : false
    }, {
      "id" : "s3-t1",
      "begin" : 340,
      "end" : 399,
      "text" : "MISC:https://ics-cert.us-cert.gov/advisories/ICSA-18-263-02",
      "whiteSpace" : false
    }, {
      "id" : "s3-t2",
      "begin" : 402,
      "end" : 403,
      "text" : "|",
      "whiteSpace" : false
    }, {
      "id" : "s3-t3",
      "begin" : 406,
      "end" : 464,
      "text" : "MISC:https://www.tenable.com/security/research/tra-2018-26",
      "whiteSpace" : false
    } ]
  } ],
  "mentions" : [ ],
  "relations" : [ ],
  "corefs" : [ ],
  "typeResolved" : true,
  "userResolved" : false
}