{
  "id" : "5e6b9330-e5c0-11e8-ac51-0ddb2b53e7d9-18",
  "name" : "CVE-2018-14960",
  "createdDate" : 0,
  "version" : 3,
  "text" : "CVE-2018-14960 | Xiao5uCompany 1.7 has CSRF via admin/Admin.asp. | MISC:http://blog.whiterabbitxyj.com/cve/Xiao5uCompany_1.7_csrf.doc   |   MISC:https://github.com/WhiteRabbitc/WhiteRabbitc.github.io/blob/master/cve/Xiao5uCompany_1.7_csrf.doc",
  "docLength" : 0,
  "language" : "EN",
  "status" : "READY",
  "modifiedDate" : 1541947501633,
  "documentSet" : [ ],
  "preannotation" : [ ],
  "sentences" : [ {
    "id" : "s0",
    "begin" : 0,
    "end" : 64,
    "text" : "CVE-2018-14960 | Xiao5uCompany 1.7 has CSRF via admin/Admin.asp.",
    "tokens" : [ {
      "id" : "s0-t0",
      "begin" : 0,
      "end" : 14,
      "text" : "CVE-2018-14960",
      "whiteSpace" : false
    }, {
      "id" : "s0-t1",
      "begin" : 15,
      "end" : 16,
      "text" : "|",
      "whiteSpace" : false
    }, {
      "id" : "s0-t2",
      "begin" : 17,
      "end" : 30,
      "text" : "Xiao5uCompany",
      "whiteSpace" : false
    }, {
      "id" : "s0-t3",
      "begin" : 31,
      "end" : 34,
      "text" : "1.7",
      "whiteSpace" : false
    }, {
      "id" : "s0-t4",
      "begin" : 35,
      "end" : 38,
      "text" : "has",
      "whiteSpace" : false
    }, {
      "id" : "s0-t5",
      "begin" : 39,
      "end" : 43,
      "text" : "CSRF",
      "whiteSpace" : false
    }, {
      "id" : "s0-t6",
      "begin" : 44,
      "end" : 47,
      "text" : "via",
      "whiteSpace" : false
    }, {
      "id" : "s0-t7",
      "begin" : 48,
      "end" : 53,
      "text" : "admin",
      "whiteSpace" : false
    }, {
      "id" : "s0-t8",
      "begin" : 53,
      "end" : 54,
      "text" : "/",
      "whiteSpace" : false
    }, {
      "id" : "s0-t9",
      "begin" : 54,
      "end" : 63,
      "text" : "Admin.asp",
      "whiteSpace" : false
    }, {
      "id" : "s0-t10",
      "begin" : 63,
      "end" : 64,
      "text" : ".",
      "whiteSpace" : false
    } ]
  }, {
    "id" : "s1",
    "begin" : 65,
    "end" : 242,
    "text" : "| MISC:http://blog.whiterabbitxyj.com/cve/Xiao5uCompany_1.7_csrf.doc   |   MISC:https://github.com/WhiteRabbitc/WhiteRabbitc.github.io/blob/master/cve/Xiao5uCompany_1.7_csrf.doc",
    "tokens" : [ {
      "id" : "s1-t0",
      "begin" : 65,
      "end" : 66,
      "text" : "|",
      "whiteSpace" : false
    }, {
      "id" : "s1-t1",
      "begin" : 67,
      "end" : 133,
      "text" : "MISC:http://blog.whiterabbitxyj.com/cve/Xiao5uCompany_1.7_csrf.doc",
      "whiteSpace" : false
    }, {
      "id" : "s1-t2",
      "begin" : 136,
      "end" : 137,
      "text" : "|",
      "whiteSpace" : false
    }, {
      "id" : "s1-t3",
      "begin" : 140,
      "end" : 144,
      "text" : "MISC",
      "whiteSpace" : false
    }, {
      "id" : "s1-t4",
      "begin" : 144,
      "end" : 242,
      "text" : ":https://github.com/WhiteRabbitc/WhiteRabbitc.github.io/blob/master/cve/Xiao5uCompany_1.7_csrf.doc",
      "whiteSpace" : false
    } ]
  } ],
  "mentions" : [ ],
  "relations" : [ ],
  "corefs" : [ ],
  "typeResolved" : true,
  "userResolved" : false
}