{
  "id" : "5e6b9330-e5c0-11e8-ac51-0ddb2b53e7d9-96",
  "name" : "CVE-2018-14827",
  "createdDate" : 0,
  "version" : 3,
  "text" : "CVE-2018-14827 | Rockwell Automation RSLinx Classic Versions 4.00.01 and prior. A remote, unauthenticated threat actor may intentionally send specially crafted Ethernet/IP packets to Port 44818, causing the software application to stop responding and crash. The user must restart the software to regain functionality. | MISC:https://ics-cert.us-cert.gov/advisories/ICSA-18-263-02",
  "docLength" : 0,
  "language" : "EN",
  "status" : "READY",
  "modifiedDate" : 1541947501633,
  "documentSet" : [ ],
  "preannotation" : [ ],
  "sentences" : [ {
    "id" : "s0",
    "begin" : 0,
    "end" : 79,
    "text" : "CVE-2018-14827 | Rockwell Automation RSLinx Classic Versions 4.00.01 and prior.",
    "tokens" : [ {
      "id" : "s0-t0",
      "begin" : 0,
      "end" : 14,
      "text" : "CVE-2018-14827",
      "whiteSpace" : false
    }, {
      "id" : "s0-t1",
      "begin" : 15,
      "end" : 16,
      "text" : "|",
      "whiteSpace" : false
    }, {
      "id" : "s0-t2",
      "begin" : 17,
      "end" : 25,
      "text" : "Rockwell",
      "whiteSpace" : false
    }, {
      "id" : "s0-t3",
      "begin" : 26,
      "end" : 36,
      "text" : "Automation",
      "whiteSpace" : false
    }, {
      "id" : "s0-t4",
      "begin" : 37,
      "end" : 43,
      "text" : "RSLinx",
      "whiteSpace" : false
    }, {
      "id" : "s0-t5",
      "begin" : 44,
      "end" : 51,
      "text" : "Classic",
      "whiteSpace" : false
    }, {
      "id" : "s0-t6",
      "begin" : 52,
      "end" : 60,
      "text" : "Versions",
      "whiteSpace" : false
    }, {
      "id" : "s0-t7",
      "begin" : 61,
      "end" : 68,
      "text" : "4.00.01",
      "whiteSpace" : false
    }, {
      "id" : "s0-t8",
      "begin" : 69,
      "end" : 72,
      "text" : "and",
      "whiteSpace" : false
    }, {
      "id" : "s0-t9",
      "begin" : 73,
      "end" : 78,
      "text" : "prior",
      "whiteSpace" : false
    }, {
      "id" : "s0-t10",
      "begin" : 78,
      "end" : 79,
      "text" : ".",
      "whiteSpace" : false
    } ]
  }, {
    "id" : "s1",
    "begin" : 80,
    "end" : 257,
    "text" : "A remote, unauthenticated threat actor may intentionally send specially crafted Ethernet/IP packets to Port 44818, causing the software application to stop responding and crash.",
    "tokens" : [ {
      "id" : "s1-t0",
      "begin" : 80,
      "end" : 81,
      "text" : "A",
      "whiteSpace" : false
    }, {
      "id" : "s1-t1",
      "begin" : 82,
      "end" : 88,
      "text" : "remote",
      "whiteSpace" : false
    }, {
      "id" : "s1-t2",
      "begin" : 88,
      "end" : 89,
      "text" : ",",
      "whiteSpace" : false
    }, {
      "id" : "s1-t3",
      "begin" : 90,
      "end" : 105,
      "text" : "unauthenticated",
      "whiteSpace" : false
    }, {
      "id" : "s1-t4",
      "begin" : 106,
      "end" : 112,
      "text" : "threat",
      "whiteSpace" : false
    }, {
      "id" : "s1-t5",
      "begin" : 113,
      "end" : 118,
      "text" : "actor",
      "whiteSpace" : false
    }, {
      "id" : "s1-t6",
      "begin" : 119,
      "end" : 122,
      "text" : "may",
      "whiteSpace" : false
    }, {
      "id" : "s1-t7",
      "begin" : 123,
      "end" : 136,
      "text" : "intentionally",
      "whiteSpace" : false
    }, {
      "id" : "s1-t8",
      "begin" : 137,
      "end" : 141,
      "text" : "send",
      "whiteSpace" : false
    }, {
      "id" : "s1-t9",
      "begin" : 142,
      "end" : 151,
      "text" : "specially",
      "whiteSpace" : false
    }, {
      "id" : "s1-t10",
      "begin" : 152,
      "end" : 159,
      "text" : "crafted",
      "whiteSpace" : false
    }, {
      "id" : "s1-t11",
      "begin" : 160,
      "end" : 171,
      "text" : "Ethernet/IP",
      "whiteSpace" : false
    }, {
      "id" : "s1-t12",
      "begin" : 172,
      "end" : 179,
      "text" : "packets",
      "whiteSpace" : false
    }, {
      "id" : "s1-t13",
      "begin" : 180,
      "end" : 182,
      "text" : "to",
      "whiteSpace" : false
    }, {
      "id" : "s1-t14",
      "begin" : 183,
      "end" : 187,
      "text" : "Port",
      "whiteSpace" : false
    }, {
      "id" : "s1-t15",
      "begin" : 188,
      "end" : 193,
      "text" : "44818",
      "whiteSpace" : false
    }, {
      "id" : "s1-t16",
      "begin" : 193,
      "end" : 194,
      "text" : ",",
      "whiteSpace" : false
    }, {
      "id" : "s1-t17",
      "begin" : 195,
      "end" : 202,
      "text" : "causing",
      "whiteSpace" : false
    }, {
      "id" : "s1-t18",
      "begin" : 203,
      "end" : 206,
      "text" : "the",
      "whiteSpace" : false
    }, {
      "id" : "s1-t19",
      "begin" : 207,
      "end" : 215,
      "text" : "software",
      "whiteSpace" : false
    }, {
      "id" : "s1-t20",
      "begin" : 216,
      "end" : 227,
      "text" : "application",
      "whiteSpace" : false
    }, {
      "id" : "s1-t21",
      "begin" : 228,
      "end" : 230,
      "text" : "to",
      "whiteSpace" : false
    }, {
      "id" : "s1-t22",
      "begin" : 231,
      "end" : 235,
      "text" : "stop",
      "whiteSpace" : false
    }, {
      "id" : "s1-t23",
      "begin" : 236,
      "end" : 246,
      "text" : "responding",
      "whiteSpace" : false
    }, {
      "id" : "s1-t24",
      "begin" : 247,
      "end" : 250,
      "text" : "and",
      "whiteSpace" : false
    }, {
      "id" : "s1-t25",
      "begin" : 251,
      "end" : 256,
      "text" : "crash",
      "whiteSpace" : false
    }, {
      "id" : "s1-t26",
      "begin" : 256,
      "end" : 257,
      "text" : ".",
      "whiteSpace" : false
    } ]
  }, {
    "id" : "s2",
    "begin" : 258,
    "end" : 317,
    "text" : "The user must restart the software to regain functionality.",
    "tokens" : [ {
      "id" : "s2-t0",
      "begin" : 258,
      "end" : 261,
      "text" : "The",
      "whiteSpace" : false
    }, {
      "id" : "s2-t1",
      "begin" : 262,
      "end" : 266,
      "text" : "user",
      "whiteSpace" : false
    }, {
      "id" : "s2-t2",
      "begin" : 267,
      "end" : 271,
      "text" : "must",
      "whiteSpace" : false
    }, {
      "id" : "s2-t3",
      "begin" : 272,
      "end" : 279,
      "text" : "restart",
      "whiteSpace" : false
    }, {
      "id" : "s2-t4",
      "begin" : 280,
      "end" : 283,
      "text" : "the",
      "whiteSpace" : false
    }, {
      "id" : "s2-t5",
      "begin" : 284,
      "end" : 292,
      "text" : "software",
      "whiteSpace" : false
    }, {
      "id" : "s2-t6",
      "begin" : 293,
      "end" : 295,
      "text" : "to",
      "whiteSpace" : false
    }, {
      "id" : "s2-t7",
      "begin" : 296,
      "end" : 302,
      "text" : "regain",
      "whiteSpace" : false
    }, {
      "id" : "s2-t8",
      "begin" : 303,
      "end" : 316,
      "text" : "functionality",
      "whiteSpace" : false
    }, {
      "id" : "s2-t9",
      "begin" : 316,
      "end" : 317,
      "text" : ".",
      "whiteSpace" : false
    } ]
  }, {
    "id" : "s3",
    "begin" : 318,
    "end" : 379,
    "text" : "| MISC:https://ics-cert.us-cert.gov/advisories/ICSA-18-263-02",
    "tokens" : [ {
      "id" : "s3-t0",
      "begin" : 318,
      "end" : 319,
      "text" : "|",
      "whiteSpace" : false
    }, {
      "id" : "s3-t1",
      "begin" : 320,
      "end" : 379,
      "text" : "MISC:https://ics-cert.us-cert.gov/advisories/ICSA-18-263-02",
      "whiteSpace" : false
    } ]
  } ],
  "mentions" : [ ],
  "relations" : [ ],
  "corefs" : [ ],
  "typeResolved" : true,
  "userResolved" : false
}