{
  "id" : "5e6b9330-e5c0-11e8-ac51-0ddb2b53e7d9-36",
  "name" : "CVE-2018-14943",
  "createdDate" : 0,
  "version" : 3,
  "text" : "CVE-2018-14943 | Harmonic NSG 9000 devices have a default password of nsgadmin for the admin account, a default password of nsgguest for the guest account, and a default password of nsgconfig for the config account. | MISC:https://github.com/pudding2/NSG9000/blob/master/exp.txt",
  "docLength" : 0,
  "language" : "EN",
  "status" : "READY",
  "modifiedDate" : 1541947501633,
  "documentSet" : [ ],
  "preannotation" : [ ],
  "sentences" : [ {
    "id" : "s0",
    "begin" : 0,
    "end" : 215,
    "text" : "CVE-2018-14943 | Harmonic NSG 9000 devices have a default password of nsgadmin for the admin account, a default password of nsgguest for the guest account, and a default password of nsgconfig for the config account.",
    "tokens" : [ {
      "id" : "s0-t0",
      "begin" : 0,
      "end" : 14,
      "text" : "CVE-2018-14943",
      "whiteSpace" : false
    }, {
      "id" : "s0-t1",
      "begin" : 15,
      "end" : 16,
      "text" : "|",
      "whiteSpace" : false
    }, {
      "id" : "s0-t2",
      "begin" : 17,
      "end" : 25,
      "text" : "Harmonic",
      "whiteSpace" : false
    }, {
      "id" : "s0-t3",
      "begin" : 26,
      "end" : 29,
      "text" : "NSG",
      "whiteSpace" : false
    }, {
      "id" : "s0-t4",
      "begin" : 30,
      "end" : 34,
      "text" : "9000",
      "whiteSpace" : false
    }, {
      "id" : "s0-t5",
      "begin" : 35,
      "end" : 42,
      "text" : "devices",
      "whiteSpace" : false
    }, {
      "id" : "s0-t6",
      "begin" : 43,
      "end" : 47,
      "text" : "have",
      "whiteSpace" : false
    }, {
      "id" : "s0-t7",
      "begin" : 48,
      "end" : 49,
      "text" : "a",
      "whiteSpace" : false
    }, {
      "id" : "s0-t8",
      "begin" : 50,
      "end" : 57,
      "text" : "default",
      "whiteSpace" : false
    }, {
      "id" : "s0-t9",
      "begin" : 58,
      "end" : 66,
      "text" : "password",
      "whiteSpace" : false
    }, {
      "id" : "s0-t10",
      "begin" : 67,
      "end" : 69,
      "text" : "of",
      "whiteSpace" : false
    }, {
      "id" : "s0-t11",
      "begin" : 70,
      "end" : 78,
      "text" : "nsgadmin",
      "whiteSpace" : false
    }, {
      "id" : "s0-t12",
      "begin" : 79,
      "end" : 82,
      "text" : "for",
      "whiteSpace" : false
    }, {
      "id" : "s0-t13",
      "begin" : 83,
      "end" : 86,
      "text" : "the",
      "whiteSpace" : false
    }, {
      "id" : "s0-t14",
      "begin" : 87,
      "end" : 92,
      "text" : "admin",
      "whiteSpace" : false
    }, {
      "id" : "s0-t15",
      "begin" : 93,
      "end" : 100,
      "text" : "account",
      "whiteSpace" : false
    }, {
      "id" : "s0-t16",
      "begin" : 100,
      "end" : 101,
      "text" : ",",
      "whiteSpace" : false
    }, {
      "id" : "s0-t17",
      "begin" : 102,
      "end" : 103,
      "text" : "a",
      "whiteSpace" : false
    }, {
      "id" : "s0-t18",
      "begin" : 104,
      "end" : 111,
      "text" : "default",
      "whiteSpace" : false
    }, {
      "id" : "s0-t19",
      "begin" : 112,
      "end" : 120,
      "text" : "password",
      "whiteSpace" : false
    }, {
      "id" : "s0-t20",
      "begin" : 121,
      "end" : 123,
      "text" : "of",
      "whiteSpace" : false
    }, {
      "id" : "s0-t21",
      "begin" : 124,
      "end" : 132,
      "text" : "nsgguest",
      "whiteSpace" : false
    }, {
      "id" : "s0-t22",
      "begin" : 133,
      "end" : 136,
      "text" : "for",
      "whiteSpace" : false
    }, {
      "id" : "s0-t23",
      "begin" : 137,
      "end" : 140,
      "text" : "the",
      "whiteSpace" : false
    }, {
      "id" : "s0-t24",
      "begin" : 141,
      "end" : 146,
      "text" : "guest",
      "whiteSpace" : false
    }, {
      "id" : "s0-t25",
      "begin" : 147,
      "end" : 154,
      "text" : "account",
      "whiteSpace" : false
    }, {
      "id" : "s0-t26",
      "begin" : 154,
      "end" : 155,
      "text" : ",",
      "whiteSpace" : false
    }, {
      "id" : "s0-t27",
      "begin" : 156,
      "end" : 159,
      "text" : "and",
      "whiteSpace" : false
    }, {
      "id" : "s0-t28",
      "begin" : 160,
      "end" : 161,
      "text" : "a",
      "whiteSpace" : false
    }, {
      "id" : "s0-t29",
      "begin" : 162,
      "end" : 169,
      "text" : "default",
      "whiteSpace" : false
    }, {
      "id" : "s0-t30",
      "begin" : 170,
      "end" : 178,
      "text" : "password",
      "whiteSpace" : false
    }, {
      "id" : "s0-t31",
      "begin" : 179,
      "end" : 181,
      "text" : "of",
      "whiteSpace" : false
    }, {
      "id" : "s0-t32",
      "begin" : 182,
      "end" : 191,
      "text" : "nsgconfig",
      "whiteSpace" : false
    }, {
      "id" : "s0-t33",
      "begin" : 192,
      "end" : 195,
      "text" : "for",
      "whiteSpace" : false
    }, {
      "id" : "s0-t34",
      "begin" : 196,
      "end" : 199,
      "text" : "the",
      "whiteSpace" : false
    }, {
      "id" : "s0-t35",
      "begin" : 200,
      "end" : 206,
      "text" : "config",
      "whiteSpace" : false
    }, {
      "id" : "s0-t36",
      "begin" : 207,
      "end" : 214,
      "text" : "account",
      "whiteSpace" : false
    }, {
      "id" : "s0-t37",
      "begin" : 214,
      "end" : 215,
      "text" : ".",
      "whiteSpace" : false
    } ]
  }, {
    "id" : "s1",
    "begin" : 216,
    "end" : 278,
    "text" : "| MISC:https://github.com/pudding2/NSG9000/blob/master/exp.txt",
    "tokens" : [ {
      "id" : "s1-t0",
      "begin" : 216,
      "end" : 217,
      "text" : "|",
      "whiteSpace" : false
    }, {
      "id" : "s1-t1",
      "begin" : 218,
      "end" : 278,
      "text" : "MISC:https://github.com/pudding2/NSG9000/blob/master/exp.txt",
      "whiteSpace" : false
    } ]
  } ],
  "mentions" : [ ],
  "relations" : [ ],
  "corefs" : [ ],
  "typeResolved" : true,
  "userResolved" : false
}