{
  "id" : "5e6b9330-e5c0-11e8-ac51-0ddb2b53e7d9-28",
  "name" : "CVE-2018-14951",
  "createdDate" : 0,
  "version" : 3,
  "text" : "CVE-2018-14951 | The mail message display page in SquirrelMail through 1.4.22 has XSS via a \"<form action='data:text\" attack. | MISC:http://www.openwall.com/lists/oss-security/2018/07/26/2   |   MISC:https://bugs.debian.org/905023   |   MISC:https://sourceforge.net/p/squirrelmail/bugs/2831/",
  "docLength" : 0,
  "language" : "EN",
  "status" : "READY",
  "modifiedDate" : 1541947501633,
  "documentSet" : [ ],
  "preannotation" : [ ],
  "sentences" : [ {
    "id" : "s0",
    "begin" : 0,
    "end" : 125,
    "text" : "CVE-2018-14951 | The mail message display page in SquirrelMail through 1.4.22 has XSS via a \"<form action='data:text\" attack.",
    "tokens" : [ {
      "id" : "s0-t0",
      "begin" : 0,
      "end" : 14,
      "text" : "CVE-2018-14951",
      "whiteSpace" : false
    }, {
      "id" : "s0-t1",
      "begin" : 15,
      "end" : 16,
      "text" : "|",
      "whiteSpace" : false
    }, {
      "id" : "s0-t2",
      "begin" : 17,
      "end" : 20,
      "text" : "The",
      "whiteSpace" : false
    }, {
      "id" : "s0-t3",
      "begin" : 21,
      "end" : 25,
      "text" : "mail",
      "whiteSpace" : false
    }, {
      "id" : "s0-t4",
      "begin" : 26,
      "end" : 33,
      "text" : "message",
      "whiteSpace" : false
    }, {
      "id" : "s0-t5",
      "begin" : 34,
      "end" : 41,
      "text" : "display",
      "whiteSpace" : false
    }, {
      "id" : "s0-t6",
      "begin" : 42,
      "end" : 46,
      "text" : "page",
      "whiteSpace" : false
    }, {
      "id" : "s0-t7",
      "begin" : 47,
      "end" : 49,
      "text" : "in",
      "whiteSpace" : false
    }, {
      "id" : "s0-t8",
      "begin" : 50,
      "end" : 62,
      "text" : "SquirrelMail",
      "whiteSpace" : false
    }, {
      "id" : "s0-t9",
      "begin" : 63,
      "end" : 70,
      "text" : "through",
      "whiteSpace" : false
    }, {
      "id" : "s0-t10",
      "begin" : 71,
      "end" : 77,
      "text" : "1.4.22",
      "whiteSpace" : false
    }, {
      "id" : "s0-t11",
      "begin" : 78,
      "end" : 81,
      "text" : "has",
      "whiteSpace" : false
    }, {
      "id" : "s0-t12",
      "begin" : 82,
      "end" : 85,
      "text" : "XSS",
      "whiteSpace" : false
    }, {
      "id" : "s0-t13",
      "begin" : 86,
      "end" : 89,
      "text" : "via",
      "whiteSpace" : false
    }, {
      "id" : "s0-t14",
      "begin" : 90,
      "end" : 91,
      "text" : "a",
      "whiteSpace" : false
    }, {
      "id" : "s0-t15",
      "begin" : 92,
      "end" : 93,
      "text" : "\"",
      "whiteSpace" : false
    }, {
      "id" : "s0-t16",
      "begin" : 93,
      "end" : 98,
      "text" : "<form",
      "whiteSpace" : false
    }, {
      "id" : "s0-t17",
      "begin" : 99,
      "end" : 105,
      "text" : "action",
      "whiteSpace" : false
    }, {
      "id" : "s0-t18",
      "begin" : 105,
      "end" : 106,
      "text" : "=",
      "whiteSpace" : false
    }, {
      "id" : "s0-t19",
      "begin" : 106,
      "end" : 107,
      "text" : "'",
      "whiteSpace" : false
    }, {
      "id" : "s0-t20",
      "begin" : 107,
      "end" : 116,
      "text" : "data:text",
      "whiteSpace" : false
    }, {
      "id" : "s0-t21",
      "begin" : 116,
      "end" : 117,
      "text" : "\"",
      "whiteSpace" : false
    }, {
      "id" : "s0-t22",
      "begin" : 118,
      "end" : 124,
      "text" : "attack",
      "whiteSpace" : false
    }, {
      "id" : "s0-t23",
      "begin" : 124,
      "end" : 125,
      "text" : ".",
      "whiteSpace" : false
    } ]
  }, {
    "id" : "s1",
    "begin" : 126,
    "end" : 291,
    "text" : "| MISC:http://www.openwall.com/lists/oss-security/2018/07/26/2   |   MISC:https://bugs.debian.org/905023   |   MISC:https://sourceforge.net/p/squirrelmail/bugs/2831/",
    "tokens" : [ {
      "id" : "s1-t0",
      "begin" : 126,
      "end" : 127,
      "text" : "|",
      "whiteSpace" : false
    }, {
      "id" : "s1-t1",
      "begin" : 128,
      "end" : 188,
      "text" : "MISC:http://www.openwall.com/lists/oss-security/2018/07/26/2",
      "whiteSpace" : false
    }, {
      "id" : "s1-t2",
      "begin" : 191,
      "end" : 192,
      "text" : "|",
      "whiteSpace" : false
    }, {
      "id" : "s1-t3",
      "begin" : 195,
      "end" : 224,
      "text" : "MISC:https://bugs.debian.org/",
      "whiteSpace" : false
    }, {
      "id" : "s1-t4",
      "begin" : 224,
      "end" : 230,
      "text" : "905023",
      "whiteSpace" : false
    }, {
      "id" : "s1-t5",
      "begin" : 233,
      "end" : 234,
      "text" : "|",
      "whiteSpace" : false
    }, {
      "id" : "s1-t6",
      "begin" : 237,
      "end" : 290,
      "text" : "MISC:https://sourceforge.net/p/squirrelmail/bugs/2831",
      "whiteSpace" : false
    }, {
      "id" : "s1-t7",
      "begin" : 290,
      "end" : 291,
      "text" : "/",
      "whiteSpace" : false
    } ]
  } ],
  "mentions" : [ ],
  "relations" : [ ],
  "corefs" : [ ],
  "typeResolved" : true,
  "userResolved" : false
}