{
  "id" : "5e6b9330-e5c0-11e8-ac51-0ddb2b53e7d9-39",
  "name" : "CVE-2018-14940",
  "createdDate" : 0,
  "version" : 3,
  "text" : "CVE-2018-14940 | PHPCMS 9 allows remote attackers to cause a denial of service (resource consumption) via large font_size, height, and width parameters in an api.php?op=checkcode request. | MISC:https://github.com/m0us3Sun/PHPCMS-v9/issues/1",
  "docLength" : 0,
  "language" : "EN",
  "status" : "READY",
  "modifiedDate" : 1541947501633,
  "documentSet" : [ ],
  "preannotation" : [ ],
  "sentences" : [ {
    "id" : "s0",
    "begin" : 0,
    "end" : 187,
    "text" : "CVE-2018-14940 | PHPCMS 9 allows remote attackers to cause a denial of service (resource consumption) via large font_size, height, and width parameters in an api.php?op=checkcode request.",
    "tokens" : [ {
      "id" : "s0-t0",
      "begin" : 0,
      "end" : 14,
      "text" : "CVE-2018-14940",
      "whiteSpace" : false
    }, {
      "id" : "s0-t1",
      "begin" : 15,
      "end" : 16,
      "text" : "|",
      "whiteSpace" : false
    }, {
      "id" : "s0-t2",
      "begin" : 17,
      "end" : 23,
      "text" : "PHPCMS",
      "whiteSpace" : false
    }, {
      "id" : "s0-t3",
      "begin" : 24,
      "end" : 25,
      "text" : "9",
      "whiteSpace" : false
    }, {
      "id" : "s0-t4",
      "begin" : 26,
      "end" : 32,
      "text" : "allows",
      "whiteSpace" : false
    }, {
      "id" : "s0-t5",
      "begin" : 33,
      "end" : 39,
      "text" : "remote",
      "whiteSpace" : false
    }, {
      "id" : "s0-t6",
      "begin" : 40,
      "end" : 49,
      "text" : "attackers",
      "whiteSpace" : false
    }, {
      "id" : "s0-t7",
      "begin" : 50,
      "end" : 52,
      "text" : "to",
      "whiteSpace" : false
    }, {
      "id" : "s0-t8",
      "begin" : 53,
      "end" : 58,
      "text" : "cause",
      "whiteSpace" : false
    }, {
      "id" : "s0-t9",
      "begin" : 59,
      "end" : 60,
      "text" : "a",
      "whiteSpace" : false
    }, {
      "id" : "s0-t10",
      "begin" : 61,
      "end" : 67,
      "text" : "denial",
      "whiteSpace" : false
    }, {
      "id" : "s0-t11",
      "begin" : 68,
      "end" : 70,
      "text" : "of",
      "whiteSpace" : false
    }, {
      "id" : "s0-t12",
      "begin" : 71,
      "end" : 78,
      "text" : "service",
      "whiteSpace" : false
    }, {
      "id" : "s0-t13",
      "begin" : 79,
      "end" : 80,
      "text" : "(",
      "whiteSpace" : false
    }, {
      "id" : "s0-t14",
      "begin" : 80,
      "end" : 88,
      "text" : "resource",
      "whiteSpace" : false
    }, {
      "id" : "s0-t15",
      "begin" : 89,
      "end" : 100,
      "text" : "consumption",
      "whiteSpace" : false
    }, {
      "id" : "s0-t16",
      "begin" : 100,
      "end" : 101,
      "text" : ")",
      "whiteSpace" : false
    }, {
      "id" : "s0-t17",
      "begin" : 102,
      "end" : 105,
      "text" : "via",
      "whiteSpace" : false
    }, {
      "id" : "s0-t18",
      "begin" : 106,
      "end" : 111,
      "text" : "large",
      "whiteSpace" : false
    }, {
      "id" : "s0-t19",
      "begin" : 112,
      "end" : 121,
      "text" : "font_size",
      "whiteSpace" : false
    }, {
      "id" : "s0-t20",
      "begin" : 121,
      "end" : 122,
      "text" : ",",
      "whiteSpace" : false
    }, {
      "id" : "s0-t21",
      "begin" : 123,
      "end" : 129,
      "text" : "height",
      "whiteSpace" : false
    }, {
      "id" : "s0-t22",
      "begin" : 129,
      "end" : 130,
      "text" : ",",
      "whiteSpace" : false
    }, {
      "id" : "s0-t23",
      "begin" : 131,
      "end" : 134,
      "text" : "and",
      "whiteSpace" : false
    }, {
      "id" : "s0-t24",
      "begin" : 135,
      "end" : 140,
      "text" : "width",
      "whiteSpace" : false
    }, {
      "id" : "s0-t25",
      "begin" : 141,
      "end" : 151,
      "text" : "parameters",
      "whiteSpace" : false
    }, {
      "id" : "s0-t26",
      "begin" : 152,
      "end" : 154,
      "text" : "in",
      "whiteSpace" : false
    }, {
      "id" : "s0-t27",
      "begin" : 155,
      "end" : 157,
      "text" : "an",
      "whiteSpace" : false
    }, {
      "id" : "s0-t28",
      "begin" : 158,
      "end" : 168,
      "text" : "api.php?op",
      "whiteSpace" : false
    }, {
      "id" : "s0-t29",
      "begin" : 168,
      "end" : 169,
      "text" : "=",
      "whiteSpace" : false
    }, {
      "id" : "s0-t30",
      "begin" : 169,
      "end" : 178,
      "text" : "checkcode",
      "whiteSpace" : false
    }, {
      "id" : "s0-t31",
      "begin" : 179,
      "end" : 186,
      "text" : "request",
      "whiteSpace" : false
    }, {
      "id" : "s0-t32",
      "begin" : 186,
      "end" : 187,
      "text" : ".",
      "whiteSpace" : false
    } ]
  }, {
    "id" : "s1",
    "begin" : 188,
    "end" : 241,
    "text" : "| MISC:https://github.com/m0us3Sun/PHPCMS-v9/issues/1",
    "tokens" : [ {
      "id" : "s1-t0",
      "begin" : 188,
      "end" : 189,
      "text" : "|",
      "whiteSpace" : false
    }, {
      "id" : "s1-t1",
      "begin" : 190,
      "end" : 241,
      "text" : "MISC:https://github.com/m0us3Sun/PHPCMS-v9/issues/1",
      "whiteSpace" : false
    } ]
  } ],
  "mentions" : [ ],
  "relations" : [ ],
  "corefs" : [ ],
  "typeResolved" : true,
  "userResolved" : false
}