{
  "id" : "5e6b9330-e5c0-11e8-ac51-0ddb2b53e7d9-108",
  "name" : "CVE-2018-14815",
  "createdDate" : 0,
  "version" : 3,
  "text" : "CVE-2018-14815 | Fuji Electric V-Server 4.0.3.0 and prior, Several out-of-bounds write vulnerabilities have been identified, which may allow remote code execution. | MISC:https://ics-cert.us-cert.gov/advisories/ICSA-18-254-01   |   BID:105341   |   URL:http://www.securityfocus.com/bid/105341",
  "docLength" : 0,
  "language" : "EN",
  "status" : "READY",
  "modifiedDate" : 1541947501633,
  "documentSet" : [ ],
  "preannotation" : [ ],
  "sentences" : [ {
    "id" : "s0",
    "begin" : 0,
    "end" : 163,
    "text" : "CVE-2018-14815 | Fuji Electric V-Server 4.0.3.0 and prior, Several out-of-bounds write vulnerabilities have been identified, which may allow remote code execution.",
    "tokens" : [ {
      "id" : "s0-t0",
      "begin" : 0,
      "end" : 14,
      "text" : "CVE-2018-14815",
      "whiteSpace" : false
    }, {
      "id" : "s0-t1",
      "begin" : 15,
      "end" : 16,
      "text" : "|",
      "whiteSpace" : false
    }, {
      "id" : "s0-t2",
      "begin" : 17,
      "end" : 21,
      "text" : "Fuji",
      "whiteSpace" : false
    }, {
      "id" : "s0-t3",
      "begin" : 22,
      "end" : 30,
      "text" : "Electric",
      "whiteSpace" : false
    }, {
      "id" : "s0-t4",
      "begin" : 31,
      "end" : 39,
      "text" : "V-Server",
      "whiteSpace" : false
    }, {
      "id" : "s0-t5",
      "begin" : 40,
      "end" : 47,
      "text" : "4.0.3.0",
      "whiteSpace" : false
    }, {
      "id" : "s0-t6",
      "begin" : 48,
      "end" : 51,
      "text" : "and",
      "whiteSpace" : false
    }, {
      "id" : "s0-t7",
      "begin" : 52,
      "end" : 57,
      "text" : "prior",
      "whiteSpace" : false
    }, {
      "id" : "s0-t8",
      "begin" : 57,
      "end" : 58,
      "text" : ",",
      "whiteSpace" : false
    }, {
      "id" : "s0-t9",
      "begin" : 59,
      "end" : 66,
      "text" : "Several",
      "whiteSpace" : false
    }, {
      "id" : "s0-t10",
      "begin" : 67,
      "end" : 80,
      "text" : "out-of-bounds",
      "whiteSpace" : false
    }, {
      "id" : "s0-t11",
      "begin" : 81,
      "end" : 86,
      "text" : "write",
      "whiteSpace" : false
    }, {
      "id" : "s0-t12",
      "begin" : 87,
      "end" : 102,
      "text" : "vulnerabilities",
      "whiteSpace" : false
    }, {
      "id" : "s0-t13",
      "begin" : 103,
      "end" : 107,
      "text" : "have",
      "whiteSpace" : false
    }, {
      "id" : "s0-t14",
      "begin" : 108,
      "end" : 112,
      "text" : "been",
      "whiteSpace" : false
    }, {
      "id" : "s0-t15",
      "begin" : 113,
      "end" : 123,
      "text" : "identified",
      "whiteSpace" : false
    }, {
      "id" : "s0-t16",
      "begin" : 123,
      "end" : 124,
      "text" : ",",
      "whiteSpace" : false
    }, {
      "id" : "s0-t17",
      "begin" : 125,
      "end" : 130,
      "text" : "which",
      "whiteSpace" : false
    }, {
      "id" : "s0-t18",
      "begin" : 131,
      "end" : 134,
      "text" : "may",
      "whiteSpace" : false
    }, {
      "id" : "s0-t19",
      "begin" : 135,
      "end" : 140,
      "text" : "allow",
      "whiteSpace" : false
    }, {
      "id" : "s0-t20",
      "begin" : 141,
      "end" : 147,
      "text" : "remote",
      "whiteSpace" : false
    }, {
      "id" : "s0-t21",
      "begin" : 148,
      "end" : 152,
      "text" : "code",
      "whiteSpace" : false
    }, {
      "id" : "s0-t22",
      "begin" : 153,
      "end" : 162,
      "text" : "execution",
      "whiteSpace" : false
    }, {
      "id" : "s0-t23",
      "begin" : 162,
      "end" : 163,
      "text" : ".",
      "whiteSpace" : false
    } ]
  }, {
    "id" : "s1",
    "begin" : 164,
    "end" : 292,
    "text" : "| MISC:https://ics-cert.us-cert.gov/advisories/ICSA-18-254-01   |   BID:105341   |   URL:http://www.securityfocus.com/bid/105341",
    "tokens" : [ {
      "id" : "s1-t0",
      "begin" : 164,
      "end" : 165,
      "text" : "|",
      "whiteSpace" : false
    }, {
      "id" : "s1-t1",
      "begin" : 166,
      "end" : 225,
      "text" : "MISC:https://ics-cert.us-cert.gov/advisories/ICSA-18-254-01",
      "whiteSpace" : false
    }, {
      "id" : "s1-t2",
      "begin" : 228,
      "end" : 229,
      "text" : "|",
      "whiteSpace" : false
    }, {
      "id" : "s1-t3",
      "begin" : 232,
      "end" : 235,
      "text" : "BID",
      "whiteSpace" : false
    }, {
      "id" : "s1-t4",
      "begin" : 235,
      "end" : 236,
      "text" : ":",
      "whiteSpace" : false
    }, {
      "id" : "s1-t5",
      "begin" : 236,
      "end" : 242,
      "text" : "105341",
      "whiteSpace" : false
    }, {
      "id" : "s1-t6",
      "begin" : 245,
      "end" : 246,
      "text" : "|",
      "whiteSpace" : false
    }, {
      "id" : "s1-t7",
      "begin" : 249,
      "end" : 286,
      "text" : "URL:http://www.securityfocus.com/bid/",
      "whiteSpace" : false
    }, {
      "id" : "s1-t8",
      "begin" : 286,
      "end" : 292,
      "text" : "105341",
      "whiteSpace" : false
    } ]
  } ],
  "mentions" : [ ],
  "relations" : [ ],
  "corefs" : [ ],
  "typeResolved" : true,
  "userResolved" : false
}