{
  "id" : "5e6b9330-e5c0-11e8-ac51-0ddb2b53e7d9-101",
  "name" : "CVE-2018-14822",
  "createdDate" : 0,
  "version" : 3,
  "text" : "CVE-2018-14822 | Entes EMG12 versions 2.57 and prior an information exposure through query strings vulnerability in the web interface has been identified, which may allow an attacker to impersonate a legitimate user and execute arbitrary code. | MISC:https://ics-cert.us-cert.gov/advisories/ICSA-18-275-03   |   BID:105489   |   URL:http://www.securityfocus.com/bid/105489",
  "docLength" : 0,
  "language" : "EN",
  "status" : "READY",
  "modifiedDate" : 1541947501633,
  "documentSet" : [ ],
  "preannotation" : [ ],
  "sentences" : [ {
    "id" : "s0",
    "begin" : 0,
    "end" : 243,
    "text" : "CVE-2018-14822 | Entes EMG12 versions 2.57 and prior an information exposure through query strings vulnerability in the web interface has been identified, which may allow an attacker to impersonate a legitimate user and execute arbitrary code.",
    "tokens" : [ {
      "id" : "s0-t0",
      "begin" : 0,
      "end" : 14,
      "text" : "CVE-2018-14822",
      "whiteSpace" : false
    }, {
      "id" : "s0-t1",
      "begin" : 15,
      "end" : 16,
      "text" : "|",
      "whiteSpace" : false
    }, {
      "id" : "s0-t2",
      "begin" : 17,
      "end" : 22,
      "text" : "Entes",
      "whiteSpace" : false
    }, {
      "id" : "s0-t3",
      "begin" : 23,
      "end" : 28,
      "text" : "EMG12",
      "whiteSpace" : false
    }, {
      "id" : "s0-t4",
      "begin" : 29,
      "end" : 37,
      "text" : "versions",
      "whiteSpace" : false
    }, {
      "id" : "s0-t5",
      "begin" : 38,
      "end" : 42,
      "text" : "2.57",
      "whiteSpace" : false
    }, {
      "id" : "s0-t6",
      "begin" : 43,
      "end" : 46,
      "text" : "and",
      "whiteSpace" : false
    }, {
      "id" : "s0-t7",
      "begin" : 47,
      "end" : 52,
      "text" : "prior",
      "whiteSpace" : false
    }, {
      "id" : "s0-t8",
      "begin" : 53,
      "end" : 55,
      "text" : "an",
      "whiteSpace" : false
    }, {
      "id" : "s0-t9",
      "begin" : 56,
      "end" : 67,
      "text" : "information",
      "whiteSpace" : false
    }, {
      "id" : "s0-t10",
      "begin" : 68,
      "end" : 76,
      "text" : "exposure",
      "whiteSpace" : false
    }, {
      "id" : "s0-t11",
      "begin" : 77,
      "end" : 84,
      "text" : "through",
      "whiteSpace" : false
    }, {
      "id" : "s0-t12",
      "begin" : 85,
      "end" : 90,
      "text" : "query",
      "whiteSpace" : false
    }, {
      "id" : "s0-t13",
      "begin" : 91,
      "end" : 98,
      "text" : "strings",
      "whiteSpace" : false
    }, {
      "id" : "s0-t14",
      "begin" : 99,
      "end" : 112,
      "text" : "vulnerability",
      "whiteSpace" : false
    }, {
      "id" : "s0-t15",
      "begin" : 113,
      "end" : 115,
      "text" : "in",
      "whiteSpace" : false
    }, {
      "id" : "s0-t16",
      "begin" : 116,
      "end" : 119,
      "text" : "the",
      "whiteSpace" : false
    }, {
      "id" : "s0-t17",
      "begin" : 120,
      "end" : 123,
      "text" : "web",
      "whiteSpace" : false
    }, {
      "id" : "s0-t18",
      "begin" : 124,
      "end" : 133,
      "text" : "interface",
      "whiteSpace" : false
    }, {
      "id" : "s0-t19",
      "begin" : 134,
      "end" : 137,
      "text" : "has",
      "whiteSpace" : false
    }, {
      "id" : "s0-t20",
      "begin" : 138,
      "end" : 142,
      "text" : "been",
      "whiteSpace" : false
    }, {
      "id" : "s0-t21",
      "begin" : 143,
      "end" : 153,
      "text" : "identified",
      "whiteSpace" : false
    }, {
      "id" : "s0-t22",
      "begin" : 153,
      "end" : 154,
      "text" : ",",
      "whiteSpace" : false
    }, {
      "id" : "s0-t23",
      "begin" : 155,
      "end" : 160,
      "text" : "which",
      "whiteSpace" : false
    }, {
      "id" : "s0-t24",
      "begin" : 161,
      "end" : 164,
      "text" : "may",
      "whiteSpace" : false
    }, {
      "id" : "s0-t25",
      "begin" : 165,
      "end" : 170,
      "text" : "allow",
      "whiteSpace" : false
    }, {
      "id" : "s0-t26",
      "begin" : 171,
      "end" : 173,
      "text" : "an",
      "whiteSpace" : false
    }, {
      "id" : "s0-t27",
      "begin" : 174,
      "end" : 182,
      "text" : "attacker",
      "whiteSpace" : false
    }, {
      "id" : "s0-t28",
      "begin" : 183,
      "end" : 185,
      "text" : "to",
      "whiteSpace" : false
    }, {
      "id" : "s0-t29",
      "begin" : 186,
      "end" : 197,
      "text" : "impersonate",
      "whiteSpace" : false
    }, {
      "id" : "s0-t30",
      "begin" : 198,
      "end" : 199,
      "text" : "a",
      "whiteSpace" : false
    }, {
      "id" : "s0-t31",
      "begin" : 200,
      "end" : 210,
      "text" : "legitimate",
      "whiteSpace" : false
    }, {
      "id" : "s0-t32",
      "begin" : 211,
      "end" : 215,
      "text" : "user",
      "whiteSpace" : false
    }, {
      "id" : "s0-t33",
      "begin" : 216,
      "end" : 219,
      "text" : "and",
      "whiteSpace" : false
    }, {
      "id" : "s0-t34",
      "begin" : 220,
      "end" : 227,
      "text" : "execute",
      "whiteSpace" : false
    }, {
      "id" : "s0-t35",
      "begin" : 228,
      "end" : 237,
      "text" : "arbitrary",
      "whiteSpace" : false
    }, {
      "id" : "s0-t36",
      "begin" : 238,
      "end" : 242,
      "text" : "code",
      "whiteSpace" : false
    }, {
      "id" : "s0-t37",
      "begin" : 242,
      "end" : 243,
      "text" : ".",
      "whiteSpace" : false
    } ]
  }, {
    "id" : "s1",
    "begin" : 244,
    "end" : 372,
    "text" : "| MISC:https://ics-cert.us-cert.gov/advisories/ICSA-18-275-03   |   BID:105489   |   URL:http://www.securityfocus.com/bid/105489",
    "tokens" : [ {
      "id" : "s1-t0",
      "begin" : 244,
      "end" : 245,
      "text" : "|",
      "whiteSpace" : false
    }, {
      "id" : "s1-t1",
      "begin" : 246,
      "end" : 305,
      "text" : "MISC:https://ics-cert.us-cert.gov/advisories/ICSA-18-275-03",
      "whiteSpace" : false
    }, {
      "id" : "s1-t2",
      "begin" : 308,
      "end" : 309,
      "text" : "|",
      "whiteSpace" : false
    }, {
      "id" : "s1-t3",
      "begin" : 312,
      "end" : 315,
      "text" : "BID",
      "whiteSpace" : false
    }, {
      "id" : "s1-t4",
      "begin" : 315,
      "end" : 316,
      "text" : ":",
      "whiteSpace" : false
    }, {
      "id" : "s1-t5",
      "begin" : 316,
      "end" : 322,
      "text" : "105489",
      "whiteSpace" : false
    }, {
      "id" : "s1-t6",
      "begin" : 325,
      "end" : 326,
      "text" : "|",
      "whiteSpace" : false
    }, {
      "id" : "s1-t7",
      "begin" : 329,
      "end" : 366,
      "text" : "URL:http://www.securityfocus.com/bid/",
      "whiteSpace" : false
    }, {
      "id" : "s1-t8",
      "begin" : 366,
      "end" : 372,
      "text" : "105489",
      "whiteSpace" : false
    } ]
  } ],
  "mentions" : [ ],
  "relations" : [ ],
  "corefs" : [ ],
  "typeResolved" : true,
  "userResolved" : false
}