{
  "id" : "5e6b9330-e5c0-11e8-ac51-0ddb2b53e7d9-89",
  "name" : "CVE-2018-14838",
  "createdDate" : 0,
  "version" : 3,
  "text" : "CVE-2018-14838 | rejucms 2.1 has stored XSS via the admin/book.php content parameter. | MISC:https://github.com/ZBWACD/CodeAudit/blob/master/rejucms_v2.1",
  "docLength" : 0,
  "language" : "EN",
  "status" : "READY",
  "modifiedDate" : 1541947501633,
  "documentSet" : [ ],
  "preannotation" : [ ],
  "sentences" : [ {
    "id" : "s0",
    "begin" : 0,
    "end" : 85,
    "text" : "CVE-2018-14838 | rejucms 2.1 has stored XSS via the admin/book.php content parameter.",
    "tokens" : [ {
      "id" : "s0-t0",
      "begin" : 0,
      "end" : 14,
      "text" : "CVE-2018-14838",
      "whiteSpace" : false
    }, {
      "id" : "s0-t1",
      "begin" : 15,
      "end" : 16,
      "text" : "|",
      "whiteSpace" : false
    }, {
      "id" : "s0-t2",
      "begin" : 17,
      "end" : 24,
      "text" : "rejucms",
      "whiteSpace" : false
    }, {
      "id" : "s0-t3",
      "begin" : 25,
      "end" : 28,
      "text" : "2.1",
      "whiteSpace" : false
    }, {
      "id" : "s0-t4",
      "begin" : 29,
      "end" : 32,
      "text" : "has",
      "whiteSpace" : false
    }, {
      "id" : "s0-t5",
      "begin" : 33,
      "end" : 39,
      "text" : "stored",
      "whiteSpace" : false
    }, {
      "id" : "s0-t6",
      "begin" : 40,
      "end" : 43,
      "text" : "XSS",
      "whiteSpace" : false
    }, {
      "id" : "s0-t7",
      "begin" : 44,
      "end" : 47,
      "text" : "via",
      "whiteSpace" : false
    }, {
      "id" : "s0-t8",
      "begin" : 48,
      "end" : 51,
      "text" : "the",
      "whiteSpace" : false
    }, {
      "id" : "s0-t9",
      "begin" : 52,
      "end" : 66,
      "text" : "admin/book.php",
      "whiteSpace" : false
    }, {
      "id" : "s0-t10",
      "begin" : 67,
      "end" : 74,
      "text" : "content",
      "whiteSpace" : false
    }, {
      "id" : "s0-t11",
      "begin" : 75,
      "end" : 84,
      "text" : "parameter",
      "whiteSpace" : false
    }, {
      "id" : "s0-t12",
      "begin" : 84,
      "end" : 85,
      "text" : ".",
      "whiteSpace" : false
    } ]
  }, {
    "id" : "s1",
    "begin" : 86,
    "end" : 153,
    "text" : "| MISC:https://github.com/ZBWACD/CodeAudit/blob/master/rejucms_v2.1",
    "tokens" : [ {
      "id" : "s1-t0",
      "begin" : 86,
      "end" : 87,
      "text" : "|",
      "whiteSpace" : false
    }, {
      "id" : "s1-t1",
      "begin" : 88,
      "end" : 153,
      "text" : "MISC:https://github.com/ZBWACD/CodeAudit/blob/master/rejucms_v2.1",
      "whiteSpace" : false
    } ]
  } ],
  "mentions" : [ ],
  "relations" : [ ],
  "corefs" : [ ],
  "typeResolved" : true,
  "userResolved" : false
}