{
  "id" : "5e6b9330-e5c0-11e8-ac51-0ddb2b53e7d9-118",
  "name" : "CVE-2018-14804",
  "createdDate" : 0,
  "version" : 3,
  "text" : "CVE-2018-14804 | Emerson AMS Device Manager v12.0 to v13.5.  A specially crafted script may be run that allows arbitrary remote code execution. | MISC:https://ics-cert.us-cert.gov/advisories/ICSA-18-270-01   |   BID:105406   |   URL:http://www.securityfocus.com/bid/105406",
  "docLength" : 0,
  "language" : "EN",
  "status" : "READY",
  "modifiedDate" : 1541947501633,
  "documentSet" : [ ],
  "preannotation" : [ ],
  "sentences" : [ {
    "id" : "s0",
    "begin" : 0,
    "end" : 59,
    "text" : "CVE-2018-14804 | Emerson AMS Device Manager v12.0 to v13.5.",
    "tokens" : [ {
      "id" : "s0-t0",
      "begin" : 0,
      "end" : 14,
      "text" : "CVE-2018-14804",
      "whiteSpace" : false
    }, {
      "id" : "s0-t1",
      "begin" : 15,
      "end" : 16,
      "text" : "|",
      "whiteSpace" : false
    }, {
      "id" : "s0-t2",
      "begin" : 17,
      "end" : 24,
      "text" : "Emerson",
      "whiteSpace" : false
    }, {
      "id" : "s0-t3",
      "begin" : 25,
      "end" : 28,
      "text" : "AMS",
      "whiteSpace" : false
    }, {
      "id" : "s0-t4",
      "begin" : 29,
      "end" : 35,
      "text" : "Device",
      "whiteSpace" : false
    }, {
      "id" : "s0-t5",
      "begin" : 36,
      "end" : 43,
      "text" : "Manager",
      "whiteSpace" : false
    }, {
      "id" : "s0-t6",
      "begin" : 44,
      "end" : 49,
      "text" : "v12.0",
      "whiteSpace" : false
    }, {
      "id" : "s0-t7",
      "begin" : 50,
      "end" : 52,
      "text" : "to",
      "whiteSpace" : false
    }, {
      "id" : "s0-t8",
      "begin" : 53,
      "end" : 58,
      "text" : "v13.5",
      "whiteSpace" : false
    }, {
      "id" : "s0-t9",
      "begin" : 58,
      "end" : 59,
      "text" : ".",
      "whiteSpace" : false
    } ]
  }, {
    "id" : "s1",
    "begin" : 61,
    "end" : 143,
    "text" : "A specially crafted script may be run that allows arbitrary remote code execution.",
    "tokens" : [ {
      "id" : "s1-t0",
      "begin" : 61,
      "end" : 62,
      "text" : "A",
      "whiteSpace" : false
    }, {
      "id" : "s1-t1",
      "begin" : 63,
      "end" : 72,
      "text" : "specially",
      "whiteSpace" : false
    }, {
      "id" : "s1-t2",
      "begin" : 73,
      "end" : 80,
      "text" : "crafted",
      "whiteSpace" : false
    }, {
      "id" : "s1-t3",
      "begin" : 81,
      "end" : 87,
      "text" : "script",
      "whiteSpace" : false
    }, {
      "id" : "s1-t4",
      "begin" : 88,
      "end" : 91,
      "text" : "may",
      "whiteSpace" : false
    }, {
      "id" : "s1-t5",
      "begin" : 92,
      "end" : 94,
      "text" : "be",
      "whiteSpace" : false
    }, {
      "id" : "s1-t6",
      "begin" : 95,
      "end" : 98,
      "text" : "run",
      "whiteSpace" : false
    }, {
      "id" : "s1-t7",
      "begin" : 99,
      "end" : 103,
      "text" : "that",
      "whiteSpace" : false
    }, {
      "id" : "s1-t8",
      "begin" : 104,
      "end" : 110,
      "text" : "allows",
      "whiteSpace" : false
    }, {
      "id" : "s1-t9",
      "begin" : 111,
      "end" : 120,
      "text" : "arbitrary",
      "whiteSpace" : false
    }, {
      "id" : "s1-t10",
      "begin" : 121,
      "end" : 127,
      "text" : "remote",
      "whiteSpace" : false
    }, {
      "id" : "s1-t11",
      "begin" : 128,
      "end" : 132,
      "text" : "code",
      "whiteSpace" : false
    }, {
      "id" : "s1-t12",
      "begin" : 133,
      "end" : 142,
      "text" : "execution",
      "whiteSpace" : false
    }, {
      "id" : "s1-t13",
      "begin" : 142,
      "end" : 143,
      "text" : ".",
      "whiteSpace" : false
    } ]
  }, {
    "id" : "s2",
    "begin" : 144,
    "end" : 272,
    "text" : "| MISC:https://ics-cert.us-cert.gov/advisories/ICSA-18-270-01   |   BID:105406   |   URL:http://www.securityfocus.com/bid/105406",
    "tokens" : [ {
      "id" : "s2-t0",
      "begin" : 144,
      "end" : 145,
      "text" : "|",
      "whiteSpace" : false
    }, {
      "id" : "s2-t1",
      "begin" : 146,
      "end" : 205,
      "text" : "MISC:https://ics-cert.us-cert.gov/advisories/ICSA-18-270-01",
      "whiteSpace" : false
    }, {
      "id" : "s2-t2",
      "begin" : 208,
      "end" : 209,
      "text" : "|",
      "whiteSpace" : false
    }, {
      "id" : "s2-t3",
      "begin" : 212,
      "end" : 215,
      "text" : "BID",
      "whiteSpace" : false
    }, {
      "id" : "s2-t4",
      "begin" : 215,
      "end" : 216,
      "text" : ":",
      "whiteSpace" : false
    }, {
      "id" : "s2-t5",
      "begin" : 216,
      "end" : 222,
      "text" : "105406",
      "whiteSpace" : false
    }, {
      "id" : "s2-t6",
      "begin" : 225,
      "end" : 226,
      "text" : "|",
      "whiteSpace" : false
    }, {
      "id" : "s2-t7",
      "begin" : 229,
      "end" : 266,
      "text" : "URL:http://www.securityfocus.com/bid/",
      "whiteSpace" : false
    }, {
      "id" : "s2-t8",
      "begin" : 266,
      "end" : 272,
      "text" : "105406",
      "whiteSpace" : false
    } ]
  } ],
  "mentions" : [ ],
  "relations" : [ ],
  "corefs" : [ ],
  "typeResolved" : true,
  "userResolved" : false
}