{
  "id" : "5e6b9330-e5c0-11e8-ac51-0ddb2b53e7d9-31",
  "name" : "CVE-2018-14948",
  "createdDate" : 0,
  "version" : 3,
  "text" : "CVE-2018-14948 | An issue has been found in dilawar sound through 2017-11-27. The end of openWavFile in wav-file.cc has Mismatched Memory Management Routines (operator new [] versus operator delete). | MISC:https://github.com/dilawar/sound/issues/4   |   MISC:https://github.com/fouzhe/security/tree/master/sound#alloc-dealloc-mismatch-in-function-openwavfile",
  "docLength" : 0,
  "language" : "EN",
  "status" : "READY",
  "modifiedDate" : 1541947501633,
  "documentSet" : [ ],
  "preannotation" : [ ],
  "sentences" : [ {
    "id" : "s0",
    "begin" : 0,
    "end" : 77,
    "text" : "CVE-2018-14948 | An issue has been found in dilawar sound through 2017-11-27.",
    "tokens" : [ {
      "id" : "s0-t0",
      "begin" : 0,
      "end" : 14,
      "text" : "CVE-2018-14948",
      "whiteSpace" : false
    }, {
      "id" : "s0-t1",
      "begin" : 15,
      "end" : 16,
      "text" : "|",
      "whiteSpace" : false
    }, {
      "id" : "s0-t2",
      "begin" : 17,
      "end" : 19,
      "text" : "An",
      "whiteSpace" : false
    }, {
      "id" : "s0-t3",
      "begin" : 20,
      "end" : 25,
      "text" : "issue",
      "whiteSpace" : false
    }, {
      "id" : "s0-t4",
      "begin" : 26,
      "end" : 29,
      "text" : "has",
      "whiteSpace" : false
    }, {
      "id" : "s0-t5",
      "begin" : 30,
      "end" : 34,
      "text" : "been",
      "whiteSpace" : false
    }, {
      "id" : "s0-t6",
      "begin" : 35,
      "end" : 40,
      "text" : "found",
      "whiteSpace" : false
    }, {
      "id" : "s0-t7",
      "begin" : 41,
      "end" : 43,
      "text" : "in",
      "whiteSpace" : false
    }, {
      "id" : "s0-t8",
      "begin" : 44,
      "end" : 51,
      "text" : "dilawar",
      "whiteSpace" : false
    }, {
      "id" : "s0-t9",
      "begin" : 52,
      "end" : 57,
      "text" : "sound",
      "whiteSpace" : false
    }, {
      "id" : "s0-t10",
      "begin" : 58,
      "end" : 65,
      "text" : "through",
      "whiteSpace" : false
    }, {
      "id" : "s0-t11",
      "begin" : 66,
      "end" : 76,
      "text" : "2017-11-27",
      "whiteSpace" : false
    }, {
      "id" : "s0-t12",
      "begin" : 76,
      "end" : 77,
      "text" : ".",
      "whiteSpace" : false
    } ]
  }, {
    "id" : "s1",
    "begin" : 78,
    "end" : 199,
    "text" : "The end of openWavFile in wav-file.cc has Mismatched Memory Management Routines (operator new [] versus operator delete).",
    "tokens" : [ {
      "id" : "s1-t0",
      "begin" : 78,
      "end" : 81,
      "text" : "The",
      "whiteSpace" : false
    }, {
      "id" : "s1-t1",
      "begin" : 82,
      "end" : 85,
      "text" : "end",
      "whiteSpace" : false
    }, {
      "id" : "s1-t2",
      "begin" : 86,
      "end" : 88,
      "text" : "of",
      "whiteSpace" : false
    }, {
      "id" : "s1-t3",
      "begin" : 89,
      "end" : 100,
      "text" : "openWavFile",
      "whiteSpace" : false
    }, {
      "id" : "s1-t4",
      "begin" : 101,
      "end" : 103,
      "text" : "in",
      "whiteSpace" : false
    }, {
      "id" : "s1-t5",
      "begin" : 104,
      "end" : 115,
      "text" : "wav-file.cc",
      "whiteSpace" : false
    }, {
      "id" : "s1-t6",
      "begin" : 116,
      "end" : 119,
      "text" : "has",
      "whiteSpace" : false
    }, {
      "id" : "s1-t7",
      "begin" : 120,
      "end" : 130,
      "text" : "Mismatched",
      "whiteSpace" : false
    }, {
      "id" : "s1-t8",
      "begin" : 131,
      "end" : 137,
      "text" : "Memory",
      "whiteSpace" : false
    }, {
      "id" : "s1-t9",
      "begin" : 138,
      "end" : 148,
      "text" : "Management",
      "whiteSpace" : false
    }, {
      "id" : "s1-t10",
      "begin" : 149,
      "end" : 157,
      "text" : "Routines",
      "whiteSpace" : false
    }, {
      "id" : "s1-t11",
      "begin" : 158,
      "end" : 159,
      "text" : "(",
      "whiteSpace" : false
    }, {
      "id" : "s1-t12",
      "begin" : 159,
      "end" : 167,
      "text" : "operator",
      "whiteSpace" : false
    }, {
      "id" : "s1-t13",
      "begin" : 168,
      "end" : 171,
      "text" : "new",
      "whiteSpace" : false
    }, {
      "id" : "s1-t14",
      "begin" : 172,
      "end" : 173,
      "text" : "[",
      "whiteSpace" : false
    }, {
      "id" : "s1-t15",
      "begin" : 173,
      "end" : 174,
      "text" : "]",
      "whiteSpace" : false
    }, {
      "id" : "s1-t16",
      "begin" : 175,
      "end" : 181,
      "text" : "versus",
      "whiteSpace" : false
    }, {
      "id" : "s1-t17",
      "begin" : 182,
      "end" : 190,
      "text" : "operator",
      "whiteSpace" : false
    }, {
      "id" : "s1-t18",
      "begin" : 191,
      "end" : 197,
      "text" : "delete",
      "whiteSpace" : false
    }, {
      "id" : "s1-t19",
      "begin" : 197,
      "end" : 198,
      "text" : ")",
      "whiteSpace" : false
    }, {
      "id" : "s1-t20",
      "begin" : 198,
      "end" : 199,
      "text" : ".",
      "whiteSpace" : false
    } ]
  }, {
    "id" : "s2",
    "begin" : 200,
    "end" : 359,
    "text" : "| MISC:https://github.com/dilawar/sound/issues/4   |   MISC:https://github.com/fouzhe/security/tree/master/sound#alloc-dealloc-mismatch-in-function-openwavfile",
    "tokens" : [ {
      "id" : "s2-t0",
      "begin" : 200,
      "end" : 201,
      "text" : "|",
      "whiteSpace" : false
    }, {
      "id" : "s2-t1",
      "begin" : 202,
      "end" : 248,
      "text" : "MISC:https://github.com/dilawar/sound/issues/4",
      "whiteSpace" : false
    }, {
      "id" : "s2-t2",
      "begin" : 251,
      "end" : 252,
      "text" : "|",
      "whiteSpace" : false
    }, {
      "id" : "s2-t3",
      "begin" : 255,
      "end" : 259,
      "text" : "MISC",
      "whiteSpace" : false
    }, {
      "id" : "s2-t4",
      "begin" : 259,
      "end" : 318,
      "text" : ":https://github.com/fouzhe/security/tree/master/sound#alloc",
      "whiteSpace" : false
    }, {
      "id" : "s2-t5",
      "begin" : 318,
      "end" : 319,
      "text" : "-",
      "whiteSpace" : false
    }, {
      "id" : "s2-t6",
      "begin" : 319,
      "end" : 326,
      "text" : "dealloc",
      "whiteSpace" : false
    }, {
      "id" : "s2-t7",
      "begin" : 326,
      "end" : 327,
      "text" : "-",
      "whiteSpace" : false
    }, {
      "id" : "s2-t8",
      "begin" : 327,
      "end" : 338,
      "text" : "mismatch-in",
      "whiteSpace" : false
    }, {
      "id" : "s2-t9",
      "begin" : 338,
      "end" : 339,
      "text" : "-",
      "whiteSpace" : false
    }, {
      "id" : "s2-t10",
      "begin" : 339,
      "end" : 347,
      "text" : "function",
      "whiteSpace" : false
    }, {
      "id" : "s2-t11",
      "begin" : 347,
      "end" : 348,
      "text" : "-",
      "whiteSpace" : false
    }, {
      "id" : "s2-t12",
      "begin" : 348,
      "end" : 359,
      "text" : "openwavfile",
      "whiteSpace" : false
    } ]
  } ],
  "mentions" : [ ],
  "relations" : [ ],
  "corefs" : [ ],
  "typeResolved" : true,
  "userResolved" : false
}