{
  "id" : "5e6b9330-e5c0-11e8-ac51-0ddb2b53e7d9-70",
  "name" : "CVE-2018-14889",
  "createdDate" : 0,
  "version" : 3,
  "text" : "CVE-2018-14889 | CouchDB in Vectra Networks Cognito Brain and Sensor before 4.3 contains a local code execution vulnerability. | CONFIRM:https://vectra.ai/security-advisories",
  "docLength" : 0,
  "language" : "EN",
  "status" : "READY",
  "modifiedDate" : 1541947501633,
  "documentSet" : [ ],
  "preannotation" : [ ],
  "sentences" : [ {
    "id" : "s0",
    "begin" : 0,
    "end" : 126,
    "text" : "CVE-2018-14889 | CouchDB in Vectra Networks Cognito Brain and Sensor before 4.3 contains a local code execution vulnerability.",
    "tokens" : [ {
      "id" : "s0-t0",
      "begin" : 0,
      "end" : 14,
      "text" : "CVE-2018-14889",
      "whiteSpace" : false
    }, {
      "id" : "s0-t1",
      "begin" : 15,
      "end" : 16,
      "text" : "|",
      "whiteSpace" : false
    }, {
      "id" : "s0-t2",
      "begin" : 17,
      "end" : 24,
      "text" : "CouchDB",
      "whiteSpace" : false
    }, {
      "id" : "s0-t3",
      "begin" : 25,
      "end" : 27,
      "text" : "in",
      "whiteSpace" : false
    }, {
      "id" : "s0-t4",
      "begin" : 28,
      "end" : 34,
      "text" : "Vectra",
      "whiteSpace" : false
    }, {
      "id" : "s0-t5",
      "begin" : 35,
      "end" : 43,
      "text" : "Networks",
      "whiteSpace" : false
    }, {
      "id" : "s0-t6",
      "begin" : 44,
      "end" : 51,
      "text" : "Cognito",
      "whiteSpace" : false
    }, {
      "id" : "s0-t7",
      "begin" : 52,
      "end" : 57,
      "text" : "Brain",
      "whiteSpace" : false
    }, {
      "id" : "s0-t8",
      "begin" : 58,
      "end" : 61,
      "text" : "and",
      "whiteSpace" : false
    }, {
      "id" : "s0-t9",
      "begin" : 62,
      "end" : 68,
      "text" : "Sensor",
      "whiteSpace" : false
    }, {
      "id" : "s0-t10",
      "begin" : 69,
      "end" : 75,
      "text" : "before",
      "whiteSpace" : false
    }, {
      "id" : "s0-t11",
      "begin" : 76,
      "end" : 79,
      "text" : "4.3",
      "whiteSpace" : false
    }, {
      "id" : "s0-t12",
      "begin" : 80,
      "end" : 88,
      "text" : "contains",
      "whiteSpace" : false
    }, {
      "id" : "s0-t13",
      "begin" : 89,
      "end" : 90,
      "text" : "a",
      "whiteSpace" : false
    }, {
      "id" : "s0-t14",
      "begin" : 91,
      "end" : 96,
      "text" : "local",
      "whiteSpace" : false
    }, {
      "id" : "s0-t15",
      "begin" : 97,
      "end" : 101,
      "text" : "code",
      "whiteSpace" : false
    }, {
      "id" : "s0-t16",
      "begin" : 102,
      "end" : 111,
      "text" : "execution",
      "whiteSpace" : false
    }, {
      "id" : "s0-t17",
      "begin" : 112,
      "end" : 125,
      "text" : "vulnerability",
      "whiteSpace" : false
    }, {
      "id" : "s0-t18",
      "begin" : 125,
      "end" : 126,
      "text" : ".",
      "whiteSpace" : false
    } ]
  }, {
    "id" : "s1",
    "begin" : 127,
    "end" : 174,
    "text" : "| CONFIRM:https://vectra.ai/security-advisories",
    "tokens" : [ {
      "id" : "s1-t0",
      "begin" : 127,
      "end" : 128,
      "text" : "|",
      "whiteSpace" : false
    }, {
      "id" : "s1-t1",
      "begin" : 129,
      "end" : 163,
      "text" : "CONFIRM:https://vectra.ai/security",
      "whiteSpace" : false
    }, {
      "id" : "s1-t2",
      "begin" : 163,
      "end" : 164,
      "text" : "-",
      "whiteSpace" : false
    }, {
      "id" : "s1-t3",
      "begin" : 164,
      "end" : 174,
      "text" : "advisories",
      "whiteSpace" : false
    } ]
  } ],
  "mentions" : [ ],
  "relations" : [ ],
  "corefs" : [ ],
  "typeResolved" : true,
  "userResolved" : false
}