{
  "id" : "5e6b9330-e5c0-11e8-ac51-0ddb2b53e7d9-61",
  "name" : "CVE-2018-14905",
  "createdDate" : 0,
  "version" : 3,
  "text" : "CVE-2018-14905 | The Web server in 3CX version 15.5.8801.3 is vulnerable to Reflected XSS on the api/CallLog TimeZoneName parameter. | MISC:https://medium.com/stolabs/security-issues-on-3cx-web-service-d9dc7f1bea79",
  "docLength" : 0,
  "language" : "EN",
  "status" : "READY",
  "modifiedDate" : 1541947501633,
  "documentSet" : [ ],
  "preannotation" : [ ],
  "sentences" : [ {
    "id" : "s0",
    "begin" : 0,
    "end" : 132,
    "text" : "CVE-2018-14905 | The Web server in 3CX version 15.5.8801.3 is vulnerable to Reflected XSS on the api/CallLog TimeZoneName parameter.",
    "tokens" : [ {
      "id" : "s0-t0",
      "begin" : 0,
      "end" : 14,
      "text" : "CVE-2018-14905",
      "whiteSpace" : false
    }, {
      "id" : "s0-t1",
      "begin" : 15,
      "end" : 16,
      "text" : "|",
      "whiteSpace" : false
    }, {
      "id" : "s0-t2",
      "begin" : 17,
      "end" : 20,
      "text" : "The",
      "whiteSpace" : false
    }, {
      "id" : "s0-t3",
      "begin" : 21,
      "end" : 24,
      "text" : "Web",
      "whiteSpace" : false
    }, {
      "id" : "s0-t4",
      "begin" : 25,
      "end" : 31,
      "text" : "server",
      "whiteSpace" : false
    }, {
      "id" : "s0-t5",
      "begin" : 32,
      "end" : 34,
      "text" : "in",
      "whiteSpace" : false
    }, {
      "id" : "s0-t6",
      "begin" : 35,
      "end" : 38,
      "text" : "3CX",
      "whiteSpace" : false
    }, {
      "id" : "s0-t7",
      "begin" : 39,
      "end" : 46,
      "text" : "version",
      "whiteSpace" : false
    }, {
      "id" : "s0-t8",
      "begin" : 47,
      "end" : 58,
      "text" : "15.5.8801.3",
      "whiteSpace" : false
    }, {
      "id" : "s0-t9",
      "begin" : 59,
      "end" : 61,
      "text" : "is",
      "whiteSpace" : false
    }, {
      "id" : "s0-t10",
      "begin" : 62,
      "end" : 72,
      "text" : "vulnerable",
      "whiteSpace" : false
    }, {
      "id" : "s0-t11",
      "begin" : 73,
      "end" : 75,
      "text" : "to",
      "whiteSpace" : false
    }, {
      "id" : "s0-t12",
      "begin" : 76,
      "end" : 85,
      "text" : "Reflected",
      "whiteSpace" : false
    }, {
      "id" : "s0-t13",
      "begin" : 86,
      "end" : 89,
      "text" : "XSS",
      "whiteSpace" : false
    }, {
      "id" : "s0-t14",
      "begin" : 90,
      "end" : 92,
      "text" : "on",
      "whiteSpace" : false
    }, {
      "id" : "s0-t15",
      "begin" : 93,
      "end" : 96,
      "text" : "the",
      "whiteSpace" : false
    }, {
      "id" : "s0-t16",
      "begin" : 97,
      "end" : 100,
      "text" : "api",
      "whiteSpace" : false
    }, {
      "id" : "s0-t17",
      "begin" : 100,
      "end" : 101,
      "text" : "/",
      "whiteSpace" : false
    }, {
      "id" : "s0-t18",
      "begin" : 101,
      "end" : 108,
      "text" : "CallLog",
      "whiteSpace" : false
    }, {
      "id" : "s0-t19",
      "begin" : 109,
      "end" : 121,
      "text" : "TimeZoneName",
      "whiteSpace" : false
    }, {
      "id" : "s0-t20",
      "begin" : 122,
      "end" : 131,
      "text" : "parameter",
      "whiteSpace" : false
    }, {
      "id" : "s0-t21",
      "begin" : 131,
      "end" : 132,
      "text" : ".",
      "whiteSpace" : false
    } ]
  }, {
    "id" : "s1",
    "begin" : 133,
    "end" : 214,
    "text" : "| MISC:https://medium.com/stolabs/security-issues-on-3cx-web-service-d9dc7f1bea79",
    "tokens" : [ {
      "id" : "s1-t0",
      "begin" : 133,
      "end" : 134,
      "text" : "|",
      "whiteSpace" : false
    }, {
      "id" : "s1-t1",
      "begin" : 135,
      "end" : 175,
      "text" : "MISC:https://medium.com/stolabs/security",
      "whiteSpace" : false
    }, {
      "id" : "s1-t2",
      "begin" : 175,
      "end" : 176,
      "text" : "-",
      "whiteSpace" : false
    }, {
      "id" : "s1-t3",
      "begin" : 176,
      "end" : 182,
      "text" : "issues",
      "whiteSpace" : false
    }, {
      "id" : "s1-t4",
      "begin" : 182,
      "end" : 183,
      "text" : "-",
      "whiteSpace" : false
    }, {
      "id" : "s1-t5",
      "begin" : 183,
      "end" : 185,
      "text" : "on",
      "whiteSpace" : false
    }, {
      "id" : "s1-t6",
      "begin" : 185,
      "end" : 186,
      "text" : "-",
      "whiteSpace" : false
    }, {
      "id" : "s1-t7",
      "begin" : 186,
      "end" : 189,
      "text" : "3cx",
      "whiteSpace" : false
    }, {
      "id" : "s1-t8",
      "begin" : 189,
      "end" : 190,
      "text" : "-",
      "whiteSpace" : false
    }, {
      "id" : "s1-t9",
      "begin" : 190,
      "end" : 193,
      "text" : "web",
      "whiteSpace" : false
    }, {
      "id" : "s1-t10",
      "begin" : 193,
      "end" : 194,
      "text" : "-",
      "whiteSpace" : false
    }, {
      "id" : "s1-t11",
      "begin" : 194,
      "end" : 201,
      "text" : "service",
      "whiteSpace" : false
    }, {
      "id" : "s1-t12",
      "begin" : 201,
      "end" : 202,
      "text" : "-",
      "whiteSpace" : false
    }, {
      "id" : "s1-t13",
      "begin" : 202,
      "end" : 214,
      "text" : "d9dc7f1bea79",
      "whiteSpace" : false
    } ]
  } ],
  "mentions" : [ ],
  "relations" : [ ],
  "corefs" : [ ],
  "typeResolved" : true,
  "userResolved" : false
}