{
  "id" : "5e6b9330-e5c0-11e8-ac51-0ddb2b53e7d9-90",
  "name" : "CVE-2018-14837",
  "createdDate" : 0,
  "version" : 3,
  "text" : "CVE-2018-14837 | Wolf CMS 0.8.3.1 has XSS in the Snippets tab, as demonstrated by a ?/admin/snippet/edit/1 URI. | MISC:https://github.com/wolfcms/wolfcms/issues/673",
  "docLength" : 0,
  "language" : "EN",
  "status" : "READY",
  "modifiedDate" : 1541947501633,
  "documentSet" : [ ],
  "preannotation" : [ ],
  "sentences" : [ {
    "id" : "s0",
    "begin" : 0,
    "end" : 85,
    "text" : "CVE-2018-14837 | Wolf CMS 0.8.3.1 has XSS in the Snippets tab, as demonstrated by a ?",
    "tokens" : [ {
      "id" : "s0-t0",
      "begin" : 0,
      "end" : 14,
      "text" : "CVE-2018-14837",
      "whiteSpace" : false
    }, {
      "id" : "s0-t1",
      "begin" : 15,
      "end" : 16,
      "text" : "|",
      "whiteSpace" : false
    }, {
      "id" : "s0-t2",
      "begin" : 17,
      "end" : 21,
      "text" : "Wolf",
      "whiteSpace" : false
    }, {
      "id" : "s0-t3",
      "begin" : 22,
      "end" : 25,
      "text" : "CMS",
      "whiteSpace" : false
    }, {
      "id" : "s0-t4",
      "begin" : 26,
      "end" : 33,
      "text" : "0.8.3.1",
      "whiteSpace" : false
    }, {
      "id" : "s0-t5",
      "begin" : 34,
      "end" : 37,
      "text" : "has",
      "whiteSpace" : false
    }, {
      "id" : "s0-t6",
      "begin" : 38,
      "end" : 41,
      "text" : "XSS",
      "whiteSpace" : false
    }, {
      "id" : "s0-t7",
      "begin" : 42,
      "end" : 44,
      "text" : "in",
      "whiteSpace" : false
    }, {
      "id" : "s0-t8",
      "begin" : 45,
      "end" : 48,
      "text" : "the",
      "whiteSpace" : false
    }, {
      "id" : "s0-t9",
      "begin" : 49,
      "end" : 57,
      "text" : "Snippets",
      "whiteSpace" : false
    }, {
      "id" : "s0-t10",
      "begin" : 58,
      "end" : 61,
      "text" : "tab",
      "whiteSpace" : false
    }, {
      "id" : "s0-t11",
      "begin" : 61,
      "end" : 62,
      "text" : ",",
      "whiteSpace" : false
    }, {
      "id" : "s0-t12",
      "begin" : 63,
      "end" : 65,
      "text" : "as",
      "whiteSpace" : false
    }, {
      "id" : "s0-t13",
      "begin" : 66,
      "end" : 78,
      "text" : "demonstrated",
      "whiteSpace" : false
    }, {
      "id" : "s0-t14",
      "begin" : 79,
      "end" : 81,
      "text" : "by",
      "whiteSpace" : false
    }, {
      "id" : "s0-t15",
      "begin" : 82,
      "end" : 83,
      "text" : "a",
      "whiteSpace" : false
    }, {
      "id" : "s0-t16",
      "begin" : 84,
      "end" : 85,
      "text" : "?",
      "whiteSpace" : false
    } ]
  }, {
    "id" : "s1",
    "begin" : 85,
    "end" : 111,
    "text" : "/admin/snippet/edit/1 URI.",
    "tokens" : [ {
      "id" : "s1-t0",
      "begin" : 85,
      "end" : 106,
      "text" : "/admin/snippet/edit/1",
      "whiteSpace" : false
    }, {
      "id" : "s1-t1",
      "begin" : 107,
      "end" : 110,
      "text" : "URI",
      "whiteSpace" : false
    }, {
      "id" : "s1-t2",
      "begin" : 110,
      "end" : 111,
      "text" : ".",
      "whiteSpace" : false
    } ]
  }, {
    "id" : "s2",
    "begin" : 112,
    "end" : 164,
    "text" : "| MISC:https://github.com/wolfcms/wolfcms/issues/673",
    "tokens" : [ {
      "id" : "s2-t0",
      "begin" : 112,
      "end" : 113,
      "text" : "|",
      "whiteSpace" : false
    }, {
      "id" : "s2-t1",
      "begin" : 114,
      "end" : 161,
      "text" : "MISC:https://github.com/wolfcms/wolfcms/issues/",
      "whiteSpace" : false
    }, {
      "id" : "s2-t2",
      "begin" : 161,
      "end" : 164,
      "text" : "673",
      "whiteSpace" : false
    } ]
  } ],
  "mentions" : [ ],
  "relations" : [ ],
  "corefs" : [ ],
  "typeResolved" : true,
  "userResolved" : false
}