{
  "id" : "5e6b9330-e5c0-11e8-ac51-0ddb2b53e7d9-53",
  "name" : "CVE-2018-14922",
  "createdDate" : 0,
  "version" : 3,
  "text" : "CVE-2018-14922 | Multiple cross-site scripting (XSS) vulnerabilities in Monstra CMS 3.0.4 allow remote attackers to inject arbitrary web script or HTML via the (1) first name or (2) last name field in the edit profile page. | EXPLOIT-DB:45156   |   URL:https://www.exploit-db.com/exploits/45156/   |   MISC:http://packetstormsecurity.com/files/148836/Monstra-Dev-3.0.4-Cross-Site-Scripting.html   |   MISC:https://indiancybersecuritysolutions.com/cve-2018-14922-cross-site-scripting/",
  "docLength" : 0,
  "language" : "EN",
  "status" : "READY",
  "modifiedDate" : 1541947501633,
  "documentSet" : [ ],
  "preannotation" : [ ],
  "sentences" : [ {
    "id" : "s0",
    "begin" : 0,
    "end" : 223,
    "text" : "CVE-2018-14922 | Multiple cross-site scripting (XSS) vulnerabilities in Monstra CMS 3.0.4 allow remote attackers to inject arbitrary web script or HTML via the (1) first name or (2) last name field in the edit profile page.",
    "tokens" : [ {
      "id" : "s0-t0",
      "begin" : 0,
      "end" : 14,
      "text" : "CVE-2018-14922",
      "whiteSpace" : false
    }, {
      "id" : "s0-t1",
      "begin" : 15,
      "end" : 16,
      "text" : "|",
      "whiteSpace" : false
    }, {
      "id" : "s0-t2",
      "begin" : 17,
      "end" : 25,
      "text" : "Multiple",
      "whiteSpace" : false
    }, {
      "id" : "s0-t3",
      "begin" : 26,
      "end" : 31,
      "text" : "cross",
      "whiteSpace" : false
    }, {
      "id" : "s0-t4",
      "begin" : 31,
      "end" : 32,
      "text" : "-",
      "whiteSpace" : false
    }, {
      "id" : "s0-t5",
      "begin" : 32,
      "end" : 36,
      "text" : "site",
      "whiteSpace" : false
    }, {
      "id" : "s0-t6",
      "begin" : 37,
      "end" : 46,
      "text" : "scripting",
      "whiteSpace" : false
    }, {
      "id" : "s0-t7",
      "begin" : 47,
      "end" : 48,
      "text" : "(",
      "whiteSpace" : false
    }, {
      "id" : "s0-t8",
      "begin" : 48,
      "end" : 51,
      "text" : "XSS",
      "whiteSpace" : false
    }, {
      "id" : "s0-t9",
      "begin" : 51,
      "end" : 52,
      "text" : ")",
      "whiteSpace" : false
    }, {
      "id" : "s0-t10",
      "begin" : 53,
      "end" : 68,
      "text" : "vulnerabilities",
      "whiteSpace" : false
    }, {
      "id" : "s0-t11",
      "begin" : 69,
      "end" : 71,
      "text" : "in",
      "whiteSpace" : false
    }, {
      "id" : "s0-t12",
      "begin" : 72,
      "end" : 79,
      "text" : "Monstra",
      "whiteSpace" : false
    }, {
      "id" : "s0-t13",
      "begin" : 80,
      "end" : 83,
      "text" : "CMS",
      "whiteSpace" : false
    }, {
      "id" : "s0-t14",
      "begin" : 84,
      "end" : 89,
      "text" : "3.0.4",
      "whiteSpace" : false
    }, {
      "id" : "s0-t15",
      "begin" : 90,
      "end" : 95,
      "text" : "allow",
      "whiteSpace" : false
    }, {
      "id" : "s0-t16",
      "begin" : 96,
      "end" : 102,
      "text" : "remote",
      "whiteSpace" : false
    }, {
      "id" : "s0-t17",
      "begin" : 103,
      "end" : 112,
      "text" : "attackers",
      "whiteSpace" : false
    }, {
      "id" : "s0-t18",
      "begin" : 113,
      "end" : 115,
      "text" : "to",
      "whiteSpace" : false
    }, {
      "id" : "s0-t19",
      "begin" : 116,
      "end" : 122,
      "text" : "inject",
      "whiteSpace" : false
    }, {
      "id" : "s0-t20",
      "begin" : 123,
      "end" : 132,
      "text" : "arbitrary",
      "whiteSpace" : false
    }, {
      "id" : "s0-t21",
      "begin" : 133,
      "end" : 136,
      "text" : "web",
      "whiteSpace" : false
    }, {
      "id" : "s0-t22",
      "begin" : 137,
      "end" : 143,
      "text" : "script",
      "whiteSpace" : false
    }, {
      "id" : "s0-t23",
      "begin" : 144,
      "end" : 146,
      "text" : "or",
      "whiteSpace" : false
    }, {
      "id" : "s0-t24",
      "begin" : 147,
      "end" : 151,
      "text" : "HTML",
      "whiteSpace" : false
    }, {
      "id" : "s0-t25",
      "begin" : 152,
      "end" : 155,
      "text" : "via",
      "whiteSpace" : false
    }, {
      "id" : "s0-t26",
      "begin" : 156,
      "end" : 159,
      "text" : "the",
      "whiteSpace" : false
    }, {
      "id" : "s0-t27",
      "begin" : 160,
      "end" : 161,
      "text" : "(",
      "whiteSpace" : false
    }, {
      "id" : "s0-t28",
      "begin" : 161,
      "end" : 162,
      "text" : "1",
      "whiteSpace" : false
    }, {
      "id" : "s0-t29",
      "begin" : 162,
      "end" : 163,
      "text" : ")",
      "whiteSpace" : false
    }, {
      "id" : "s0-t30",
      "begin" : 164,
      "end" : 169,
      "text" : "first",
      "whiteSpace" : false
    }, {
      "id" : "s0-t31",
      "begin" : 170,
      "end" : 174,
      "text" : "name",
      "whiteSpace" : false
    }, {
      "id" : "s0-t32",
      "begin" : 175,
      "end" : 177,
      "text" : "or",
      "whiteSpace" : false
    }, {
      "id" : "s0-t33",
      "begin" : 178,
      "end" : 179,
      "text" : "(",
      "whiteSpace" : false
    }, {
      "id" : "s0-t34",
      "begin" : 179,
      "end" : 180,
      "text" : "2",
      "whiteSpace" : false
    }, {
      "id" : "s0-t35",
      "begin" : 180,
      "end" : 181,
      "text" : ")",
      "whiteSpace" : false
    }, {
      "id" : "s0-t36",
      "begin" : 182,
      "end" : 186,
      "text" : "last",
      "whiteSpace" : false
    }, {
      "id" : "s0-t37",
      "begin" : 187,
      "end" : 191,
      "text" : "name",
      "whiteSpace" : false
    }, {
      "id" : "s0-t38",
      "begin" : 192,
      "end" : 197,
      "text" : "field",
      "whiteSpace" : false
    }, {
      "id" : "s0-t39",
      "begin" : 198,
      "end" : 200,
      "text" : "in",
      "whiteSpace" : false
    }, {
      "id" : "s0-t40",
      "begin" : 201,
      "end" : 204,
      "text" : "the",
      "whiteSpace" : false
    }, {
      "id" : "s0-t41",
      "begin" : 205,
      "end" : 209,
      "text" : "edit",
      "whiteSpace" : false
    }, {
      "id" : "s0-t42",
      "begin" : 210,
      "end" : 217,
      "text" : "profile",
      "whiteSpace" : false
    }, {
      "id" : "s0-t43",
      "begin" : 218,
      "end" : 222,
      "text" : "page",
      "whiteSpace" : false
    }, {
      "id" : "s0-t44",
      "begin" : 222,
      "end" : 223,
      "text" : ".",
      "whiteSpace" : false
    } ]
  }, {
    "id" : "s1",
    "begin" : 224,
    "end" : 483,
    "text" : "| EXPLOIT-DB:45156   |   URL:https://www.exploit-db.com/exploits/45156/   |   MISC:http://packetstormsecurity.com/files/148836/Monstra-Dev-3.0.4-Cross-Site-Scripting.html   |   MISC:https://indiancybersecuritysolutions.com/cve-2018-14922-cross-site-scripting/",
    "tokens" : [ {
      "id" : "s1-t0",
      "begin" : 224,
      "end" : 225,
      "text" : "|",
      "whiteSpace" : false
    }, {
      "id" : "s1-t1",
      "begin" : 226,
      "end" : 236,
      "text" : "EXPLOIT-DB",
      "whiteSpace" : false
    }, {
      "id" : "s1-t2",
      "begin" : 236,
      "end" : 237,
      "text" : ":",
      "whiteSpace" : false
    }, {
      "id" : "s1-t3",
      "begin" : 237,
      "end" : 242,
      "text" : "45156",
      "whiteSpace" : false
    }, {
      "id" : "s1-t4",
      "begin" : 245,
      "end" : 246,
      "text" : "|",
      "whiteSpace" : false
    }, {
      "id" : "s1-t5",
      "begin" : 249,
      "end" : 294,
      "text" : "URL:https://www.exploit-db.com/exploits/45156",
      "whiteSpace" : false
    }, {
      "id" : "s1-t6",
      "begin" : 294,
      "end" : 295,
      "text" : "/",
      "whiteSpace" : false
    }, {
      "id" : "s1-t7",
      "begin" : 298,
      "end" : 299,
      "text" : "|",
      "whiteSpace" : false
    }, {
      "id" : "s1-t8",
      "begin" : 302,
      "end" : 358,
      "text" : "MISC:http://packetstormsecurity.com/files/148836/Monstra",
      "whiteSpace" : false
    }, {
      "id" : "s1-t9",
      "begin" : 358,
      "end" : 359,
      "text" : "-",
      "whiteSpace" : false
    }, {
      "id" : "s1-t10",
      "begin" : 359,
      "end" : 362,
      "text" : "Dev",
      "whiteSpace" : false
    }, {
      "id" : "s1-t11",
      "begin" : 362,
      "end" : 363,
      "text" : "-",
      "whiteSpace" : false
    }, {
      "id" : "s1-t12",
      "begin" : 363,
      "end" : 368,
      "text" : "3.0.4",
      "whiteSpace" : false
    }, {
      "id" : "s1-t13",
      "begin" : 368,
      "end" : 369,
      "text" : "-",
      "whiteSpace" : false
    }, {
      "id" : "s1-t14",
      "begin" : 369,
      "end" : 374,
      "text" : "Cross",
      "whiteSpace" : false
    }, {
      "id" : "s1-t15",
      "begin" : 374,
      "end" : 375,
      "text" : "-",
      "whiteSpace" : false
    }, {
      "id" : "s1-t16",
      "begin" : 375,
      "end" : 379,
      "text" : "Site",
      "whiteSpace" : false
    }, {
      "id" : "s1-t17",
      "begin" : 379,
      "end" : 380,
      "text" : "-",
      "whiteSpace" : false
    }, {
      "id" : "s1-t18",
      "begin" : 380,
      "end" : 394,
      "text" : "Scripting.html",
      "whiteSpace" : false
    }, {
      "id" : "s1-t19",
      "begin" : 397,
      "end" : 398,
      "text" : "|",
      "whiteSpace" : false
    }, {
      "id" : "s1-t20",
      "begin" : 401,
      "end" : 450,
      "text" : "MISC:https://indiancybersecuritysolutions.com/cve",
      "whiteSpace" : false
    }, {
      "id" : "s1-t21",
      "begin" : 450,
      "end" : 451,
      "text" : "-",
      "whiteSpace" : false
    }, {
      "id" : "s1-t22",
      "begin" : 451,
      "end" : 455,
      "text" : "2018",
      "whiteSpace" : false
    }, {
      "id" : "s1-t23",
      "begin" : 455,
      "end" : 456,
      "text" : "-",
      "whiteSpace" : false
    }, {
      "id" : "s1-t24",
      "begin" : 456,
      "end" : 461,
      "text" : "14922",
      "whiteSpace" : false
    }, {
      "id" : "s1-t25",
      "begin" : 461,
      "end" : 462,
      "text" : "-",
      "whiteSpace" : false
    }, {
      "id" : "s1-t26",
      "begin" : 462,
      "end" : 467,
      "text" : "cross",
      "whiteSpace" : false
    }, {
      "id" : "s1-t27",
      "begin" : 467,
      "end" : 468,
      "text" : "-",
      "whiteSpace" : false
    }, {
      "id" : "s1-t28",
      "begin" : 468,
      "end" : 472,
      "text" : "site",
      "whiteSpace" : false
    }, {
      "id" : "s1-t29",
      "begin" : 472,
      "end" : 473,
      "text" : "-",
      "whiteSpace" : false
    }, {
      "id" : "s1-t30",
      "begin" : 473,
      "end" : 483,
      "text" : "scripting/",
      "whiteSpace" : false
    } ]
  } ],
  "mentions" : [ ],
  "relations" : [ ],
  "corefs" : [ ],
  "typeResolved" : true,
  "userResolved" : false
}