{
  "id" : "5e6b9330-e5c0-11e8-ac51-0ddb2b53e7d9-92",
  "name" : "CVE-2018-14835",
  "createdDate" : 0,
  "version" : 3,
  "text" : "CVE-2018-14835 | Subrion CMS v4.2.1 is vulnerable to Stored XSS because of no escaping added to the tooltip information being displayed in multiple areas. | MISC:https://github.com/intelliants/subrion/issues/760   |   MISC:https://github.com/intelliants/subrion/pull/763/commits",
  "docLength" : 0,
  "language" : "EN",
  "status" : "READY",
  "modifiedDate" : 1541947501633,
  "documentSet" : [ ],
  "preannotation" : [ ],
  "sentences" : [ {
    "id" : "s0",
    "begin" : 0,
    "end" : 154,
    "text" : "CVE-2018-14835 | Subrion CMS v4.2.1 is vulnerable to Stored XSS because of no escaping added to the tooltip information being displayed in multiple areas.",
    "tokens" : [ {
      "id" : "s0-t0",
      "begin" : 0,
      "end" : 14,
      "text" : "CVE-2018-14835",
      "whiteSpace" : false
    }, {
      "id" : "s0-t1",
      "begin" : 15,
      "end" : 16,
      "text" : "|",
      "whiteSpace" : false
    }, {
      "id" : "s0-t2",
      "begin" : 17,
      "end" : 24,
      "text" : "Subrion",
      "whiteSpace" : false
    }, {
      "id" : "s0-t3",
      "begin" : 25,
      "end" : 28,
      "text" : "CMS",
      "whiteSpace" : false
    }, {
      "id" : "s0-t4",
      "begin" : 29,
      "end" : 35,
      "text" : "v4.2.1",
      "whiteSpace" : false
    }, {
      "id" : "s0-t5",
      "begin" : 36,
      "end" : 38,
      "text" : "is",
      "whiteSpace" : false
    }, {
      "id" : "s0-t6",
      "begin" : 39,
      "end" : 49,
      "text" : "vulnerable",
      "whiteSpace" : false
    }, {
      "id" : "s0-t7",
      "begin" : 50,
      "end" : 52,
      "text" : "to",
      "whiteSpace" : false
    }, {
      "id" : "s0-t8",
      "begin" : 53,
      "end" : 59,
      "text" : "Stored",
      "whiteSpace" : false
    }, {
      "id" : "s0-t9",
      "begin" : 60,
      "end" : 63,
      "text" : "XSS",
      "whiteSpace" : false
    }, {
      "id" : "s0-t10",
      "begin" : 64,
      "end" : 71,
      "text" : "because",
      "whiteSpace" : false
    }, {
      "id" : "s0-t11",
      "begin" : 72,
      "end" : 74,
      "text" : "of",
      "whiteSpace" : false
    }, {
      "id" : "s0-t12",
      "begin" : 75,
      "end" : 77,
      "text" : "no",
      "whiteSpace" : false
    }, {
      "id" : "s0-t13",
      "begin" : 78,
      "end" : 86,
      "text" : "escaping",
      "whiteSpace" : false
    }, {
      "id" : "s0-t14",
      "begin" : 87,
      "end" : 92,
      "text" : "added",
      "whiteSpace" : false
    }, {
      "id" : "s0-t15",
      "begin" : 93,
      "end" : 95,
      "text" : "to",
      "whiteSpace" : false
    }, {
      "id" : "s0-t16",
      "begin" : 96,
      "end" : 99,
      "text" : "the",
      "whiteSpace" : false
    }, {
      "id" : "s0-t17",
      "begin" : 100,
      "end" : 107,
      "text" : "tooltip",
      "whiteSpace" : false
    }, {
      "id" : "s0-t18",
      "begin" : 108,
      "end" : 119,
      "text" : "information",
      "whiteSpace" : false
    }, {
      "id" : "s0-t19",
      "begin" : 120,
      "end" : 125,
      "text" : "being",
      "whiteSpace" : false
    }, {
      "id" : "s0-t20",
      "begin" : 126,
      "end" : 135,
      "text" : "displayed",
      "whiteSpace" : false
    }, {
      "id" : "s0-t21",
      "begin" : 136,
      "end" : 138,
      "text" : "in",
      "whiteSpace" : false
    }, {
      "id" : "s0-t22",
      "begin" : 139,
      "end" : 147,
      "text" : "multiple",
      "whiteSpace" : false
    }, {
      "id" : "s0-t23",
      "begin" : 148,
      "end" : 153,
      "text" : "areas",
      "whiteSpace" : false
    }, {
      "id" : "s0-t24",
      "begin" : 153,
      "end" : 154,
      "text" : ".",
      "whiteSpace" : false
    } ]
  }, {
    "id" : "s1",
    "begin" : 155,
    "end" : 278,
    "text" : "| MISC:https://github.com/intelliants/subrion/issues/760   |   MISC:https://github.com/intelliants/subrion/pull/763/commits",
    "tokens" : [ {
      "id" : "s1-t0",
      "begin" : 155,
      "end" : 156,
      "text" : "|",
      "whiteSpace" : false
    }, {
      "id" : "s1-t1",
      "begin" : 157,
      "end" : 208,
      "text" : "MISC:https://github.com/intelliants/subrion/issues/",
      "whiteSpace" : false
    }, {
      "id" : "s1-t2",
      "begin" : 208,
      "end" : 211,
      "text" : "760",
      "whiteSpace" : false
    }, {
      "id" : "s1-t3",
      "begin" : 214,
      "end" : 215,
      "text" : "|",
      "whiteSpace" : false
    }, {
      "id" : "s1-t4",
      "begin" : 218,
      "end" : 278,
      "text" : "MISC:https://github.com/intelliants/subrion/pull/763/commits",
      "whiteSpace" : false
    } ]
  } ],
  "mentions" : [ ],
  "relations" : [ ],
  "corefs" : [ ],
  "typeResolved" : true,
  "userResolved" : false
}