{
  "id" : "5e6b9330-e5c0-11e8-ac51-0ddb2b53e7d9-67",
  "name" : "CVE-2018-14899",
  "createdDate" : 0,
  "version" : 3,
  "text" : "CVE-2018-14899 | On the EPSON WF-2750 printer with firmware JP02I2, the Web interface AirPrint Setup page is vulnerable to HTML Injection that can redirect users to malicious sites. | MISC:https://www.vdalabs.com/2018/08/26/epson-printer-vulnerabilities/",
  "docLength" : 0,
  "language" : "EN",
  "status" : "READY",
  "modifiedDate" : 1541947501633,
  "documentSet" : [ ],
  "preannotation" : [ ],
  "sentences" : [ {
    "id" : "s0",
    "begin" : 0,
    "end" : 181,
    "text" : "CVE-2018-14899 | On the EPSON WF-2750 printer with firmware JP02I2, the Web interface AirPrint Setup page is vulnerable to HTML Injection that can redirect users to malicious sites.",
    "tokens" : [ {
      "id" : "s0-t0",
      "begin" : 0,
      "end" : 14,
      "text" : "CVE-2018-14899",
      "whiteSpace" : false
    }, {
      "id" : "s0-t1",
      "begin" : 15,
      "end" : 16,
      "text" : "|",
      "whiteSpace" : false
    }, {
      "id" : "s0-t2",
      "begin" : 17,
      "end" : 19,
      "text" : "On",
      "whiteSpace" : false
    }, {
      "id" : "s0-t3",
      "begin" : 20,
      "end" : 23,
      "text" : "the",
      "whiteSpace" : false
    }, {
      "id" : "s0-t4",
      "begin" : 24,
      "end" : 29,
      "text" : "EPSON",
      "whiteSpace" : false
    }, {
      "id" : "s0-t5",
      "begin" : 30,
      "end" : 37,
      "text" : "WF-2750",
      "whiteSpace" : false
    }, {
      "id" : "s0-t6",
      "begin" : 38,
      "end" : 45,
      "text" : "printer",
      "whiteSpace" : false
    }, {
      "id" : "s0-t7",
      "begin" : 46,
      "end" : 50,
      "text" : "with",
      "whiteSpace" : false
    }, {
      "id" : "s0-t8",
      "begin" : 51,
      "end" : 59,
      "text" : "firmware",
      "whiteSpace" : false
    }, {
      "id" : "s0-t9",
      "begin" : 60,
      "end" : 66,
      "text" : "JP02I2",
      "whiteSpace" : false
    }, {
      "id" : "s0-t10",
      "begin" : 66,
      "end" : 67,
      "text" : ",",
      "whiteSpace" : false
    }, {
      "id" : "s0-t11",
      "begin" : 68,
      "end" : 71,
      "text" : "the",
      "whiteSpace" : false
    }, {
      "id" : "s0-t12",
      "begin" : 72,
      "end" : 75,
      "text" : "Web",
      "whiteSpace" : false
    }, {
      "id" : "s0-t13",
      "begin" : 76,
      "end" : 85,
      "text" : "interface",
      "whiteSpace" : false
    }, {
      "id" : "s0-t14",
      "begin" : 86,
      "end" : 94,
      "text" : "AirPrint",
      "whiteSpace" : false
    }, {
      "id" : "s0-t15",
      "begin" : 95,
      "end" : 100,
      "text" : "Setup",
      "whiteSpace" : false
    }, {
      "id" : "s0-t16",
      "begin" : 101,
      "end" : 105,
      "text" : "page",
      "whiteSpace" : false
    }, {
      "id" : "s0-t17",
      "begin" : 106,
      "end" : 108,
      "text" : "is",
      "whiteSpace" : false
    }, {
      "id" : "s0-t18",
      "begin" : 109,
      "end" : 119,
      "text" : "vulnerable",
      "whiteSpace" : false
    }, {
      "id" : "s0-t19",
      "begin" : 120,
      "end" : 122,
      "text" : "to",
      "whiteSpace" : false
    }, {
      "id" : "s0-t20",
      "begin" : 123,
      "end" : 127,
      "text" : "HTML",
      "whiteSpace" : false
    }, {
      "id" : "s0-t21",
      "begin" : 128,
      "end" : 137,
      "text" : "Injection",
      "whiteSpace" : false
    }, {
      "id" : "s0-t22",
      "begin" : 138,
      "end" : 142,
      "text" : "that",
      "whiteSpace" : false
    }, {
      "id" : "s0-t23",
      "begin" : 143,
      "end" : 146,
      "text" : "can",
      "whiteSpace" : false
    }, {
      "id" : "s0-t24",
      "begin" : 147,
      "end" : 155,
      "text" : "redirect",
      "whiteSpace" : false
    }, {
      "id" : "s0-t25",
      "begin" : 156,
      "end" : 161,
      "text" : "users",
      "whiteSpace" : false
    }, {
      "id" : "s0-t26",
      "begin" : 162,
      "end" : 164,
      "text" : "to",
      "whiteSpace" : false
    }, {
      "id" : "s0-t27",
      "begin" : 165,
      "end" : 174,
      "text" : "malicious",
      "whiteSpace" : false
    }, {
      "id" : "s0-t28",
      "begin" : 175,
      "end" : 180,
      "text" : "sites",
      "whiteSpace" : false
    }, {
      "id" : "s0-t29",
      "begin" : 180,
      "end" : 181,
      "text" : ".",
      "whiteSpace" : false
    } ]
  }, {
    "id" : "s1",
    "begin" : 182,
    "end" : 254,
    "text" : "| MISC:https://www.vdalabs.com/2018/08/26/epson-printer-vulnerabilities/",
    "tokens" : [ {
      "id" : "s1-t0",
      "begin" : 182,
      "end" : 183,
      "text" : "|",
      "whiteSpace" : false
    }, {
      "id" : "s1-t1",
      "begin" : 184,
      "end" : 229,
      "text" : "MISC:https://www.vdalabs.com/2018/08/26/epson",
      "whiteSpace" : false
    }, {
      "id" : "s1-t2",
      "begin" : 229,
      "end" : 230,
      "text" : "-",
      "whiteSpace" : false
    }, {
      "id" : "s1-t3",
      "begin" : 230,
      "end" : 237,
      "text" : "printer",
      "whiteSpace" : false
    }, {
      "id" : "s1-t4",
      "begin" : 237,
      "end" : 238,
      "text" : "-",
      "whiteSpace" : false
    }, {
      "id" : "s1-t5",
      "begin" : 238,
      "end" : 254,
      "text" : "vulnerabilities/",
      "whiteSpace" : false
    } ]
  } ],
  "mentions" : [ ],
  "relations" : [ ],
  "corefs" : [ ],
  "typeResolved" : true,
  "userResolved" : false
}