{
  "id" : "5e6b9330-e5c0-11e8-ac51-0ddb2b53e7d9-74",
  "name" : "CVE-2018-1488",
  "createdDate" : 0,
  "version" : 3,
  "text" : "CVE-2018-1488 | IBM DB2 for Linux, UNIX and Windows (includes DB2 Connect Server) 10.5 and 11.1 is vulnerable to a buffer overflow, which could allow an authenticated local attacker to execute arbitrary code on the system as root. IBM X-Force ID: 140973. | CONFIRM:http://www.ibm.com/support/docview.wss?uid=swg22016141   |   SECTRACK:1040968   |   URL:http://www.securitytracker.com/id/1040968   |   XF:ibm-db2-cve20181488-bo(140973)   |   URL:https://exchange.xforce.ibmcloud.com/vulnerabilities/140973",
  "docLength" : 0,
  "language" : "EN",
  "status" : "READY",
  "modifiedDate" : 1541947501633,
  "documentSet" : [ ],
  "preannotation" : [ ],
  "sentences" : [ {
    "id" : "s0",
    "begin" : 0,
    "end" : 230,
    "text" : "CVE-2018-1488 | IBM DB2 for Linux, UNIX and Windows (includes DB2 Connect Server) 10.5 and 11.1 is vulnerable to a buffer overflow, which could allow an authenticated local attacker to execute arbitrary code on the system as root.",
    "tokens" : [ {
      "id" : "s0-t0",
      "begin" : 0,
      "end" : 13,
      "text" : "CVE-2018-1488",
      "whiteSpace" : false
    }, {
      "id" : "s0-t1",
      "begin" : 14,
      "end" : 15,
      "text" : "|",
      "whiteSpace" : false
    }, {
      "id" : "s0-t2",
      "begin" : 16,
      "end" : 19,
      "text" : "IBM",
      "whiteSpace" : false
    }, {
      "id" : "s0-t3",
      "begin" : 20,
      "end" : 23,
      "text" : "DB2",
      "whiteSpace" : false
    }, {
      "id" : "s0-t4",
      "begin" : 24,
      "end" : 27,
      "text" : "for",
      "whiteSpace" : false
    }, {
      "id" : "s0-t5",
      "begin" : 28,
      "end" : 33,
      "text" : "Linux",
      "whiteSpace" : false
    }, {
      "id" : "s0-t6",
      "begin" : 33,
      "end" : 34,
      "text" : ",",
      "whiteSpace" : false
    }, {
      "id" : "s0-t7",
      "begin" : 35,
      "end" : 39,
      "text" : "UNIX",
      "whiteSpace" : false
    }, {
      "id" : "s0-t8",
      "begin" : 40,
      "end" : 43,
      "text" : "and",
      "whiteSpace" : false
    }, {
      "id" : "s0-t9",
      "begin" : 44,
      "end" : 51,
      "text" : "Windows",
      "whiteSpace" : false
    }, {
      "id" : "s0-t10",
      "begin" : 52,
      "end" : 53,
      "text" : "(",
      "whiteSpace" : false
    }, {
      "id" : "s0-t11",
      "begin" : 53,
      "end" : 61,
      "text" : "includes",
      "whiteSpace" : false
    }, {
      "id" : "s0-t12",
      "begin" : 62,
      "end" : 65,
      "text" : "DB2",
      "whiteSpace" : false
    }, {
      "id" : "s0-t13",
      "begin" : 66,
      "end" : 73,
      "text" : "Connect",
      "whiteSpace" : false
    }, {
      "id" : "s0-t14",
      "begin" : 74,
      "end" : 80,
      "text" : "Server",
      "whiteSpace" : false
    }, {
      "id" : "s0-t15",
      "begin" : 80,
      "end" : 81,
      "text" : ")",
      "whiteSpace" : false
    }, {
      "id" : "s0-t16",
      "begin" : 82,
      "end" : 86,
      "text" : "10.5",
      "whiteSpace" : false
    }, {
      "id" : "s0-t17",
      "begin" : 87,
      "end" : 90,
      "text" : "and",
      "whiteSpace" : false
    }, {
      "id" : "s0-t18",
      "begin" : 91,
      "end" : 95,
      "text" : "11.1",
      "whiteSpace" : false
    }, {
      "id" : "s0-t19",
      "begin" : 96,
      "end" : 98,
      "text" : "is",
      "whiteSpace" : false
    }, {
      "id" : "s0-t20",
      "begin" : 99,
      "end" : 109,
      "text" : "vulnerable",
      "whiteSpace" : false
    }, {
      "id" : "s0-t21",
      "begin" : 110,
      "end" : 112,
      "text" : "to",
      "whiteSpace" : false
    }, {
      "id" : "s0-t22",
      "begin" : 113,
      "end" : 114,
      "text" : "a",
      "whiteSpace" : false
    }, {
      "id" : "s0-t23",
      "begin" : 115,
      "end" : 121,
      "text" : "buffer",
      "whiteSpace" : false
    }, {
      "id" : "s0-t24",
      "begin" : 122,
      "end" : 130,
      "text" : "overflow",
      "whiteSpace" : false
    }, {
      "id" : "s0-t25",
      "begin" : 130,
      "end" : 131,
      "text" : ",",
      "whiteSpace" : false
    }, {
      "id" : "s0-t26",
      "begin" : 132,
      "end" : 137,
      "text" : "which",
      "whiteSpace" : false
    }, {
      "id" : "s0-t27",
      "begin" : 138,
      "end" : 143,
      "text" : "could",
      "whiteSpace" : false
    }, {
      "id" : "s0-t28",
      "begin" : 144,
      "end" : 149,
      "text" : "allow",
      "whiteSpace" : false
    }, {
      "id" : "s0-t29",
      "begin" : 150,
      "end" : 152,
      "text" : "an",
      "whiteSpace" : false
    }, {
      "id" : "s0-t30",
      "begin" : 153,
      "end" : 166,
      "text" : "authenticated",
      "whiteSpace" : false
    }, {
      "id" : "s0-t31",
      "begin" : 167,
      "end" : 172,
      "text" : "local",
      "whiteSpace" : false
    }, {
      "id" : "s0-t32",
      "begin" : 173,
      "end" : 181,
      "text" : "attacker",
      "whiteSpace" : false
    }, {
      "id" : "s0-t33",
      "begin" : 182,
      "end" : 184,
      "text" : "to",
      "whiteSpace" : false
    }, {
      "id" : "s0-t34",
      "begin" : 185,
      "end" : 192,
      "text" : "execute",
      "whiteSpace" : false
    }, {
      "id" : "s0-t35",
      "begin" : 193,
      "end" : 202,
      "text" : "arbitrary",
      "whiteSpace" : false
    }, {
      "id" : "s0-t36",
      "begin" : 203,
      "end" : 207,
      "text" : "code",
      "whiteSpace" : false
    }, {
      "id" : "s0-t37",
      "begin" : 208,
      "end" : 210,
      "text" : "on",
      "whiteSpace" : false
    }, {
      "id" : "s0-t38",
      "begin" : 211,
      "end" : 214,
      "text" : "the",
      "whiteSpace" : false
    }, {
      "id" : "s0-t39",
      "begin" : 215,
      "end" : 221,
      "text" : "system",
      "whiteSpace" : false
    }, {
      "id" : "s0-t40",
      "begin" : 222,
      "end" : 224,
      "text" : "as",
      "whiteSpace" : false
    }, {
      "id" : "s0-t41",
      "begin" : 225,
      "end" : 229,
      "text" : "root",
      "whiteSpace" : false
    }, {
      "id" : "s0-t42",
      "begin" : 229,
      "end" : 230,
      "text" : ".",
      "whiteSpace" : false
    } ]
  }, {
    "id" : "s1",
    "begin" : 231,
    "end" : 254,
    "text" : "IBM X-Force ID: 140973.",
    "tokens" : [ {
      "id" : "s1-t0",
      "begin" : 231,
      "end" : 234,
      "text" : "IBM",
      "whiteSpace" : false
    }, {
      "id" : "s1-t1",
      "begin" : 235,
      "end" : 242,
      "text" : "X-Force",
      "whiteSpace" : false
    }, {
      "id" : "s1-t2",
      "begin" : 243,
      "end" : 245,
      "text" : "ID",
      "whiteSpace" : false
    }, {
      "id" : "s1-t3",
      "begin" : 245,
      "end" : 246,
      "text" : ":",
      "whiteSpace" : false
    }, {
      "id" : "s1-t4",
      "begin" : 247,
      "end" : 253,
      "text" : "140973",
      "whiteSpace" : false
    }, {
      "id" : "s1-t5",
      "begin" : 253,
      "end" : 254,
      "text" : ".",
      "whiteSpace" : false
    } ]
  }, {
    "id" : "s2",
    "begin" : 255,
    "end" : 504,
    "text" : "| CONFIRM:http://www.ibm.com/support/docview.wss?uid=swg22016141   |   SECTRACK:1040968   |   URL:http://www.securitytracker.com/id/1040968   |   XF:ibm-db2-cve20181488-bo(140973)   |   URL:https://exchange.xforce.ibmcloud.com/vulnerabilities/140973",
    "tokens" : [ {
      "id" : "s2-t0",
      "begin" : 255,
      "end" : 256,
      "text" : "|",
      "whiteSpace" : false
    }, {
      "id" : "s2-t1",
      "begin" : 257,
      "end" : 319,
      "text" : "CONFIRM:http://www.ibm.com/support/docview.wss?uid=swg22016141",
      "whiteSpace" : false
    }, {
      "id" : "s2-t2",
      "begin" : 322,
      "end" : 323,
      "text" : "|",
      "whiteSpace" : false
    }, {
      "id" : "s2-t3",
      "begin" : 326,
      "end" : 334,
      "text" : "SECTRACK",
      "whiteSpace" : false
    }, {
      "id" : "s2-t4",
      "begin" : 334,
      "end" : 335,
      "text" : ":",
      "whiteSpace" : false
    }, {
      "id" : "s2-t5",
      "begin" : 335,
      "end" : 342,
      "text" : "1040968",
      "whiteSpace" : false
    }, {
      "id" : "s2-t6",
      "begin" : 345,
      "end" : 346,
      "text" : "|",
      "whiteSpace" : false
    }, {
      "id" : "s2-t7",
      "begin" : 349,
      "end" : 387,
      "text" : "URL:http://www.securitytracker.com/id/",
      "whiteSpace" : false
    }, {
      "id" : "s2-t8",
      "begin" : 387,
      "end" : 394,
      "text" : "1040968",
      "whiteSpace" : false
    }, {
      "id" : "s2-t9",
      "begin" : 397,
      "end" : 398,
      "text" : "|",
      "whiteSpace" : false
    }, {
      "id" : "s2-t10",
      "begin" : 401,
      "end" : 403,
      "text" : "XF",
      "whiteSpace" : false
    }, {
      "id" : "s2-t11",
      "begin" : 403,
      "end" : 426,
      "text" : ":ibm-db2-cve20181488-bo",
      "whiteSpace" : false
    }, {
      "id" : "s2-t12",
      "begin" : 426,
      "end" : 427,
      "text" : "(",
      "whiteSpace" : false
    }, {
      "id" : "s2-t13",
      "begin" : 427,
      "end" : 433,
      "text" : "140973",
      "whiteSpace" : false
    }, {
      "id" : "s2-t14",
      "begin" : 433,
      "end" : 434,
      "text" : ")",
      "whiteSpace" : false
    }, {
      "id" : "s2-t15",
      "begin" : 437,
      "end" : 438,
      "text" : "|",
      "whiteSpace" : false
    }, {
      "id" : "s2-t16",
      "begin" : 441,
      "end" : 498,
      "text" : "URL:https://exchange.xforce.ibmcloud.com/vulnerabilities/",
      "whiteSpace" : false
    }, {
      "id" : "s2-t17",
      "begin" : 498,
      "end" : 504,
      "text" : "140973",
      "whiteSpace" : false
    } ]
  } ],
  "mentions" : [ ],
  "relations" : [ ],
  "corefs" : [ ],
  "typeResolved" : true,
  "userResolved" : false
}