{
  "id" : "5e6b9330-e5c0-11e8-ac51-0ddb2b53e7d9-62",
  "name" : "CVE-2018-14904",
  "createdDate" : 0,
  "version" : 3,
  "text" : "CVE-2018-14904 | Samsung Syncthru Web Service V4.05.61 is vulnerable to Multiple unauthenticated XSS attacks on several parameters, as demonstrated by ruiFw_pid. | MISC:https://medium.com/stolabs/security-issues-on-samsung-syncthru-web-service-cc86467d2df",
  "docLength" : 0,
  "language" : "EN",
  "status" : "READY",
  "modifiedDate" : 1541947501633,
  "documentSet" : [ ],
  "preannotation" : [ ],
  "sentences" : [ {
    "id" : "s0",
    "begin" : 0,
    "end" : 161,
    "text" : "CVE-2018-14904 | Samsung Syncthru Web Service V4.05.61 is vulnerable to Multiple unauthenticated XSS attacks on several parameters, as demonstrated by ruiFw_pid.",
    "tokens" : [ {
      "id" : "s0-t0",
      "begin" : 0,
      "end" : 14,
      "text" : "CVE-2018-14904",
      "whiteSpace" : false
    }, {
      "id" : "s0-t1",
      "begin" : 15,
      "end" : 16,
      "text" : "|",
      "whiteSpace" : false
    }, {
      "id" : "s0-t2",
      "begin" : 17,
      "end" : 24,
      "text" : "Samsung",
      "whiteSpace" : false
    }, {
      "id" : "s0-t3",
      "begin" : 25,
      "end" : 33,
      "text" : "Syncthru",
      "whiteSpace" : false
    }, {
      "id" : "s0-t4",
      "begin" : 34,
      "end" : 37,
      "text" : "Web",
      "whiteSpace" : false
    }, {
      "id" : "s0-t5",
      "begin" : 38,
      "end" : 45,
      "text" : "Service",
      "whiteSpace" : false
    }, {
      "id" : "s0-t6",
      "begin" : 46,
      "end" : 54,
      "text" : "V4.05.61",
      "whiteSpace" : false
    }, {
      "id" : "s0-t7",
      "begin" : 55,
      "end" : 57,
      "text" : "is",
      "whiteSpace" : false
    }, {
      "id" : "s0-t8",
      "begin" : 58,
      "end" : 68,
      "text" : "vulnerable",
      "whiteSpace" : false
    }, {
      "id" : "s0-t9",
      "begin" : 69,
      "end" : 71,
      "text" : "to",
      "whiteSpace" : false
    }, {
      "id" : "s0-t10",
      "begin" : 72,
      "end" : 80,
      "text" : "Multiple",
      "whiteSpace" : false
    }, {
      "id" : "s0-t11",
      "begin" : 81,
      "end" : 96,
      "text" : "unauthenticated",
      "whiteSpace" : false
    }, {
      "id" : "s0-t12",
      "begin" : 97,
      "end" : 100,
      "text" : "XSS",
      "whiteSpace" : false
    }, {
      "id" : "s0-t13",
      "begin" : 101,
      "end" : 108,
      "text" : "attacks",
      "whiteSpace" : false
    }, {
      "id" : "s0-t14",
      "begin" : 109,
      "end" : 111,
      "text" : "on",
      "whiteSpace" : false
    }, {
      "id" : "s0-t15",
      "begin" : 112,
      "end" : 119,
      "text" : "several",
      "whiteSpace" : false
    }, {
      "id" : "s0-t16",
      "begin" : 120,
      "end" : 130,
      "text" : "parameters",
      "whiteSpace" : false
    }, {
      "id" : "s0-t17",
      "begin" : 130,
      "end" : 131,
      "text" : ",",
      "whiteSpace" : false
    }, {
      "id" : "s0-t18",
      "begin" : 132,
      "end" : 134,
      "text" : "as",
      "whiteSpace" : false
    }, {
      "id" : "s0-t19",
      "begin" : 135,
      "end" : 147,
      "text" : "demonstrated",
      "whiteSpace" : false
    }, {
      "id" : "s0-t20",
      "begin" : 148,
      "end" : 150,
      "text" : "by",
      "whiteSpace" : false
    }, {
      "id" : "s0-t21",
      "begin" : 151,
      "end" : 160,
      "text" : "ruiFw_pid",
      "whiteSpace" : false
    }, {
      "id" : "s0-t22",
      "begin" : 160,
      "end" : 161,
      "text" : ".",
      "whiteSpace" : false
    } ]
  }, {
    "id" : "s1",
    "begin" : 162,
    "end" : 255,
    "text" : "| MISC:https://medium.com/stolabs/security-issues-on-samsung-syncthru-web-service-cc86467d2df",
    "tokens" : [ {
      "id" : "s1-t0",
      "begin" : 162,
      "end" : 163,
      "text" : "|",
      "whiteSpace" : false
    }, {
      "id" : "s1-t1",
      "begin" : 164,
      "end" : 204,
      "text" : "MISC:https://medium.com/stolabs/security",
      "whiteSpace" : false
    }, {
      "id" : "s1-t2",
      "begin" : 204,
      "end" : 205,
      "text" : "-",
      "whiteSpace" : false
    }, {
      "id" : "s1-t3",
      "begin" : 205,
      "end" : 211,
      "text" : "issues",
      "whiteSpace" : false
    }, {
      "id" : "s1-t4",
      "begin" : 211,
      "end" : 212,
      "text" : "-",
      "whiteSpace" : false
    }, {
      "id" : "s1-t5",
      "begin" : 212,
      "end" : 214,
      "text" : "on",
      "whiteSpace" : false
    }, {
      "id" : "s1-t6",
      "begin" : 214,
      "end" : 215,
      "text" : "-",
      "whiteSpace" : false
    }, {
      "id" : "s1-t7",
      "begin" : 215,
      "end" : 222,
      "text" : "samsung",
      "whiteSpace" : false
    }, {
      "id" : "s1-t8",
      "begin" : 222,
      "end" : 223,
      "text" : "-",
      "whiteSpace" : false
    }, {
      "id" : "s1-t9",
      "begin" : 223,
      "end" : 231,
      "text" : "syncthru",
      "whiteSpace" : false
    }, {
      "id" : "s1-t10",
      "begin" : 231,
      "end" : 232,
      "text" : "-",
      "whiteSpace" : false
    }, {
      "id" : "s1-t11",
      "begin" : 232,
      "end" : 235,
      "text" : "web",
      "whiteSpace" : false
    }, {
      "id" : "s1-t12",
      "begin" : 235,
      "end" : 236,
      "text" : "-",
      "whiteSpace" : false
    }, {
      "id" : "s1-t13",
      "begin" : 236,
      "end" : 243,
      "text" : "service",
      "whiteSpace" : false
    }, {
      "id" : "s1-t14",
      "begin" : 243,
      "end" : 244,
      "text" : "-",
      "whiteSpace" : false
    }, {
      "id" : "s1-t15",
      "begin" : 244,
      "end" : 255,
      "text" : "cc86467d2df",
      "whiteSpace" : false
    } ]
  } ],
  "mentions" : [ ],
  "relations" : [ ],
  "corefs" : [ ],
  "typeResolved" : true,
  "userResolved" : false
}