{
  "id" : "5e6b9330-e5c0-11e8-ac51-0ddb2b53e7d9-10",
  "name" : "CVE-2018-14968",
  "createdDate" : 0,
  "version" : 3,
  "text" : "CVE-2018-14968 | An issue was discovered in EMLsoft 5.4.5. upload\\eml\\action\\action.address.php has SQL Injection via the numPerPage parameter. | MISC:https://github.com/AvaterXXX/emlsoft/blob/master/README.md",
  "docLength" : 0,
  "language" : "EN",
  "status" : "READY",
  "modifiedDate" : 1541947501633,
  "documentSet" : [ ],
  "preannotation" : [ ],
  "sentences" : [ {
    "id" : "s0",
    "begin" : 0,
    "end" : 58,
    "text" : "CVE-2018-14968 | An issue was discovered in EMLsoft 5.4.5.",
    "tokens" : [ {
      "id" : "s0-t0",
      "begin" : 0,
      "end" : 14,
      "text" : "CVE-2018-14968",
      "whiteSpace" : false
    }, {
      "id" : "s0-t1",
      "begin" : 15,
      "end" : 16,
      "text" : "|",
      "whiteSpace" : false
    }, {
      "id" : "s0-t2",
      "begin" : 17,
      "end" : 19,
      "text" : "An",
      "whiteSpace" : false
    }, {
      "id" : "s0-t3",
      "begin" : 20,
      "end" : 25,
      "text" : "issue",
      "whiteSpace" : false
    }, {
      "id" : "s0-t4",
      "begin" : 26,
      "end" : 29,
      "text" : "was",
      "whiteSpace" : false
    }, {
      "id" : "s0-t5",
      "begin" : 30,
      "end" : 40,
      "text" : "discovered",
      "whiteSpace" : false
    }, {
      "id" : "s0-t6",
      "begin" : 41,
      "end" : 43,
      "text" : "in",
      "whiteSpace" : false
    }, {
      "id" : "s0-t7",
      "begin" : 44,
      "end" : 51,
      "text" : "EMLsoft",
      "whiteSpace" : false
    }, {
      "id" : "s0-t8",
      "begin" : 52,
      "end" : 57,
      "text" : "5.4.5",
      "whiteSpace" : false
    }, {
      "id" : "s0-t9",
      "begin" : 57,
      "end" : 58,
      "text" : ".",
      "whiteSpace" : false
    } ]
  }, {
    "id" : "s1",
    "begin" : 59,
    "end" : 143,
    "text" : "upload\\eml\\action\\action.address.php has SQL Injection via the numPerPage parameter.",
    "tokens" : [ {
      "id" : "s1-t0",
      "begin" : 59,
      "end" : 95,
      "text" : "upload\\eml\\action\\action.address.php",
      "whiteSpace" : false
    }, {
      "id" : "s1-t1",
      "begin" : 96,
      "end" : 99,
      "text" : "has",
      "whiteSpace" : false
    }, {
      "id" : "s1-t2",
      "begin" : 100,
      "end" : 103,
      "text" : "SQL",
      "whiteSpace" : false
    }, {
      "id" : "s1-t3",
      "begin" : 104,
      "end" : 113,
      "text" : "Injection",
      "whiteSpace" : false
    }, {
      "id" : "s1-t4",
      "begin" : 114,
      "end" : 117,
      "text" : "via",
      "whiteSpace" : false
    }, {
      "id" : "s1-t5",
      "begin" : 118,
      "end" : 121,
      "text" : "the",
      "whiteSpace" : false
    }, {
      "id" : "s1-t6",
      "begin" : 122,
      "end" : 132,
      "text" : "numPerPage",
      "whiteSpace" : false
    }, {
      "id" : "s1-t7",
      "begin" : 133,
      "end" : 142,
      "text" : "parameter",
      "whiteSpace" : false
    }, {
      "id" : "s1-t8",
      "begin" : 142,
      "end" : 143,
      "text" : ".",
      "whiteSpace" : false
    } ]
  }, {
    "id" : "s2",
    "begin" : 144,
    "end" : 209,
    "text" : "| MISC:https://github.com/AvaterXXX/emlsoft/blob/master/README.md",
    "tokens" : [ {
      "id" : "s2-t0",
      "begin" : 144,
      "end" : 145,
      "text" : "|",
      "whiteSpace" : false
    }, {
      "id" : "s2-t1",
      "begin" : 146,
      "end" : 209,
      "text" : "MISC:https://github.com/AvaterXXX/emlsoft/blob/master/README.md",
      "whiteSpace" : false
    } ]
  } ],
  "mentions" : [ ],
  "relations" : [ ],
  "corefs" : [ ],
  "typeResolved" : true,
  "userResolved" : false
}