{
  "id" : "5e6b9330-e5c0-11e8-ac51-0ddb2b53e7d9-52",
  "name" : "CVE-2018-14923",
  "createdDate" : 0,
  "version" : 3,
  "text" : "CVE-2018-14923 | A vulnerability in uniview EZPlayer 1.0.6 could allow an attacker to execute arbitrary code on a targeted system via video playback. | MISC:http://www.cnvd.org.cn/flaw/show/1325763",
  "docLength" : 0,
  "language" : "EN",
  "status" : "READY",
  "modifiedDate" : 1541947501633,
  "documentSet" : [ ],
  "preannotation" : [ ],
  "sentences" : [ {
    "id" : "s0",
    "begin" : 0,
    "end" : 149,
    "text" : "CVE-2018-14923 | A vulnerability in uniview EZPlayer 1.0.6 could allow an attacker to execute arbitrary code on a targeted system via video playback.",
    "tokens" : [ {
      "id" : "s0-t0",
      "begin" : 0,
      "end" : 14,
      "text" : "CVE-2018-14923",
      "whiteSpace" : false
    }, {
      "id" : "s0-t1",
      "begin" : 15,
      "end" : 16,
      "text" : "|",
      "whiteSpace" : false
    }, {
      "id" : "s0-t2",
      "begin" : 17,
      "end" : 18,
      "text" : "A",
      "whiteSpace" : false
    }, {
      "id" : "s0-t3",
      "begin" : 19,
      "end" : 32,
      "text" : "vulnerability",
      "whiteSpace" : false
    }, {
      "id" : "s0-t4",
      "begin" : 33,
      "end" : 35,
      "text" : "in",
      "whiteSpace" : false
    }, {
      "id" : "s0-t5",
      "begin" : 36,
      "end" : 43,
      "text" : "uniview",
      "whiteSpace" : false
    }, {
      "id" : "s0-t6",
      "begin" : 44,
      "end" : 52,
      "text" : "EZPlayer",
      "whiteSpace" : false
    }, {
      "id" : "s0-t7",
      "begin" : 53,
      "end" : 58,
      "text" : "1.0.6",
      "whiteSpace" : false
    }, {
      "id" : "s0-t8",
      "begin" : 59,
      "end" : 64,
      "text" : "could",
      "whiteSpace" : false
    }, {
      "id" : "s0-t9",
      "begin" : 65,
      "end" : 70,
      "text" : "allow",
      "whiteSpace" : false
    }, {
      "id" : "s0-t10",
      "begin" : 71,
      "end" : 73,
      "text" : "an",
      "whiteSpace" : false
    }, {
      "id" : "s0-t11",
      "begin" : 74,
      "end" : 82,
      "text" : "attacker",
      "whiteSpace" : false
    }, {
      "id" : "s0-t12",
      "begin" : 83,
      "end" : 85,
      "text" : "to",
      "whiteSpace" : false
    }, {
      "id" : "s0-t13",
      "begin" : 86,
      "end" : 93,
      "text" : "execute",
      "whiteSpace" : false
    }, {
      "id" : "s0-t14",
      "begin" : 94,
      "end" : 103,
      "text" : "arbitrary",
      "whiteSpace" : false
    }, {
      "id" : "s0-t15",
      "begin" : 104,
      "end" : 108,
      "text" : "code",
      "whiteSpace" : false
    }, {
      "id" : "s0-t16",
      "begin" : 109,
      "end" : 111,
      "text" : "on",
      "whiteSpace" : false
    }, {
      "id" : "s0-t17",
      "begin" : 112,
      "end" : 113,
      "text" : "a",
      "whiteSpace" : false
    }, {
      "id" : "s0-t18",
      "begin" : 114,
      "end" : 122,
      "text" : "targeted",
      "whiteSpace" : false
    }, {
      "id" : "s0-t19",
      "begin" : 123,
      "end" : 129,
      "text" : "system",
      "whiteSpace" : false
    }, {
      "id" : "s0-t20",
      "begin" : 130,
      "end" : 133,
      "text" : "via",
      "whiteSpace" : false
    }, {
      "id" : "s0-t21",
      "begin" : 134,
      "end" : 139,
      "text" : "video",
      "whiteSpace" : false
    }, {
      "id" : "s0-t22",
      "begin" : 140,
      "end" : 148,
      "text" : "playback",
      "whiteSpace" : false
    }, {
      "id" : "s0-t23",
      "begin" : 148,
      "end" : 149,
      "text" : ".",
      "whiteSpace" : false
    } ]
  }, {
    "id" : "s1",
    "begin" : 150,
    "end" : 197,
    "text" : "| MISC:http://www.cnvd.org.cn/flaw/show/1325763",
    "tokens" : [ {
      "id" : "s1-t0",
      "begin" : 150,
      "end" : 151,
      "text" : "|",
      "whiteSpace" : false
    }, {
      "id" : "s1-t1",
      "begin" : 152,
      "end" : 190,
      "text" : "MISC:http://www.cnvd.org.cn/flaw/show/",
      "whiteSpace" : false
    }, {
      "id" : "s1-t2",
      "begin" : 190,
      "end" : 197,
      "text" : "1325763",
      "whiteSpace" : false
    } ]
  } ],
  "mentions" : [ ],
  "relations" : [ ],
  "corefs" : [ ],
  "typeResolved" : true,
  "userResolved" : false
}