{
  "id" : "5e6b9330-e5c0-11e8-ac51-0ddb2b53e7d9-8",
  "name" : "CVE-2018-14970",
  "createdDate" : 0,
  "version" : 3,
  "text" : "CVE-2018-14970 | An issue was discovered in QCMS 3.0.1. upload/System/Controller/backend/slideshow.php has XSS. | MISC:https://github.com/AvaterXXX/QCMS/blob/master/README.md",
  "docLength" : 0,
  "language" : "EN",
  "status" : "READY",
  "modifiedDate" : 1541947501633,
  "documentSet" : [ ],
  "preannotation" : [ ],
  "sentences" : [ {
    "id" : "s0",
    "begin" : 0,
    "end" : 55,
    "text" : "CVE-2018-14970 | An issue was discovered in QCMS 3.0.1.",
    "tokens" : [ {
      "id" : "s0-t0",
      "begin" : 0,
      "end" : 14,
      "text" : "CVE-2018-14970",
      "whiteSpace" : false
    }, {
      "id" : "s0-t1",
      "begin" : 15,
      "end" : 16,
      "text" : "|",
      "whiteSpace" : false
    }, {
      "id" : "s0-t2",
      "begin" : 17,
      "end" : 19,
      "text" : "An",
      "whiteSpace" : false
    }, {
      "id" : "s0-t3",
      "begin" : 20,
      "end" : 25,
      "text" : "issue",
      "whiteSpace" : false
    }, {
      "id" : "s0-t4",
      "begin" : 26,
      "end" : 29,
      "text" : "was",
      "whiteSpace" : false
    }, {
      "id" : "s0-t5",
      "begin" : 30,
      "end" : 40,
      "text" : "discovered",
      "whiteSpace" : false
    }, {
      "id" : "s0-t6",
      "begin" : 41,
      "end" : 43,
      "text" : "in",
      "whiteSpace" : false
    }, {
      "id" : "s0-t7",
      "begin" : 44,
      "end" : 48,
      "text" : "QCMS",
      "whiteSpace" : false
    }, {
      "id" : "s0-t8",
      "begin" : 49,
      "end" : 54,
      "text" : "3.0.1",
      "whiteSpace" : false
    }, {
      "id" : "s0-t9",
      "begin" : 54,
      "end" : 55,
      "text" : ".",
      "whiteSpace" : false
    } ]
  }, {
    "id" : "s1",
    "begin" : 56,
    "end" : 111,
    "text" : "upload/System/Controller/backend/slideshow.php has XSS.",
    "tokens" : [ {
      "id" : "s1-t0",
      "begin" : 56,
      "end" : 62,
      "text" : "upload",
      "whiteSpace" : false
    }, {
      "id" : "s1-t1",
      "begin" : 62,
      "end" : 63,
      "text" : "/",
      "whiteSpace" : false
    }, {
      "id" : "s1-t2",
      "begin" : 63,
      "end" : 102,
      "text" : "System/Controller/backend/slideshow.php",
      "whiteSpace" : false
    }, {
      "id" : "s1-t3",
      "begin" : 103,
      "end" : 106,
      "text" : "has",
      "whiteSpace" : false
    }, {
      "id" : "s1-t4",
      "begin" : 107,
      "end" : 110,
      "text" : "XSS",
      "whiteSpace" : false
    }, {
      "id" : "s1-t5",
      "begin" : 110,
      "end" : 111,
      "text" : ".",
      "whiteSpace" : false
    } ]
  }, {
    "id" : "s2",
    "begin" : 112,
    "end" : 174,
    "text" : "| MISC:https://github.com/AvaterXXX/QCMS/blob/master/README.md",
    "tokens" : [ {
      "id" : "s2-t0",
      "begin" : 112,
      "end" : 113,
      "text" : "|",
      "whiteSpace" : false
    }, {
      "id" : "s2-t1",
      "begin" : 114,
      "end" : 174,
      "text" : "MISC:https://github.com/AvaterXXX/QCMS/blob/master/README.md",
      "whiteSpace" : false
    } ]
  } ],
  "mentions" : [ ],
  "relations" : [ ],
  "corefs" : [ ],
  "typeResolved" : true,
  "userResolved" : false
}