{
  "id" : "9deea400-e86a-11e8-8cae-99876d35964b-47",
  "name" : "R_31pBgiL7VzxkEcR",
  "createdDate" : 0,
  "version" : 3,
  "text" : "Concept group: microsoft email ,dentrix ,epic | Guided concept group: [EMAIL ,MALICIOUS WEB PAGES] , [COMPROMISED WEB PAGES ,MALICIOUS BROWSER ADD-ONS] | Knowledge Test results: Failed: Windows, Mal App, Local | Failed: Android, Mal App, Local | Passed: Excel, Online, Multi Auth | Passed: Online, mal web content, Man in Middle | Passed: Windows, direct write, resource remove | Failed: Word, code exec, local",
  "docLength" : 0,
  "language" : "EN",
  "status" : "READY",
  "modifiedDate" : 1542247347340,
  "documentSet" : [ ],
  "preannotation" : [ "PRE_LW" ],
  "sentences" : [ {
    "id" : "s0",
    "begin" : 0,
    "end" : 410,
    "text" : "Concept group: microsoft email ,dentrix ,epic | Guided concept group: [EMAIL ,MALICIOUS WEB PAGES] , [COMPROMISED WEB PAGES ,MALICIOUS BROWSER ADD-ONS] | Knowledge Test results: Failed: Windows, Mal App, Local | Failed: Android, Mal App, Local | Passed: Excel, Online, Multi Auth | Passed: Online, mal web content, Man in Middle | Passed: Windows, direct write, resource remove | Failed: Word, code exec, local",
    "tokens" : [ {
      "id" : "s0-t0",
      "begin" : 0,
      "end" : 7,
      "text" : "Concept",
      "whiteSpace" : false
    }, {
      "id" : "s0-t1",
      "begin" : 8,
      "end" : 13,
      "text" : "group",
      "whiteSpace" : false
    }, {
      "id" : "s0-t2",
      "begin" : 13,
      "end" : 14,
      "text" : ":",
      "whiteSpace" : false
    }, {
      "id" : "s0-t3",
      "begin" : 15,
      "end" : 24,
      "text" : "microsoft",
      "whiteSpace" : false
    }, {
      "id" : "s0-t4",
      "begin" : 25,
      "end" : 30,
      "text" : "email",
      "whiteSpace" : false
    }, {
      "id" : "s0-t5",
      "begin" : 31,
      "end" : 32,
      "text" : ",",
      "whiteSpace" : false
    }, {
      "id" : "s0-t6",
      "begin" : 32,
      "end" : 39,
      "text" : "dentrix",
      "whiteSpace" : false
    }, {
      "id" : "s0-t7",
      "begin" : 40,
      "end" : 41,
      "text" : ",",
      "whiteSpace" : false
    }, {
      "id" : "s0-t8",
      "begin" : 41,
      "end" : 45,
      "text" : "epic",
      "whiteSpace" : false
    }, {
      "id" : "s0-t9",
      "begin" : 46,
      "end" : 47,
      "text" : "|",
      "whiteSpace" : false
    }, {
      "id" : "s0-t10",
      "begin" : 48,
      "end" : 54,
      "text" : "Guided",
      "whiteSpace" : false
    }, {
      "id" : "s0-t11",
      "begin" : 55,
      "end" : 62,
      "text" : "concept",
      "whiteSpace" : false
    }, {
      "id" : "s0-t12",
      "begin" : 63,
      "end" : 68,
      "text" : "group",
      "whiteSpace" : false
    }, {
      "id" : "s0-t13",
      "begin" : 68,
      "end" : 69,
      "text" : ":",
      "whiteSpace" : false
    }, {
      "id" : "s0-t14",
      "begin" : 70,
      "end" : 71,
      "text" : "[",
      "whiteSpace" : false
    }, {
      "id" : "s0-t15",
      "begin" : 71,
      "end" : 76,
      "text" : "EMAIL",
      "whiteSpace" : false
    }, {
      "id" : "s0-t16",
      "begin" : 77,
      "end" : 78,
      "text" : ",",
      "whiteSpace" : false
    }, {
      "id" : "s0-t17",
      "begin" : 78,
      "end" : 87,
      "text" : "MALICIOUS",
      "whiteSpace" : false
    }, {
      "id" : "s0-t18",
      "begin" : 88,
      "end" : 91,
      "text" : "WEB",
      "whiteSpace" : false
    }, {
      "id" : "s0-t19",
      "begin" : 92,
      "end" : 97,
      "text" : "PAGES",
      "whiteSpace" : false
    }, {
      "id" : "s0-t20",
      "begin" : 97,
      "end" : 98,
      "text" : "]",
      "whiteSpace" : false
    }, {
      "id" : "s0-t21",
      "begin" : 99,
      "end" : 100,
      "text" : ",",
      "whiteSpace" : false
    }, {
      "id" : "s0-t22",
      "begin" : 101,
      "end" : 102,
      "text" : "[",
      "whiteSpace" : false
    }, {
      "id" : "s0-t23",
      "begin" : 102,
      "end" : 113,
      "text" : "COMPROMISED",
      "whiteSpace" : false
    }, {
      "id" : "s0-t24",
      "begin" : 114,
      "end" : 117,
      "text" : "WEB",
      "whiteSpace" : false
    }, {
      "id" : "s0-t25",
      "begin" : 118,
      "end" : 123,
      "text" : "PAGES",
      "whiteSpace" : false
    }, {
      "id" : "s0-t26",
      "begin" : 124,
      "end" : 125,
      "text" : ",",
      "whiteSpace" : false
    }, {
      "id" : "s0-t27",
      "begin" : 125,
      "end" : 134,
      "text" : "MALICIOUS",
      "whiteSpace" : false
    }, {
      "id" : "s0-t28",
      "begin" : 135,
      "end" : 142,
      "text" : "BROWSER",
      "whiteSpace" : false
    }, {
      "id" : "s0-t29",
      "begin" : 143,
      "end" : 146,
      "text" : "ADD",
      "whiteSpace" : false
    }, {
      "id" : "s0-t30",
      "begin" : 146,
      "end" : 147,
      "text" : "-",
      "whiteSpace" : false
    }, {
      "id" : "s0-t31",
      "begin" : 147,
      "end" : 150,
      "text" : "ONS",
      "whiteSpace" : false
    }, {
      "id" : "s0-t32",
      "begin" : 150,
      "end" : 151,
      "text" : "]",
      "whiteSpace" : false
    }, {
      "id" : "s0-t33",
      "begin" : 152,
      "end" : 153,
      "text" : "|",
      "whiteSpace" : false
    }, {
      "id" : "s0-t34",
      "begin" : 154,
      "end" : 163,
      "text" : "Knowledge",
      "whiteSpace" : false
    }, {
      "id" : "s0-t35",
      "begin" : 164,
      "end" : 168,
      "text" : "Test",
      "whiteSpace" : false
    }, {
      "id" : "s0-t36",
      "begin" : 169,
      "end" : 176,
      "text" : "results",
      "whiteSpace" : false
    }, {
      "id" : "s0-t37",
      "begin" : 176,
      "end" : 177,
      "text" : ":",
      "whiteSpace" : false
    }, {
      "id" : "s0-t38",
      "begin" : 178,
      "end" : 184,
      "text" : "Failed",
      "whiteSpace" : false
    }, {
      "id" : "s0-t39",
      "begin" : 184,
      "end" : 185,
      "text" : ":",
      "whiteSpace" : false
    }, {
      "id" : "s0-t40",
      "begin" : 186,
      "end" : 193,
      "text" : "Windows",
      "whiteSpace" : false
    }, {
      "id" : "s0-t41",
      "begin" : 193,
      "end" : 194,
      "text" : ",",
      "whiteSpace" : false
    }, {
      "id" : "s0-t42",
      "begin" : 195,
      "end" : 198,
      "text" : "Mal",
      "whiteSpace" : false
    }, {
      "id" : "s0-t43",
      "begin" : 199,
      "end" : 202,
      "text" : "App",
      "whiteSpace" : false
    }, {
      "id" : "s0-t44",
      "begin" : 202,
      "end" : 203,
      "text" : ",",
      "whiteSpace" : false
    }, {
      "id" : "s0-t45",
      "begin" : 204,
      "end" : 209,
      "text" : "Local",
      "whiteSpace" : false
    }, {
      "id" : "s0-t46",
      "begin" : 210,
      "end" : 211,
      "text" : "|",
      "whiteSpace" : false
    }, {
      "id" : "s0-t47",
      "begin" : 212,
      "end" : 218,
      "text" : "Failed",
      "whiteSpace" : false
    }, {
      "id" : "s0-t48",
      "begin" : 218,
      "end" : 219,
      "text" : ":",
      "whiteSpace" : false
    }, {
      "id" : "s0-t49",
      "begin" : 220,
      "end" : 227,
      "text" : "Android",
      "whiteSpace" : false
    }, {
      "id" : "s0-t50",
      "begin" : 227,
      "end" : 228,
      "text" : ",",
      "whiteSpace" : false
    }, {
      "id" : "s0-t51",
      "begin" : 229,
      "end" : 232,
      "text" : "Mal",
      "whiteSpace" : false
    }, {
      "id" : "s0-t52",
      "begin" : 233,
      "end" : 236,
      "text" : "App",
      "whiteSpace" : false
    }, {
      "id" : "s0-t53",
      "begin" : 236,
      "end" : 237,
      "text" : ",",
      "whiteSpace" : false
    }, {
      "id" : "s0-t54",
      "begin" : 238,
      "end" : 243,
      "text" : "Local",
      "whiteSpace" : false
    }, {
      "id" : "s0-t55",
      "begin" : 244,
      "end" : 245,
      "text" : "|",
      "whiteSpace" : false
    }, {
      "id" : "s0-t56",
      "begin" : 246,
      "end" : 252,
      "text" : "Passed",
      "whiteSpace" : false
    }, {
      "id" : "s0-t57",
      "begin" : 252,
      "end" : 253,
      "text" : ":",
      "whiteSpace" : false
    }, {
      "id" : "s0-t58",
      "begin" : 254,
      "end" : 259,
      "text" : "Excel",
      "whiteSpace" : false
    }, {
      "id" : "s0-t59",
      "begin" : 259,
      "end" : 260,
      "text" : ",",
      "whiteSpace" : false
    }, {
      "id" : "s0-t60",
      "begin" : 261,
      "end" : 267,
      "text" : "Online",
      "whiteSpace" : false
    }, {
      "id" : "s0-t61",
      "begin" : 267,
      "end" : 268,
      "text" : ",",
      "whiteSpace" : false
    }, {
      "id" : "s0-t62",
      "begin" : 269,
      "end" : 274,
      "text" : "Multi",
      "whiteSpace" : false
    }, {
      "id" : "s0-t63",
      "begin" : 275,
      "end" : 279,
      "text" : "Auth",
      "whiteSpace" : false
    }, {
      "id" : "s0-t64",
      "begin" : 280,
      "end" : 281,
      "text" : "|",
      "whiteSpace" : false
    }, {
      "id" : "s0-t65",
      "begin" : 282,
      "end" : 288,
      "text" : "Passed",
      "whiteSpace" : false
    }, {
      "id" : "s0-t66",
      "begin" : 288,
      "end" : 289,
      "text" : ":",
      "whiteSpace" : false
    }, {
      "id" : "s0-t67",
      "begin" : 290,
      "end" : 296,
      "text" : "Online",
      "whiteSpace" : false
    }, {
      "id" : "s0-t68",
      "begin" : 296,
      "end" : 297,
      "text" : ",",
      "whiteSpace" : false
    }, {
      "id" : "s0-t69",
      "begin" : 298,
      "end" : 301,
      "text" : "mal",
      "whiteSpace" : false
    }, {
      "id" : "s0-t70",
      "begin" : 302,
      "end" : 305,
      "text" : "web",
      "whiteSpace" : false
    }, {
      "id" : "s0-t71",
      "begin" : 306,
      "end" : 313,
      "text" : "content",
      "whiteSpace" : false
    }, {
      "id" : "s0-t72",
      "begin" : 313,
      "end" : 314,
      "text" : ",",
      "whiteSpace" : false
    }, {
      "id" : "s0-t73",
      "begin" : 315,
      "end" : 318,
      "text" : "Man",
      "whiteSpace" : false
    }, {
      "id" : "s0-t74",
      "begin" : 319,
      "end" : 321,
      "text" : "in",
      "whiteSpace" : false
    }, {
      "id" : "s0-t75",
      "begin" : 322,
      "end" : 328,
      "text" : "Middle",
      "whiteSpace" : false
    }, {
      "id" : "s0-t76",
      "begin" : 329,
      "end" : 330,
      "text" : "|",
      "whiteSpace" : false
    }, {
      "id" : "s0-t77",
      "begin" : 331,
      "end" : 337,
      "text" : "Passed",
      "whiteSpace" : false
    }, {
      "id" : "s0-t78",
      "begin" : 337,
      "end" : 338,
      "text" : ":",
      "whiteSpace" : false
    }, {
      "id" : "s0-t79",
      "begin" : 339,
      "end" : 346,
      "text" : "Windows",
      "whiteSpace" : false
    }, {
      "id" : "s0-t80",
      "begin" : 346,
      "end" : 347,
      "text" : ",",
      "whiteSpace" : false
    }, {
      "id" : "s0-t81",
      "begin" : 348,
      "end" : 354,
      "text" : "direct",
      "whiteSpace" : false
    }, {
      "id" : "s0-t82",
      "begin" : 355,
      "end" : 360,
      "text" : "write",
      "whiteSpace" : false
    }, {
      "id" : "s0-t83",
      "begin" : 360,
      "end" : 361,
      "text" : ",",
      "whiteSpace" : false
    }, {
      "id" : "s0-t84",
      "begin" : 362,
      "end" : 370,
      "text" : "resource",
      "whiteSpace" : false
    }, {
      "id" : "s0-t85",
      "begin" : 371,
      "end" : 377,
      "text" : "remove",
      "whiteSpace" : false
    }, {
      "id" : "s0-t86",
      "begin" : 378,
      "end" : 379,
      "text" : "|",
      "whiteSpace" : false
    }, {
      "id" : "s0-t87",
      "begin" : 380,
      "end" : 386,
      "text" : "Failed",
      "whiteSpace" : false
    }, {
      "id" : "s0-t88",
      "begin" : 386,
      "end" : 387,
      "text" : ":",
      "whiteSpace" : false
    }, {
      "id" : "s0-t89",
      "begin" : 388,
      "end" : 392,
      "text" : "Word",
      "whiteSpace" : false
    }, {
      "id" : "s0-t90",
      "begin" : 392,
      "end" : 393,
      "text" : ",",
      "whiteSpace" : false
    }, {
      "id" : "s0-t91",
      "begin" : 394,
      "end" : 398,
      "text" : "code",
      "whiteSpace" : false
    }, {
      "id" : "s0-t92",
      "begin" : 399,
      "end" : 403,
      "text" : "exec",
      "whiteSpace" : false
    }, {
      "id" : "s0-t93",
      "begin" : 403,
      "end" : 404,
      "text" : ",",
      "whiteSpace" : false
    }, {
      "id" : "s0-t94",
      "begin" : 405,
      "end" : 410,
      "text" : "local",
      "whiteSpace" : false
    } ]
  } ],
  "mentions" : [ {
    "id" : "s0-m0",
    "source" : "PREANNOTATION",
    "properties" : {
      "SIRE_ENTITY_SUBTYPE" : "NONE",
      "SIRE_MENTION_ROLE" : "PRODUCT",
      "SIRE_MENTION_TYPE" : "NONE",
      "SIRE_MENTION_CLASS" : "SPC"
    },
    "type" : "PRODUCT",
    "begin" : 0,
    "end" : 7,
    "inCoref" : false
  }, {
    "id" : "s0-m1",
    "source" : "PREANNOTATION",
    "properties" : {
      "SIRE_ENTITY_SUBTYPE" : "NONE",
      "SIRE_MENTION_ROLE" : "VENDOR",
      "SIRE_MENTION_TYPE" : "NONE",
      "SIRE_MENTION_CLASS" : "SPC"
    },
    "type" : "VENDOR",
    "begin" : 15,
    "end" : 24,
    "inCoref" : false
  }, {
    "id" : "s0-m2",
    "source" : "PREANNOTATION",
    "properties" : {
      "SIRE_ENTITY_SUBTYPE" : "NONE",
      "SIRE_MENTION_ROLE" : "PRODUCT",
      "SIRE_MENTION_TYPE" : "NONE",
      "SIRE_MENTION_CLASS" : "SPC"
    },
    "type" : "PRODUCT",
    "begin" : 25,
    "end" : 30,
    "inCoref" : false
  }, {
    "id" : "s0-m3",
    "source" : "PREANNOTATION",
    "properties" : {
      "SIRE_ENTITY_SUBTYPE" : "NONE",
      "SIRE_MENTION_ROLE" : "PRODUCT",
      "SIRE_MENTION_TYPE" : "NONE",
      "SIRE_MENTION_CLASS" : "SPC"
    },
    "type" : "PRODUCT",
    "begin" : 55,
    "end" : 62,
    "inCoref" : false
  }, {
    "id" : "s0-m4",
    "source" : "PREANNOTATION",
    "properties" : {
      "SIRE_ENTITY_SUBTYPE" : "NONE",
      "SIRE_MENTION_ROLE" : "PRODUCT",
      "SIRE_MENTION_TYPE" : "NONE",
      "SIRE_MENTION_CLASS" : "SPC"
    },
    "type" : "PRODUCT",
    "begin" : 71,
    "end" : 76,
    "inCoref" : false
  }, {
    "id" : "s0-m5",
    "source" : "PREANNOTATION",
    "properties" : {
      "SIRE_ENTITY_SUBTYPE" : "NONE",
      "SIRE_MENTION_ROLE" : "SOCIAL_ENG",
      "SIRE_MENTION_TYPE" : "NONE",
      "SIRE_MENTION_CLASS" : "SPC"
    },
    "type" : "SOCIAL_ENG",
    "begin" : 78,
    "end" : 91,
    "inCoref" : false
  }, {
    "id" : "s0-m6",
    "source" : "PREANNOTATION",
    "properties" : {
      "SIRE_ENTITY_SUBTYPE" : "NONE",
      "SIRE_MENTION_ROLE" : "PRODUCT",
      "SIRE_MENTION_TYPE" : "NONE",
      "SIRE_MENTION_CLASS" : "SPC"
    },
    "type" : "PRODUCT",
    "begin" : 92,
    "end" : 97,
    "inCoref" : false
  }, {
    "id" : "s0-m7",
    "source" : "PREANNOTATION",
    "properties" : {
      "SIRE_ENTITY_SUBTYPE" : "NONE",
      "SIRE_MENTION_ROLE" : "PRODUCT",
      "SIRE_MENTION_TYPE" : "NONE",
      "SIRE_MENTION_CLASS" : "SPC"
    },
    "type" : "PRODUCT",
    "begin" : 118,
    "end" : 123,
    "inCoref" : false
  }, {
    "id" : "s0-m8",
    "source" : "PREANNOTATION",
    "properties" : {
      "SIRE_ENTITY_SUBTYPE" : "NONE",
      "SIRE_MENTION_ROLE" : "PRODUCT",
      "SIRE_MENTION_TYPE" : "NONE",
      "SIRE_MENTION_CLASS" : "SPC"
    },
    "type" : "PRODUCT",
    "begin" : 135,
    "end" : 142,
    "inCoref" : false
  }, {
    "id" : "s0-m9",
    "source" : "PREANNOTATION",
    "properties" : {
      "SIRE_ENTITY_SUBTYPE" : "NONE",
      "SIRE_MENTION_ROLE" : "TEST_KNOWLEDGE_STATUS",
      "SIRE_MENTION_TYPE" : "NONE",
      "SIRE_MENTION_CLASS" : "SPC"
    },
    "type" : "TEST_KNOWLEDGE_STATUS",
    "begin" : 178,
    "end" : 184,
    "inCoref" : false
  }, {
    "id" : "s0-m10",
    "source" : "PREANNOTATION",
    "properties" : {
      "SIRE_ENTITY_SUBTYPE" : "NONE",
      "SIRE_MENTION_ROLE" : "PRODUCT",
      "SIRE_MENTION_TYPE" : "NONE",
      "SIRE_MENTION_CLASS" : "SPC"
    },
    "type" : "PRODUCT",
    "begin" : 186,
    "end" : 193,
    "inCoref" : false
  }, {
    "id" : "s0-m11",
    "source" : "PREANNOTATION",
    "properties" : {
      "SIRE_ENTITY_SUBTYPE" : "NONE",
      "SIRE_MENTION_ROLE" : "HOST_OS",
      "SIRE_MENTION_TYPE" : "NONE",
      "SIRE_MENTION_CLASS" : "SPC"
    },
    "type" : "HOST_OS",
    "begin" : 186,
    "end" : 193,
    "inCoref" : false
  }, {
    "id" : "s0-m12",
    "source" : "PREANNOTATION",
    "properties" : {
      "SIRE_ENTITY_SUBTYPE" : "NONE",
      "SIRE_MENTION_ROLE" : "SOCIAL_ENG",
      "SIRE_MENTION_TYPE" : "NONE",
      "SIRE_MENTION_CLASS" : "SPC"
    },
    "type" : "SOCIAL_ENG",
    "begin" : 195,
    "end" : 202,
    "inCoref" : false
  }, {
    "id" : "s0-m13",
    "source" : "PREANNOTATION",
    "properties" : {
      "SIRE_ENTITY_SUBTYPE" : "NONE",
      "SIRE_MENTION_ROLE" : "THEATER_LOCAL",
      "SIRE_MENTION_TYPE" : "NONE",
      "SIRE_MENTION_CLASS" : "SPC"
    },
    "type" : "THEATER_LOCAL",
    "begin" : 204,
    "end" : 209,
    "inCoref" : false
  }, {
    "id" : "s0-m14",
    "source" : "PREANNOTATION",
    "properties" : {
      "SIRE_ENTITY_SUBTYPE" : "NONE",
      "SIRE_MENTION_ROLE" : "TEST_KNOWLEDGE_STATUS",
      "SIRE_MENTION_TYPE" : "NONE",
      "SIRE_MENTION_CLASS" : "SPC"
    },
    "type" : "TEST_KNOWLEDGE_STATUS",
    "begin" : 212,
    "end" : 218,
    "inCoref" : false
  }, {
    "id" : "s0-m15",
    "source" : "PREANNOTATION",
    "properties" : {
      "SIRE_ENTITY_SUBTYPE" : "NONE",
      "SIRE_MENTION_ROLE" : "PRODUCT",
      "SIRE_MENTION_TYPE" : "NONE",
      "SIRE_MENTION_CLASS" : "SPC"
    },
    "type" : "PRODUCT",
    "begin" : 220,
    "end" : 227,
    "inCoref" : false
  }, {
    "id" : "s0-m16",
    "source" : "PREANNOTATION",
    "properties" : {
      "SIRE_ENTITY_SUBTYPE" : "NONE",
      "SIRE_MENTION_ROLE" : "HOST_OS",
      "SIRE_MENTION_TYPE" : "NONE",
      "SIRE_MENTION_CLASS" : "SPC"
    },
    "type" : "HOST_OS",
    "begin" : 220,
    "end" : 227,
    "inCoref" : false
  }, {
    "id" : "s0-m17",
    "source" : "PREANNOTATION",
    "properties" : {
      "SIRE_ENTITY_SUBTYPE" : "NONE",
      "SIRE_MENTION_ROLE" : "SOCIAL_ENG",
      "SIRE_MENTION_TYPE" : "NONE",
      "SIRE_MENTION_CLASS" : "SPC"
    },
    "type" : "SOCIAL_ENG",
    "begin" : 229,
    "end" : 236,
    "inCoref" : false
  }, {
    "id" : "s0-m18",
    "source" : "PREANNOTATION",
    "properties" : {
      "SIRE_ENTITY_SUBTYPE" : "NONE",
      "SIRE_MENTION_ROLE" : "THEATER_LOCAL",
      "SIRE_MENTION_TYPE" : "NONE",
      "SIRE_MENTION_CLASS" : "SPC"
    },
    "type" : "THEATER_LOCAL",
    "begin" : 238,
    "end" : 243,
    "inCoref" : false
  }, {
    "id" : "s0-m19",
    "source" : "PREANNOTATION",
    "properties" : {
      "SIRE_ENTITY_SUBTYPE" : "NONE",
      "SIRE_MENTION_ROLE" : "TEST_KNOWLEDGE_STATUS",
      "SIRE_MENTION_TYPE" : "NONE",
      "SIRE_MENTION_CLASS" : "SPC"
    },
    "type" : "TEST_KNOWLEDGE_STATUS",
    "begin" : 246,
    "end" : 252,
    "inCoref" : false
  }, {
    "id" : "s0-m20",
    "source" : "PREANNOTATION",
    "properties" : {
      "SIRE_ENTITY_SUBTYPE" : "NONE",
      "SIRE_MENTION_ROLE" : "PRODUCT",
      "SIRE_MENTION_TYPE" : "NONE",
      "SIRE_MENTION_CLASS" : "SPC"
    },
    "type" : "PRODUCT",
    "begin" : 254,
    "end" : 259,
    "inCoref" : false
  }, {
    "id" : "s0-m21",
    "source" : "PREANNOTATION",
    "properties" : {
      "SIRE_ENTITY_SUBTYPE" : "NONE",
      "SIRE_MENTION_ROLE" : "PRIVILEGE_REQUIRED",
      "SIRE_MENTION_TYPE" : "NONE",
      "SIRE_MENTION_CLASS" : "SPC"
    },
    "type" : "PRIVILEGE_REQUIRED",
    "begin" : 269,
    "end" : 279,
    "inCoref" : false
  }, {
    "id" : "s0-m22",
    "source" : "PREANNOTATION",
    "properties" : {
      "SIRE_ENTITY_SUBTYPE" : "NONE",
      "SIRE_MENTION_ROLE" : "TEST_KNOWLEDGE_STATUS",
      "SIRE_MENTION_TYPE" : "NONE",
      "SIRE_MENTION_CLASS" : "SPC"
    },
    "type" : "TEST_KNOWLEDGE_STATUS",
    "begin" : 282,
    "end" : 288,
    "inCoref" : false
  }, {
    "id" : "s0-m23",
    "source" : "PREANNOTATION",
    "properties" : {
      "SIRE_ENTITY_SUBTYPE" : "NONE",
      "SIRE_MENTION_ROLE" : "SOCIAL_ENG",
      "SIRE_MENTION_TYPE" : "NONE",
      "SIRE_MENTION_CLASS" : "SPC"
    },
    "type" : "SOCIAL_ENG",
    "begin" : 298,
    "end" : 305,
    "inCoref" : false
  }, {
    "id" : "s0-m24",
    "source" : "PREANNOTATION",
    "properties" : {
      "SIRE_ENTITY_SUBTYPE" : "NONE",
      "SIRE_MENTION_ROLE" : "IMPACT_METHOD",
      "SIRE_MENTION_TYPE" : "NONE",
      "SIRE_MENTION_CLASS" : "SPC"
    },
    "type" : "IMPACT_METHOD",
    "begin" : 315,
    "end" : 328,
    "inCoref" : false
  }, {
    "id" : "s0-m25",
    "source" : "PREANNOTATION",
    "properties" : {
      "SIRE_ENTITY_SUBTYPE" : "NONE",
      "SIRE_MENTION_ROLE" : "TEST_KNOWLEDGE_STATUS",
      "SIRE_MENTION_TYPE" : "NONE",
      "SIRE_MENTION_CLASS" : "SPC"
    },
    "type" : "TEST_KNOWLEDGE_STATUS",
    "begin" : 331,
    "end" : 337,
    "inCoref" : false
  }, {
    "id" : "s0-m26",
    "source" : "PREANNOTATION",
    "properties" : {
      "SIRE_ENTITY_SUBTYPE" : "NONE",
      "SIRE_MENTION_ROLE" : "PRODUCT",
      "SIRE_MENTION_TYPE" : "NONE",
      "SIRE_MENTION_CLASS" : "SPC"
    },
    "type" : "PRODUCT",
    "begin" : 339,
    "end" : 346,
    "inCoref" : false
  }, {
    "id" : "s0-m27",
    "source" : "PREANNOTATION",
    "properties" : {
      "SIRE_ENTITY_SUBTYPE" : "NONE",
      "SIRE_MENTION_ROLE" : "HOST_OS",
      "SIRE_MENTION_TYPE" : "NONE",
      "SIRE_MENTION_CLASS" : "SPC"
    },
    "type" : "HOST_OS",
    "begin" : 339,
    "end" : 346,
    "inCoref" : false
  }, {
    "id" : "s0-m28",
    "source" : "PREANNOTATION",
    "properties" : {
      "SIRE_ENTITY_SUBTYPE" : "NONE",
      "SIRE_MENTION_ROLE" : "LOGICAL_IMPACT",
      "SIRE_MENTION_TYPE" : "NONE",
      "SIRE_MENTION_CLASS" : "SPC"
    },
    "type" : "LOGICAL_IMPACT",
    "begin" : 348,
    "end" : 360,
    "inCoref" : false
  }, {
    "id" : "s0-m29",
    "source" : "PREANNOTATION",
    "properties" : {
      "SIRE_ENTITY_SUBTYPE" : "NONE",
      "SIRE_MENTION_ROLE" : "LOGICAL_IMPACT",
      "SIRE_MENTION_TYPE" : "NONE",
      "SIRE_MENTION_CLASS" : "SPC"
    },
    "type" : "LOGICAL_IMPACT",
    "begin" : 362,
    "end" : 377,
    "inCoref" : false
  }, {
    "id" : "s0-m30",
    "source" : "PREANNOTATION",
    "properties" : {
      "SIRE_ENTITY_SUBTYPE" : "NONE",
      "SIRE_MENTION_ROLE" : "TEST_KNOWLEDGE_STATUS",
      "SIRE_MENTION_TYPE" : "NONE",
      "SIRE_MENTION_CLASS" : "SPC"
    },
    "type" : "TEST_KNOWLEDGE_STATUS",
    "begin" : 380,
    "end" : 386,
    "inCoref" : false
  }, {
    "id" : "s0-m31",
    "source" : "PREANNOTATION",
    "properties" : {
      "SIRE_ENTITY_SUBTYPE" : "NONE",
      "SIRE_MENTION_ROLE" : "PRODUCT",
      "SIRE_MENTION_TYPE" : "NONE",
      "SIRE_MENTION_CLASS" : "SPC"
    },
    "type" : "PRODUCT",
    "begin" : 388,
    "end" : 392,
    "inCoref" : false
  }, {
    "id" : "s0-m32",
    "source" : "PREANNOTATION",
    "properties" : {
      "SIRE_ENTITY_SUBTYPE" : "NONE",
      "SIRE_MENTION_ROLE" : "IMPACT_METHOD",
      "SIRE_MENTION_TYPE" : "NONE",
      "SIRE_MENTION_CLASS" : "SPC"
    },
    "type" : "IMPACT_METHOD",
    "begin" : 394,
    "end" : 403,
    "inCoref" : false
  }, {
    "id" : "s0-m33",
    "source" : "PREANNOTATION",
    "properties" : {
      "SIRE_ENTITY_SUBTYPE" : "NONE",
      "SIRE_MENTION_ROLE" : "THEATER_LOCAL",
      "SIRE_MENTION_TYPE" : "NONE",
      "SIRE_MENTION_CLASS" : "SPC"
    },
    "type" : "THEATER_LOCAL",
    "begin" : 405,
    "end" : 410,
    "inCoref" : false
  } ],
  "relations" : [ ],
  "corefs" : [ ],
  "typeResolved" : true,
  "userResolved" : false
}