{
  "id" : "cb44ad30-e5bf-11e8-ac51-0ddb2b53e7d9-2876",
  "name" : "CVE-2018-15375",
  "createdDate" : 0,
  "version" : 3,
  "text" : "CVE-2018-15375 | A vulnerability in the embedded test subsystem of Cisco IOS Software for Cisco 800 Series Industrial Integrated Services Routers could allow an authenticated, local attacker to write arbitrary values to arbitrary locations in the memory space of an affected device. The vulnerability is due to the presence of certain test commands that were intended to be available only in internal development builds of the affected software. An attacker could exploit this vulnerability by using these commands on an affected device. A successful exploit could allow the attacker to write arbitrary values to arbitrary locations in the memory space of the affected device. | CISCO:20180926 Cisco IOS Software for Cisco 800 Series Industrial Integrated Services Routers Arbitrary Memory Write Vulnerabilities   |   URL:https://tools.cisco.com/security/center/content/CiscoSecurityAdvisory/cisco-sa-20180926-ir800-memwrite",
  "docLength" : 0,
  "language" : "EN",
  "status" : "READY",
  "modifiedDate" : 1541947254783,
  "documentSet" : [ ],
  "preannotation" : [ ],
  "sentences" : [ {
    "id" : "s0",
    "begin" : 0,
    "end" : 282,
    "text" : "CVE-2018-15375 | A vulnerability in the embedded test subsystem of Cisco IOS Software for Cisco 800 Series Industrial Integrated Services Routers could allow an authenticated, local attacker to write arbitrary values to arbitrary locations in the memory space of an affected device.",
    "tokens" : [ {
      "id" : "s0-t0",
      "begin" : 0,
      "end" : 14,
      "text" : "CVE-2018-15375",
      "whiteSpace" : false
    }, {
      "id" : "s0-t1",
      "begin" : 15,
      "end" : 16,
      "text" : "|",
      "whiteSpace" : false
    }, {
      "id" : "s0-t2",
      "begin" : 17,
      "end" : 18,
      "text" : "A",
      "whiteSpace" : false
    }, {
      "id" : "s0-t3",
      "begin" : 19,
      "end" : 32,
      "text" : "vulnerability",
      "whiteSpace" : false
    }, {
      "id" : "s0-t4",
      "begin" : 33,
      "end" : 35,
      "text" : "in",
      "whiteSpace" : false
    }, {
      "id" : "s0-t5",
      "begin" : 36,
      "end" : 39,
      "text" : "the",
      "whiteSpace" : false
    }, {
      "id" : "s0-t6",
      "begin" : 40,
      "end" : 48,
      "text" : "embedded",
      "whiteSpace" : false
    }, {
      "id" : "s0-t7",
      "begin" : 49,
      "end" : 53,
      "text" : "test",
      "whiteSpace" : false
    }, {
      "id" : "s0-t8",
      "begin" : 54,
      "end" : 63,
      "text" : "subsystem",
      "whiteSpace" : false
    }, {
      "id" : "s0-t9",
      "begin" : 64,
      "end" : 66,
      "text" : "of",
      "whiteSpace" : false
    }, {
      "id" : "s0-t10",
      "begin" : 67,
      "end" : 72,
      "text" : "Cisco",
      "whiteSpace" : false
    }, {
      "id" : "s0-t11",
      "begin" : 73,
      "end" : 76,
      "text" : "IOS",
      "whiteSpace" : false
    }, {
      "id" : "s0-t12",
      "begin" : 77,
      "end" : 85,
      "text" : "Software",
      "whiteSpace" : false
    }, {
      "id" : "s0-t13",
      "begin" : 86,
      "end" : 89,
      "text" : "for",
      "whiteSpace" : false
    }, {
      "id" : "s0-t14",
      "begin" : 90,
      "end" : 95,
      "text" : "Cisco",
      "whiteSpace" : false
    }, {
      "id" : "s0-t15",
      "begin" : 96,
      "end" : 99,
      "text" : "800",
      "whiteSpace" : false
    }, {
      "id" : "s0-t16",
      "begin" : 100,
      "end" : 106,
      "text" : "Series",
      "whiteSpace" : false
    }, {
      "id" : "s0-t17",
      "begin" : 107,
      "end" : 117,
      "text" : "Industrial",
      "whiteSpace" : false
    }, {
      "id" : "s0-t18",
      "begin" : 118,
      "end" : 128,
      "text" : "Integrated",
      "whiteSpace" : false
    }, {
      "id" : "s0-t19",
      "begin" : 129,
      "end" : 137,
      "text" : "Services",
      "whiteSpace" : false
    }, {
      "id" : "s0-t20",
      "begin" : 138,
      "end" : 145,
      "text" : "Routers",
      "whiteSpace" : false
    }, {
      "id" : "s0-t21",
      "begin" : 146,
      "end" : 151,
      "text" : "could",
      "whiteSpace" : false
    }, {
      "id" : "s0-t22",
      "begin" : 152,
      "end" : 157,
      "text" : "allow",
      "whiteSpace" : false
    }, {
      "id" : "s0-t23",
      "begin" : 158,
      "end" : 160,
      "text" : "an",
      "whiteSpace" : false
    }, {
      "id" : "s0-t24",
      "begin" : 161,
      "end" : 174,
      "text" : "authenticated",
      "whiteSpace" : false
    }, {
      "id" : "s0-t25",
      "begin" : 174,
      "end" : 175,
      "text" : ",",
      "whiteSpace" : false
    }, {
      "id" : "s0-t26",
      "begin" : 176,
      "end" : 181,
      "text" : "local",
      "whiteSpace" : false
    }, {
      "id" : "s0-t27",
      "begin" : 182,
      "end" : 190,
      "text" : "attacker",
      "whiteSpace" : false
    }, {
      "id" : "s0-t28",
      "begin" : 191,
      "end" : 193,
      "text" : "to",
      "whiteSpace" : false
    }, {
      "id" : "s0-t29",
      "begin" : 194,
      "end" : 199,
      "text" : "write",
      "whiteSpace" : false
    }, {
      "id" : "s0-t30",
      "begin" : 200,
      "end" : 209,
      "text" : "arbitrary",
      "whiteSpace" : false
    }, {
      "id" : "s0-t31",
      "begin" : 210,
      "end" : 216,
      "text" : "values",
      "whiteSpace" : false
    }, {
      "id" : "s0-t32",
      "begin" : 217,
      "end" : 219,
      "text" : "to",
      "whiteSpace" : false
    }, {
      "id" : "s0-t33",
      "begin" : 220,
      "end" : 229,
      "text" : "arbitrary",
      "whiteSpace" : false
    }, {
      "id" : "s0-t34",
      "begin" : 230,
      "end" : 239,
      "text" : "locations",
      "whiteSpace" : false
    }, {
      "id" : "s0-t35",
      "begin" : 240,
      "end" : 242,
      "text" : "in",
      "whiteSpace" : false
    }, {
      "id" : "s0-t36",
      "begin" : 243,
      "end" : 246,
      "text" : "the",
      "whiteSpace" : false
    }, {
      "id" : "s0-t37",
      "begin" : 247,
      "end" : 253,
      "text" : "memory",
      "whiteSpace" : false
    }, {
      "id" : "s0-t38",
      "begin" : 254,
      "end" : 259,
      "text" : "space",
      "whiteSpace" : false
    }, {
      "id" : "s0-t39",
      "begin" : 260,
      "end" : 262,
      "text" : "of",
      "whiteSpace" : false
    }, {
      "id" : "s0-t40",
      "begin" : 263,
      "end" : 265,
      "text" : "an",
      "whiteSpace" : false
    }, {
      "id" : "s0-t41",
      "begin" : 266,
      "end" : 274,
      "text" : "affected",
      "whiteSpace" : false
    }, {
      "id" : "s0-t42",
      "begin" : 275,
      "end" : 281,
      "text" : "device",
      "whiteSpace" : false
    }, {
      "id" : "s0-t43",
      "begin" : 281,
      "end" : 282,
      "text" : ".",
      "whiteSpace" : false
    } ]
  }, {
    "id" : "s1",
    "begin" : 283,
    "end" : 445,
    "text" : "The vulnerability is due to the presence of certain test commands that were intended to be available only in internal development builds of the affected software.",
    "tokens" : [ {
      "id" : "s1-t0",
      "begin" : 283,
      "end" : 286,
      "text" : "The",
      "whiteSpace" : false
    }, {
      "id" : "s1-t1",
      "begin" : 287,
      "end" : 300,
      "text" : "vulnerability",
      "whiteSpace" : false
    }, {
      "id" : "s1-t2",
      "begin" : 301,
      "end" : 303,
      "text" : "is",
      "whiteSpace" : false
    }, {
      "id" : "s1-t3",
      "begin" : 304,
      "end" : 307,
      "text" : "due",
      "whiteSpace" : false
    }, {
      "id" : "s1-t4",
      "begin" : 308,
      "end" : 310,
      "text" : "to",
      "whiteSpace" : false
    }, {
      "id" : "s1-t5",
      "begin" : 311,
      "end" : 314,
      "text" : "the",
      "whiteSpace" : false
    }, {
      "id" : "s1-t6",
      "begin" : 315,
      "end" : 323,
      "text" : "presence",
      "whiteSpace" : false
    }, {
      "id" : "s1-t7",
      "begin" : 324,
      "end" : 326,
      "text" : "of",
      "whiteSpace" : false
    }, {
      "id" : "s1-t8",
      "begin" : 327,
      "end" : 334,
      "text" : "certain",
      "whiteSpace" : false
    }, {
      "id" : "s1-t9",
      "begin" : 335,
      "end" : 339,
      "text" : "test",
      "whiteSpace" : false
    }, {
      "id" : "s1-t10",
      "begin" : 340,
      "end" : 348,
      "text" : "commands",
      "whiteSpace" : false
    }, {
      "id" : "s1-t11",
      "begin" : 349,
      "end" : 353,
      "text" : "that",
      "whiteSpace" : false
    }, {
      "id" : "s1-t12",
      "begin" : 354,
      "end" : 358,
      "text" : "were",
      "whiteSpace" : false
    }, {
      "id" : "s1-t13",
      "begin" : 359,
      "end" : 367,
      "text" : "intended",
      "whiteSpace" : false
    }, {
      "id" : "s1-t14",
      "begin" : 368,
      "end" : 370,
      "text" : "to",
      "whiteSpace" : false
    }, {
      "id" : "s1-t15",
      "begin" : 371,
      "end" : 373,
      "text" : "be",
      "whiteSpace" : false
    }, {
      "id" : "s1-t16",
      "begin" : 374,
      "end" : 383,
      "text" : "available",
      "whiteSpace" : false
    }, {
      "id" : "s1-t17",
      "begin" : 384,
      "end" : 388,
      "text" : "only",
      "whiteSpace" : false
    }, {
      "id" : "s1-t18",
      "begin" : 389,
      "end" : 391,
      "text" : "in",
      "whiteSpace" : false
    }, {
      "id" : "s1-t19",
      "begin" : 392,
      "end" : 400,
      "text" : "internal",
      "whiteSpace" : false
    }, {
      "id" : "s1-t20",
      "begin" : 401,
      "end" : 412,
      "text" : "development",
      "whiteSpace" : false
    }, {
      "id" : "s1-t21",
      "begin" : 413,
      "end" : 419,
      "text" : "builds",
      "whiteSpace" : false
    }, {
      "id" : "s1-t22",
      "begin" : 420,
      "end" : 422,
      "text" : "of",
      "whiteSpace" : false
    }, {
      "id" : "s1-t23",
      "begin" : 423,
      "end" : 426,
      "text" : "the",
      "whiteSpace" : false
    }, {
      "id" : "s1-t24",
      "begin" : 427,
      "end" : 435,
      "text" : "affected",
      "whiteSpace" : false
    }, {
      "id" : "s1-t25",
      "begin" : 436,
      "end" : 444,
      "text" : "software",
      "whiteSpace" : false
    }, {
      "id" : "s1-t26",
      "begin" : 444,
      "end" : 445,
      "text" : ".",
      "whiteSpace" : false
    } ]
  }, {
    "id" : "s2",
    "begin" : 446,
    "end" : 537,
    "text" : "An attacker could exploit this vulnerability by using these commands on an affected device.",
    "tokens" : [ {
      "id" : "s2-t0",
      "begin" : 446,
      "end" : 448,
      "text" : "An",
      "whiteSpace" : false
    }, {
      "id" : "s2-t1",
      "begin" : 449,
      "end" : 457,
      "text" : "attacker",
      "whiteSpace" : false
    }, {
      "id" : "s2-t2",
      "begin" : 458,
      "end" : 463,
      "text" : "could",
      "whiteSpace" : false
    }, {
      "id" : "s2-t3",
      "begin" : 464,
      "end" : 471,
      "text" : "exploit",
      "whiteSpace" : false
    }, {
      "id" : "s2-t4",
      "begin" : 472,
      "end" : 476,
      "text" : "this",
      "whiteSpace" : false
    }, {
      "id" : "s2-t5",
      "begin" : 477,
      "end" : 490,
      "text" : "vulnerability",
      "whiteSpace" : false
    }, {
      "id" : "s2-t6",
      "begin" : 491,
      "end" : 493,
      "text" : "by",
      "whiteSpace" : false
    }, {
      "id" : "s2-t7",
      "begin" : 494,
      "end" : 499,
      "text" : "using",
      "whiteSpace" : false
    }, {
      "id" : "s2-t8",
      "begin" : 500,
      "end" : 505,
      "text" : "these",
      "whiteSpace" : false
    }, {
      "id" : "s2-t9",
      "begin" : 506,
      "end" : 514,
      "text" : "commands",
      "whiteSpace" : false
    }, {
      "id" : "s2-t10",
      "begin" : 515,
      "end" : 517,
      "text" : "on",
      "whiteSpace" : false
    }, {
      "id" : "s2-t11",
      "begin" : 518,
      "end" : 520,
      "text" : "an",
      "whiteSpace" : false
    }, {
      "id" : "s2-t12",
      "begin" : 521,
      "end" : 529,
      "text" : "affected",
      "whiteSpace" : false
    }, {
      "id" : "s2-t13",
      "begin" : 530,
      "end" : 536,
      "text" : "device",
      "whiteSpace" : false
    }, {
      "id" : "s2-t14",
      "begin" : 536,
      "end" : 537,
      "text" : ".",
      "whiteSpace" : false
    } ]
  }, {
    "id" : "s3",
    "begin" : 538,
    "end" : 676,
    "text" : "A successful exploit could allow the attacker to write arbitrary values to arbitrary locations in the memory space of the affected device.",
    "tokens" : [ {
      "id" : "s3-t0",
      "begin" : 538,
      "end" : 539,
      "text" : "A",
      "whiteSpace" : false
    }, {
      "id" : "s3-t1",
      "begin" : 540,
      "end" : 550,
      "text" : "successful",
      "whiteSpace" : false
    }, {
      "id" : "s3-t2",
      "begin" : 551,
      "end" : 558,
      "text" : "exploit",
      "whiteSpace" : false
    }, {
      "id" : "s3-t3",
      "begin" : 559,
      "end" : 564,
      "text" : "could",
      "whiteSpace" : false
    }, {
      "id" : "s3-t4",
      "begin" : 565,
      "end" : 570,
      "text" : "allow",
      "whiteSpace" : false
    }, {
      "id" : "s3-t5",
      "begin" : 571,
      "end" : 574,
      "text" : "the",
      "whiteSpace" : false
    }, {
      "id" : "s3-t6",
      "begin" : 575,
      "end" : 583,
      "text" : "attacker",
      "whiteSpace" : false
    }, {
      "id" : "s3-t7",
      "begin" : 584,
      "end" : 586,
      "text" : "to",
      "whiteSpace" : false
    }, {
      "id" : "s3-t8",
      "begin" : 587,
      "end" : 592,
      "text" : "write",
      "whiteSpace" : false
    }, {
      "id" : "s3-t9",
      "begin" : 593,
      "end" : 602,
      "text" : "arbitrary",
      "whiteSpace" : false
    }, {
      "id" : "s3-t10",
      "begin" : 603,
      "end" : 609,
      "text" : "values",
      "whiteSpace" : false
    }, {
      "id" : "s3-t11",
      "begin" : 610,
      "end" : 612,
      "text" : "to",
      "whiteSpace" : false
    }, {
      "id" : "s3-t12",
      "begin" : 613,
      "end" : 622,
      "text" : "arbitrary",
      "whiteSpace" : false
    }, {
      "id" : "s3-t13",
      "begin" : 623,
      "end" : 632,
      "text" : "locations",
      "whiteSpace" : false
    }, {
      "id" : "s3-t14",
      "begin" : 633,
      "end" : 635,
      "text" : "in",
      "whiteSpace" : false
    }, {
      "id" : "s3-t15",
      "begin" : 636,
      "end" : 639,
      "text" : "the",
      "whiteSpace" : false
    }, {
      "id" : "s3-t16",
      "begin" : 640,
      "end" : 646,
      "text" : "memory",
      "whiteSpace" : false
    }, {
      "id" : "s3-t17",
      "begin" : 647,
      "end" : 652,
      "text" : "space",
      "whiteSpace" : false
    }, {
      "id" : "s3-t18",
      "begin" : 653,
      "end" : 655,
      "text" : "of",
      "whiteSpace" : false
    }, {
      "id" : "s3-t19",
      "begin" : 656,
      "end" : 659,
      "text" : "the",
      "whiteSpace" : false
    }, {
      "id" : "s3-t20",
      "begin" : 660,
      "end" : 668,
      "text" : "affected",
      "whiteSpace" : false
    }, {
      "id" : "s3-t21",
      "begin" : 669,
      "end" : 675,
      "text" : "device",
      "whiteSpace" : false
    }, {
      "id" : "s3-t22",
      "begin" : 675,
      "end" : 676,
      "text" : ".",
      "whiteSpace" : false
    } ]
  }, {
    "id" : "s4",
    "begin" : 677,
    "end" : 924,
    "text" : "| CISCO:20180926 Cisco IOS Software for Cisco 800 Series Industrial Integrated Services Routers Arbitrary Memory Write Vulnerabilities   |   URL:https://tools.cisco.com/security/center/content/CiscoSecurityAdvisory/cisco-sa-20180926-ir800-memwrite",
    "tokens" : [ {
      "id" : "s4-t0",
      "begin" : 677,
      "end" : 678,
      "text" : "|",
      "whiteSpace" : false
    }, {
      "id" : "s4-t1",
      "begin" : 679,
      "end" : 684,
      "text" : "CISCO",
      "whiteSpace" : false
    }, {
      "id" : "s4-t2",
      "begin" : 684,
      "end" : 685,
      "text" : ":",
      "whiteSpace" : false
    }, {
      "id" : "s4-t3",
      "begin" : 685,
      "end" : 693,
      "text" : "20180926",
      "whiteSpace" : false
    }, {
      "id" : "s4-t4",
      "begin" : 694,
      "end" : 699,
      "text" : "Cisco",
      "whiteSpace" : false
    }, {
      "id" : "s4-t5",
      "begin" : 700,
      "end" : 703,
      "text" : "IOS",
      "whiteSpace" : false
    }, {
      "id" : "s4-t6",
      "begin" : 704,
      "end" : 712,
      "text" : "Software",
      "whiteSpace" : false
    }, {
      "id" : "s4-t7",
      "begin" : 713,
      "end" : 716,
      "text" : "for",
      "whiteSpace" : false
    }, {
      "id" : "s4-t8",
      "begin" : 717,
      "end" : 722,
      "text" : "Cisco",
      "whiteSpace" : false
    }, {
      "id" : "s4-t9",
      "begin" : 723,
      "end" : 726,
      "text" : "800",
      "whiteSpace" : false
    }, {
      "id" : "s4-t10",
      "begin" : 727,
      "end" : 733,
      "text" : "Series",
      "whiteSpace" : false
    }, {
      "id" : "s4-t11",
      "begin" : 734,
      "end" : 744,
      "text" : "Industrial",
      "whiteSpace" : false
    }, {
      "id" : "s4-t12",
      "begin" : 745,
      "end" : 755,
      "text" : "Integrated",
      "whiteSpace" : false
    }, {
      "id" : "s4-t13",
      "begin" : 756,
      "end" : 764,
      "text" : "Services",
      "whiteSpace" : false
    }, {
      "id" : "s4-t14",
      "begin" : 765,
      "end" : 772,
      "text" : "Routers",
      "whiteSpace" : false
    }, {
      "id" : "s4-t15",
      "begin" : 773,
      "end" : 782,
      "text" : "Arbitrary",
      "whiteSpace" : false
    }, {
      "id" : "s4-t16",
      "begin" : 783,
      "end" : 789,
      "text" : "Memory",
      "whiteSpace" : false
    }, {
      "id" : "s4-t17",
      "begin" : 790,
      "end" : 795,
      "text" : "Write",
      "whiteSpace" : false
    }, {
      "id" : "s4-t18",
      "begin" : 796,
      "end" : 811,
      "text" : "Vulnerabilities",
      "whiteSpace" : false
    }, {
      "id" : "s4-t19",
      "begin" : 814,
      "end" : 815,
      "text" : "|",
      "whiteSpace" : false
    }, {
      "id" : "s4-t20",
      "begin" : 818,
      "end" : 924,
      "text" : "URL:https://tools.cisco.com/security/center/content/CiscoSecurityAdvisory/cisco-sa-20180926-ir800-memwrite",
      "whiteSpace" : false
    } ]
  } ],
  "mentions" : [ ],
  "relations" : [ ],
  "corefs" : [ ],
  "typeResolved" : true,
  "userResolved" : false
}