{
  "id" : "cb44ad30-e5bf-11e8-ac51-0ddb2b53e7d9-2979",
  "name" : "CVE-2018-15138",
  "createdDate" : 0,
  "version" : 3,
  "text" : "CVE-2018-15138 | Ericsson-LG iPECS NMS 30M allows directory traversal via ipecs-cm/download?filename=../ URIs. | EXPLOIT-DB:45167   |   URL:https://www.exploit-db.com/exploits/45167/",
  "docLength" : 0,
  "language" : "EN",
  "status" : "READY",
  "modifiedDate" : 1541947254783,
  "documentSet" : [ ],
  "preannotation" : [ ],
  "sentences" : [ {
    "id" : "s0",
    "begin" : 0,
    "end" : 110,
    "text" : "CVE-2018-15138 | Ericsson-LG iPECS NMS 30M allows directory traversal via ipecs-cm/download?filename=../ URIs.",
    "tokens" : [ {
      "id" : "s0-t0",
      "begin" : 0,
      "end" : 14,
      "text" : "CVE-2018-15138",
      "whiteSpace" : false
    }, {
      "id" : "s0-t1",
      "begin" : 15,
      "end" : 16,
      "text" : "|",
      "whiteSpace" : false
    }, {
      "id" : "s0-t2",
      "begin" : 17,
      "end" : 28,
      "text" : "Ericsson-LG",
      "whiteSpace" : false
    }, {
      "id" : "s0-t3",
      "begin" : 29,
      "end" : 34,
      "text" : "iPECS",
      "whiteSpace" : false
    }, {
      "id" : "s0-t4",
      "begin" : 35,
      "end" : 38,
      "text" : "NMS",
      "whiteSpace" : false
    }, {
      "id" : "s0-t5",
      "begin" : 39,
      "end" : 42,
      "text" : "30M",
      "whiteSpace" : false
    }, {
      "id" : "s0-t6",
      "begin" : 43,
      "end" : 49,
      "text" : "allows",
      "whiteSpace" : false
    }, {
      "id" : "s0-t7",
      "begin" : 50,
      "end" : 59,
      "text" : "directory",
      "whiteSpace" : false
    }, {
      "id" : "s0-t8",
      "begin" : 60,
      "end" : 69,
      "text" : "traversal",
      "whiteSpace" : false
    }, {
      "id" : "s0-t9",
      "begin" : 70,
      "end" : 73,
      "text" : "via",
      "whiteSpace" : false
    }, {
      "id" : "s0-t10",
      "begin" : 74,
      "end" : 101,
      "text" : "ipecs-cm/download?filename=",
      "whiteSpace" : false
    }, {
      "id" : "s0-t11",
      "begin" : 101,
      "end" : 104,
      "text" : "../",
      "whiteSpace" : false
    }, {
      "id" : "s0-t12",
      "begin" : 105,
      "end" : 109,
      "text" : "URIs",
      "whiteSpace" : false
    }, {
      "id" : "s0-t13",
      "begin" : 109,
      "end" : 110,
      "text" : ".",
      "whiteSpace" : false
    } ]
  }, {
    "id" : "s1",
    "begin" : 111,
    "end" : 182,
    "text" : "| EXPLOIT-DB:45167   |   URL:https://www.exploit-db.com/exploits/45167/",
    "tokens" : [ {
      "id" : "s1-t0",
      "begin" : 111,
      "end" : 112,
      "text" : "|",
      "whiteSpace" : false
    }, {
      "id" : "s1-t1",
      "begin" : 113,
      "end" : 123,
      "text" : "EXPLOIT-DB",
      "whiteSpace" : false
    }, {
      "id" : "s1-t2",
      "begin" : 123,
      "end" : 124,
      "text" : ":",
      "whiteSpace" : false
    }, {
      "id" : "s1-t3",
      "begin" : 124,
      "end" : 129,
      "text" : "45167",
      "whiteSpace" : false
    }, {
      "id" : "s1-t4",
      "begin" : 132,
      "end" : 133,
      "text" : "|",
      "whiteSpace" : false
    }, {
      "id" : "s1-t5",
      "begin" : 136,
      "end" : 181,
      "text" : "URL:https://www.exploit-db.com/exploits/45167",
      "whiteSpace" : false
    }, {
      "id" : "s1-t6",
      "begin" : 181,
      "end" : 182,
      "text" : "/",
      "whiteSpace" : false
    } ]
  } ],
  "mentions" : [ ],
  "relations" : [ ],
  "corefs" : [ ],
  "typeResolved" : true,
  "userResolved" : false
}