{
  "id" : "cb44ad30-e5bf-11e8-ac51-0ddb2b53e7d9-2967",
  "name" : "CVE-2018-15149",
  "createdDate" : 0,
  "version" : 3,
  "text" : "CVE-2018-15149 | SQL injection vulnerability in interface/forms/eye_mag/php/Anything_simple.php from library/forms.inc in versions of OpenEMR before 5.0.1.4 allows a remote authenticated attacker to execute arbitrary SQL commands via the 'encounter' parameter. | MISC:https://insecurity.sh/reports/openemr.pdf   |   MISC:https://www.databreaches.net/openemr-patches-serious-vulnerabilities-uncovered-by-project-insecurity/   |   CONFIRM:https://github.com/openemr/openemr/pull/1757/files   |   CONFIRM:https://www.open-emr.org/wiki/index.php/OpenEMR_Patches",
  "docLength" : 0,
  "language" : "EN",
  "status" : "READY",
  "modifiedDate" : 1541947254783,
  "documentSet" : [ ],
  "preannotation" : [ ],
  "sentences" : [ {
    "id" : "s0",
    "begin" : 0,
    "end" : 260,
    "text" : "CVE-2018-15149 | SQL injection vulnerability in interface/forms/eye_mag/php/Anything_simple.php from library/forms.inc in versions of OpenEMR before 5.0.1.4 allows a remote authenticated attacker to execute arbitrary SQL commands via the 'encounter' parameter.",
    "tokens" : [ {
      "id" : "s0-t0",
      "begin" : 0,
      "end" : 14,
      "text" : "CVE-2018-15149",
      "whiteSpace" : false
    }, {
      "id" : "s0-t1",
      "begin" : 15,
      "end" : 16,
      "text" : "|",
      "whiteSpace" : false
    }, {
      "id" : "s0-t2",
      "begin" : 17,
      "end" : 20,
      "text" : "SQL",
      "whiteSpace" : false
    }, {
      "id" : "s0-t3",
      "begin" : 21,
      "end" : 30,
      "text" : "injection",
      "whiteSpace" : false
    }, {
      "id" : "s0-t4",
      "begin" : 31,
      "end" : 44,
      "text" : "vulnerability",
      "whiteSpace" : false
    }, {
      "id" : "s0-t5",
      "begin" : 45,
      "end" : 47,
      "text" : "in",
      "whiteSpace" : false
    }, {
      "id" : "s0-t6",
      "begin" : 48,
      "end" : 57,
      "text" : "interface",
      "whiteSpace" : false
    }, {
      "id" : "s0-t7",
      "begin" : 57,
      "end" : 58,
      "text" : "/",
      "whiteSpace" : false
    }, {
      "id" : "s0-t8",
      "begin" : 58,
      "end" : 95,
      "text" : "forms/eye_mag/php/Anything_simple.php",
      "whiteSpace" : false
    }, {
      "id" : "s0-t9",
      "begin" : 96,
      "end" : 100,
      "text" : "from",
      "whiteSpace" : false
    }, {
      "id" : "s0-t10",
      "begin" : 101,
      "end" : 118,
      "text" : "library/forms.inc",
      "whiteSpace" : false
    }, {
      "id" : "s0-t11",
      "begin" : 119,
      "end" : 121,
      "text" : "in",
      "whiteSpace" : false
    }, {
      "id" : "s0-t12",
      "begin" : 122,
      "end" : 130,
      "text" : "versions",
      "whiteSpace" : false
    }, {
      "id" : "s0-t13",
      "begin" : 131,
      "end" : 133,
      "text" : "of",
      "whiteSpace" : false
    }, {
      "id" : "s0-t14",
      "begin" : 134,
      "end" : 141,
      "text" : "OpenEMR",
      "whiteSpace" : false
    }, {
      "id" : "s0-t15",
      "begin" : 142,
      "end" : 148,
      "text" : "before",
      "whiteSpace" : false
    }, {
      "id" : "s0-t16",
      "begin" : 149,
      "end" : 156,
      "text" : "5.0.1.4",
      "whiteSpace" : false
    }, {
      "id" : "s0-t17",
      "begin" : 157,
      "end" : 163,
      "text" : "allows",
      "whiteSpace" : false
    }, {
      "id" : "s0-t18",
      "begin" : 164,
      "end" : 165,
      "text" : "a",
      "whiteSpace" : false
    }, {
      "id" : "s0-t19",
      "begin" : 166,
      "end" : 172,
      "text" : "remote",
      "whiteSpace" : false
    }, {
      "id" : "s0-t20",
      "begin" : 173,
      "end" : 186,
      "text" : "authenticated",
      "whiteSpace" : false
    }, {
      "id" : "s0-t21",
      "begin" : 187,
      "end" : 195,
      "text" : "attacker",
      "whiteSpace" : false
    }, {
      "id" : "s0-t22",
      "begin" : 196,
      "end" : 198,
      "text" : "to",
      "whiteSpace" : false
    }, {
      "id" : "s0-t23",
      "begin" : 199,
      "end" : 206,
      "text" : "execute",
      "whiteSpace" : false
    }, {
      "id" : "s0-t24",
      "begin" : 207,
      "end" : 216,
      "text" : "arbitrary",
      "whiteSpace" : false
    }, {
      "id" : "s0-t25",
      "begin" : 217,
      "end" : 220,
      "text" : "SQL",
      "whiteSpace" : false
    }, {
      "id" : "s0-t26",
      "begin" : 221,
      "end" : 229,
      "text" : "commands",
      "whiteSpace" : false
    }, {
      "id" : "s0-t27",
      "begin" : 230,
      "end" : 233,
      "text" : "via",
      "whiteSpace" : false
    }, {
      "id" : "s0-t28",
      "begin" : 234,
      "end" : 237,
      "text" : "the",
      "whiteSpace" : false
    }, {
      "id" : "s0-t29",
      "begin" : 238,
      "end" : 239,
      "text" : "'",
      "whiteSpace" : false
    }, {
      "id" : "s0-t30",
      "begin" : 239,
      "end" : 248,
      "text" : "encounter",
      "whiteSpace" : false
    }, {
      "id" : "s0-t31",
      "begin" : 248,
      "end" : 249,
      "text" : "'",
      "whiteSpace" : false
    }, {
      "id" : "s0-t32",
      "begin" : 250,
      "end" : 259,
      "text" : "parameter",
      "whiteSpace" : false
    }, {
      "id" : "s0-t33",
      "begin" : 259,
      "end" : 260,
      "text" : ".",
      "whiteSpace" : false
    } ]
  }, {
    "id" : "s1",
    "begin" : 261,
    "end" : 557,
    "text" : "| MISC:https://insecurity.sh/reports/openemr.pdf   |   MISC:https://www.databreaches.net/openemr-patches-serious-vulnerabilities-uncovered-by-project-insecurity/   |   CONFIRM:https://github.com/openemr/openemr/pull/1757/files   |   CONFIRM:https://www.open-emr.org/wiki/index.php/OpenEMR_Patches",
    "tokens" : [ {
      "id" : "s1-t0",
      "begin" : 261,
      "end" : 262,
      "text" : "|",
      "whiteSpace" : false
    }, {
      "id" : "s1-t1",
      "begin" : 263,
      "end" : 309,
      "text" : "MISC:https://insecurity.sh/reports/openemr.pdf",
      "whiteSpace" : false
    }, {
      "id" : "s1-t2",
      "begin" : 312,
      "end" : 313,
      "text" : "|",
      "whiteSpace" : false
    }, {
      "id" : "s1-t3",
      "begin" : 316,
      "end" : 422,
      "text" : "MISC:https://www.databreaches.net/openemr-patches-serious-vulnerabilities-uncovered-by-project-insecurity/",
      "whiteSpace" : false
    }, {
      "id" : "s1-t4",
      "begin" : 425,
      "end" : 426,
      "text" : "|",
      "whiteSpace" : false
    }, {
      "id" : "s1-t5",
      "begin" : 429,
      "end" : 487,
      "text" : "CONFIRM:https://github.com/openemr/openemr/pull/1757/files",
      "whiteSpace" : false
    }, {
      "id" : "s1-t6",
      "begin" : 490,
      "end" : 491,
      "text" : "|",
      "whiteSpace" : false
    }, {
      "id" : "s1-t7",
      "begin" : 494,
      "end" : 557,
      "text" : "CONFIRM:https://www.open-emr.org/wiki/index.php/OpenEMR_Patches",
      "whiteSpace" : false
    } ]
  } ],
  "mentions" : [ ],
  "relations" : [ ],
  "corefs" : [ ],
  "typeResolved" : true,
  "userResolved" : false
}