{
  "id" : "cb44ad30-e5bf-11e8-ac51-0ddb2b53e7d9-2955",
  "name" : "CVE-2018-15172",
  "createdDate" : 0,
  "version" : 3,
  "text" : "CVE-2018-15172 | TP-Link WR840N devices have a buffer overflow via a long Authorization HTTP header. | EXPLOIT-DB:45203   |   URL:https://www.exploit-db.com/exploits/45203/   |   MISC:https://hackingvila.wordpress.com/2018/08/08/tp-link-buffer-overflow-via-a-long-authorization-http-header-cve-2018-15172/",
  "docLength" : 0,
  "language" : "EN",
  "status" : "READY",
  "modifiedDate" : 1541947254783,
  "documentSet" : [ ],
  "preannotation" : [ ],
  "sentences" : [ {
    "id" : "s0",
    "begin" : 0,
    "end" : 100,
    "text" : "CVE-2018-15172 | TP-Link WR840N devices have a buffer overflow via a long Authorization HTTP header.",
    "tokens" : [ {
      "id" : "s0-t0",
      "begin" : 0,
      "end" : 14,
      "text" : "CVE-2018-15172",
      "whiteSpace" : false
    }, {
      "id" : "s0-t1",
      "begin" : 15,
      "end" : 16,
      "text" : "|",
      "whiteSpace" : false
    }, {
      "id" : "s0-t2",
      "begin" : 17,
      "end" : 19,
      "text" : "TP",
      "whiteSpace" : false
    }, {
      "id" : "s0-t3",
      "begin" : 19,
      "end" : 20,
      "text" : "-",
      "whiteSpace" : false
    }, {
      "id" : "s0-t4",
      "begin" : 20,
      "end" : 24,
      "text" : "Link",
      "whiteSpace" : false
    }, {
      "id" : "s0-t5",
      "begin" : 25,
      "end" : 31,
      "text" : "WR840N",
      "whiteSpace" : false
    }, {
      "id" : "s0-t6",
      "begin" : 32,
      "end" : 39,
      "text" : "devices",
      "whiteSpace" : false
    }, {
      "id" : "s0-t7",
      "begin" : 40,
      "end" : 44,
      "text" : "have",
      "whiteSpace" : false
    }, {
      "id" : "s0-t8",
      "begin" : 45,
      "end" : 46,
      "text" : "a",
      "whiteSpace" : false
    }, {
      "id" : "s0-t9",
      "begin" : 47,
      "end" : 53,
      "text" : "buffer",
      "whiteSpace" : false
    }, {
      "id" : "s0-t10",
      "begin" : 54,
      "end" : 62,
      "text" : "overflow",
      "whiteSpace" : false
    }, {
      "id" : "s0-t11",
      "begin" : 63,
      "end" : 66,
      "text" : "via",
      "whiteSpace" : false
    }, {
      "id" : "s0-t12",
      "begin" : 67,
      "end" : 68,
      "text" : "a",
      "whiteSpace" : false
    }, {
      "id" : "s0-t13",
      "begin" : 69,
      "end" : 73,
      "text" : "long",
      "whiteSpace" : false
    }, {
      "id" : "s0-t14",
      "begin" : 74,
      "end" : 87,
      "text" : "Authorization",
      "whiteSpace" : false
    }, {
      "id" : "s0-t15",
      "begin" : 88,
      "end" : 92,
      "text" : "HTTP",
      "whiteSpace" : false
    }, {
      "id" : "s0-t16",
      "begin" : 93,
      "end" : 99,
      "text" : "header",
      "whiteSpace" : false
    }, {
      "id" : "s0-t17",
      "begin" : 99,
      "end" : 100,
      "text" : ".",
      "whiteSpace" : false
    } ]
  }, {
    "id" : "s1",
    "begin" : 101,
    "end" : 305,
    "text" : "| EXPLOIT-DB:45203   |   URL:https://www.exploit-db.com/exploits/45203/   |   MISC:https://hackingvila.wordpress.com/2018/08/08/tp-link-buffer-overflow-via-a-long-authorization-http-header-cve-2018-15172/",
    "tokens" : [ {
      "id" : "s1-t0",
      "begin" : 101,
      "end" : 102,
      "text" : "|",
      "whiteSpace" : false
    }, {
      "id" : "s1-t1",
      "begin" : 103,
      "end" : 113,
      "text" : "EXPLOIT-DB",
      "whiteSpace" : false
    }, {
      "id" : "s1-t2",
      "begin" : 113,
      "end" : 114,
      "text" : ":",
      "whiteSpace" : false
    }, {
      "id" : "s1-t3",
      "begin" : 114,
      "end" : 119,
      "text" : "45203",
      "whiteSpace" : false
    }, {
      "id" : "s1-t4",
      "begin" : 122,
      "end" : 123,
      "text" : "|",
      "whiteSpace" : false
    }, {
      "id" : "s1-t5",
      "begin" : 126,
      "end" : 171,
      "text" : "URL:https://www.exploit-db.com/exploits/45203",
      "whiteSpace" : false
    }, {
      "id" : "s1-t6",
      "begin" : 171,
      "end" : 172,
      "text" : "/",
      "whiteSpace" : false
    }, {
      "id" : "s1-t7",
      "begin" : 175,
      "end" : 176,
      "text" : "|",
      "whiteSpace" : false
    }, {
      "id" : "s1-t8",
      "begin" : 179,
      "end" : 304,
      "text" : "MISC:https://hackingvila.wordpress.com/2018/08/08/tp-link-buffer-overflow-via-a-long-authorization-http-header-cve-2018-15172",
      "whiteSpace" : false
    }, {
      "id" : "s1-t9",
      "begin" : 304,
      "end" : 305,
      "text" : "/",
      "whiteSpace" : false
    } ]
  } ],
  "mentions" : [ ],
  "relations" : [ ],
  "corefs" : [ ],
  "typeResolved" : true,
  "userResolved" : false
}