{
  "id" : "cb44ad30-e5bf-11e8-ac51-0ddb2b53e7d9-2969",
  "name" : "CVE-2018-15147",
  "createdDate" : 0,
  "version" : 3,
  "text" : "CVE-2018-15147 | SQL injection vulnerability in interface/forms_admin/forms_admin.php from library/registry.inc in versions of OpenEMR before 5.0.1.4 allows a remote authenticated attacker to execute arbitrary SQL commands via the 'id' parameter. | MISC:https://insecurity.sh/reports/openemr.pdf   |   MISC:https://www.databreaches.net/openemr-patches-serious-vulnerabilities-uncovered-by-project-insecurity/   |   CONFIRM:https://github.com/openemr/openemr/pull/1757/files   |   CONFIRM:https://www.open-emr.org/wiki/index.php/OpenEMR_Patches",
  "docLength" : 0,
  "language" : "EN",
  "status" : "READY",
  "modifiedDate" : 1541947254783,
  "documentSet" : [ ],
  "preannotation" : [ ],
  "sentences" : [ {
    "id" : "s0",
    "begin" : 0,
    "end" : 246,
    "text" : "CVE-2018-15147 | SQL injection vulnerability in interface/forms_admin/forms_admin.php from library/registry.inc in versions of OpenEMR before 5.0.1.4 allows a remote authenticated attacker to execute arbitrary SQL commands via the 'id' parameter.",
    "tokens" : [ {
      "id" : "s0-t0",
      "begin" : 0,
      "end" : 14,
      "text" : "CVE-2018-15147",
      "whiteSpace" : false
    }, {
      "id" : "s0-t1",
      "begin" : 15,
      "end" : 16,
      "text" : "|",
      "whiteSpace" : false
    }, {
      "id" : "s0-t2",
      "begin" : 17,
      "end" : 20,
      "text" : "SQL",
      "whiteSpace" : false
    }, {
      "id" : "s0-t3",
      "begin" : 21,
      "end" : 30,
      "text" : "injection",
      "whiteSpace" : false
    }, {
      "id" : "s0-t4",
      "begin" : 31,
      "end" : 44,
      "text" : "vulnerability",
      "whiteSpace" : false
    }, {
      "id" : "s0-t5",
      "begin" : 45,
      "end" : 47,
      "text" : "in",
      "whiteSpace" : false
    }, {
      "id" : "s0-t6",
      "begin" : 48,
      "end" : 57,
      "text" : "interface",
      "whiteSpace" : false
    }, {
      "id" : "s0-t7",
      "begin" : 57,
      "end" : 58,
      "text" : "/",
      "whiteSpace" : false
    }, {
      "id" : "s0-t8",
      "begin" : 58,
      "end" : 85,
      "text" : "forms_admin/forms_admin.php",
      "whiteSpace" : false
    }, {
      "id" : "s0-t9",
      "begin" : 86,
      "end" : 90,
      "text" : "from",
      "whiteSpace" : false
    }, {
      "id" : "s0-t10",
      "begin" : 91,
      "end" : 111,
      "text" : "library/registry.inc",
      "whiteSpace" : false
    }, {
      "id" : "s0-t11",
      "begin" : 112,
      "end" : 114,
      "text" : "in",
      "whiteSpace" : false
    }, {
      "id" : "s0-t12",
      "begin" : 115,
      "end" : 123,
      "text" : "versions",
      "whiteSpace" : false
    }, {
      "id" : "s0-t13",
      "begin" : 124,
      "end" : 126,
      "text" : "of",
      "whiteSpace" : false
    }, {
      "id" : "s0-t14",
      "begin" : 127,
      "end" : 134,
      "text" : "OpenEMR",
      "whiteSpace" : false
    }, {
      "id" : "s0-t15",
      "begin" : 135,
      "end" : 141,
      "text" : "before",
      "whiteSpace" : false
    }, {
      "id" : "s0-t16",
      "begin" : 142,
      "end" : 149,
      "text" : "5.0.1.4",
      "whiteSpace" : false
    }, {
      "id" : "s0-t17",
      "begin" : 150,
      "end" : 156,
      "text" : "allows",
      "whiteSpace" : false
    }, {
      "id" : "s0-t18",
      "begin" : 157,
      "end" : 158,
      "text" : "a",
      "whiteSpace" : false
    }, {
      "id" : "s0-t19",
      "begin" : 159,
      "end" : 165,
      "text" : "remote",
      "whiteSpace" : false
    }, {
      "id" : "s0-t20",
      "begin" : 166,
      "end" : 179,
      "text" : "authenticated",
      "whiteSpace" : false
    }, {
      "id" : "s0-t21",
      "begin" : 180,
      "end" : 188,
      "text" : "attacker",
      "whiteSpace" : false
    }, {
      "id" : "s0-t22",
      "begin" : 189,
      "end" : 191,
      "text" : "to",
      "whiteSpace" : false
    }, {
      "id" : "s0-t23",
      "begin" : 192,
      "end" : 199,
      "text" : "execute",
      "whiteSpace" : false
    }, {
      "id" : "s0-t24",
      "begin" : 200,
      "end" : 209,
      "text" : "arbitrary",
      "whiteSpace" : false
    }, {
      "id" : "s0-t25",
      "begin" : 210,
      "end" : 213,
      "text" : "SQL",
      "whiteSpace" : false
    }, {
      "id" : "s0-t26",
      "begin" : 214,
      "end" : 222,
      "text" : "commands",
      "whiteSpace" : false
    }, {
      "id" : "s0-t27",
      "begin" : 223,
      "end" : 226,
      "text" : "via",
      "whiteSpace" : false
    }, {
      "id" : "s0-t28",
      "begin" : 227,
      "end" : 230,
      "text" : "the",
      "whiteSpace" : false
    }, {
      "id" : "s0-t29",
      "begin" : 231,
      "end" : 232,
      "text" : "'",
      "whiteSpace" : false
    }, {
      "id" : "s0-t30",
      "begin" : 232,
      "end" : 234,
      "text" : "id",
      "whiteSpace" : false
    }, {
      "id" : "s0-t31",
      "begin" : 234,
      "end" : 235,
      "text" : "'",
      "whiteSpace" : false
    }, {
      "id" : "s0-t32",
      "begin" : 236,
      "end" : 245,
      "text" : "parameter",
      "whiteSpace" : false
    }, {
      "id" : "s0-t33",
      "begin" : 245,
      "end" : 246,
      "text" : ".",
      "whiteSpace" : false
    } ]
  }, {
    "id" : "s1",
    "begin" : 247,
    "end" : 543,
    "text" : "| MISC:https://insecurity.sh/reports/openemr.pdf   |   MISC:https://www.databreaches.net/openemr-patches-serious-vulnerabilities-uncovered-by-project-insecurity/   |   CONFIRM:https://github.com/openemr/openemr/pull/1757/files   |   CONFIRM:https://www.open-emr.org/wiki/index.php/OpenEMR_Patches",
    "tokens" : [ {
      "id" : "s1-t0",
      "begin" : 247,
      "end" : 248,
      "text" : "|",
      "whiteSpace" : false
    }, {
      "id" : "s1-t1",
      "begin" : 249,
      "end" : 295,
      "text" : "MISC:https://insecurity.sh/reports/openemr.pdf",
      "whiteSpace" : false
    }, {
      "id" : "s1-t2",
      "begin" : 298,
      "end" : 299,
      "text" : "|",
      "whiteSpace" : false
    }, {
      "id" : "s1-t3",
      "begin" : 302,
      "end" : 408,
      "text" : "MISC:https://www.databreaches.net/openemr-patches-serious-vulnerabilities-uncovered-by-project-insecurity/",
      "whiteSpace" : false
    }, {
      "id" : "s1-t4",
      "begin" : 411,
      "end" : 412,
      "text" : "|",
      "whiteSpace" : false
    }, {
      "id" : "s1-t5",
      "begin" : 415,
      "end" : 473,
      "text" : "CONFIRM:https://github.com/openemr/openemr/pull/1757/files",
      "whiteSpace" : false
    }, {
      "id" : "s1-t6",
      "begin" : 476,
      "end" : 477,
      "text" : "|",
      "whiteSpace" : false
    }, {
      "id" : "s1-t7",
      "begin" : 480,
      "end" : 543,
      "text" : "CONFIRM:https://www.open-emr.org/wiki/index.php/OpenEMR_Patches",
      "whiteSpace" : false
    } ]
  } ],
  "mentions" : [ ],
  "relations" : [ ],
  "corefs" : [ ],
  "typeResolved" : true,
  "userResolved" : false
}