{
  "id" : "cb44ad30-e5bf-11e8-ac51-0ddb2b53e7d9-2892",
  "name" : "CVE-2018-15358",
  "createdDate" : 0,
  "version" : 3,
  "text" : "CVE-2018-15358 | An authenticated attacker with low privileges can activate high privileged user and use it to expand attack surface in Eltex ESP-200 firmware version 1.2.0. | MISC:https://ics-cert.kaspersky.com/advisories/klcert-advisories/2018/08/17/klcert-18-014-eltex-esp-200-router-build-in-user-with-highest-privileges/",
  "docLength" : 0,
  "language" : "EN",
  "status" : "READY",
  "modifiedDate" : 1541947254783,
  "documentSet" : [ ],
  "preannotation" : [ ],
  "sentences" : [ {
    "id" : "s0",
    "begin" : 0,
    "end" : 173,
    "text" : "CVE-2018-15358 | An authenticated attacker with low privileges can activate high privileged user and use it to expand attack surface in Eltex ESP-200 firmware version 1.2.0.",
    "tokens" : [ {
      "id" : "s0-t0",
      "begin" : 0,
      "end" : 14,
      "text" : "CVE-2018-15358",
      "whiteSpace" : false
    }, {
      "id" : "s0-t1",
      "begin" : 15,
      "end" : 16,
      "text" : "|",
      "whiteSpace" : false
    }, {
      "id" : "s0-t2",
      "begin" : 17,
      "end" : 19,
      "text" : "An",
      "whiteSpace" : false
    }, {
      "id" : "s0-t3",
      "begin" : 20,
      "end" : 33,
      "text" : "authenticated",
      "whiteSpace" : false
    }, {
      "id" : "s0-t4",
      "begin" : 34,
      "end" : 42,
      "text" : "attacker",
      "whiteSpace" : false
    }, {
      "id" : "s0-t5",
      "begin" : 43,
      "end" : 47,
      "text" : "with",
      "whiteSpace" : false
    }, {
      "id" : "s0-t6",
      "begin" : 48,
      "end" : 51,
      "text" : "low",
      "whiteSpace" : false
    }, {
      "id" : "s0-t7",
      "begin" : 52,
      "end" : 62,
      "text" : "privileges",
      "whiteSpace" : false
    }, {
      "id" : "s0-t8",
      "begin" : 63,
      "end" : 66,
      "text" : "can",
      "whiteSpace" : false
    }, {
      "id" : "s0-t9",
      "begin" : 67,
      "end" : 75,
      "text" : "activate",
      "whiteSpace" : false
    }, {
      "id" : "s0-t10",
      "begin" : 76,
      "end" : 80,
      "text" : "high",
      "whiteSpace" : false
    }, {
      "id" : "s0-t11",
      "begin" : 81,
      "end" : 91,
      "text" : "privileged",
      "whiteSpace" : false
    }, {
      "id" : "s0-t12",
      "begin" : 92,
      "end" : 96,
      "text" : "user",
      "whiteSpace" : false
    }, {
      "id" : "s0-t13",
      "begin" : 97,
      "end" : 100,
      "text" : "and",
      "whiteSpace" : false
    }, {
      "id" : "s0-t14",
      "begin" : 101,
      "end" : 104,
      "text" : "use",
      "whiteSpace" : false
    }, {
      "id" : "s0-t15",
      "begin" : 105,
      "end" : 107,
      "text" : "it",
      "whiteSpace" : false
    }, {
      "id" : "s0-t16",
      "begin" : 108,
      "end" : 110,
      "text" : "to",
      "whiteSpace" : false
    }, {
      "id" : "s0-t17",
      "begin" : 111,
      "end" : 117,
      "text" : "expand",
      "whiteSpace" : false
    }, {
      "id" : "s0-t18",
      "begin" : 118,
      "end" : 124,
      "text" : "attack",
      "whiteSpace" : false
    }, {
      "id" : "s0-t19",
      "begin" : 125,
      "end" : 132,
      "text" : "surface",
      "whiteSpace" : false
    }, {
      "id" : "s0-t20",
      "begin" : 133,
      "end" : 135,
      "text" : "in",
      "whiteSpace" : false
    }, {
      "id" : "s0-t21",
      "begin" : 136,
      "end" : 141,
      "text" : "Eltex",
      "whiteSpace" : false
    }, {
      "id" : "s0-t22",
      "begin" : 142,
      "end" : 145,
      "text" : "ESP",
      "whiteSpace" : false
    }, {
      "id" : "s0-t23",
      "begin" : 145,
      "end" : 146,
      "text" : "-",
      "whiteSpace" : false
    }, {
      "id" : "s0-t24",
      "begin" : 146,
      "end" : 149,
      "text" : "200",
      "whiteSpace" : false
    }, {
      "id" : "s0-t25",
      "begin" : 150,
      "end" : 158,
      "text" : "firmware",
      "whiteSpace" : false
    }, {
      "id" : "s0-t26",
      "begin" : 159,
      "end" : 166,
      "text" : "version",
      "whiteSpace" : false
    }, {
      "id" : "s0-t27",
      "begin" : 167,
      "end" : 172,
      "text" : "1.2.0",
      "whiteSpace" : false
    }, {
      "id" : "s0-t28",
      "begin" : 172,
      "end" : 173,
      "text" : ".",
      "whiteSpace" : false
    } ]
  }, {
    "id" : "s1",
    "begin" : 174,
    "end" : 325,
    "text" : "| MISC:https://ics-cert.kaspersky.com/advisories/klcert-advisories/2018/08/17/klcert-18-014-eltex-esp-200-router-build-in-user-with-highest-privileges/",
    "tokens" : [ {
      "id" : "s1-t0",
      "begin" : 174,
      "end" : 175,
      "text" : "|",
      "whiteSpace" : false
    }, {
      "id" : "s1-t1",
      "begin" : 176,
      "end" : 192,
      "text" : "MISC:https://ics",
      "whiteSpace" : false
    }, {
      "id" : "s1-t2",
      "begin" : 192,
      "end" : 193,
      "text" : "-",
      "whiteSpace" : false
    }, {
      "id" : "s1-t3",
      "begin" : 193,
      "end" : 229,
      "text" : "cert.kaspersky.com/advisories/klcert",
      "whiteSpace" : false
    }, {
      "id" : "s1-t4",
      "begin" : 229,
      "end" : 230,
      "text" : "-",
      "whiteSpace" : false
    }, {
      "id" : "s1-t5",
      "begin" : 230,
      "end" : 325,
      "text" : "advisories/2018/08/17/klcert-18-014-eltex-esp-200-router-build-in-user-with-highest-privileges/",
      "whiteSpace" : false
    } ]
  } ],
  "mentions" : [ ],
  "relations" : [ ],
  "corefs" : [ ],
  "typeResolved" : true,
  "userResolved" : false
}