{
  "id" : "cb44ad30-e5bf-11e8-ac51-0ddb2b53e7d9-2959",
  "name" : "CVE-2018-15156",
  "createdDate" : 0,
  "version" : 3,
  "text" : "CVE-2018-15156 | OS command injection occurring in versions of OpenEMR before 5.0.1.4 allows a remote authenticated attacker to execute arbitrary commands by making a crafted request to interface/fax/faxq.php after modifying the \"hylafax_server\" global variable in interface/super/edit_globals.php. | MISC:https://insecurity.sh/reports/openemr.pdf   |   MISC:https://www.databreaches.net/openemr-patches-serious-vulnerabilities-uncovered-by-project-insecurity/   |   CONFIRM:https://github.com/openemr/openemr/pull/1757   |   CONFIRM:https://www.open-emr.org/wiki/index.php/OpenEMR_Patches",
  "docLength" : 0,
  "language" : "EN",
  "status" : "READY",
  "modifiedDate" : 1541947254783,
  "documentSet" : [ ],
  "preannotation" : [ ],
  "sentences" : [ {
    "id" : "s0",
    "begin" : 0,
    "end" : 298,
    "text" : "CVE-2018-15156 | OS command injection occurring in versions of OpenEMR before 5.0.1.4 allows a remote authenticated attacker to execute arbitrary commands by making a crafted request to interface/fax/faxq.php after modifying the \"hylafax_server\" global variable in interface/super/edit_globals.php.",
    "tokens" : [ {
      "id" : "s0-t0",
      "begin" : 0,
      "end" : 14,
      "text" : "CVE-2018-15156",
      "whiteSpace" : false
    }, {
      "id" : "s0-t1",
      "begin" : 15,
      "end" : 16,
      "text" : "|",
      "whiteSpace" : false
    }, {
      "id" : "s0-t2",
      "begin" : 17,
      "end" : 19,
      "text" : "OS",
      "whiteSpace" : false
    }, {
      "id" : "s0-t3",
      "begin" : 20,
      "end" : 27,
      "text" : "command",
      "whiteSpace" : false
    }, {
      "id" : "s0-t4",
      "begin" : 28,
      "end" : 37,
      "text" : "injection",
      "whiteSpace" : false
    }, {
      "id" : "s0-t5",
      "begin" : 38,
      "end" : 47,
      "text" : "occurring",
      "whiteSpace" : false
    }, {
      "id" : "s0-t6",
      "begin" : 48,
      "end" : 50,
      "text" : "in",
      "whiteSpace" : false
    }, {
      "id" : "s0-t7",
      "begin" : 51,
      "end" : 59,
      "text" : "versions",
      "whiteSpace" : false
    }, {
      "id" : "s0-t8",
      "begin" : 60,
      "end" : 62,
      "text" : "of",
      "whiteSpace" : false
    }, {
      "id" : "s0-t9",
      "begin" : 63,
      "end" : 70,
      "text" : "OpenEMR",
      "whiteSpace" : false
    }, {
      "id" : "s0-t10",
      "begin" : 71,
      "end" : 77,
      "text" : "before",
      "whiteSpace" : false
    }, {
      "id" : "s0-t11",
      "begin" : 78,
      "end" : 85,
      "text" : "5.0.1.4",
      "whiteSpace" : false
    }, {
      "id" : "s0-t12",
      "begin" : 86,
      "end" : 92,
      "text" : "allows",
      "whiteSpace" : false
    }, {
      "id" : "s0-t13",
      "begin" : 93,
      "end" : 94,
      "text" : "a",
      "whiteSpace" : false
    }, {
      "id" : "s0-t14",
      "begin" : 95,
      "end" : 101,
      "text" : "remote",
      "whiteSpace" : false
    }, {
      "id" : "s0-t15",
      "begin" : 102,
      "end" : 115,
      "text" : "authenticated",
      "whiteSpace" : false
    }, {
      "id" : "s0-t16",
      "begin" : 116,
      "end" : 124,
      "text" : "attacker",
      "whiteSpace" : false
    }, {
      "id" : "s0-t17",
      "begin" : 125,
      "end" : 127,
      "text" : "to",
      "whiteSpace" : false
    }, {
      "id" : "s0-t18",
      "begin" : 128,
      "end" : 135,
      "text" : "execute",
      "whiteSpace" : false
    }, {
      "id" : "s0-t19",
      "begin" : 136,
      "end" : 145,
      "text" : "arbitrary",
      "whiteSpace" : false
    }, {
      "id" : "s0-t20",
      "begin" : 146,
      "end" : 154,
      "text" : "commands",
      "whiteSpace" : false
    }, {
      "id" : "s0-t21",
      "begin" : 155,
      "end" : 157,
      "text" : "by",
      "whiteSpace" : false
    }, {
      "id" : "s0-t22",
      "begin" : 158,
      "end" : 164,
      "text" : "making",
      "whiteSpace" : false
    }, {
      "id" : "s0-t23",
      "begin" : 165,
      "end" : 166,
      "text" : "a",
      "whiteSpace" : false
    }, {
      "id" : "s0-t24",
      "begin" : 167,
      "end" : 174,
      "text" : "crafted",
      "whiteSpace" : false
    }, {
      "id" : "s0-t25",
      "begin" : 175,
      "end" : 182,
      "text" : "request",
      "whiteSpace" : false
    }, {
      "id" : "s0-t26",
      "begin" : 183,
      "end" : 185,
      "text" : "to",
      "whiteSpace" : false
    }, {
      "id" : "s0-t27",
      "begin" : 186,
      "end" : 195,
      "text" : "interface",
      "whiteSpace" : false
    }, {
      "id" : "s0-t28",
      "begin" : 195,
      "end" : 196,
      "text" : "/",
      "whiteSpace" : false
    }, {
      "id" : "s0-t29",
      "begin" : 196,
      "end" : 208,
      "text" : "fax/faxq.php",
      "whiteSpace" : false
    }, {
      "id" : "s0-t30",
      "begin" : 209,
      "end" : 214,
      "text" : "after",
      "whiteSpace" : false
    }, {
      "id" : "s0-t31",
      "begin" : 215,
      "end" : 224,
      "text" : "modifying",
      "whiteSpace" : false
    }, {
      "id" : "s0-t32",
      "begin" : 225,
      "end" : 228,
      "text" : "the",
      "whiteSpace" : false
    }, {
      "id" : "s0-t33",
      "begin" : 229,
      "end" : 230,
      "text" : "\"",
      "whiteSpace" : false
    }, {
      "id" : "s0-t34",
      "begin" : 230,
      "end" : 244,
      "text" : "hylafax_server",
      "whiteSpace" : false
    }, {
      "id" : "s0-t35",
      "begin" : 244,
      "end" : 245,
      "text" : "\"",
      "whiteSpace" : false
    }, {
      "id" : "s0-t36",
      "begin" : 246,
      "end" : 252,
      "text" : "global",
      "whiteSpace" : false
    }, {
      "id" : "s0-t37",
      "begin" : 253,
      "end" : 261,
      "text" : "variable",
      "whiteSpace" : false
    }, {
      "id" : "s0-t38",
      "begin" : 262,
      "end" : 264,
      "text" : "in",
      "whiteSpace" : false
    }, {
      "id" : "s0-t39",
      "begin" : 265,
      "end" : 274,
      "text" : "interface",
      "whiteSpace" : false
    }, {
      "id" : "s0-t40",
      "begin" : 274,
      "end" : 275,
      "text" : "/",
      "whiteSpace" : false
    }, {
      "id" : "s0-t41",
      "begin" : 275,
      "end" : 297,
      "text" : "super/edit_globals.php",
      "whiteSpace" : false
    }, {
      "id" : "s0-t42",
      "begin" : 297,
      "end" : 298,
      "text" : ".",
      "whiteSpace" : false
    } ]
  }, {
    "id" : "s1",
    "begin" : 299,
    "end" : 589,
    "text" : "| MISC:https://insecurity.sh/reports/openemr.pdf   |   MISC:https://www.databreaches.net/openemr-patches-serious-vulnerabilities-uncovered-by-project-insecurity/   |   CONFIRM:https://github.com/openemr/openemr/pull/1757   |   CONFIRM:https://www.open-emr.org/wiki/index.php/OpenEMR_Patches",
    "tokens" : [ {
      "id" : "s1-t0",
      "begin" : 299,
      "end" : 300,
      "text" : "|",
      "whiteSpace" : false
    }, {
      "id" : "s1-t1",
      "begin" : 301,
      "end" : 347,
      "text" : "MISC:https://insecurity.sh/reports/openemr.pdf",
      "whiteSpace" : false
    }, {
      "id" : "s1-t2",
      "begin" : 350,
      "end" : 351,
      "text" : "|",
      "whiteSpace" : false
    }, {
      "id" : "s1-t3",
      "begin" : 354,
      "end" : 460,
      "text" : "MISC:https://www.databreaches.net/openemr-patches-serious-vulnerabilities-uncovered-by-project-insecurity/",
      "whiteSpace" : false
    }, {
      "id" : "s1-t4",
      "begin" : 463,
      "end" : 464,
      "text" : "|",
      "whiteSpace" : false
    }, {
      "id" : "s1-t5",
      "begin" : 467,
      "end" : 515,
      "text" : "CONFIRM:https://github.com/openemr/openemr/pull/",
      "whiteSpace" : false
    }, {
      "id" : "s1-t6",
      "begin" : 515,
      "end" : 519,
      "text" : "1757",
      "whiteSpace" : false
    }, {
      "id" : "s1-t7",
      "begin" : 522,
      "end" : 523,
      "text" : "|",
      "whiteSpace" : false
    }, {
      "id" : "s1-t8",
      "begin" : 526,
      "end" : 589,
      "text" : "CONFIRM:https://www.open-emr.org/wiki/index.php/OpenEMR_Patches",
      "whiteSpace" : false
    } ]
  } ],
  "mentions" : [ ],
  "relations" : [ ],
  "corefs" : [ ],
  "typeResolved" : true,
  "userResolved" : false
}