{
  "id" : "cb44ad30-e5bf-11e8-ac51-0ddb2b53e7d9-2882",
  "name" : "CVE-2018-15369",
  "createdDate" : 0,
  "version" : 3,
  "text" : "CVE-2018-15369 | A vulnerability in the TACACS+ client subsystem of Cisco IOS Software and Cisco IOS XE Software could allow an unauthenticated, remote attacker to cause an affected device to reload, resulting in a denial of service (DoS) condition. The vulnerability is due to improper handling of crafted TACACS+ response packets by the affected software. An attacker could exploit this vulnerability by injecting a crafted TACACS+ packet into an existing TACACS+ session between an affected device and a TACACS+ server or by impersonating a known, valid TACACS+ server and sending a crafted TACACS+ packet to an affected device when establishing a connection to the device. To exploit this vulnerability by using either method, the attacker must know the shared TACACS+ secret and the crafted packet must be sent in response to a TACACS+ request from a TACACS+ client. A successful exploit could allow the attacker to cause the affected device to reload, resulting in a DoS condition. | CISCO:20180926 Cisco IOS and IOS XE Software TACACS+ Client Denial of Service Vulnerability   |   URL:https://tools.cisco.com/security/center/content/CiscoSecurityAdvisory/cisco-sa-20180926-tacplus   |   BID:105426   |   URL:http://www.securityfocus.com/bid/105426",
  "docLength" : 0,
  "language" : "EN",
  "status" : "READY",
  "modifiedDate" : 1541947254783,
  "documentSet" : [ ],
  "preannotation" : [ ],
  "sentences" : [ {
    "id" : "s0",
    "begin" : 0,
    "end" : 249,
    "text" : "CVE-2018-15369 | A vulnerability in the TACACS+ client subsystem of Cisco IOS Software and Cisco IOS XE Software could allow an unauthenticated, remote attacker to cause an affected device to reload, resulting in a denial of service (DoS) condition.",
    "tokens" : [ {
      "id" : "s0-t0",
      "begin" : 0,
      "end" : 14,
      "text" : "CVE-2018-15369",
      "whiteSpace" : false
    }, {
      "id" : "s0-t1",
      "begin" : 15,
      "end" : 16,
      "text" : "|",
      "whiteSpace" : false
    }, {
      "id" : "s0-t2",
      "begin" : 17,
      "end" : 18,
      "text" : "A",
      "whiteSpace" : false
    }, {
      "id" : "s0-t3",
      "begin" : 19,
      "end" : 32,
      "text" : "vulnerability",
      "whiteSpace" : false
    }, {
      "id" : "s0-t4",
      "begin" : 33,
      "end" : 35,
      "text" : "in",
      "whiteSpace" : false
    }, {
      "id" : "s0-t5",
      "begin" : 36,
      "end" : 39,
      "text" : "the",
      "whiteSpace" : false
    }, {
      "id" : "s0-t6",
      "begin" : 40,
      "end" : 46,
      "text" : "TACACS",
      "whiteSpace" : false
    }, {
      "id" : "s0-t7",
      "begin" : 46,
      "end" : 47,
      "text" : "+",
      "whiteSpace" : false
    }, {
      "id" : "s0-t8",
      "begin" : 48,
      "end" : 54,
      "text" : "client",
      "whiteSpace" : false
    }, {
      "id" : "s0-t9",
      "begin" : 55,
      "end" : 64,
      "text" : "subsystem",
      "whiteSpace" : false
    }, {
      "id" : "s0-t10",
      "begin" : 65,
      "end" : 67,
      "text" : "of",
      "whiteSpace" : false
    }, {
      "id" : "s0-t11",
      "begin" : 68,
      "end" : 73,
      "text" : "Cisco",
      "whiteSpace" : false
    }, {
      "id" : "s0-t12",
      "begin" : 74,
      "end" : 77,
      "text" : "IOS",
      "whiteSpace" : false
    }, {
      "id" : "s0-t13",
      "begin" : 78,
      "end" : 86,
      "text" : "Software",
      "whiteSpace" : false
    }, {
      "id" : "s0-t14",
      "begin" : 87,
      "end" : 90,
      "text" : "and",
      "whiteSpace" : false
    }, {
      "id" : "s0-t15",
      "begin" : 91,
      "end" : 96,
      "text" : "Cisco",
      "whiteSpace" : false
    }, {
      "id" : "s0-t16",
      "begin" : 97,
      "end" : 100,
      "text" : "IOS",
      "whiteSpace" : false
    }, {
      "id" : "s0-t17",
      "begin" : 101,
      "end" : 103,
      "text" : "XE",
      "whiteSpace" : false
    }, {
      "id" : "s0-t18",
      "begin" : 104,
      "end" : 112,
      "text" : "Software",
      "whiteSpace" : false
    }, {
      "id" : "s0-t19",
      "begin" : 113,
      "end" : 118,
      "text" : "could",
      "whiteSpace" : false
    }, {
      "id" : "s0-t20",
      "begin" : 119,
      "end" : 124,
      "text" : "allow",
      "whiteSpace" : false
    }, {
      "id" : "s0-t21",
      "begin" : 125,
      "end" : 127,
      "text" : "an",
      "whiteSpace" : false
    }, {
      "id" : "s0-t22",
      "begin" : 128,
      "end" : 143,
      "text" : "unauthenticated",
      "whiteSpace" : false
    }, {
      "id" : "s0-t23",
      "begin" : 143,
      "end" : 144,
      "text" : ",",
      "whiteSpace" : false
    }, {
      "id" : "s0-t24",
      "begin" : 145,
      "end" : 151,
      "text" : "remote",
      "whiteSpace" : false
    }, {
      "id" : "s0-t25",
      "begin" : 152,
      "end" : 160,
      "text" : "attacker",
      "whiteSpace" : false
    }, {
      "id" : "s0-t26",
      "begin" : 161,
      "end" : 163,
      "text" : "to",
      "whiteSpace" : false
    }, {
      "id" : "s0-t27",
      "begin" : 164,
      "end" : 169,
      "text" : "cause",
      "whiteSpace" : false
    }, {
      "id" : "s0-t28",
      "begin" : 170,
      "end" : 172,
      "text" : "an",
      "whiteSpace" : false
    }, {
      "id" : "s0-t29",
      "begin" : 173,
      "end" : 181,
      "text" : "affected",
      "whiteSpace" : false
    }, {
      "id" : "s0-t30",
      "begin" : 182,
      "end" : 188,
      "text" : "device",
      "whiteSpace" : false
    }, {
      "id" : "s0-t31",
      "begin" : 189,
      "end" : 191,
      "text" : "to",
      "whiteSpace" : false
    }, {
      "id" : "s0-t32",
      "begin" : 192,
      "end" : 198,
      "text" : "reload",
      "whiteSpace" : false
    }, {
      "id" : "s0-t33",
      "begin" : 198,
      "end" : 199,
      "text" : ",",
      "whiteSpace" : false
    }, {
      "id" : "s0-t34",
      "begin" : 200,
      "end" : 209,
      "text" : "resulting",
      "whiteSpace" : false
    }, {
      "id" : "s0-t35",
      "begin" : 210,
      "end" : 212,
      "text" : "in",
      "whiteSpace" : false
    }, {
      "id" : "s0-t36",
      "begin" : 213,
      "end" : 214,
      "text" : "a",
      "whiteSpace" : false
    }, {
      "id" : "s0-t37",
      "begin" : 215,
      "end" : 221,
      "text" : "denial",
      "whiteSpace" : false
    }, {
      "id" : "s0-t38",
      "begin" : 222,
      "end" : 224,
      "text" : "of",
      "whiteSpace" : false
    }, {
      "id" : "s0-t39",
      "begin" : 225,
      "end" : 232,
      "text" : "service",
      "whiteSpace" : false
    }, {
      "id" : "s0-t40",
      "begin" : 233,
      "end" : 234,
      "text" : "(",
      "whiteSpace" : false
    }, {
      "id" : "s0-t41",
      "begin" : 234,
      "end" : 237,
      "text" : "DoS",
      "whiteSpace" : false
    }, {
      "id" : "s0-t42",
      "begin" : 237,
      "end" : 238,
      "text" : ")",
      "whiteSpace" : false
    }, {
      "id" : "s0-t43",
      "begin" : 239,
      "end" : 248,
      "text" : "condition",
      "whiteSpace" : false
    }, {
      "id" : "s0-t44",
      "begin" : 248,
      "end" : 249,
      "text" : ".",
      "whiteSpace" : false
    } ]
  }, {
    "id" : "s1",
    "begin" : 250,
    "end" : 357,
    "text" : "The vulnerability is due to improper handling of crafted TACACS+ response packets by the affected software.",
    "tokens" : [ {
      "id" : "s1-t0",
      "begin" : 250,
      "end" : 253,
      "text" : "The",
      "whiteSpace" : false
    }, {
      "id" : "s1-t1",
      "begin" : 254,
      "end" : 267,
      "text" : "vulnerability",
      "whiteSpace" : false
    }, {
      "id" : "s1-t2",
      "begin" : 268,
      "end" : 270,
      "text" : "is",
      "whiteSpace" : false
    }, {
      "id" : "s1-t3",
      "begin" : 271,
      "end" : 274,
      "text" : "due",
      "whiteSpace" : false
    }, {
      "id" : "s1-t4",
      "begin" : 275,
      "end" : 277,
      "text" : "to",
      "whiteSpace" : false
    }, {
      "id" : "s1-t5",
      "begin" : 278,
      "end" : 286,
      "text" : "improper",
      "whiteSpace" : false
    }, {
      "id" : "s1-t6",
      "begin" : 287,
      "end" : 295,
      "text" : "handling",
      "whiteSpace" : false
    }, {
      "id" : "s1-t7",
      "begin" : 296,
      "end" : 298,
      "text" : "of",
      "whiteSpace" : false
    }, {
      "id" : "s1-t8",
      "begin" : 299,
      "end" : 306,
      "text" : "crafted",
      "whiteSpace" : false
    }, {
      "id" : "s1-t9",
      "begin" : 307,
      "end" : 313,
      "text" : "TACACS",
      "whiteSpace" : false
    }, {
      "id" : "s1-t10",
      "begin" : 313,
      "end" : 314,
      "text" : "+",
      "whiteSpace" : false
    }, {
      "id" : "s1-t11",
      "begin" : 315,
      "end" : 323,
      "text" : "response",
      "whiteSpace" : false
    }, {
      "id" : "s1-t12",
      "begin" : 324,
      "end" : 331,
      "text" : "packets",
      "whiteSpace" : false
    }, {
      "id" : "s1-t13",
      "begin" : 332,
      "end" : 334,
      "text" : "by",
      "whiteSpace" : false
    }, {
      "id" : "s1-t14",
      "begin" : 335,
      "end" : 338,
      "text" : "the",
      "whiteSpace" : false
    }, {
      "id" : "s1-t15",
      "begin" : 339,
      "end" : 347,
      "text" : "affected",
      "whiteSpace" : false
    }, {
      "id" : "s1-t16",
      "begin" : 348,
      "end" : 356,
      "text" : "software",
      "whiteSpace" : false
    }, {
      "id" : "s1-t17",
      "begin" : 356,
      "end" : 357,
      "text" : ".",
      "whiteSpace" : false
    } ]
  }, {
    "id" : "s2",
    "begin" : 358,
    "end" : 676,
    "text" : "An attacker could exploit this vulnerability by injecting a crafted TACACS+ packet into an existing TACACS+ session between an affected device and a TACACS+ server or by impersonating a known, valid TACACS+ server and sending a crafted TACACS+ packet to an affected device when establishing a connection to the device.",
    "tokens" : [ {
      "id" : "s2-t0",
      "begin" : 358,
      "end" : 360,
      "text" : "An",
      "whiteSpace" : false
    }, {
      "id" : "s2-t1",
      "begin" : 361,
      "end" : 369,
      "text" : "attacker",
      "whiteSpace" : false
    }, {
      "id" : "s2-t2",
      "begin" : 370,
      "end" : 375,
      "text" : "could",
      "whiteSpace" : false
    }, {
      "id" : "s2-t3",
      "begin" : 376,
      "end" : 383,
      "text" : "exploit",
      "whiteSpace" : false
    }, {
      "id" : "s2-t4",
      "begin" : 384,
      "end" : 388,
      "text" : "this",
      "whiteSpace" : false
    }, {
      "id" : "s2-t5",
      "begin" : 389,
      "end" : 402,
      "text" : "vulnerability",
      "whiteSpace" : false
    }, {
      "id" : "s2-t6",
      "begin" : 403,
      "end" : 405,
      "text" : "by",
      "whiteSpace" : false
    }, {
      "id" : "s2-t7",
      "begin" : 406,
      "end" : 415,
      "text" : "injecting",
      "whiteSpace" : false
    }, {
      "id" : "s2-t8",
      "begin" : 416,
      "end" : 417,
      "text" : "a",
      "whiteSpace" : false
    }, {
      "id" : "s2-t9",
      "begin" : 418,
      "end" : 425,
      "text" : "crafted",
      "whiteSpace" : false
    }, {
      "id" : "s2-t10",
      "begin" : 426,
      "end" : 432,
      "text" : "TACACS",
      "whiteSpace" : false
    }, {
      "id" : "s2-t11",
      "begin" : 432,
      "end" : 433,
      "text" : "+",
      "whiteSpace" : false
    }, {
      "id" : "s2-t12",
      "begin" : 434,
      "end" : 440,
      "text" : "packet",
      "whiteSpace" : false
    }, {
      "id" : "s2-t13",
      "begin" : 441,
      "end" : 445,
      "text" : "into",
      "whiteSpace" : false
    }, {
      "id" : "s2-t14",
      "begin" : 446,
      "end" : 448,
      "text" : "an",
      "whiteSpace" : false
    }, {
      "id" : "s2-t15",
      "begin" : 449,
      "end" : 457,
      "text" : "existing",
      "whiteSpace" : false
    }, {
      "id" : "s2-t16",
      "begin" : 458,
      "end" : 464,
      "text" : "TACACS",
      "whiteSpace" : false
    }, {
      "id" : "s2-t17",
      "begin" : 464,
      "end" : 465,
      "text" : "+",
      "whiteSpace" : false
    }, {
      "id" : "s2-t18",
      "begin" : 466,
      "end" : 473,
      "text" : "session",
      "whiteSpace" : false
    }, {
      "id" : "s2-t19",
      "begin" : 474,
      "end" : 481,
      "text" : "between",
      "whiteSpace" : false
    }, {
      "id" : "s2-t20",
      "begin" : 482,
      "end" : 484,
      "text" : "an",
      "whiteSpace" : false
    }, {
      "id" : "s2-t21",
      "begin" : 485,
      "end" : 493,
      "text" : "affected",
      "whiteSpace" : false
    }, {
      "id" : "s2-t22",
      "begin" : 494,
      "end" : 500,
      "text" : "device",
      "whiteSpace" : false
    }, {
      "id" : "s2-t23",
      "begin" : 501,
      "end" : 504,
      "text" : "and",
      "whiteSpace" : false
    }, {
      "id" : "s2-t24",
      "begin" : 505,
      "end" : 506,
      "text" : "a",
      "whiteSpace" : false
    }, {
      "id" : "s2-t25",
      "begin" : 507,
      "end" : 513,
      "text" : "TACACS",
      "whiteSpace" : false
    }, {
      "id" : "s2-t26",
      "begin" : 513,
      "end" : 514,
      "text" : "+",
      "whiteSpace" : false
    }, {
      "id" : "s2-t27",
      "begin" : 515,
      "end" : 521,
      "text" : "server",
      "whiteSpace" : false
    }, {
      "id" : "s2-t28",
      "begin" : 522,
      "end" : 524,
      "text" : "or",
      "whiteSpace" : false
    }, {
      "id" : "s2-t29",
      "begin" : 525,
      "end" : 527,
      "text" : "by",
      "whiteSpace" : false
    }, {
      "id" : "s2-t30",
      "begin" : 528,
      "end" : 541,
      "text" : "impersonating",
      "whiteSpace" : false
    }, {
      "id" : "s2-t31",
      "begin" : 542,
      "end" : 543,
      "text" : "a",
      "whiteSpace" : false
    }, {
      "id" : "s2-t32",
      "begin" : 544,
      "end" : 549,
      "text" : "known",
      "whiteSpace" : false
    }, {
      "id" : "s2-t33",
      "begin" : 549,
      "end" : 550,
      "text" : ",",
      "whiteSpace" : false
    }, {
      "id" : "s2-t34",
      "begin" : 551,
      "end" : 556,
      "text" : "valid",
      "whiteSpace" : false
    }, {
      "id" : "s2-t35",
      "begin" : 557,
      "end" : 563,
      "text" : "TACACS",
      "whiteSpace" : false
    }, {
      "id" : "s2-t36",
      "begin" : 563,
      "end" : 564,
      "text" : "+",
      "whiteSpace" : false
    }, {
      "id" : "s2-t37",
      "begin" : 565,
      "end" : 571,
      "text" : "server",
      "whiteSpace" : false
    }, {
      "id" : "s2-t38",
      "begin" : 572,
      "end" : 575,
      "text" : "and",
      "whiteSpace" : false
    }, {
      "id" : "s2-t39",
      "begin" : 576,
      "end" : 583,
      "text" : "sending",
      "whiteSpace" : false
    }, {
      "id" : "s2-t40",
      "begin" : 584,
      "end" : 585,
      "text" : "a",
      "whiteSpace" : false
    }, {
      "id" : "s2-t41",
      "begin" : 586,
      "end" : 593,
      "text" : "crafted",
      "whiteSpace" : false
    }, {
      "id" : "s2-t42",
      "begin" : 594,
      "end" : 600,
      "text" : "TACACS",
      "whiteSpace" : false
    }, {
      "id" : "s2-t43",
      "begin" : 600,
      "end" : 601,
      "text" : "+",
      "whiteSpace" : false
    }, {
      "id" : "s2-t44",
      "begin" : 602,
      "end" : 608,
      "text" : "packet",
      "whiteSpace" : false
    }, {
      "id" : "s2-t45",
      "begin" : 609,
      "end" : 611,
      "text" : "to",
      "whiteSpace" : false
    }, {
      "id" : "s2-t46",
      "begin" : 612,
      "end" : 614,
      "text" : "an",
      "whiteSpace" : false
    }, {
      "id" : "s2-t47",
      "begin" : 615,
      "end" : 623,
      "text" : "affected",
      "whiteSpace" : false
    }, {
      "id" : "s2-t48",
      "begin" : 624,
      "end" : 630,
      "text" : "device",
      "whiteSpace" : false
    }, {
      "id" : "s2-t49",
      "begin" : 631,
      "end" : 635,
      "text" : "when",
      "whiteSpace" : false
    }, {
      "id" : "s2-t50",
      "begin" : 636,
      "end" : 648,
      "text" : "establishing",
      "whiteSpace" : false
    }, {
      "id" : "s2-t51",
      "begin" : 649,
      "end" : 650,
      "text" : "a",
      "whiteSpace" : false
    }, {
      "id" : "s2-t52",
      "begin" : 651,
      "end" : 661,
      "text" : "connection",
      "whiteSpace" : false
    }, {
      "id" : "s2-t53",
      "begin" : 662,
      "end" : 664,
      "text" : "to",
      "whiteSpace" : false
    }, {
      "id" : "s2-t54",
      "begin" : 665,
      "end" : 668,
      "text" : "the",
      "whiteSpace" : false
    }, {
      "id" : "s2-t55",
      "begin" : 669,
      "end" : 675,
      "text" : "device",
      "whiteSpace" : false
    }, {
      "id" : "s2-t56",
      "begin" : 675,
      "end" : 676,
      "text" : ".",
      "whiteSpace" : false
    } ]
  }, {
    "id" : "s3",
    "begin" : 677,
    "end" : 871,
    "text" : "To exploit this vulnerability by using either method, the attacker must know the shared TACACS+ secret and the crafted packet must be sent in response to a TACACS+ request from a TACACS+ client.",
    "tokens" : [ {
      "id" : "s3-t0",
      "begin" : 677,
      "end" : 679,
      "text" : "To",
      "whiteSpace" : false
    }, {
      "id" : "s3-t1",
      "begin" : 680,
      "end" : 687,
      "text" : "exploit",
      "whiteSpace" : false
    }, {
      "id" : "s3-t2",
      "begin" : 688,
      "end" : 692,
      "text" : "this",
      "whiteSpace" : false
    }, {
      "id" : "s3-t3",
      "begin" : 693,
      "end" : 706,
      "text" : "vulnerability",
      "whiteSpace" : false
    }, {
      "id" : "s3-t4",
      "begin" : 707,
      "end" : 709,
      "text" : "by",
      "whiteSpace" : false
    }, {
      "id" : "s3-t5",
      "begin" : 710,
      "end" : 715,
      "text" : "using",
      "whiteSpace" : false
    }, {
      "id" : "s3-t6",
      "begin" : 716,
      "end" : 722,
      "text" : "either",
      "whiteSpace" : false
    }, {
      "id" : "s3-t7",
      "begin" : 723,
      "end" : 729,
      "text" : "method",
      "whiteSpace" : false
    }, {
      "id" : "s3-t8",
      "begin" : 729,
      "end" : 730,
      "text" : ",",
      "whiteSpace" : false
    }, {
      "id" : "s3-t9",
      "begin" : 731,
      "end" : 734,
      "text" : "the",
      "whiteSpace" : false
    }, {
      "id" : "s3-t10",
      "begin" : 735,
      "end" : 743,
      "text" : "attacker",
      "whiteSpace" : false
    }, {
      "id" : "s3-t11",
      "begin" : 744,
      "end" : 748,
      "text" : "must",
      "whiteSpace" : false
    }, {
      "id" : "s3-t12",
      "begin" : 749,
      "end" : 753,
      "text" : "know",
      "whiteSpace" : false
    }, {
      "id" : "s3-t13",
      "begin" : 754,
      "end" : 757,
      "text" : "the",
      "whiteSpace" : false
    }, {
      "id" : "s3-t14",
      "begin" : 758,
      "end" : 764,
      "text" : "shared",
      "whiteSpace" : false
    }, {
      "id" : "s3-t15",
      "begin" : 765,
      "end" : 771,
      "text" : "TACACS",
      "whiteSpace" : false
    }, {
      "id" : "s3-t16",
      "begin" : 771,
      "end" : 772,
      "text" : "+",
      "whiteSpace" : false
    }, {
      "id" : "s3-t17",
      "begin" : 773,
      "end" : 779,
      "text" : "secret",
      "whiteSpace" : false
    }, {
      "id" : "s3-t18",
      "begin" : 780,
      "end" : 783,
      "text" : "and",
      "whiteSpace" : false
    }, {
      "id" : "s3-t19",
      "begin" : 784,
      "end" : 787,
      "text" : "the",
      "whiteSpace" : false
    }, {
      "id" : "s3-t20",
      "begin" : 788,
      "end" : 795,
      "text" : "crafted",
      "whiteSpace" : false
    }, {
      "id" : "s3-t21",
      "begin" : 796,
      "end" : 802,
      "text" : "packet",
      "whiteSpace" : false
    }, {
      "id" : "s3-t22",
      "begin" : 803,
      "end" : 807,
      "text" : "must",
      "whiteSpace" : false
    }, {
      "id" : "s3-t23",
      "begin" : 808,
      "end" : 810,
      "text" : "be",
      "whiteSpace" : false
    }, {
      "id" : "s3-t24",
      "begin" : 811,
      "end" : 815,
      "text" : "sent",
      "whiteSpace" : false
    }, {
      "id" : "s3-t25",
      "begin" : 816,
      "end" : 818,
      "text" : "in",
      "whiteSpace" : false
    }, {
      "id" : "s3-t26",
      "begin" : 819,
      "end" : 827,
      "text" : "response",
      "whiteSpace" : false
    }, {
      "id" : "s3-t27",
      "begin" : 828,
      "end" : 830,
      "text" : "to",
      "whiteSpace" : false
    }, {
      "id" : "s3-t28",
      "begin" : 831,
      "end" : 832,
      "text" : "a",
      "whiteSpace" : false
    }, {
      "id" : "s3-t29",
      "begin" : 833,
      "end" : 839,
      "text" : "TACACS",
      "whiteSpace" : false
    }, {
      "id" : "s3-t30",
      "begin" : 839,
      "end" : 840,
      "text" : "+",
      "whiteSpace" : false
    }, {
      "id" : "s3-t31",
      "begin" : 841,
      "end" : 848,
      "text" : "request",
      "whiteSpace" : false
    }, {
      "id" : "s3-t32",
      "begin" : 849,
      "end" : 853,
      "text" : "from",
      "whiteSpace" : false
    }, {
      "id" : "s3-t33",
      "begin" : 854,
      "end" : 855,
      "text" : "a",
      "whiteSpace" : false
    }, {
      "id" : "s3-t34",
      "begin" : 856,
      "end" : 862,
      "text" : "TACACS",
      "whiteSpace" : false
    }, {
      "id" : "s3-t35",
      "begin" : 862,
      "end" : 863,
      "text" : "+",
      "whiteSpace" : false
    }, {
      "id" : "s3-t36",
      "begin" : 864,
      "end" : 870,
      "text" : "client",
      "whiteSpace" : false
    }, {
      "id" : "s3-t37",
      "begin" : 870,
      "end" : 871,
      "text" : ".",
      "whiteSpace" : false
    } ]
  }, {
    "id" : "s4",
    "begin" : 872,
    "end" : 987,
    "text" : "A successful exploit could allow the attacker to cause the affected device to reload, resulting in a DoS condition.",
    "tokens" : [ {
      "id" : "s4-t0",
      "begin" : 872,
      "end" : 873,
      "text" : "A",
      "whiteSpace" : false
    }, {
      "id" : "s4-t1",
      "begin" : 874,
      "end" : 884,
      "text" : "successful",
      "whiteSpace" : false
    }, {
      "id" : "s4-t2",
      "begin" : 885,
      "end" : 892,
      "text" : "exploit",
      "whiteSpace" : false
    }, {
      "id" : "s4-t3",
      "begin" : 893,
      "end" : 898,
      "text" : "could",
      "whiteSpace" : false
    }, {
      "id" : "s4-t4",
      "begin" : 899,
      "end" : 904,
      "text" : "allow",
      "whiteSpace" : false
    }, {
      "id" : "s4-t5",
      "begin" : 905,
      "end" : 908,
      "text" : "the",
      "whiteSpace" : false
    }, {
      "id" : "s4-t6",
      "begin" : 909,
      "end" : 917,
      "text" : "attacker",
      "whiteSpace" : false
    }, {
      "id" : "s4-t7",
      "begin" : 918,
      "end" : 920,
      "text" : "to",
      "whiteSpace" : false
    }, {
      "id" : "s4-t8",
      "begin" : 921,
      "end" : 926,
      "text" : "cause",
      "whiteSpace" : false
    }, {
      "id" : "s4-t9",
      "begin" : 927,
      "end" : 930,
      "text" : "the",
      "whiteSpace" : false
    }, {
      "id" : "s4-t10",
      "begin" : 931,
      "end" : 939,
      "text" : "affected",
      "whiteSpace" : false
    }, {
      "id" : "s4-t11",
      "begin" : 940,
      "end" : 946,
      "text" : "device",
      "whiteSpace" : false
    }, {
      "id" : "s4-t12",
      "begin" : 947,
      "end" : 949,
      "text" : "to",
      "whiteSpace" : false
    }, {
      "id" : "s4-t13",
      "begin" : 950,
      "end" : 956,
      "text" : "reload",
      "whiteSpace" : false
    }, {
      "id" : "s4-t14",
      "begin" : 956,
      "end" : 957,
      "text" : ",",
      "whiteSpace" : false
    }, {
      "id" : "s4-t15",
      "begin" : 958,
      "end" : 967,
      "text" : "resulting",
      "whiteSpace" : false
    }, {
      "id" : "s4-t16",
      "begin" : 968,
      "end" : 970,
      "text" : "in",
      "whiteSpace" : false
    }, {
      "id" : "s4-t17",
      "begin" : 971,
      "end" : 972,
      "text" : "a",
      "whiteSpace" : false
    }, {
      "id" : "s4-t18",
      "begin" : 973,
      "end" : 976,
      "text" : "DoS",
      "whiteSpace" : false
    }, {
      "id" : "s4-t19",
      "begin" : 977,
      "end" : 986,
      "text" : "condition",
      "whiteSpace" : false
    }, {
      "id" : "s4-t20",
      "begin" : 986,
      "end" : 987,
      "text" : ".",
      "whiteSpace" : false
    } ]
  }, {
    "id" : "s5",
    "begin" : 988,
    "end" : 1254,
    "text" : "| CISCO:20180926 Cisco IOS and IOS XE Software TACACS+ Client Denial of Service Vulnerability   |   URL:https://tools.cisco.com/security/center/content/CiscoSecurityAdvisory/cisco-sa-20180926-tacplus   |   BID:105426   |   URL:http://www.securityfocus.com/bid/105426",
    "tokens" : [ {
      "id" : "s5-t0",
      "begin" : 988,
      "end" : 989,
      "text" : "|",
      "whiteSpace" : false
    }, {
      "id" : "s5-t1",
      "begin" : 990,
      "end" : 995,
      "text" : "CISCO",
      "whiteSpace" : false
    }, {
      "id" : "s5-t2",
      "begin" : 995,
      "end" : 996,
      "text" : ":",
      "whiteSpace" : false
    }, {
      "id" : "s5-t3",
      "begin" : 996,
      "end" : 1004,
      "text" : "20180926",
      "whiteSpace" : false
    }, {
      "id" : "s5-t4",
      "begin" : 1005,
      "end" : 1010,
      "text" : "Cisco",
      "whiteSpace" : false
    }, {
      "id" : "s5-t5",
      "begin" : 1011,
      "end" : 1014,
      "text" : "IOS",
      "whiteSpace" : false
    }, {
      "id" : "s5-t6",
      "begin" : 1015,
      "end" : 1018,
      "text" : "and",
      "whiteSpace" : false
    }, {
      "id" : "s5-t7",
      "begin" : 1019,
      "end" : 1022,
      "text" : "IOS",
      "whiteSpace" : false
    }, {
      "id" : "s5-t8",
      "begin" : 1023,
      "end" : 1025,
      "text" : "XE",
      "whiteSpace" : false
    }, {
      "id" : "s5-t9",
      "begin" : 1026,
      "end" : 1034,
      "text" : "Software",
      "whiteSpace" : false
    }, {
      "id" : "s5-t10",
      "begin" : 1035,
      "end" : 1041,
      "text" : "TACACS",
      "whiteSpace" : false
    }, {
      "id" : "s5-t11",
      "begin" : 1041,
      "end" : 1042,
      "text" : "+",
      "whiteSpace" : false
    }, {
      "id" : "s5-t12",
      "begin" : 1043,
      "end" : 1049,
      "text" : "Client",
      "whiteSpace" : false
    }, {
      "id" : "s5-t13",
      "begin" : 1050,
      "end" : 1056,
      "text" : "Denial",
      "whiteSpace" : false
    }, {
      "id" : "s5-t14",
      "begin" : 1057,
      "end" : 1059,
      "text" : "of",
      "whiteSpace" : false
    }, {
      "id" : "s5-t15",
      "begin" : 1060,
      "end" : 1067,
      "text" : "Service",
      "whiteSpace" : false
    }, {
      "id" : "s5-t16",
      "begin" : 1068,
      "end" : 1081,
      "text" : "Vulnerability",
      "whiteSpace" : false
    }, {
      "id" : "s5-t17",
      "begin" : 1084,
      "end" : 1085,
      "text" : "|",
      "whiteSpace" : false
    }, {
      "id" : "s5-t18",
      "begin" : 1088,
      "end" : 1187,
      "text" : "URL:https://tools.cisco.com/security/center/content/CiscoSecurityAdvisory/cisco-sa-20180926-tacplus",
      "whiteSpace" : false
    }, {
      "id" : "s5-t19",
      "begin" : 1190,
      "end" : 1191,
      "text" : "|",
      "whiteSpace" : false
    }, {
      "id" : "s5-t20",
      "begin" : 1194,
      "end" : 1197,
      "text" : "BID",
      "whiteSpace" : false
    }, {
      "id" : "s5-t21",
      "begin" : 1197,
      "end" : 1198,
      "text" : ":",
      "whiteSpace" : false
    }, {
      "id" : "s5-t22",
      "begin" : 1198,
      "end" : 1204,
      "text" : "105426",
      "whiteSpace" : false
    }, {
      "id" : "s5-t23",
      "begin" : 1207,
      "end" : 1208,
      "text" : "|",
      "whiteSpace" : false
    }, {
      "id" : "s5-t24",
      "begin" : 1211,
      "end" : 1248,
      "text" : "URL:http://www.securityfocus.com/bid/",
      "whiteSpace" : false
    }, {
      "id" : "s5-t25",
      "begin" : 1248,
      "end" : 1254,
      "text" : "105426",
      "whiteSpace" : false
    } ]
  } ],
  "mentions" : [ ],
  "relations" : [ ],
  "corefs" : [ ],
  "typeResolved" : true,
  "userResolved" : false
}