{
  "id" : "cb44ad30-e5bf-11e8-ac51-0ddb2b53e7d9-2905",
  "name" : "CVE-2018-15326",
  "createdDate" : 0,
  "version" : 3,
  "text" : "CVE-2018-15326 | In some situations on BIG-IP APM 14.0.0-14.0.0.2, 13.0.0-13.1.0.7, 12.1.0-12.1.3.5, or 11.6.0-11.6.3.2, the CRLDP Auth access policy agent may treat revoked certificates as valid when the BIG-IP APM system fails to download a new Certificate Revocation List. | CONFIRM:https://support.f5.com/csp/article/K34652116",
  "docLength" : 0,
  "language" : "EN",
  "status" : "READY",
  "modifiedDate" : 1541947254783,
  "documentSet" : [ ],
  "preannotation" : [ ],
  "sentences" : [ {
    "id" : "s0",
    "begin" : 0,
    "end" : 275,
    "text" : "CVE-2018-15326 | In some situations on BIG-IP APM 14.0.0-14.0.0.2, 13.0.0-13.1.0.7, 12.1.0-12.1.3.5, or 11.6.0-11.6.3.2, the CRLDP Auth access policy agent may treat revoked certificates as valid when the BIG-IP APM system fails to download a new Certificate Revocation List.",
    "tokens" : [ {
      "id" : "s0-t0",
      "begin" : 0,
      "end" : 14,
      "text" : "CVE-2018-15326",
      "whiteSpace" : false
    }, {
      "id" : "s0-t1",
      "begin" : 15,
      "end" : 16,
      "text" : "|",
      "whiteSpace" : false
    }, {
      "id" : "s0-t2",
      "begin" : 17,
      "end" : 19,
      "text" : "In",
      "whiteSpace" : false
    }, {
      "id" : "s0-t3",
      "begin" : 20,
      "end" : 24,
      "text" : "some",
      "whiteSpace" : false
    }, {
      "id" : "s0-t4",
      "begin" : 25,
      "end" : 35,
      "text" : "situations",
      "whiteSpace" : false
    }, {
      "id" : "s0-t5",
      "begin" : 36,
      "end" : 38,
      "text" : "on",
      "whiteSpace" : false
    }, {
      "id" : "s0-t6",
      "begin" : 39,
      "end" : 42,
      "text" : "BIG",
      "whiteSpace" : false
    }, {
      "id" : "s0-t7",
      "begin" : 42,
      "end" : 43,
      "text" : "-",
      "whiteSpace" : false
    }, {
      "id" : "s0-t8",
      "begin" : 43,
      "end" : 45,
      "text" : "IP",
      "whiteSpace" : false
    }, {
      "id" : "s0-t9",
      "begin" : 46,
      "end" : 49,
      "text" : "APM",
      "whiteSpace" : false
    }, {
      "id" : "s0-t10",
      "begin" : 50,
      "end" : 65,
      "text" : "14.0.0-14.0.0.2",
      "whiteSpace" : false
    }, {
      "id" : "s0-t11",
      "begin" : 65,
      "end" : 66,
      "text" : ",",
      "whiteSpace" : false
    }, {
      "id" : "s0-t12",
      "begin" : 67,
      "end" : 82,
      "text" : "13.0.0-13.1.0.7",
      "whiteSpace" : false
    }, {
      "id" : "s0-t13",
      "begin" : 82,
      "end" : 83,
      "text" : ",",
      "whiteSpace" : false
    }, {
      "id" : "s0-t14",
      "begin" : 84,
      "end" : 99,
      "text" : "12.1.0-12.1.3.5",
      "whiteSpace" : false
    }, {
      "id" : "s0-t15",
      "begin" : 99,
      "end" : 100,
      "text" : ",",
      "whiteSpace" : false
    }, {
      "id" : "s0-t16",
      "begin" : 101,
      "end" : 103,
      "text" : "or",
      "whiteSpace" : false
    }, {
      "id" : "s0-t17",
      "begin" : 104,
      "end" : 119,
      "text" : "11.6.0-11.6.3.2",
      "whiteSpace" : false
    }, {
      "id" : "s0-t18",
      "begin" : 119,
      "end" : 120,
      "text" : ",",
      "whiteSpace" : false
    }, {
      "id" : "s0-t19",
      "begin" : 121,
      "end" : 124,
      "text" : "the",
      "whiteSpace" : false
    }, {
      "id" : "s0-t20",
      "begin" : 125,
      "end" : 130,
      "text" : "CRLDP",
      "whiteSpace" : false
    }, {
      "id" : "s0-t21",
      "begin" : 131,
      "end" : 135,
      "text" : "Auth",
      "whiteSpace" : false
    }, {
      "id" : "s0-t22",
      "begin" : 136,
      "end" : 142,
      "text" : "access",
      "whiteSpace" : false
    }, {
      "id" : "s0-t23",
      "begin" : 143,
      "end" : 149,
      "text" : "policy",
      "whiteSpace" : false
    }, {
      "id" : "s0-t24",
      "begin" : 150,
      "end" : 155,
      "text" : "agent",
      "whiteSpace" : false
    }, {
      "id" : "s0-t25",
      "begin" : 156,
      "end" : 159,
      "text" : "may",
      "whiteSpace" : false
    }, {
      "id" : "s0-t26",
      "begin" : 160,
      "end" : 165,
      "text" : "treat",
      "whiteSpace" : false
    }, {
      "id" : "s0-t27",
      "begin" : 166,
      "end" : 173,
      "text" : "revoked",
      "whiteSpace" : false
    }, {
      "id" : "s0-t28",
      "begin" : 174,
      "end" : 186,
      "text" : "certificates",
      "whiteSpace" : false
    }, {
      "id" : "s0-t29",
      "begin" : 187,
      "end" : 189,
      "text" : "as",
      "whiteSpace" : false
    }, {
      "id" : "s0-t30",
      "begin" : 190,
      "end" : 195,
      "text" : "valid",
      "whiteSpace" : false
    }, {
      "id" : "s0-t31",
      "begin" : 196,
      "end" : 200,
      "text" : "when",
      "whiteSpace" : false
    }, {
      "id" : "s0-t32",
      "begin" : 201,
      "end" : 204,
      "text" : "the",
      "whiteSpace" : false
    }, {
      "id" : "s0-t33",
      "begin" : 205,
      "end" : 208,
      "text" : "BIG",
      "whiteSpace" : false
    }, {
      "id" : "s0-t34",
      "begin" : 208,
      "end" : 209,
      "text" : "-",
      "whiteSpace" : false
    }, {
      "id" : "s0-t35",
      "begin" : 209,
      "end" : 211,
      "text" : "IP",
      "whiteSpace" : false
    }, {
      "id" : "s0-t36",
      "begin" : 212,
      "end" : 215,
      "text" : "APM",
      "whiteSpace" : false
    }, {
      "id" : "s0-t37",
      "begin" : 216,
      "end" : 222,
      "text" : "system",
      "whiteSpace" : false
    }, {
      "id" : "s0-t38",
      "begin" : 223,
      "end" : 228,
      "text" : "fails",
      "whiteSpace" : false
    }, {
      "id" : "s0-t39",
      "begin" : 229,
      "end" : 231,
      "text" : "to",
      "whiteSpace" : false
    }, {
      "id" : "s0-t40",
      "begin" : 232,
      "end" : 240,
      "text" : "download",
      "whiteSpace" : false
    }, {
      "id" : "s0-t41",
      "begin" : 241,
      "end" : 242,
      "text" : "a",
      "whiteSpace" : false
    }, {
      "id" : "s0-t42",
      "begin" : 243,
      "end" : 246,
      "text" : "new",
      "whiteSpace" : false
    }, {
      "id" : "s0-t43",
      "begin" : 247,
      "end" : 258,
      "text" : "Certificate",
      "whiteSpace" : false
    }, {
      "id" : "s0-t44",
      "begin" : 259,
      "end" : 269,
      "text" : "Revocation",
      "whiteSpace" : false
    }, {
      "id" : "s0-t45",
      "begin" : 270,
      "end" : 274,
      "text" : "List",
      "whiteSpace" : false
    }, {
      "id" : "s0-t46",
      "begin" : 274,
      "end" : 275,
      "text" : ".",
      "whiteSpace" : false
    } ]
  }, {
    "id" : "s1",
    "begin" : 276,
    "end" : 330,
    "text" : "| CONFIRM:https://support.f5.com/csp/article/K34652116",
    "tokens" : [ {
      "id" : "s1-t0",
      "begin" : 276,
      "end" : 277,
      "text" : "|",
      "whiteSpace" : false
    }, {
      "id" : "s1-t1",
      "begin" : 278,
      "end" : 330,
      "text" : "CONFIRM:https://support.f5.com/csp/article/K34652116",
      "whiteSpace" : false
    } ]
  } ],
  "mentions" : [ ],
  "relations" : [ ],
  "corefs" : [ ],
  "typeResolved" : true,
  "userResolved" : false
}