{
  "id" : "cb44ad30-e5bf-11e8-ac51-0ddb2b53e7d9-2930",
  "name" : "CVE-2018-15203",
  "createdDate" : 0,
  "version" : 3,
  "text" : "CVE-2018-15203 | An issue was discovered in Ignited CMS through 2017-02-19. ign/index.php/admin/pages/add_page allows a CSRF attack to add pages. | MISC:https://github.com/ignitedcms/ignitedcms/issues/4",
  "docLength" : 0,
  "language" : "EN",
  "status" : "READY",
  "modifiedDate" : 1541947254783,
  "documentSet" : [ ],
  "preannotation" : [ ],
  "sentences" : [ {
    "id" : "s0",
    "begin" : 0,
    "end" : 145,
    "text" : "CVE-2018-15203 | An issue was discovered in Ignited CMS through 2017-02-19. ign/index.php/admin/pages/add_page allows a CSRF attack to add pages.",
    "tokens" : [ {
      "id" : "s0-t0",
      "begin" : 0,
      "end" : 14,
      "text" : "CVE-2018-15203",
      "whiteSpace" : false
    }, {
      "id" : "s0-t1",
      "begin" : 15,
      "end" : 16,
      "text" : "|",
      "whiteSpace" : false
    }, {
      "id" : "s0-t2",
      "begin" : 17,
      "end" : 19,
      "text" : "An",
      "whiteSpace" : false
    }, {
      "id" : "s0-t3",
      "begin" : 20,
      "end" : 25,
      "text" : "issue",
      "whiteSpace" : false
    }, {
      "id" : "s0-t4",
      "begin" : 26,
      "end" : 29,
      "text" : "was",
      "whiteSpace" : false
    }, {
      "id" : "s0-t5",
      "begin" : 30,
      "end" : 40,
      "text" : "discovered",
      "whiteSpace" : false
    }, {
      "id" : "s0-t6",
      "begin" : 41,
      "end" : 43,
      "text" : "in",
      "whiteSpace" : false
    }, {
      "id" : "s0-t7",
      "begin" : 44,
      "end" : 51,
      "text" : "Ignited",
      "whiteSpace" : false
    }, {
      "id" : "s0-t8",
      "begin" : 52,
      "end" : 55,
      "text" : "CMS",
      "whiteSpace" : false
    }, {
      "id" : "s0-t9",
      "begin" : 56,
      "end" : 63,
      "text" : "through",
      "whiteSpace" : false
    }, {
      "id" : "s0-t10",
      "begin" : 64,
      "end" : 74,
      "text" : "2017-02-19",
      "whiteSpace" : false
    }, {
      "id" : "s0-t11",
      "begin" : 74,
      "end" : 75,
      "text" : ".",
      "whiteSpace" : false
    }, {
      "id" : "s0-t12",
      "begin" : 76,
      "end" : 79,
      "text" : "ign",
      "whiteSpace" : false
    }, {
      "id" : "s0-t13",
      "begin" : 79,
      "end" : 80,
      "text" : "/",
      "whiteSpace" : false
    }, {
      "id" : "s0-t14",
      "begin" : 80,
      "end" : 110,
      "text" : "index.php/admin/pages/add_page",
      "whiteSpace" : false
    }, {
      "id" : "s0-t15",
      "begin" : 111,
      "end" : 117,
      "text" : "allows",
      "whiteSpace" : false
    }, {
      "id" : "s0-t16",
      "begin" : 118,
      "end" : 119,
      "text" : "a",
      "whiteSpace" : false
    }, {
      "id" : "s0-t17",
      "begin" : 120,
      "end" : 124,
      "text" : "CSRF",
      "whiteSpace" : false
    }, {
      "id" : "s0-t18",
      "begin" : 125,
      "end" : 131,
      "text" : "attack",
      "whiteSpace" : false
    }, {
      "id" : "s0-t19",
      "begin" : 132,
      "end" : 134,
      "text" : "to",
      "whiteSpace" : false
    }, {
      "id" : "s0-t20",
      "begin" : 135,
      "end" : 138,
      "text" : "add",
      "whiteSpace" : false
    }, {
      "id" : "s0-t21",
      "begin" : 139,
      "end" : 144,
      "text" : "pages",
      "whiteSpace" : false
    }, {
      "id" : "s0-t22",
      "begin" : 144,
      "end" : 145,
      "text" : ".",
      "whiteSpace" : false
    } ]
  }, {
    "id" : "s1",
    "begin" : 146,
    "end" : 202,
    "text" : "| MISC:https://github.com/ignitedcms/ignitedcms/issues/4",
    "tokens" : [ {
      "id" : "s1-t0",
      "begin" : 146,
      "end" : 147,
      "text" : "|",
      "whiteSpace" : false
    }, {
      "id" : "s1-t1",
      "begin" : 148,
      "end" : 202,
      "text" : "MISC:https://github.com/ignitedcms/ignitedcms/issues/4",
      "whiteSpace" : false
    } ]
  } ],
  "mentions" : [ ],
  "relations" : [ ],
  "corefs" : [ ],
  "typeResolved" : true,
  "userResolved" : false
}