{
  "id" : "cb44ad30-e5bf-11e8-ac51-0ddb2b53e7d9-2990",
  "name" : "CVE-2018-15121",
  "createdDate" : 0,
  "version" : 3,
  "text" : "CVE-2018-15121 | An issue was discovered in Auth0 auth0-aspnet and auth0-aspnet-owin. Affected packages do not use or validate the state parameter of the OAuth 2.0 and OpenID Connect protocols. This leaves applications vulnerable to CSRF attacks during authentication and authorization operations. | CONFIRM:https://auth0.com/docs/security/bulletins/cve-2018-15121",
  "docLength" : 0,
  "language" : "EN",
  "status" : "READY",
  "modifiedDate" : 1541947254783,
  "documentSet" : [ ],
  "preannotation" : [ ],
  "sentences" : [ {
    "id" : "s0",
    "begin" : 0,
    "end" : 85,
    "text" : "CVE-2018-15121 | An issue was discovered in Auth0 auth0-aspnet and auth0-aspnet-owin.",
    "tokens" : [ {
      "id" : "s0-t0",
      "begin" : 0,
      "end" : 14,
      "text" : "CVE-2018-15121",
      "whiteSpace" : false
    }, {
      "id" : "s0-t1",
      "begin" : 15,
      "end" : 16,
      "text" : "|",
      "whiteSpace" : false
    }, {
      "id" : "s0-t2",
      "begin" : 17,
      "end" : 19,
      "text" : "An",
      "whiteSpace" : false
    }, {
      "id" : "s0-t3",
      "begin" : 20,
      "end" : 25,
      "text" : "issue",
      "whiteSpace" : false
    }, {
      "id" : "s0-t4",
      "begin" : 26,
      "end" : 29,
      "text" : "was",
      "whiteSpace" : false
    }, {
      "id" : "s0-t5",
      "begin" : 30,
      "end" : 40,
      "text" : "discovered",
      "whiteSpace" : false
    }, {
      "id" : "s0-t6",
      "begin" : 41,
      "end" : 43,
      "text" : "in",
      "whiteSpace" : false
    }, {
      "id" : "s0-t7",
      "begin" : 44,
      "end" : 49,
      "text" : "Auth0",
      "whiteSpace" : false
    }, {
      "id" : "s0-t8",
      "begin" : 50,
      "end" : 62,
      "text" : "auth0-aspnet",
      "whiteSpace" : false
    }, {
      "id" : "s0-t9",
      "begin" : 63,
      "end" : 66,
      "text" : "and",
      "whiteSpace" : false
    }, {
      "id" : "s0-t10",
      "begin" : 67,
      "end" : 84,
      "text" : "auth0-aspnet-owin",
      "whiteSpace" : false
    }, {
      "id" : "s0-t11",
      "begin" : 84,
      "end" : 85,
      "text" : ".",
      "whiteSpace" : false
    } ]
  }, {
    "id" : "s1",
    "begin" : 86,
    "end" : 193,
    "text" : "Affected packages do not use or validate the state parameter of the OAuth 2.0 and OpenID Connect protocols.",
    "tokens" : [ {
      "id" : "s1-t0",
      "begin" : 86,
      "end" : 94,
      "text" : "Affected",
      "whiteSpace" : false
    }, {
      "id" : "s1-t1",
      "begin" : 95,
      "end" : 103,
      "text" : "packages",
      "whiteSpace" : false
    }, {
      "id" : "s1-t2",
      "begin" : 104,
      "end" : 106,
      "text" : "do",
      "whiteSpace" : false
    }, {
      "id" : "s1-t3",
      "begin" : 107,
      "end" : 110,
      "text" : "not",
      "whiteSpace" : false
    }, {
      "id" : "s1-t4",
      "begin" : 111,
      "end" : 114,
      "text" : "use",
      "whiteSpace" : false
    }, {
      "id" : "s1-t5",
      "begin" : 115,
      "end" : 117,
      "text" : "or",
      "whiteSpace" : false
    }, {
      "id" : "s1-t6",
      "begin" : 118,
      "end" : 126,
      "text" : "validate",
      "whiteSpace" : false
    }, {
      "id" : "s1-t7",
      "begin" : 127,
      "end" : 130,
      "text" : "the",
      "whiteSpace" : false
    }, {
      "id" : "s1-t8",
      "begin" : 131,
      "end" : 136,
      "text" : "state",
      "whiteSpace" : false
    }, {
      "id" : "s1-t9",
      "begin" : 137,
      "end" : 146,
      "text" : "parameter",
      "whiteSpace" : false
    }, {
      "id" : "s1-t10",
      "begin" : 147,
      "end" : 149,
      "text" : "of",
      "whiteSpace" : false
    }, {
      "id" : "s1-t11",
      "begin" : 150,
      "end" : 153,
      "text" : "the",
      "whiteSpace" : false
    }, {
      "id" : "s1-t12",
      "begin" : 154,
      "end" : 159,
      "text" : "OAuth",
      "whiteSpace" : false
    }, {
      "id" : "s1-t13",
      "begin" : 160,
      "end" : 163,
      "text" : "2.0",
      "whiteSpace" : false
    }, {
      "id" : "s1-t14",
      "begin" : 164,
      "end" : 167,
      "text" : "and",
      "whiteSpace" : false
    }, {
      "id" : "s1-t15",
      "begin" : 168,
      "end" : 174,
      "text" : "OpenID",
      "whiteSpace" : false
    }, {
      "id" : "s1-t16",
      "begin" : 175,
      "end" : 182,
      "text" : "Connect",
      "whiteSpace" : false
    }, {
      "id" : "s1-t17",
      "begin" : 183,
      "end" : 192,
      "text" : "protocols",
      "whiteSpace" : false
    }, {
      "id" : "s1-t18",
      "begin" : 192,
      "end" : 193,
      "text" : ".",
      "whiteSpace" : false
    } ]
  }, {
    "id" : "s2",
    "begin" : 194,
    "end" : 297,
    "text" : "This leaves applications vulnerable to CSRF attacks during authentication and authorization operations.",
    "tokens" : [ {
      "id" : "s2-t0",
      "begin" : 194,
      "end" : 198,
      "text" : "This",
      "whiteSpace" : false
    }, {
      "id" : "s2-t1",
      "begin" : 199,
      "end" : 205,
      "text" : "leaves",
      "whiteSpace" : false
    }, {
      "id" : "s2-t2",
      "begin" : 206,
      "end" : 218,
      "text" : "applications",
      "whiteSpace" : false
    }, {
      "id" : "s2-t3",
      "begin" : 219,
      "end" : 229,
      "text" : "vulnerable",
      "whiteSpace" : false
    }, {
      "id" : "s2-t4",
      "begin" : 230,
      "end" : 232,
      "text" : "to",
      "whiteSpace" : false
    }, {
      "id" : "s2-t5",
      "begin" : 233,
      "end" : 237,
      "text" : "CSRF",
      "whiteSpace" : false
    }, {
      "id" : "s2-t6",
      "begin" : 238,
      "end" : 245,
      "text" : "attacks",
      "whiteSpace" : false
    }, {
      "id" : "s2-t7",
      "begin" : 246,
      "end" : 252,
      "text" : "during",
      "whiteSpace" : false
    }, {
      "id" : "s2-t8",
      "begin" : 253,
      "end" : 267,
      "text" : "authentication",
      "whiteSpace" : false
    }, {
      "id" : "s2-t9",
      "begin" : 268,
      "end" : 271,
      "text" : "and",
      "whiteSpace" : false
    }, {
      "id" : "s2-t10",
      "begin" : 272,
      "end" : 285,
      "text" : "authorization",
      "whiteSpace" : false
    }, {
      "id" : "s2-t11",
      "begin" : 286,
      "end" : 296,
      "text" : "operations",
      "whiteSpace" : false
    }, {
      "id" : "s2-t12",
      "begin" : 296,
      "end" : 297,
      "text" : ".",
      "whiteSpace" : false
    } ]
  }, {
    "id" : "s3",
    "begin" : 298,
    "end" : 364,
    "text" : "| CONFIRM:https://auth0.com/docs/security/bulletins/cve-2018-15121",
    "tokens" : [ {
      "id" : "s3-t0",
      "begin" : 298,
      "end" : 299,
      "text" : "|",
      "whiteSpace" : false
    }, {
      "id" : "s3-t1",
      "begin" : 300,
      "end" : 364,
      "text" : "CONFIRM:https://auth0.com/docs/security/bulletins/cve-2018-15121",
      "whiteSpace" : false
    } ]
  } ],
  "mentions" : [ ],
  "relations" : [ ],
  "corefs" : [ ],
  "typeResolved" : true,
  "userResolved" : false
}