{
  "id" : "cb44ad30-e5bf-11e8-ac51-0ddb2b53e7d9-2849",
  "name" : "CVE-2018-15405",
  "createdDate" : 0,
  "version" : 3,
  "text" : "CVE-2018-15405 | A vulnerability in the web interface for specific feature sets of Cisco Integrated Management Controller (IMC) Supervisor and Cisco UCS Director could allow an authenticated, remote attacker to access sensitive information. The vulnerability is due to an authorization check that does not properly include the access level of the web interface user. An attacker who has valid application credentials could exploit this vulnerability by sending a crafted HTTP request to the web interface. A successful exploit could allow the attacker to view sensitive information that belongs to other users. The attacker could then use this information to conduct additional reconnaissance attacks. | CISCO:20181003 Cisco Integrated Management Controller Supervisor and Cisco UCS Director Authenticated Web Interface Information Disclosure Vulnerability   |   URL:https://tools.cisco.com/security/center/content/CiscoSecurityAdvisory/cisco-sa-20181003-imcs-ucsd-id   |   SECTRACK:1041779   |   URL:http://www.securitytracker.com/id/1041779",
  "docLength" : 0,
  "language" : "EN",
  "status" : "READY",
  "modifiedDate" : 1541947254783,
  "documentSet" : [ ],
  "preannotation" : [ ],
  "sentences" : [ {
    "id" : "s0",
    "begin" : 0,
    "end" : 240,
    "text" : "CVE-2018-15405 | A vulnerability in the web interface for specific feature sets of Cisco Integrated Management Controller (IMC) Supervisor and Cisco UCS Director could allow an authenticated, remote attacker to access sensitive information.",
    "tokens" : [ {
      "id" : "s0-t0",
      "begin" : 0,
      "end" : 14,
      "text" : "CVE-2018-15405",
      "whiteSpace" : false
    }, {
      "id" : "s0-t1",
      "begin" : 15,
      "end" : 16,
      "text" : "|",
      "whiteSpace" : false
    }, {
      "id" : "s0-t2",
      "begin" : 17,
      "end" : 18,
      "text" : "A",
      "whiteSpace" : false
    }, {
      "id" : "s0-t3",
      "begin" : 19,
      "end" : 32,
      "text" : "vulnerability",
      "whiteSpace" : false
    }, {
      "id" : "s0-t4",
      "begin" : 33,
      "end" : 35,
      "text" : "in",
      "whiteSpace" : false
    }, {
      "id" : "s0-t5",
      "begin" : 36,
      "end" : 39,
      "text" : "the",
      "whiteSpace" : false
    }, {
      "id" : "s0-t6",
      "begin" : 40,
      "end" : 43,
      "text" : "web",
      "whiteSpace" : false
    }, {
      "id" : "s0-t7",
      "begin" : 44,
      "end" : 53,
      "text" : "interface",
      "whiteSpace" : false
    }, {
      "id" : "s0-t8",
      "begin" : 54,
      "end" : 57,
      "text" : "for",
      "whiteSpace" : false
    }, {
      "id" : "s0-t9",
      "begin" : 58,
      "end" : 66,
      "text" : "specific",
      "whiteSpace" : false
    }, {
      "id" : "s0-t10",
      "begin" : 67,
      "end" : 74,
      "text" : "feature",
      "whiteSpace" : false
    }, {
      "id" : "s0-t11",
      "begin" : 75,
      "end" : 79,
      "text" : "sets",
      "whiteSpace" : false
    }, {
      "id" : "s0-t12",
      "begin" : 80,
      "end" : 82,
      "text" : "of",
      "whiteSpace" : false
    }, {
      "id" : "s0-t13",
      "begin" : 83,
      "end" : 88,
      "text" : "Cisco",
      "whiteSpace" : false
    }, {
      "id" : "s0-t14",
      "begin" : 89,
      "end" : 99,
      "text" : "Integrated",
      "whiteSpace" : false
    }, {
      "id" : "s0-t15",
      "begin" : 100,
      "end" : 110,
      "text" : "Management",
      "whiteSpace" : false
    }, {
      "id" : "s0-t16",
      "begin" : 111,
      "end" : 121,
      "text" : "Controller",
      "whiteSpace" : false
    }, {
      "id" : "s0-t17",
      "begin" : 122,
      "end" : 123,
      "text" : "(",
      "whiteSpace" : false
    }, {
      "id" : "s0-t18",
      "begin" : 123,
      "end" : 126,
      "text" : "IMC",
      "whiteSpace" : false
    }, {
      "id" : "s0-t19",
      "begin" : 126,
      "end" : 127,
      "text" : ")",
      "whiteSpace" : false
    }, {
      "id" : "s0-t20",
      "begin" : 128,
      "end" : 138,
      "text" : "Supervisor",
      "whiteSpace" : false
    }, {
      "id" : "s0-t21",
      "begin" : 139,
      "end" : 142,
      "text" : "and",
      "whiteSpace" : false
    }, {
      "id" : "s0-t22",
      "begin" : 143,
      "end" : 148,
      "text" : "Cisco",
      "whiteSpace" : false
    }, {
      "id" : "s0-t23",
      "begin" : 149,
      "end" : 152,
      "text" : "UCS",
      "whiteSpace" : false
    }, {
      "id" : "s0-t24",
      "begin" : 153,
      "end" : 161,
      "text" : "Director",
      "whiteSpace" : false
    }, {
      "id" : "s0-t25",
      "begin" : 162,
      "end" : 167,
      "text" : "could",
      "whiteSpace" : false
    }, {
      "id" : "s0-t26",
      "begin" : 168,
      "end" : 173,
      "text" : "allow",
      "whiteSpace" : false
    }, {
      "id" : "s0-t27",
      "begin" : 174,
      "end" : 176,
      "text" : "an",
      "whiteSpace" : false
    }, {
      "id" : "s0-t28",
      "begin" : 177,
      "end" : 190,
      "text" : "authenticated",
      "whiteSpace" : false
    }, {
      "id" : "s0-t29",
      "begin" : 190,
      "end" : 191,
      "text" : ",",
      "whiteSpace" : false
    }, {
      "id" : "s0-t30",
      "begin" : 192,
      "end" : 198,
      "text" : "remote",
      "whiteSpace" : false
    }, {
      "id" : "s0-t31",
      "begin" : 199,
      "end" : 207,
      "text" : "attacker",
      "whiteSpace" : false
    }, {
      "id" : "s0-t32",
      "begin" : 208,
      "end" : 210,
      "text" : "to",
      "whiteSpace" : false
    }, {
      "id" : "s0-t33",
      "begin" : 211,
      "end" : 217,
      "text" : "access",
      "whiteSpace" : false
    }, {
      "id" : "s0-t34",
      "begin" : 218,
      "end" : 227,
      "text" : "sensitive",
      "whiteSpace" : false
    }, {
      "id" : "s0-t35",
      "begin" : 228,
      "end" : 239,
      "text" : "information",
      "whiteSpace" : false
    }, {
      "id" : "s0-t36",
      "begin" : 239,
      "end" : 240,
      "text" : ".",
      "whiteSpace" : false
    } ]
  }, {
    "id" : "s1",
    "begin" : 241,
    "end" : 366,
    "text" : "The vulnerability is due to an authorization check that does not properly include the access level of the web interface user.",
    "tokens" : [ {
      "id" : "s1-t0",
      "begin" : 241,
      "end" : 244,
      "text" : "The",
      "whiteSpace" : false
    }, {
      "id" : "s1-t1",
      "begin" : 245,
      "end" : 258,
      "text" : "vulnerability",
      "whiteSpace" : false
    }, {
      "id" : "s1-t2",
      "begin" : 259,
      "end" : 261,
      "text" : "is",
      "whiteSpace" : false
    }, {
      "id" : "s1-t3",
      "begin" : 262,
      "end" : 265,
      "text" : "due",
      "whiteSpace" : false
    }, {
      "id" : "s1-t4",
      "begin" : 266,
      "end" : 268,
      "text" : "to",
      "whiteSpace" : false
    }, {
      "id" : "s1-t5",
      "begin" : 269,
      "end" : 271,
      "text" : "an",
      "whiteSpace" : false
    }, {
      "id" : "s1-t6",
      "begin" : 272,
      "end" : 285,
      "text" : "authorization",
      "whiteSpace" : false
    }, {
      "id" : "s1-t7",
      "begin" : 286,
      "end" : 291,
      "text" : "check",
      "whiteSpace" : false
    }, {
      "id" : "s1-t8",
      "begin" : 292,
      "end" : 296,
      "text" : "that",
      "whiteSpace" : false
    }, {
      "id" : "s1-t9",
      "begin" : 297,
      "end" : 301,
      "text" : "does",
      "whiteSpace" : false
    }, {
      "id" : "s1-t10",
      "begin" : 302,
      "end" : 305,
      "text" : "not",
      "whiteSpace" : false
    }, {
      "id" : "s1-t11",
      "begin" : 306,
      "end" : 314,
      "text" : "properly",
      "whiteSpace" : false
    }, {
      "id" : "s1-t12",
      "begin" : 315,
      "end" : 322,
      "text" : "include",
      "whiteSpace" : false
    }, {
      "id" : "s1-t13",
      "begin" : 323,
      "end" : 326,
      "text" : "the",
      "whiteSpace" : false
    }, {
      "id" : "s1-t14",
      "begin" : 327,
      "end" : 333,
      "text" : "access",
      "whiteSpace" : false
    }, {
      "id" : "s1-t15",
      "begin" : 334,
      "end" : 339,
      "text" : "level",
      "whiteSpace" : false
    }, {
      "id" : "s1-t16",
      "begin" : 340,
      "end" : 342,
      "text" : "of",
      "whiteSpace" : false
    }, {
      "id" : "s1-t17",
      "begin" : 343,
      "end" : 346,
      "text" : "the",
      "whiteSpace" : false
    }, {
      "id" : "s1-t18",
      "begin" : 347,
      "end" : 350,
      "text" : "web",
      "whiteSpace" : false
    }, {
      "id" : "s1-t19",
      "begin" : 351,
      "end" : 360,
      "text" : "interface",
      "whiteSpace" : false
    }, {
      "id" : "s1-t20",
      "begin" : 361,
      "end" : 365,
      "text" : "user",
      "whiteSpace" : false
    }, {
      "id" : "s1-t21",
      "begin" : 365,
      "end" : 366,
      "text" : ".",
      "whiteSpace" : false
    } ]
  }, {
    "id" : "s2",
    "begin" : 367,
    "end" : 505,
    "text" : "An attacker who has valid application credentials could exploit this vulnerability by sending a crafted HTTP request to the web interface.",
    "tokens" : [ {
      "id" : "s2-t0",
      "begin" : 367,
      "end" : 369,
      "text" : "An",
      "whiteSpace" : false
    }, {
      "id" : "s2-t1",
      "begin" : 370,
      "end" : 378,
      "text" : "attacker",
      "whiteSpace" : false
    }, {
      "id" : "s2-t2",
      "begin" : 379,
      "end" : 382,
      "text" : "who",
      "whiteSpace" : false
    }, {
      "id" : "s2-t3",
      "begin" : 383,
      "end" : 386,
      "text" : "has",
      "whiteSpace" : false
    }, {
      "id" : "s2-t4",
      "begin" : 387,
      "end" : 392,
      "text" : "valid",
      "whiteSpace" : false
    }, {
      "id" : "s2-t5",
      "begin" : 393,
      "end" : 404,
      "text" : "application",
      "whiteSpace" : false
    }, {
      "id" : "s2-t6",
      "begin" : 405,
      "end" : 416,
      "text" : "credentials",
      "whiteSpace" : false
    }, {
      "id" : "s2-t7",
      "begin" : 417,
      "end" : 422,
      "text" : "could",
      "whiteSpace" : false
    }, {
      "id" : "s2-t8",
      "begin" : 423,
      "end" : 430,
      "text" : "exploit",
      "whiteSpace" : false
    }, {
      "id" : "s2-t9",
      "begin" : 431,
      "end" : 435,
      "text" : "this",
      "whiteSpace" : false
    }, {
      "id" : "s2-t10",
      "begin" : 436,
      "end" : 449,
      "text" : "vulnerability",
      "whiteSpace" : false
    }, {
      "id" : "s2-t11",
      "begin" : 450,
      "end" : 452,
      "text" : "by",
      "whiteSpace" : false
    }, {
      "id" : "s2-t12",
      "begin" : 453,
      "end" : 460,
      "text" : "sending",
      "whiteSpace" : false
    }, {
      "id" : "s2-t13",
      "begin" : 461,
      "end" : 462,
      "text" : "a",
      "whiteSpace" : false
    }, {
      "id" : "s2-t14",
      "begin" : 463,
      "end" : 470,
      "text" : "crafted",
      "whiteSpace" : false
    }, {
      "id" : "s2-t15",
      "begin" : 471,
      "end" : 475,
      "text" : "HTTP",
      "whiteSpace" : false
    }, {
      "id" : "s2-t16",
      "begin" : 476,
      "end" : 483,
      "text" : "request",
      "whiteSpace" : false
    }, {
      "id" : "s2-t17",
      "begin" : 484,
      "end" : 486,
      "text" : "to",
      "whiteSpace" : false
    }, {
      "id" : "s2-t18",
      "begin" : 487,
      "end" : 490,
      "text" : "the",
      "whiteSpace" : false
    }, {
      "id" : "s2-t19",
      "begin" : 491,
      "end" : 494,
      "text" : "web",
      "whiteSpace" : false
    }, {
      "id" : "s2-t20",
      "begin" : 495,
      "end" : 504,
      "text" : "interface",
      "whiteSpace" : false
    }, {
      "id" : "s2-t21",
      "begin" : 504,
      "end" : 505,
      "text" : ".",
      "whiteSpace" : false
    } ]
  }, {
    "id" : "s3",
    "begin" : 506,
    "end" : 610,
    "text" : "A successful exploit could allow the attacker to view sensitive information that belongs to other users.",
    "tokens" : [ {
      "id" : "s3-t0",
      "begin" : 506,
      "end" : 507,
      "text" : "A",
      "whiteSpace" : false
    }, {
      "id" : "s3-t1",
      "begin" : 508,
      "end" : 518,
      "text" : "successful",
      "whiteSpace" : false
    }, {
      "id" : "s3-t2",
      "begin" : 519,
      "end" : 526,
      "text" : "exploit",
      "whiteSpace" : false
    }, {
      "id" : "s3-t3",
      "begin" : 527,
      "end" : 532,
      "text" : "could",
      "whiteSpace" : false
    }, {
      "id" : "s3-t4",
      "begin" : 533,
      "end" : 538,
      "text" : "allow",
      "whiteSpace" : false
    }, {
      "id" : "s3-t5",
      "begin" : 539,
      "end" : 542,
      "text" : "the",
      "whiteSpace" : false
    }, {
      "id" : "s3-t6",
      "begin" : 543,
      "end" : 551,
      "text" : "attacker",
      "whiteSpace" : false
    }, {
      "id" : "s3-t7",
      "begin" : 552,
      "end" : 554,
      "text" : "to",
      "whiteSpace" : false
    }, {
      "id" : "s3-t8",
      "begin" : 555,
      "end" : 559,
      "text" : "view",
      "whiteSpace" : false
    }, {
      "id" : "s3-t9",
      "begin" : 560,
      "end" : 569,
      "text" : "sensitive",
      "whiteSpace" : false
    }, {
      "id" : "s3-t10",
      "begin" : 570,
      "end" : 581,
      "text" : "information",
      "whiteSpace" : false
    }, {
      "id" : "s3-t11",
      "begin" : 582,
      "end" : 586,
      "text" : "that",
      "whiteSpace" : false
    }, {
      "id" : "s3-t12",
      "begin" : 587,
      "end" : 594,
      "text" : "belongs",
      "whiteSpace" : false
    }, {
      "id" : "s3-t13",
      "begin" : 595,
      "end" : 597,
      "text" : "to",
      "whiteSpace" : false
    }, {
      "id" : "s3-t14",
      "begin" : 598,
      "end" : 603,
      "text" : "other",
      "whiteSpace" : false
    }, {
      "id" : "s3-t15",
      "begin" : 604,
      "end" : 609,
      "text" : "users",
      "whiteSpace" : false
    }, {
      "id" : "s3-t16",
      "begin" : 609,
      "end" : 610,
      "text" : ".",
      "whiteSpace" : false
    } ]
  }, {
    "id" : "s4",
    "begin" : 611,
    "end" : 701,
    "text" : "The attacker could then use this information to conduct additional reconnaissance attacks.",
    "tokens" : [ {
      "id" : "s4-t0",
      "begin" : 611,
      "end" : 614,
      "text" : "The",
      "whiteSpace" : false
    }, {
      "id" : "s4-t1",
      "begin" : 615,
      "end" : 623,
      "text" : "attacker",
      "whiteSpace" : false
    }, {
      "id" : "s4-t2",
      "begin" : 624,
      "end" : 629,
      "text" : "could",
      "whiteSpace" : false
    }, {
      "id" : "s4-t3",
      "begin" : 630,
      "end" : 634,
      "text" : "then",
      "whiteSpace" : false
    }, {
      "id" : "s4-t4",
      "begin" : 635,
      "end" : 638,
      "text" : "use",
      "whiteSpace" : false
    }, {
      "id" : "s4-t5",
      "begin" : 639,
      "end" : 643,
      "text" : "this",
      "whiteSpace" : false
    }, {
      "id" : "s4-t6",
      "begin" : 644,
      "end" : 655,
      "text" : "information",
      "whiteSpace" : false
    }, {
      "id" : "s4-t7",
      "begin" : 656,
      "end" : 658,
      "text" : "to",
      "whiteSpace" : false
    }, {
      "id" : "s4-t8",
      "begin" : 659,
      "end" : 666,
      "text" : "conduct",
      "whiteSpace" : false
    }, {
      "id" : "s4-t9",
      "begin" : 667,
      "end" : 677,
      "text" : "additional",
      "whiteSpace" : false
    }, {
      "id" : "s4-t10",
      "begin" : 678,
      "end" : 692,
      "text" : "reconnaissance",
      "whiteSpace" : false
    }, {
      "id" : "s4-t11",
      "begin" : 693,
      "end" : 700,
      "text" : "attacks",
      "whiteSpace" : false
    }, {
      "id" : "s4-t12",
      "begin" : 700,
      "end" : 701,
      "text" : ".",
      "whiteSpace" : false
    } ]
  }, {
    "id" : "s5",
    "begin" : 702,
    "end" : 1042,
    "text" : "| CISCO:20181003 Cisco Integrated Management Controller Supervisor and Cisco UCS Director Authenticated Web Interface Information Disclosure Vulnerability   |   URL:https://tools.cisco.com/security/center/content/CiscoSecurityAdvisory/cisco-sa-20181003-imcs-ucsd-id   |   SECTRACK:1041779   |   URL:http://www.securitytracker.com/id/1041779",
    "tokens" : [ {
      "id" : "s5-t0",
      "begin" : 702,
      "end" : 703,
      "text" : "|",
      "whiteSpace" : false
    }, {
      "id" : "s5-t1",
      "begin" : 704,
      "end" : 709,
      "text" : "CISCO",
      "whiteSpace" : false
    }, {
      "id" : "s5-t2",
      "begin" : 709,
      "end" : 710,
      "text" : ":",
      "whiteSpace" : false
    }, {
      "id" : "s5-t3",
      "begin" : 710,
      "end" : 718,
      "text" : "20181003",
      "whiteSpace" : false
    }, {
      "id" : "s5-t4",
      "begin" : 719,
      "end" : 724,
      "text" : "Cisco",
      "whiteSpace" : false
    }, {
      "id" : "s5-t5",
      "begin" : 725,
      "end" : 735,
      "text" : "Integrated",
      "whiteSpace" : false
    }, {
      "id" : "s5-t6",
      "begin" : 736,
      "end" : 746,
      "text" : "Management",
      "whiteSpace" : false
    }, {
      "id" : "s5-t7",
      "begin" : 747,
      "end" : 757,
      "text" : "Controller",
      "whiteSpace" : false
    }, {
      "id" : "s5-t8",
      "begin" : 758,
      "end" : 768,
      "text" : "Supervisor",
      "whiteSpace" : false
    }, {
      "id" : "s5-t9",
      "begin" : 769,
      "end" : 772,
      "text" : "and",
      "whiteSpace" : false
    }, {
      "id" : "s5-t10",
      "begin" : 773,
      "end" : 778,
      "text" : "Cisco",
      "whiteSpace" : false
    }, {
      "id" : "s5-t11",
      "begin" : 779,
      "end" : 782,
      "text" : "UCS",
      "whiteSpace" : false
    }, {
      "id" : "s5-t12",
      "begin" : 783,
      "end" : 791,
      "text" : "Director",
      "whiteSpace" : false
    }, {
      "id" : "s5-t13",
      "begin" : 792,
      "end" : 805,
      "text" : "Authenticated",
      "whiteSpace" : false
    }, {
      "id" : "s5-t14",
      "begin" : 806,
      "end" : 809,
      "text" : "Web",
      "whiteSpace" : false
    }, {
      "id" : "s5-t15",
      "begin" : 810,
      "end" : 819,
      "text" : "Interface",
      "whiteSpace" : false
    }, {
      "id" : "s5-t16",
      "begin" : 820,
      "end" : 831,
      "text" : "Information",
      "whiteSpace" : false
    }, {
      "id" : "s5-t17",
      "begin" : 832,
      "end" : 842,
      "text" : "Disclosure",
      "whiteSpace" : false
    }, {
      "id" : "s5-t18",
      "begin" : 843,
      "end" : 856,
      "text" : "Vulnerability",
      "whiteSpace" : false
    }, {
      "id" : "s5-t19",
      "begin" : 859,
      "end" : 860,
      "text" : "|",
      "whiteSpace" : false
    }, {
      "id" : "s5-t20",
      "begin" : 863,
      "end" : 866,
      "text" : "URL",
      "whiteSpace" : false
    }, {
      "id" : "s5-t21",
      "begin" : 866,
      "end" : 959,
      "text" : ":https://tools.cisco.com/security/center/content/CiscoSecurityAdvisory/cisco-sa-20181003-imcs",
      "whiteSpace" : false
    }, {
      "id" : "s5-t22",
      "begin" : 959,
      "end" : 960,
      "text" : "-",
      "whiteSpace" : false
    }, {
      "id" : "s5-t23",
      "begin" : 960,
      "end" : 967,
      "text" : "ucsd-id",
      "whiteSpace" : false
    }, {
      "id" : "s5-t24",
      "begin" : 970,
      "end" : 971,
      "text" : "|",
      "whiteSpace" : false
    }, {
      "id" : "s5-t25",
      "begin" : 974,
      "end" : 982,
      "text" : "SECTRACK",
      "whiteSpace" : false
    }, {
      "id" : "s5-t26",
      "begin" : 982,
      "end" : 983,
      "text" : ":",
      "whiteSpace" : false
    }, {
      "id" : "s5-t27",
      "begin" : 983,
      "end" : 990,
      "text" : "1041779",
      "whiteSpace" : false
    }, {
      "id" : "s5-t28",
      "begin" : 993,
      "end" : 994,
      "text" : "|",
      "whiteSpace" : false
    }, {
      "id" : "s5-t29",
      "begin" : 997,
      "end" : 1035,
      "text" : "URL:http://www.securitytracker.com/id/",
      "whiteSpace" : false
    }, {
      "id" : "s5-t30",
      "begin" : 1035,
      "end" : 1042,
      "text" : "1041779",
      "whiteSpace" : false
    } ]
  } ],
  "mentions" : [ ],
  "relations" : [ ],
  "corefs" : [ ],
  "typeResolved" : true,
  "userResolved" : false
}