{
  "id" : "cb44ad30-e5bf-11e8-ac51-0ddb2b53e7d9-2838",
  "name" : "CVE-2018-15415",
  "createdDate" : 0,
  "version" : 3,
  "text" : "CVE-2018-15415 | A vulnerability in the Cisco Webex Network Recording Player for Microsoft Windows and the Cisco Webex Player for Microsoft Windows could allow an attacker to execute arbitrary code on an affected system. The vulnerability exist because the affected software improperly validates Advanced Recording Format (ARF) and Webex Recording Format (WRF) files. An attacker could exploit this vulnerability by sending a user a malicious ARF or WRF file via a link or an email attachment and persuading the user to open the file by using the affected software. A successful exploit could allow the attacker to execute arbitrary code on the affected system. | CISCO:20181003 Cisco Webex Network Recording Player and Cisco Webex Player Remote Code Execution Vulnerabilities   |   URL:https://tools.cisco.com/security/center/content/CiscoSecurityAdvisory/cisco-sa-20181003-webex-rce   |   BID:105520   |   URL:http://www.securityfocus.com/bid/105520   |   SECTRACK:1041795   |   URL:http://www.securitytracker.com/id/1041795",
  "docLength" : 0,
  "language" : "EN",
  "status" : "READY",
  "modifiedDate" : 1541947254783,
  "documentSet" : [ ],
  "preannotation" : [ ],
  "sentences" : [ {
    "id" : "s0",
    "begin" : 0,
    "end" : 220,
    "text" : "CVE-2018-15415 | A vulnerability in the Cisco Webex Network Recording Player for Microsoft Windows and the Cisco Webex Player for Microsoft Windows could allow an attacker to execute arbitrary code on an affected system.",
    "tokens" : [ {
      "id" : "s0-t0",
      "begin" : 0,
      "end" : 14,
      "text" : "CVE-2018-15415",
      "whiteSpace" : false
    }, {
      "id" : "s0-t1",
      "begin" : 15,
      "end" : 16,
      "text" : "|",
      "whiteSpace" : false
    }, {
      "id" : "s0-t2",
      "begin" : 17,
      "end" : 18,
      "text" : "A",
      "whiteSpace" : false
    }, {
      "id" : "s0-t3",
      "begin" : 19,
      "end" : 32,
      "text" : "vulnerability",
      "whiteSpace" : false
    }, {
      "id" : "s0-t4",
      "begin" : 33,
      "end" : 35,
      "text" : "in",
      "whiteSpace" : false
    }, {
      "id" : "s0-t5",
      "begin" : 36,
      "end" : 39,
      "text" : "the",
      "whiteSpace" : false
    }, {
      "id" : "s0-t6",
      "begin" : 40,
      "end" : 45,
      "text" : "Cisco",
      "whiteSpace" : false
    }, {
      "id" : "s0-t7",
      "begin" : 46,
      "end" : 51,
      "text" : "Webex",
      "whiteSpace" : false
    }, {
      "id" : "s0-t8",
      "begin" : 52,
      "end" : 59,
      "text" : "Network",
      "whiteSpace" : false
    }, {
      "id" : "s0-t9",
      "begin" : 60,
      "end" : 69,
      "text" : "Recording",
      "whiteSpace" : false
    }, {
      "id" : "s0-t10",
      "begin" : 70,
      "end" : 76,
      "text" : "Player",
      "whiteSpace" : false
    }, {
      "id" : "s0-t11",
      "begin" : 77,
      "end" : 80,
      "text" : "for",
      "whiteSpace" : false
    }, {
      "id" : "s0-t12",
      "begin" : 81,
      "end" : 90,
      "text" : "Microsoft",
      "whiteSpace" : false
    }, {
      "id" : "s0-t13",
      "begin" : 91,
      "end" : 98,
      "text" : "Windows",
      "whiteSpace" : false
    }, {
      "id" : "s0-t14",
      "begin" : 99,
      "end" : 102,
      "text" : "and",
      "whiteSpace" : false
    }, {
      "id" : "s0-t15",
      "begin" : 103,
      "end" : 106,
      "text" : "the",
      "whiteSpace" : false
    }, {
      "id" : "s0-t16",
      "begin" : 107,
      "end" : 112,
      "text" : "Cisco",
      "whiteSpace" : false
    }, {
      "id" : "s0-t17",
      "begin" : 113,
      "end" : 118,
      "text" : "Webex",
      "whiteSpace" : false
    }, {
      "id" : "s0-t18",
      "begin" : 119,
      "end" : 125,
      "text" : "Player",
      "whiteSpace" : false
    }, {
      "id" : "s0-t19",
      "begin" : 126,
      "end" : 129,
      "text" : "for",
      "whiteSpace" : false
    }, {
      "id" : "s0-t20",
      "begin" : 130,
      "end" : 139,
      "text" : "Microsoft",
      "whiteSpace" : false
    }, {
      "id" : "s0-t21",
      "begin" : 140,
      "end" : 147,
      "text" : "Windows",
      "whiteSpace" : false
    }, {
      "id" : "s0-t22",
      "begin" : 148,
      "end" : 153,
      "text" : "could",
      "whiteSpace" : false
    }, {
      "id" : "s0-t23",
      "begin" : 154,
      "end" : 159,
      "text" : "allow",
      "whiteSpace" : false
    }, {
      "id" : "s0-t24",
      "begin" : 160,
      "end" : 162,
      "text" : "an",
      "whiteSpace" : false
    }, {
      "id" : "s0-t25",
      "begin" : 163,
      "end" : 171,
      "text" : "attacker",
      "whiteSpace" : false
    }, {
      "id" : "s0-t26",
      "begin" : 172,
      "end" : 174,
      "text" : "to",
      "whiteSpace" : false
    }, {
      "id" : "s0-t27",
      "begin" : 175,
      "end" : 182,
      "text" : "execute",
      "whiteSpace" : false
    }, {
      "id" : "s0-t28",
      "begin" : 183,
      "end" : 192,
      "text" : "arbitrary",
      "whiteSpace" : false
    }, {
      "id" : "s0-t29",
      "begin" : 193,
      "end" : 197,
      "text" : "code",
      "whiteSpace" : false
    }, {
      "id" : "s0-t30",
      "begin" : 198,
      "end" : 200,
      "text" : "on",
      "whiteSpace" : false
    }, {
      "id" : "s0-t31",
      "begin" : 201,
      "end" : 203,
      "text" : "an",
      "whiteSpace" : false
    }, {
      "id" : "s0-t32",
      "begin" : 204,
      "end" : 212,
      "text" : "affected",
      "whiteSpace" : false
    }, {
      "id" : "s0-t33",
      "begin" : 213,
      "end" : 219,
      "text" : "system",
      "whiteSpace" : false
    }, {
      "id" : "s0-t34",
      "begin" : 219,
      "end" : 220,
      "text" : ".",
      "whiteSpace" : false
    } ]
  }, {
    "id" : "s1",
    "begin" : 221,
    "end" : 367,
    "text" : "The vulnerability exist because the affected software improperly validates Advanced Recording Format (ARF) and Webex Recording Format (WRF) files.",
    "tokens" : [ {
      "id" : "s1-t0",
      "begin" : 221,
      "end" : 224,
      "text" : "The",
      "whiteSpace" : false
    }, {
      "id" : "s1-t1",
      "begin" : 225,
      "end" : 238,
      "text" : "vulnerability",
      "whiteSpace" : false
    }, {
      "id" : "s1-t2",
      "begin" : 239,
      "end" : 244,
      "text" : "exist",
      "whiteSpace" : false
    }, {
      "id" : "s1-t3",
      "begin" : 245,
      "end" : 252,
      "text" : "because",
      "whiteSpace" : false
    }, {
      "id" : "s1-t4",
      "begin" : 253,
      "end" : 256,
      "text" : "the",
      "whiteSpace" : false
    }, {
      "id" : "s1-t5",
      "begin" : 257,
      "end" : 265,
      "text" : "affected",
      "whiteSpace" : false
    }, {
      "id" : "s1-t6",
      "begin" : 266,
      "end" : 274,
      "text" : "software",
      "whiteSpace" : false
    }, {
      "id" : "s1-t7",
      "begin" : 275,
      "end" : 285,
      "text" : "improperly",
      "whiteSpace" : false
    }, {
      "id" : "s1-t8",
      "begin" : 286,
      "end" : 295,
      "text" : "validates",
      "whiteSpace" : false
    }, {
      "id" : "s1-t9",
      "begin" : 296,
      "end" : 304,
      "text" : "Advanced",
      "whiteSpace" : false
    }, {
      "id" : "s1-t10",
      "begin" : 305,
      "end" : 314,
      "text" : "Recording",
      "whiteSpace" : false
    }, {
      "id" : "s1-t11",
      "begin" : 315,
      "end" : 321,
      "text" : "Format",
      "whiteSpace" : false
    }, {
      "id" : "s1-t12",
      "begin" : 322,
      "end" : 323,
      "text" : "(",
      "whiteSpace" : false
    }, {
      "id" : "s1-t13",
      "begin" : 323,
      "end" : 326,
      "text" : "ARF",
      "whiteSpace" : false
    }, {
      "id" : "s1-t14",
      "begin" : 326,
      "end" : 327,
      "text" : ")",
      "whiteSpace" : false
    }, {
      "id" : "s1-t15",
      "begin" : 328,
      "end" : 331,
      "text" : "and",
      "whiteSpace" : false
    }, {
      "id" : "s1-t16",
      "begin" : 332,
      "end" : 337,
      "text" : "Webex",
      "whiteSpace" : false
    }, {
      "id" : "s1-t17",
      "begin" : 338,
      "end" : 347,
      "text" : "Recording",
      "whiteSpace" : false
    }, {
      "id" : "s1-t18",
      "begin" : 348,
      "end" : 354,
      "text" : "Format",
      "whiteSpace" : false
    }, {
      "id" : "s1-t19",
      "begin" : 355,
      "end" : 356,
      "text" : "(",
      "whiteSpace" : false
    }, {
      "id" : "s1-t20",
      "begin" : 356,
      "end" : 359,
      "text" : "WRF",
      "whiteSpace" : false
    }, {
      "id" : "s1-t21",
      "begin" : 359,
      "end" : 360,
      "text" : ")",
      "whiteSpace" : false
    }, {
      "id" : "s1-t22",
      "begin" : 361,
      "end" : 366,
      "text" : "files",
      "whiteSpace" : false
    }, {
      "id" : "s1-t23",
      "begin" : 366,
      "end" : 367,
      "text" : ".",
      "whiteSpace" : false
    } ]
  }, {
    "id" : "s2",
    "begin" : 368,
    "end" : 565,
    "text" : "An attacker could exploit this vulnerability by sending a user a malicious ARF or WRF file via a link or an email attachment and persuading the user to open the file by using the affected software.",
    "tokens" : [ {
      "id" : "s2-t0",
      "begin" : 368,
      "end" : 370,
      "text" : "An",
      "whiteSpace" : false
    }, {
      "id" : "s2-t1",
      "begin" : 371,
      "end" : 379,
      "text" : "attacker",
      "whiteSpace" : false
    }, {
      "id" : "s2-t2",
      "begin" : 380,
      "end" : 385,
      "text" : "could",
      "whiteSpace" : false
    }, {
      "id" : "s2-t3",
      "begin" : 386,
      "end" : 393,
      "text" : "exploit",
      "whiteSpace" : false
    }, {
      "id" : "s2-t4",
      "begin" : 394,
      "end" : 398,
      "text" : "this",
      "whiteSpace" : false
    }, {
      "id" : "s2-t5",
      "begin" : 399,
      "end" : 412,
      "text" : "vulnerability",
      "whiteSpace" : false
    }, {
      "id" : "s2-t6",
      "begin" : 413,
      "end" : 415,
      "text" : "by",
      "whiteSpace" : false
    }, {
      "id" : "s2-t7",
      "begin" : 416,
      "end" : 423,
      "text" : "sending",
      "whiteSpace" : false
    }, {
      "id" : "s2-t8",
      "begin" : 424,
      "end" : 425,
      "text" : "a",
      "whiteSpace" : false
    }, {
      "id" : "s2-t9",
      "begin" : 426,
      "end" : 430,
      "text" : "user",
      "whiteSpace" : false
    }, {
      "id" : "s2-t10",
      "begin" : 431,
      "end" : 432,
      "text" : "a",
      "whiteSpace" : false
    }, {
      "id" : "s2-t11",
      "begin" : 433,
      "end" : 442,
      "text" : "malicious",
      "whiteSpace" : false
    }, {
      "id" : "s2-t12",
      "begin" : 443,
      "end" : 446,
      "text" : "ARF",
      "whiteSpace" : false
    }, {
      "id" : "s2-t13",
      "begin" : 447,
      "end" : 449,
      "text" : "or",
      "whiteSpace" : false
    }, {
      "id" : "s2-t14",
      "begin" : 450,
      "end" : 453,
      "text" : "WRF",
      "whiteSpace" : false
    }, {
      "id" : "s2-t15",
      "begin" : 454,
      "end" : 458,
      "text" : "file",
      "whiteSpace" : false
    }, {
      "id" : "s2-t16",
      "begin" : 459,
      "end" : 462,
      "text" : "via",
      "whiteSpace" : false
    }, {
      "id" : "s2-t17",
      "begin" : 463,
      "end" : 464,
      "text" : "a",
      "whiteSpace" : false
    }, {
      "id" : "s2-t18",
      "begin" : 465,
      "end" : 469,
      "text" : "link",
      "whiteSpace" : false
    }, {
      "id" : "s2-t19",
      "begin" : 470,
      "end" : 472,
      "text" : "or",
      "whiteSpace" : false
    }, {
      "id" : "s2-t20",
      "begin" : 473,
      "end" : 475,
      "text" : "an",
      "whiteSpace" : false
    }, {
      "id" : "s2-t21",
      "begin" : 476,
      "end" : 481,
      "text" : "email",
      "whiteSpace" : false
    }, {
      "id" : "s2-t22",
      "begin" : 482,
      "end" : 492,
      "text" : "attachment",
      "whiteSpace" : false
    }, {
      "id" : "s2-t23",
      "begin" : 493,
      "end" : 496,
      "text" : "and",
      "whiteSpace" : false
    }, {
      "id" : "s2-t24",
      "begin" : 497,
      "end" : 507,
      "text" : "persuading",
      "whiteSpace" : false
    }, {
      "id" : "s2-t25",
      "begin" : 508,
      "end" : 511,
      "text" : "the",
      "whiteSpace" : false
    }, {
      "id" : "s2-t26",
      "begin" : 512,
      "end" : 516,
      "text" : "user",
      "whiteSpace" : false
    }, {
      "id" : "s2-t27",
      "begin" : 517,
      "end" : 519,
      "text" : "to",
      "whiteSpace" : false
    }, {
      "id" : "s2-t28",
      "begin" : 520,
      "end" : 524,
      "text" : "open",
      "whiteSpace" : false
    }, {
      "id" : "s2-t29",
      "begin" : 525,
      "end" : 528,
      "text" : "the",
      "whiteSpace" : false
    }, {
      "id" : "s2-t30",
      "begin" : 529,
      "end" : 533,
      "text" : "file",
      "whiteSpace" : false
    }, {
      "id" : "s2-t31",
      "begin" : 534,
      "end" : 536,
      "text" : "by",
      "whiteSpace" : false
    }, {
      "id" : "s2-t32",
      "begin" : 537,
      "end" : 542,
      "text" : "using",
      "whiteSpace" : false
    }, {
      "id" : "s2-t33",
      "begin" : 543,
      "end" : 546,
      "text" : "the",
      "whiteSpace" : false
    }, {
      "id" : "s2-t34",
      "begin" : 547,
      "end" : 555,
      "text" : "affected",
      "whiteSpace" : false
    }, {
      "id" : "s2-t35",
      "begin" : 556,
      "end" : 564,
      "text" : "software",
      "whiteSpace" : false
    }, {
      "id" : "s2-t36",
      "begin" : 564,
      "end" : 565,
      "text" : ".",
      "whiteSpace" : false
    } ]
  }, {
    "id" : "s3",
    "begin" : 566,
    "end" : 661,
    "text" : "A successful exploit could allow the attacker to execute arbitrary code on the affected system.",
    "tokens" : [ {
      "id" : "s3-t0",
      "begin" : 566,
      "end" : 567,
      "text" : "A",
      "whiteSpace" : false
    }, {
      "id" : "s3-t1",
      "begin" : 568,
      "end" : 578,
      "text" : "successful",
      "whiteSpace" : false
    }, {
      "id" : "s3-t2",
      "begin" : 579,
      "end" : 586,
      "text" : "exploit",
      "whiteSpace" : false
    }, {
      "id" : "s3-t3",
      "begin" : 587,
      "end" : 592,
      "text" : "could",
      "whiteSpace" : false
    }, {
      "id" : "s3-t4",
      "begin" : 593,
      "end" : 598,
      "text" : "allow",
      "whiteSpace" : false
    }, {
      "id" : "s3-t5",
      "begin" : 599,
      "end" : 602,
      "text" : "the",
      "whiteSpace" : false
    }, {
      "id" : "s3-t6",
      "begin" : 603,
      "end" : 611,
      "text" : "attacker",
      "whiteSpace" : false
    }, {
      "id" : "s3-t7",
      "begin" : 612,
      "end" : 614,
      "text" : "to",
      "whiteSpace" : false
    }, {
      "id" : "s3-t8",
      "begin" : 615,
      "end" : 622,
      "text" : "execute",
      "whiteSpace" : false
    }, {
      "id" : "s3-t9",
      "begin" : 623,
      "end" : 632,
      "text" : "arbitrary",
      "whiteSpace" : false
    }, {
      "id" : "s3-t10",
      "begin" : 633,
      "end" : 637,
      "text" : "code",
      "whiteSpace" : false
    }, {
      "id" : "s3-t11",
      "begin" : 638,
      "end" : 640,
      "text" : "on",
      "whiteSpace" : false
    }, {
      "id" : "s3-t12",
      "begin" : 641,
      "end" : 644,
      "text" : "the",
      "whiteSpace" : false
    }, {
      "id" : "s3-t13",
      "begin" : 645,
      "end" : 653,
      "text" : "affected",
      "whiteSpace" : false
    }, {
      "id" : "s3-t14",
      "begin" : 654,
      "end" : 660,
      "text" : "system",
      "whiteSpace" : false
    }, {
      "id" : "s3-t15",
      "begin" : 660,
      "end" : 661,
      "text" : ".",
      "whiteSpace" : false
    } ]
  }, {
    "id" : "s4",
    "begin" : 662,
    "end" : 1026,
    "text" : "| CISCO:20181003 Cisco Webex Network Recording Player and Cisco Webex Player Remote Code Execution Vulnerabilities   |   URL:https://tools.cisco.com/security/center/content/CiscoSecurityAdvisory/cisco-sa-20181003-webex-rce   |   BID:105520   |   URL:http://www.securityfocus.com/bid/105520   |   SECTRACK:1041795   |   URL:http://www.securitytracker.com/id/1041795",
    "tokens" : [ {
      "id" : "s4-t0",
      "begin" : 662,
      "end" : 663,
      "text" : "|",
      "whiteSpace" : false
    }, {
      "id" : "s4-t1",
      "begin" : 664,
      "end" : 669,
      "text" : "CISCO",
      "whiteSpace" : false
    }, {
      "id" : "s4-t2",
      "begin" : 669,
      "end" : 670,
      "text" : ":",
      "whiteSpace" : false
    }, {
      "id" : "s4-t3",
      "begin" : 670,
      "end" : 678,
      "text" : "20181003",
      "whiteSpace" : false
    }, {
      "id" : "s4-t4",
      "begin" : 679,
      "end" : 684,
      "text" : "Cisco",
      "whiteSpace" : false
    }, {
      "id" : "s4-t5",
      "begin" : 685,
      "end" : 690,
      "text" : "Webex",
      "whiteSpace" : false
    }, {
      "id" : "s4-t6",
      "begin" : 691,
      "end" : 698,
      "text" : "Network",
      "whiteSpace" : false
    }, {
      "id" : "s4-t7",
      "begin" : 699,
      "end" : 708,
      "text" : "Recording",
      "whiteSpace" : false
    }, {
      "id" : "s4-t8",
      "begin" : 709,
      "end" : 715,
      "text" : "Player",
      "whiteSpace" : false
    }, {
      "id" : "s4-t9",
      "begin" : 716,
      "end" : 719,
      "text" : "and",
      "whiteSpace" : false
    }, {
      "id" : "s4-t10",
      "begin" : 720,
      "end" : 725,
      "text" : "Cisco",
      "whiteSpace" : false
    }, {
      "id" : "s4-t11",
      "begin" : 726,
      "end" : 731,
      "text" : "Webex",
      "whiteSpace" : false
    }, {
      "id" : "s4-t12",
      "begin" : 732,
      "end" : 738,
      "text" : "Player",
      "whiteSpace" : false
    }, {
      "id" : "s4-t13",
      "begin" : 739,
      "end" : 745,
      "text" : "Remote",
      "whiteSpace" : false
    }, {
      "id" : "s4-t14",
      "begin" : 746,
      "end" : 750,
      "text" : "Code",
      "whiteSpace" : false
    }, {
      "id" : "s4-t15",
      "begin" : 751,
      "end" : 760,
      "text" : "Execution",
      "whiteSpace" : false
    }, {
      "id" : "s4-t16",
      "begin" : 761,
      "end" : 776,
      "text" : "Vulnerabilities",
      "whiteSpace" : false
    }, {
      "id" : "s4-t17",
      "begin" : 779,
      "end" : 780,
      "text" : "|",
      "whiteSpace" : false
    }, {
      "id" : "s4-t18",
      "begin" : 783,
      "end" : 786,
      "text" : "URL",
      "whiteSpace" : false
    }, {
      "id" : "s4-t19",
      "begin" : 786,
      "end" : 880,
      "text" : ":https://tools.cisco.com/security/center/content/CiscoSecurityAdvisory/cisco-sa-20181003-webex",
      "whiteSpace" : false
    }, {
      "id" : "s4-t20",
      "begin" : 880,
      "end" : 881,
      "text" : "-",
      "whiteSpace" : false
    }, {
      "id" : "s4-t21",
      "begin" : 881,
      "end" : 884,
      "text" : "rce",
      "whiteSpace" : false
    }, {
      "id" : "s4-t22",
      "begin" : 887,
      "end" : 888,
      "text" : "|",
      "whiteSpace" : false
    }, {
      "id" : "s4-t23",
      "begin" : 891,
      "end" : 894,
      "text" : "BID",
      "whiteSpace" : false
    }, {
      "id" : "s4-t24",
      "begin" : 894,
      "end" : 895,
      "text" : ":",
      "whiteSpace" : false
    }, {
      "id" : "s4-t25",
      "begin" : 895,
      "end" : 901,
      "text" : "105520",
      "whiteSpace" : false
    }, {
      "id" : "s4-t26",
      "begin" : 904,
      "end" : 905,
      "text" : "|",
      "whiteSpace" : false
    }, {
      "id" : "s4-t27",
      "begin" : 908,
      "end" : 945,
      "text" : "URL:http://www.securityfocus.com/bid/",
      "whiteSpace" : false
    }, {
      "id" : "s4-t28",
      "begin" : 945,
      "end" : 951,
      "text" : "105520",
      "whiteSpace" : false
    }, {
      "id" : "s4-t29",
      "begin" : 954,
      "end" : 955,
      "text" : "|",
      "whiteSpace" : false
    }, {
      "id" : "s4-t30",
      "begin" : 958,
      "end" : 966,
      "text" : "SECTRACK",
      "whiteSpace" : false
    }, {
      "id" : "s4-t31",
      "begin" : 966,
      "end" : 967,
      "text" : ":",
      "whiteSpace" : false
    }, {
      "id" : "s4-t32",
      "begin" : 967,
      "end" : 974,
      "text" : "1041795",
      "whiteSpace" : false
    }, {
      "id" : "s4-t33",
      "begin" : 977,
      "end" : 978,
      "text" : "|",
      "whiteSpace" : false
    }, {
      "id" : "s4-t34",
      "begin" : 981,
      "end" : 1019,
      "text" : "URL:http://www.securitytracker.com/id/",
      "whiteSpace" : false
    }, {
      "id" : "s4-t35",
      "begin" : 1019,
      "end" : 1026,
      "text" : "1041795",
      "whiteSpace" : false
    } ]
  } ],
  "mentions" : [ ],
  "relations" : [ ],
  "corefs" : [ ],
  "typeResolved" : true,
  "userResolved" : false
}