{
  "id" : "cb44ad30-e5bf-11e8-ac51-0ddb2b53e7d9-2974",
  "name" : "CVE-2018-15142",
  "createdDate" : 0,
  "version" : 3,
  "text" : "CVE-2018-15142 | Directory traversal in portal/import_template.php in versions of OpenEMR before 5.0.1.4 allows a remote attacker authenticated in the patient portal to execute arbitrary PHP code by writing a file with a PHP extension via the \"docid\" and \"content\" parameters and accessing it in the traversed directory. | EXPLOIT-DB:45202   |   URL:https://www.exploit-db.com/exploits/45202/   |   MISC:https://www.databreaches.net/openemr-patches-serious-vulnerabilities-uncovered-by-project-insecurity/   |   CONFIRM:https://github.com/openemr/openemr/pull/1765/files",
  "docLength" : 0,
  "language" : "EN",
  "status" : "READY",
  "modifiedDate" : 1541947254783,
  "documentSet" : [ ],
  "preannotation" : [ ],
  "sentences" : [ {
    "id" : "s0",
    "begin" : 0,
    "end" : 320,
    "text" : "CVE-2018-15142 | Directory traversal in portal/import_template.php in versions of OpenEMR before 5.0.1.4 allows a remote attacker authenticated in the patient portal to execute arbitrary PHP code by writing a file with a PHP extension via the \"docid\" and \"content\" parameters and accessing it in the traversed directory.",
    "tokens" : [ {
      "id" : "s0-t0",
      "begin" : 0,
      "end" : 14,
      "text" : "CVE-2018-15142",
      "whiteSpace" : false
    }, {
      "id" : "s0-t1",
      "begin" : 15,
      "end" : 16,
      "text" : "|",
      "whiteSpace" : false
    }, {
      "id" : "s0-t2",
      "begin" : 17,
      "end" : 26,
      "text" : "Directory",
      "whiteSpace" : false
    }, {
      "id" : "s0-t3",
      "begin" : 27,
      "end" : 36,
      "text" : "traversal",
      "whiteSpace" : false
    }, {
      "id" : "s0-t4",
      "begin" : 37,
      "end" : 39,
      "text" : "in",
      "whiteSpace" : false
    }, {
      "id" : "s0-t5",
      "begin" : 40,
      "end" : 66,
      "text" : "portal/import_template.php",
      "whiteSpace" : false
    }, {
      "id" : "s0-t6",
      "begin" : 67,
      "end" : 69,
      "text" : "in",
      "whiteSpace" : false
    }, {
      "id" : "s0-t7",
      "begin" : 70,
      "end" : 78,
      "text" : "versions",
      "whiteSpace" : false
    }, {
      "id" : "s0-t8",
      "begin" : 79,
      "end" : 81,
      "text" : "of",
      "whiteSpace" : false
    }, {
      "id" : "s0-t9",
      "begin" : 82,
      "end" : 89,
      "text" : "OpenEMR",
      "whiteSpace" : false
    }, {
      "id" : "s0-t10",
      "begin" : 90,
      "end" : 96,
      "text" : "before",
      "whiteSpace" : false
    }, {
      "id" : "s0-t11",
      "begin" : 97,
      "end" : 104,
      "text" : "5.0.1.4",
      "whiteSpace" : false
    }, {
      "id" : "s0-t12",
      "begin" : 105,
      "end" : 111,
      "text" : "allows",
      "whiteSpace" : false
    }, {
      "id" : "s0-t13",
      "begin" : 112,
      "end" : 113,
      "text" : "a",
      "whiteSpace" : false
    }, {
      "id" : "s0-t14",
      "begin" : 114,
      "end" : 120,
      "text" : "remote",
      "whiteSpace" : false
    }, {
      "id" : "s0-t15",
      "begin" : 121,
      "end" : 129,
      "text" : "attacker",
      "whiteSpace" : false
    }, {
      "id" : "s0-t16",
      "begin" : 130,
      "end" : 143,
      "text" : "authenticated",
      "whiteSpace" : false
    }, {
      "id" : "s0-t17",
      "begin" : 144,
      "end" : 146,
      "text" : "in",
      "whiteSpace" : false
    }, {
      "id" : "s0-t18",
      "begin" : 147,
      "end" : 150,
      "text" : "the",
      "whiteSpace" : false
    }, {
      "id" : "s0-t19",
      "begin" : 151,
      "end" : 158,
      "text" : "patient",
      "whiteSpace" : false
    }, {
      "id" : "s0-t20",
      "begin" : 159,
      "end" : 165,
      "text" : "portal",
      "whiteSpace" : false
    }, {
      "id" : "s0-t21",
      "begin" : 166,
      "end" : 168,
      "text" : "to",
      "whiteSpace" : false
    }, {
      "id" : "s0-t22",
      "begin" : 169,
      "end" : 176,
      "text" : "execute",
      "whiteSpace" : false
    }, {
      "id" : "s0-t23",
      "begin" : 177,
      "end" : 186,
      "text" : "arbitrary",
      "whiteSpace" : false
    }, {
      "id" : "s0-t24",
      "begin" : 187,
      "end" : 190,
      "text" : "PHP",
      "whiteSpace" : false
    }, {
      "id" : "s0-t25",
      "begin" : 191,
      "end" : 195,
      "text" : "code",
      "whiteSpace" : false
    }, {
      "id" : "s0-t26",
      "begin" : 196,
      "end" : 198,
      "text" : "by",
      "whiteSpace" : false
    }, {
      "id" : "s0-t27",
      "begin" : 199,
      "end" : 206,
      "text" : "writing",
      "whiteSpace" : false
    }, {
      "id" : "s0-t28",
      "begin" : 207,
      "end" : 208,
      "text" : "a",
      "whiteSpace" : false
    }, {
      "id" : "s0-t29",
      "begin" : 209,
      "end" : 213,
      "text" : "file",
      "whiteSpace" : false
    }, {
      "id" : "s0-t30",
      "begin" : 214,
      "end" : 218,
      "text" : "with",
      "whiteSpace" : false
    }, {
      "id" : "s0-t31",
      "begin" : 219,
      "end" : 220,
      "text" : "a",
      "whiteSpace" : false
    }, {
      "id" : "s0-t32",
      "begin" : 221,
      "end" : 224,
      "text" : "PHP",
      "whiteSpace" : false
    }, {
      "id" : "s0-t33",
      "begin" : 225,
      "end" : 234,
      "text" : "extension",
      "whiteSpace" : false
    }, {
      "id" : "s0-t34",
      "begin" : 235,
      "end" : 238,
      "text" : "via",
      "whiteSpace" : false
    }, {
      "id" : "s0-t35",
      "begin" : 239,
      "end" : 242,
      "text" : "the",
      "whiteSpace" : false
    }, {
      "id" : "s0-t36",
      "begin" : 243,
      "end" : 244,
      "text" : "\"",
      "whiteSpace" : false
    }, {
      "id" : "s0-t37",
      "begin" : 244,
      "end" : 249,
      "text" : "docid",
      "whiteSpace" : false
    }, {
      "id" : "s0-t38",
      "begin" : 249,
      "end" : 250,
      "text" : "\"",
      "whiteSpace" : false
    }, {
      "id" : "s0-t39",
      "begin" : 251,
      "end" : 254,
      "text" : "and",
      "whiteSpace" : false
    }, {
      "id" : "s0-t40",
      "begin" : 255,
      "end" : 256,
      "text" : "\"",
      "whiteSpace" : false
    }, {
      "id" : "s0-t41",
      "begin" : 256,
      "end" : 263,
      "text" : "content",
      "whiteSpace" : false
    }, {
      "id" : "s0-t42",
      "begin" : 263,
      "end" : 264,
      "text" : "\"",
      "whiteSpace" : false
    }, {
      "id" : "s0-t43",
      "begin" : 265,
      "end" : 275,
      "text" : "parameters",
      "whiteSpace" : false
    }, {
      "id" : "s0-t44",
      "begin" : 276,
      "end" : 279,
      "text" : "and",
      "whiteSpace" : false
    }, {
      "id" : "s0-t45",
      "begin" : 280,
      "end" : 289,
      "text" : "accessing",
      "whiteSpace" : false
    }, {
      "id" : "s0-t46",
      "begin" : 290,
      "end" : 292,
      "text" : "it",
      "whiteSpace" : false
    }, {
      "id" : "s0-t47",
      "begin" : 293,
      "end" : 295,
      "text" : "in",
      "whiteSpace" : false
    }, {
      "id" : "s0-t48",
      "begin" : 296,
      "end" : 299,
      "text" : "the",
      "whiteSpace" : false
    }, {
      "id" : "s0-t49",
      "begin" : 300,
      "end" : 309,
      "text" : "traversed",
      "whiteSpace" : false
    }, {
      "id" : "s0-t50",
      "begin" : 310,
      "end" : 319,
      "text" : "directory",
      "whiteSpace" : false
    }, {
      "id" : "s0-t51",
      "begin" : 319,
      "end" : 320,
      "text" : ".",
      "whiteSpace" : false
    } ]
  }, {
    "id" : "s1",
    "begin" : 321,
    "end" : 570,
    "text" : "| EXPLOIT-DB:45202   |   URL:https://www.exploit-db.com/exploits/45202/   |   MISC:https://www.databreaches.net/openemr-patches-serious-vulnerabilities-uncovered-by-project-insecurity/   |   CONFIRM:https://github.com/openemr/openemr/pull/1765/files",
    "tokens" : [ {
      "id" : "s1-t0",
      "begin" : 321,
      "end" : 322,
      "text" : "|",
      "whiteSpace" : false
    }, {
      "id" : "s1-t1",
      "begin" : 323,
      "end" : 333,
      "text" : "EXPLOIT-DB",
      "whiteSpace" : false
    }, {
      "id" : "s1-t2",
      "begin" : 333,
      "end" : 334,
      "text" : ":",
      "whiteSpace" : false
    }, {
      "id" : "s1-t3",
      "begin" : 334,
      "end" : 339,
      "text" : "45202",
      "whiteSpace" : false
    }, {
      "id" : "s1-t4",
      "begin" : 342,
      "end" : 343,
      "text" : "|",
      "whiteSpace" : false
    }, {
      "id" : "s1-t5",
      "begin" : 346,
      "end" : 391,
      "text" : "URL:https://www.exploit-db.com/exploits/45202",
      "whiteSpace" : false
    }, {
      "id" : "s1-t6",
      "begin" : 391,
      "end" : 392,
      "text" : "/",
      "whiteSpace" : false
    }, {
      "id" : "s1-t7",
      "begin" : 395,
      "end" : 396,
      "text" : "|",
      "whiteSpace" : false
    }, {
      "id" : "s1-t8",
      "begin" : 399,
      "end" : 505,
      "text" : "MISC:https://www.databreaches.net/openemr-patches-serious-vulnerabilities-uncovered-by-project-insecurity/",
      "whiteSpace" : false
    }, {
      "id" : "s1-t9",
      "begin" : 508,
      "end" : 509,
      "text" : "|",
      "whiteSpace" : false
    }, {
      "id" : "s1-t10",
      "begin" : 512,
      "end" : 570,
      "text" : "CONFIRM:https://github.com/openemr/openemr/pull/1765/files",
      "whiteSpace" : false
    } ]
  } ],
  "mentions" : [ ],
  "relations" : [ ],
  "corefs" : [ ],
  "typeResolved" : true,
  "userResolved" : false
}