{
  "id" : "cb44ad30-e5bf-11e8-ac51-0ddb2b53e7d9-2879",
  "name" : "CVE-2018-15372",
  "createdDate" : 0,
  "version" : 3,
  "text" : "CVE-2018-15372 | A vulnerability in the MACsec Key Agreement (MKA) using Extensible Authentication Protocol-Transport Layer Security (EAP-TLS) functionality of Cisco IOS XE Software could allow an unauthenticated, adjacent attacker to bypass authentication and pass traffic through a Layer 3 interface of an affected device. The vulnerability is due to a logic error in the affected software. An attacker could exploit this vulnerability by connecting to and passing traffic through a Layer 3 interface of an affected device, if the interface is configured for MACsec MKA using EAP-TLS and is running in access-session closed mode. A successful exploit could allow the attacker to bypass 802.1x network access controls and gain access to the network. | CISCO:20180926 Cisco IOS XE Software MACsec MKA Using EAP-TLS Authentication Bypass Vulnerability   |   URL:https://tools.cisco.com/security/center/content/CiscoSecurityAdvisory/cisco-sa-20180926-macsec   |   BID:105416   |   URL:http://www.securityfocus.com/bid/105416",
  "docLength" : 0,
  "language" : "EN",
  "status" : "READY",
  "modifiedDate" : 1541947254783,
  "documentSet" : [ ],
  "preannotation" : [ ],
  "sentences" : [ {
    "id" : "s0",
    "begin" : 0,
    "end" : 324,
    "text" : "CVE-2018-15372 | A vulnerability in the MACsec Key Agreement (MKA) using Extensible Authentication Protocol-Transport Layer Security (EAP-TLS) functionality of Cisco IOS XE Software could allow an unauthenticated, adjacent attacker to bypass authentication and pass traffic through a Layer 3 interface of an affected device.",
    "tokens" : [ {
      "id" : "s0-t0",
      "begin" : 0,
      "end" : 14,
      "text" : "CVE-2018-15372",
      "whiteSpace" : false
    }, {
      "id" : "s0-t1",
      "begin" : 15,
      "end" : 16,
      "text" : "|",
      "whiteSpace" : false
    }, {
      "id" : "s0-t2",
      "begin" : 17,
      "end" : 18,
      "text" : "A",
      "whiteSpace" : false
    }, {
      "id" : "s0-t3",
      "begin" : 19,
      "end" : 32,
      "text" : "vulnerability",
      "whiteSpace" : false
    }, {
      "id" : "s0-t4",
      "begin" : 33,
      "end" : 35,
      "text" : "in",
      "whiteSpace" : false
    }, {
      "id" : "s0-t5",
      "begin" : 36,
      "end" : 39,
      "text" : "the",
      "whiteSpace" : false
    }, {
      "id" : "s0-t6",
      "begin" : 40,
      "end" : 46,
      "text" : "MACsec",
      "whiteSpace" : false
    }, {
      "id" : "s0-t7",
      "begin" : 47,
      "end" : 50,
      "text" : "Key",
      "whiteSpace" : false
    }, {
      "id" : "s0-t8",
      "begin" : 51,
      "end" : 60,
      "text" : "Agreement",
      "whiteSpace" : false
    }, {
      "id" : "s0-t9",
      "begin" : 61,
      "end" : 62,
      "text" : "(",
      "whiteSpace" : false
    }, {
      "id" : "s0-t10",
      "begin" : 62,
      "end" : 65,
      "text" : "MKA",
      "whiteSpace" : false
    }, {
      "id" : "s0-t11",
      "begin" : 65,
      "end" : 66,
      "text" : ")",
      "whiteSpace" : false
    }, {
      "id" : "s0-t12",
      "begin" : 67,
      "end" : 72,
      "text" : "using",
      "whiteSpace" : false
    }, {
      "id" : "s0-t13",
      "begin" : 73,
      "end" : 83,
      "text" : "Extensible",
      "whiteSpace" : false
    }, {
      "id" : "s0-t14",
      "begin" : 84,
      "end" : 98,
      "text" : "Authentication",
      "whiteSpace" : false
    }, {
      "id" : "s0-t15",
      "begin" : 99,
      "end" : 107,
      "text" : "Protocol",
      "whiteSpace" : false
    }, {
      "id" : "s0-t16",
      "begin" : 107,
      "end" : 108,
      "text" : "-",
      "whiteSpace" : false
    }, {
      "id" : "s0-t17",
      "begin" : 108,
      "end" : 117,
      "text" : "Transport",
      "whiteSpace" : false
    }, {
      "id" : "s0-t18",
      "begin" : 118,
      "end" : 123,
      "text" : "Layer",
      "whiteSpace" : false
    }, {
      "id" : "s0-t19",
      "begin" : 124,
      "end" : 132,
      "text" : "Security",
      "whiteSpace" : false
    }, {
      "id" : "s0-t20",
      "begin" : 133,
      "end" : 134,
      "text" : "(",
      "whiteSpace" : false
    }, {
      "id" : "s0-t21",
      "begin" : 134,
      "end" : 141,
      "text" : "EAP-TLS",
      "whiteSpace" : false
    }, {
      "id" : "s0-t22",
      "begin" : 141,
      "end" : 142,
      "text" : ")",
      "whiteSpace" : false
    }, {
      "id" : "s0-t23",
      "begin" : 143,
      "end" : 156,
      "text" : "functionality",
      "whiteSpace" : false
    }, {
      "id" : "s0-t24",
      "begin" : 157,
      "end" : 159,
      "text" : "of",
      "whiteSpace" : false
    }, {
      "id" : "s0-t25",
      "begin" : 160,
      "end" : 165,
      "text" : "Cisco",
      "whiteSpace" : false
    }, {
      "id" : "s0-t26",
      "begin" : 166,
      "end" : 169,
      "text" : "IOS",
      "whiteSpace" : false
    }, {
      "id" : "s0-t27",
      "begin" : 170,
      "end" : 172,
      "text" : "XE",
      "whiteSpace" : false
    }, {
      "id" : "s0-t28",
      "begin" : 173,
      "end" : 181,
      "text" : "Software",
      "whiteSpace" : false
    }, {
      "id" : "s0-t29",
      "begin" : 182,
      "end" : 187,
      "text" : "could",
      "whiteSpace" : false
    }, {
      "id" : "s0-t30",
      "begin" : 188,
      "end" : 193,
      "text" : "allow",
      "whiteSpace" : false
    }, {
      "id" : "s0-t31",
      "begin" : 194,
      "end" : 196,
      "text" : "an",
      "whiteSpace" : false
    }, {
      "id" : "s0-t32",
      "begin" : 197,
      "end" : 212,
      "text" : "unauthenticated",
      "whiteSpace" : false
    }, {
      "id" : "s0-t33",
      "begin" : 212,
      "end" : 213,
      "text" : ",",
      "whiteSpace" : false
    }, {
      "id" : "s0-t34",
      "begin" : 214,
      "end" : 222,
      "text" : "adjacent",
      "whiteSpace" : false
    }, {
      "id" : "s0-t35",
      "begin" : 223,
      "end" : 231,
      "text" : "attacker",
      "whiteSpace" : false
    }, {
      "id" : "s0-t36",
      "begin" : 232,
      "end" : 234,
      "text" : "to",
      "whiteSpace" : false
    }, {
      "id" : "s0-t37",
      "begin" : 235,
      "end" : 241,
      "text" : "bypass",
      "whiteSpace" : false
    }, {
      "id" : "s0-t38",
      "begin" : 242,
      "end" : 256,
      "text" : "authentication",
      "whiteSpace" : false
    }, {
      "id" : "s0-t39",
      "begin" : 257,
      "end" : 260,
      "text" : "and",
      "whiteSpace" : false
    }, {
      "id" : "s0-t40",
      "begin" : 261,
      "end" : 265,
      "text" : "pass",
      "whiteSpace" : false
    }, {
      "id" : "s0-t41",
      "begin" : 266,
      "end" : 273,
      "text" : "traffic",
      "whiteSpace" : false
    }, {
      "id" : "s0-t42",
      "begin" : 274,
      "end" : 281,
      "text" : "through",
      "whiteSpace" : false
    }, {
      "id" : "s0-t43",
      "begin" : 282,
      "end" : 283,
      "text" : "a",
      "whiteSpace" : false
    }, {
      "id" : "s0-t44",
      "begin" : 284,
      "end" : 289,
      "text" : "Layer",
      "whiteSpace" : false
    }, {
      "id" : "s0-t45",
      "begin" : 290,
      "end" : 291,
      "text" : "3",
      "whiteSpace" : false
    }, {
      "id" : "s0-t46",
      "begin" : 292,
      "end" : 301,
      "text" : "interface",
      "whiteSpace" : false
    }, {
      "id" : "s0-t47",
      "begin" : 302,
      "end" : 304,
      "text" : "of",
      "whiteSpace" : false
    }, {
      "id" : "s0-t48",
      "begin" : 305,
      "end" : 307,
      "text" : "an",
      "whiteSpace" : false
    }, {
      "id" : "s0-t49",
      "begin" : 308,
      "end" : 316,
      "text" : "affected",
      "whiteSpace" : false
    }, {
      "id" : "s0-t50",
      "begin" : 317,
      "end" : 323,
      "text" : "device",
      "whiteSpace" : false
    }, {
      "id" : "s0-t51",
      "begin" : 323,
      "end" : 324,
      "text" : ".",
      "whiteSpace" : false
    } ]
  }, {
    "id" : "s1",
    "begin" : 325,
    "end" : 392,
    "text" : "The vulnerability is due to a logic error in the affected software.",
    "tokens" : [ {
      "id" : "s1-t0",
      "begin" : 325,
      "end" : 328,
      "text" : "The",
      "whiteSpace" : false
    }, {
      "id" : "s1-t1",
      "begin" : 329,
      "end" : 342,
      "text" : "vulnerability",
      "whiteSpace" : false
    }, {
      "id" : "s1-t2",
      "begin" : 343,
      "end" : 345,
      "text" : "is",
      "whiteSpace" : false
    }, {
      "id" : "s1-t3",
      "begin" : 346,
      "end" : 349,
      "text" : "due",
      "whiteSpace" : false
    }, {
      "id" : "s1-t4",
      "begin" : 350,
      "end" : 352,
      "text" : "to",
      "whiteSpace" : false
    }, {
      "id" : "s1-t5",
      "begin" : 353,
      "end" : 354,
      "text" : "a",
      "whiteSpace" : false
    }, {
      "id" : "s1-t6",
      "begin" : 355,
      "end" : 360,
      "text" : "logic",
      "whiteSpace" : false
    }, {
      "id" : "s1-t7",
      "begin" : 361,
      "end" : 366,
      "text" : "error",
      "whiteSpace" : false
    }, {
      "id" : "s1-t8",
      "begin" : 367,
      "end" : 369,
      "text" : "in",
      "whiteSpace" : false
    }, {
      "id" : "s1-t9",
      "begin" : 370,
      "end" : 373,
      "text" : "the",
      "whiteSpace" : false
    }, {
      "id" : "s1-t10",
      "begin" : 374,
      "end" : 382,
      "text" : "affected",
      "whiteSpace" : false
    }, {
      "id" : "s1-t11",
      "begin" : 383,
      "end" : 391,
      "text" : "software",
      "whiteSpace" : false
    }, {
      "id" : "s1-t12",
      "begin" : 391,
      "end" : 392,
      "text" : ".",
      "whiteSpace" : false
    } ]
  }, {
    "id" : "s2",
    "begin" : 393,
    "end" : 631,
    "text" : "An attacker could exploit this vulnerability by connecting to and passing traffic through a Layer 3 interface of an affected device, if the interface is configured for MACsec MKA using EAP-TLS and is running in access-session closed mode.",
    "tokens" : [ {
      "id" : "s2-t0",
      "begin" : 393,
      "end" : 395,
      "text" : "An",
      "whiteSpace" : false
    }, {
      "id" : "s2-t1",
      "begin" : 396,
      "end" : 404,
      "text" : "attacker",
      "whiteSpace" : false
    }, {
      "id" : "s2-t2",
      "begin" : 405,
      "end" : 410,
      "text" : "could",
      "whiteSpace" : false
    }, {
      "id" : "s2-t3",
      "begin" : 411,
      "end" : 418,
      "text" : "exploit",
      "whiteSpace" : false
    }, {
      "id" : "s2-t4",
      "begin" : 419,
      "end" : 423,
      "text" : "this",
      "whiteSpace" : false
    }, {
      "id" : "s2-t5",
      "begin" : 424,
      "end" : 437,
      "text" : "vulnerability",
      "whiteSpace" : false
    }, {
      "id" : "s2-t6",
      "begin" : 438,
      "end" : 440,
      "text" : "by",
      "whiteSpace" : false
    }, {
      "id" : "s2-t7",
      "begin" : 441,
      "end" : 451,
      "text" : "connecting",
      "whiteSpace" : false
    }, {
      "id" : "s2-t8",
      "begin" : 452,
      "end" : 454,
      "text" : "to",
      "whiteSpace" : false
    }, {
      "id" : "s2-t9",
      "begin" : 455,
      "end" : 458,
      "text" : "and",
      "whiteSpace" : false
    }, {
      "id" : "s2-t10",
      "begin" : 459,
      "end" : 466,
      "text" : "passing",
      "whiteSpace" : false
    }, {
      "id" : "s2-t11",
      "begin" : 467,
      "end" : 474,
      "text" : "traffic",
      "whiteSpace" : false
    }, {
      "id" : "s2-t12",
      "begin" : 475,
      "end" : 482,
      "text" : "through",
      "whiteSpace" : false
    }, {
      "id" : "s2-t13",
      "begin" : 483,
      "end" : 484,
      "text" : "a",
      "whiteSpace" : false
    }, {
      "id" : "s2-t14",
      "begin" : 485,
      "end" : 490,
      "text" : "Layer",
      "whiteSpace" : false
    }, {
      "id" : "s2-t15",
      "begin" : 491,
      "end" : 492,
      "text" : "3",
      "whiteSpace" : false
    }, {
      "id" : "s2-t16",
      "begin" : 493,
      "end" : 502,
      "text" : "interface",
      "whiteSpace" : false
    }, {
      "id" : "s2-t17",
      "begin" : 503,
      "end" : 505,
      "text" : "of",
      "whiteSpace" : false
    }, {
      "id" : "s2-t18",
      "begin" : 506,
      "end" : 508,
      "text" : "an",
      "whiteSpace" : false
    }, {
      "id" : "s2-t19",
      "begin" : 509,
      "end" : 517,
      "text" : "affected",
      "whiteSpace" : false
    }, {
      "id" : "s2-t20",
      "begin" : 518,
      "end" : 524,
      "text" : "device",
      "whiteSpace" : false
    }, {
      "id" : "s2-t21",
      "begin" : 524,
      "end" : 525,
      "text" : ",",
      "whiteSpace" : false
    }, {
      "id" : "s2-t22",
      "begin" : 526,
      "end" : 528,
      "text" : "if",
      "whiteSpace" : false
    }, {
      "id" : "s2-t23",
      "begin" : 529,
      "end" : 532,
      "text" : "the",
      "whiteSpace" : false
    }, {
      "id" : "s2-t24",
      "begin" : 533,
      "end" : 542,
      "text" : "interface",
      "whiteSpace" : false
    }, {
      "id" : "s2-t25",
      "begin" : 543,
      "end" : 545,
      "text" : "is",
      "whiteSpace" : false
    }, {
      "id" : "s2-t26",
      "begin" : 546,
      "end" : 556,
      "text" : "configured",
      "whiteSpace" : false
    }, {
      "id" : "s2-t27",
      "begin" : 557,
      "end" : 560,
      "text" : "for",
      "whiteSpace" : false
    }, {
      "id" : "s2-t28",
      "begin" : 561,
      "end" : 567,
      "text" : "MACsec",
      "whiteSpace" : false
    }, {
      "id" : "s2-t29",
      "begin" : 568,
      "end" : 571,
      "text" : "MKA",
      "whiteSpace" : false
    }, {
      "id" : "s2-t30",
      "begin" : 572,
      "end" : 577,
      "text" : "using",
      "whiteSpace" : false
    }, {
      "id" : "s2-t31",
      "begin" : 578,
      "end" : 585,
      "text" : "EAP-TLS",
      "whiteSpace" : false
    }, {
      "id" : "s2-t32",
      "begin" : 586,
      "end" : 589,
      "text" : "and",
      "whiteSpace" : false
    }, {
      "id" : "s2-t33",
      "begin" : 590,
      "end" : 592,
      "text" : "is",
      "whiteSpace" : false
    }, {
      "id" : "s2-t34",
      "begin" : 593,
      "end" : 600,
      "text" : "running",
      "whiteSpace" : false
    }, {
      "id" : "s2-t35",
      "begin" : 601,
      "end" : 603,
      "text" : "in",
      "whiteSpace" : false
    }, {
      "id" : "s2-t36",
      "begin" : 604,
      "end" : 610,
      "text" : "access",
      "whiteSpace" : false
    }, {
      "id" : "s2-t37",
      "begin" : 610,
      "end" : 611,
      "text" : "-",
      "whiteSpace" : false
    }, {
      "id" : "s2-t38",
      "begin" : 611,
      "end" : 618,
      "text" : "session",
      "whiteSpace" : false
    }, {
      "id" : "s2-t39",
      "begin" : 619,
      "end" : 625,
      "text" : "closed",
      "whiteSpace" : false
    }, {
      "id" : "s2-t40",
      "begin" : 626,
      "end" : 630,
      "text" : "mode",
      "whiteSpace" : false
    }, {
      "id" : "s2-t41",
      "begin" : 630,
      "end" : 631,
      "text" : ".",
      "whiteSpace" : false
    } ]
  }, {
    "id" : "s3",
    "begin" : 632,
    "end" : 750,
    "text" : "A successful exploit could allow the attacker to bypass 802.1x network access controls and gain access to the network.",
    "tokens" : [ {
      "id" : "s3-t0",
      "begin" : 632,
      "end" : 633,
      "text" : "A",
      "whiteSpace" : false
    }, {
      "id" : "s3-t1",
      "begin" : 634,
      "end" : 644,
      "text" : "successful",
      "whiteSpace" : false
    }, {
      "id" : "s3-t2",
      "begin" : 645,
      "end" : 652,
      "text" : "exploit",
      "whiteSpace" : false
    }, {
      "id" : "s3-t3",
      "begin" : 653,
      "end" : 658,
      "text" : "could",
      "whiteSpace" : false
    }, {
      "id" : "s3-t4",
      "begin" : 659,
      "end" : 664,
      "text" : "allow",
      "whiteSpace" : false
    }, {
      "id" : "s3-t5",
      "begin" : 665,
      "end" : 668,
      "text" : "the",
      "whiteSpace" : false
    }, {
      "id" : "s3-t6",
      "begin" : 669,
      "end" : 677,
      "text" : "attacker",
      "whiteSpace" : false
    }, {
      "id" : "s3-t7",
      "begin" : 678,
      "end" : 680,
      "text" : "to",
      "whiteSpace" : false
    }, {
      "id" : "s3-t8",
      "begin" : 681,
      "end" : 687,
      "text" : "bypass",
      "whiteSpace" : false
    }, {
      "id" : "s3-t9",
      "begin" : 688,
      "end" : 694,
      "text" : "802.1x",
      "whiteSpace" : false
    }, {
      "id" : "s3-t10",
      "begin" : 695,
      "end" : 702,
      "text" : "network",
      "whiteSpace" : false
    }, {
      "id" : "s3-t11",
      "begin" : 703,
      "end" : 709,
      "text" : "access",
      "whiteSpace" : false
    }, {
      "id" : "s3-t12",
      "begin" : 710,
      "end" : 718,
      "text" : "controls",
      "whiteSpace" : false
    }, {
      "id" : "s3-t13",
      "begin" : 719,
      "end" : 722,
      "text" : "and",
      "whiteSpace" : false
    }, {
      "id" : "s3-t14",
      "begin" : 723,
      "end" : 727,
      "text" : "gain",
      "whiteSpace" : false
    }, {
      "id" : "s3-t15",
      "begin" : 728,
      "end" : 734,
      "text" : "access",
      "whiteSpace" : false
    }, {
      "id" : "s3-t16",
      "begin" : 735,
      "end" : 737,
      "text" : "to",
      "whiteSpace" : false
    }, {
      "id" : "s3-t17",
      "begin" : 738,
      "end" : 741,
      "text" : "the",
      "whiteSpace" : false
    }, {
      "id" : "s3-t18",
      "begin" : 742,
      "end" : 749,
      "text" : "network",
      "whiteSpace" : false
    }, {
      "id" : "s3-t19",
      "begin" : 749,
      "end" : 750,
      "text" : ".",
      "whiteSpace" : false
    } ]
  }, {
    "id" : "s4",
    "begin" : 751,
    "end" : 1022,
    "text" : "| CISCO:20180926 Cisco IOS XE Software MACsec MKA Using EAP-TLS Authentication Bypass Vulnerability   |   URL:https://tools.cisco.com/security/center/content/CiscoSecurityAdvisory/cisco-sa-20180926-macsec   |   BID:105416   |   URL:http://www.securityfocus.com/bid/105416",
    "tokens" : [ {
      "id" : "s4-t0",
      "begin" : 751,
      "end" : 752,
      "text" : "|",
      "whiteSpace" : false
    }, {
      "id" : "s4-t1",
      "begin" : 753,
      "end" : 758,
      "text" : "CISCO",
      "whiteSpace" : false
    }, {
      "id" : "s4-t2",
      "begin" : 758,
      "end" : 759,
      "text" : ":",
      "whiteSpace" : false
    }, {
      "id" : "s4-t3",
      "begin" : 759,
      "end" : 767,
      "text" : "20180926",
      "whiteSpace" : false
    }, {
      "id" : "s4-t4",
      "begin" : 768,
      "end" : 773,
      "text" : "Cisco",
      "whiteSpace" : false
    }, {
      "id" : "s4-t5",
      "begin" : 774,
      "end" : 777,
      "text" : "IOS",
      "whiteSpace" : false
    }, {
      "id" : "s4-t6",
      "begin" : 778,
      "end" : 780,
      "text" : "XE",
      "whiteSpace" : false
    }, {
      "id" : "s4-t7",
      "begin" : 781,
      "end" : 789,
      "text" : "Software",
      "whiteSpace" : false
    }, {
      "id" : "s4-t8",
      "begin" : 790,
      "end" : 796,
      "text" : "MACsec",
      "whiteSpace" : false
    }, {
      "id" : "s4-t9",
      "begin" : 797,
      "end" : 800,
      "text" : "MKA",
      "whiteSpace" : false
    }, {
      "id" : "s4-t10",
      "begin" : 801,
      "end" : 806,
      "text" : "Using",
      "whiteSpace" : false
    }, {
      "id" : "s4-t11",
      "begin" : 807,
      "end" : 814,
      "text" : "EAP-TLS",
      "whiteSpace" : false
    }, {
      "id" : "s4-t12",
      "begin" : 815,
      "end" : 829,
      "text" : "Authentication",
      "whiteSpace" : false
    }, {
      "id" : "s4-t13",
      "begin" : 830,
      "end" : 836,
      "text" : "Bypass",
      "whiteSpace" : false
    }, {
      "id" : "s4-t14",
      "begin" : 837,
      "end" : 850,
      "text" : "Vulnerability",
      "whiteSpace" : false
    }, {
      "id" : "s4-t15",
      "begin" : 853,
      "end" : 854,
      "text" : "|",
      "whiteSpace" : false
    }, {
      "id" : "s4-t16",
      "begin" : 857,
      "end" : 955,
      "text" : "URL:https://tools.cisco.com/security/center/content/CiscoSecurityAdvisory/cisco-sa-20180926-macsec",
      "whiteSpace" : false
    }, {
      "id" : "s4-t17",
      "begin" : 958,
      "end" : 959,
      "text" : "|",
      "whiteSpace" : false
    }, {
      "id" : "s4-t18",
      "begin" : 962,
      "end" : 965,
      "text" : "BID",
      "whiteSpace" : false
    }, {
      "id" : "s4-t19",
      "begin" : 965,
      "end" : 966,
      "text" : ":",
      "whiteSpace" : false
    }, {
      "id" : "s4-t20",
      "begin" : 966,
      "end" : 972,
      "text" : "105416",
      "whiteSpace" : false
    }, {
      "id" : "s4-t21",
      "begin" : 975,
      "end" : 976,
      "text" : "|",
      "whiteSpace" : false
    }, {
      "id" : "s4-t22",
      "begin" : 979,
      "end" : 1016,
      "text" : "URL:http://www.securityfocus.com/bid/",
      "whiteSpace" : false
    }, {
      "id" : "s4-t23",
      "begin" : 1016,
      "end" : 1022,
      "text" : "105416",
      "whiteSpace" : false
    } ]
  } ],
  "mentions" : [ ],
  "relations" : [ ],
  "corefs" : [ ],
  "typeResolved" : true,
  "userResolved" : false
}