{
  "id" : "cb44ad30-e5bf-11e8-ac51-0ddb2b53e7d9-2897",
  "name" : "CVE-2018-15353",
  "createdDate" : 0,
  "version" : 3,
  "text" : "CVE-2018-15353 | A Buffer Overflow exploited through web interface by remote attacker can cause remote code execution in Kraftway 24F2XG Router firmware 3.5.30.1118. | MISC:https://ics-cert.kaspersky.com/advisories/klcert-advisories/2018/08/17/klcert-18-009-kraftway-24f2xg-router-possible-remote-code-execution/",
  "docLength" : 0,
  "language" : "EN",
  "status" : "READY",
  "modifiedDate" : 1541947254783,
  "documentSet" : [ ],
  "preannotation" : [ ],
  "sentences" : [ {
    "id" : "s0",
    "begin" : 0,
    "end" : 165,
    "text" : "CVE-2018-15353 | A Buffer Overflow exploited through web interface by remote attacker can cause remote code execution in Kraftway 24F2XG Router firmware 3.5.30.1118.",
    "tokens" : [ {
      "id" : "s0-t0",
      "begin" : 0,
      "end" : 14,
      "text" : "CVE-2018-15353",
      "whiteSpace" : false
    }, {
      "id" : "s0-t1",
      "begin" : 15,
      "end" : 16,
      "text" : "|",
      "whiteSpace" : false
    }, {
      "id" : "s0-t2",
      "begin" : 17,
      "end" : 18,
      "text" : "A",
      "whiteSpace" : false
    }, {
      "id" : "s0-t3",
      "begin" : 19,
      "end" : 25,
      "text" : "Buffer",
      "whiteSpace" : false
    }, {
      "id" : "s0-t4",
      "begin" : 26,
      "end" : 34,
      "text" : "Overflow",
      "whiteSpace" : false
    }, {
      "id" : "s0-t5",
      "begin" : 35,
      "end" : 44,
      "text" : "exploited",
      "whiteSpace" : false
    }, {
      "id" : "s0-t6",
      "begin" : 45,
      "end" : 52,
      "text" : "through",
      "whiteSpace" : false
    }, {
      "id" : "s0-t7",
      "begin" : 53,
      "end" : 56,
      "text" : "web",
      "whiteSpace" : false
    }, {
      "id" : "s0-t8",
      "begin" : 57,
      "end" : 66,
      "text" : "interface",
      "whiteSpace" : false
    }, {
      "id" : "s0-t9",
      "begin" : 67,
      "end" : 69,
      "text" : "by",
      "whiteSpace" : false
    }, {
      "id" : "s0-t10",
      "begin" : 70,
      "end" : 76,
      "text" : "remote",
      "whiteSpace" : false
    }, {
      "id" : "s0-t11",
      "begin" : 77,
      "end" : 85,
      "text" : "attacker",
      "whiteSpace" : false
    }, {
      "id" : "s0-t12",
      "begin" : 86,
      "end" : 89,
      "text" : "can",
      "whiteSpace" : false
    }, {
      "id" : "s0-t13",
      "begin" : 90,
      "end" : 95,
      "text" : "cause",
      "whiteSpace" : false
    }, {
      "id" : "s0-t14",
      "begin" : 96,
      "end" : 102,
      "text" : "remote",
      "whiteSpace" : false
    }, {
      "id" : "s0-t15",
      "begin" : 103,
      "end" : 107,
      "text" : "code",
      "whiteSpace" : false
    }, {
      "id" : "s0-t16",
      "begin" : 108,
      "end" : 117,
      "text" : "execution",
      "whiteSpace" : false
    }, {
      "id" : "s0-t17",
      "begin" : 118,
      "end" : 120,
      "text" : "in",
      "whiteSpace" : false
    }, {
      "id" : "s0-t18",
      "begin" : 121,
      "end" : 129,
      "text" : "Kraftway",
      "whiteSpace" : false
    }, {
      "id" : "s0-t19",
      "begin" : 130,
      "end" : 136,
      "text" : "24F2XG",
      "whiteSpace" : false
    }, {
      "id" : "s0-t20",
      "begin" : 137,
      "end" : 143,
      "text" : "Router",
      "whiteSpace" : false
    }, {
      "id" : "s0-t21",
      "begin" : 144,
      "end" : 152,
      "text" : "firmware",
      "whiteSpace" : false
    }, {
      "id" : "s0-t22",
      "begin" : 153,
      "end" : 164,
      "text" : "3.5.30.1118",
      "whiteSpace" : false
    }, {
      "id" : "s0-t23",
      "begin" : 164,
      "end" : 165,
      "text" : ".",
      "whiteSpace" : false
    } ]
  }, {
    "id" : "s1",
    "begin" : 166,
    "end" : 312,
    "text" : "| MISC:https://ics-cert.kaspersky.com/advisories/klcert-advisories/2018/08/17/klcert-18-009-kraftway-24f2xg-router-possible-remote-code-execution/",
    "tokens" : [ {
      "id" : "s1-t0",
      "begin" : 166,
      "end" : 167,
      "text" : "|",
      "whiteSpace" : false
    }, {
      "id" : "s1-t1",
      "begin" : 168,
      "end" : 184,
      "text" : "MISC:https://ics",
      "whiteSpace" : false
    }, {
      "id" : "s1-t2",
      "begin" : 184,
      "end" : 185,
      "text" : "-",
      "whiteSpace" : false
    }, {
      "id" : "s1-t3",
      "begin" : 185,
      "end" : 221,
      "text" : "cert.kaspersky.com/advisories/klcert",
      "whiteSpace" : false
    }, {
      "id" : "s1-t4",
      "begin" : 221,
      "end" : 222,
      "text" : "-",
      "whiteSpace" : false
    }, {
      "id" : "s1-t5",
      "begin" : 222,
      "end" : 312,
      "text" : "advisories/2018/08/17/klcert-18-009-kraftway-24f2xg-router-possible-remote-code-execution/",
      "whiteSpace" : false
    } ]
  } ],
  "mentions" : [ ],
  "relations" : [ ],
  "corefs" : [ ],
  "typeResolved" : true,
  "userResolved" : false
}