{
  "id" : "cb44ad30-e5bf-11e8-ac51-0ddb2b53e7d9-2936",
  "name" : "CVE-2018-15192",
  "createdDate" : 0,
  "version" : 3,
  "text" : "CVE-2018-15192 | An SSRF vulnerability in webhooks in Gitea through 1.5.0-rc2 and Gogs through 0.11.53 allows remote attackers to access intranet services. | MISC:https://github.com/go-gitea/gitea/issues/4624   |   MISC:https://github.com/gogs/gogs/issues/5366",
  "docLength" : 0,
  "language" : "EN",
  "status" : "READY",
  "modifiedDate" : 1541947254783,
  "documentSet" : [ ],
  "preannotation" : [ ],
  "sentences" : [ {
    "id" : "s0",
    "begin" : 0,
    "end" : 155,
    "text" : "CVE-2018-15192 | An SSRF vulnerability in webhooks in Gitea through 1.5.0-rc2 and Gogs through 0.11.53 allows remote attackers to access intranet services.",
    "tokens" : [ {
      "id" : "s0-t0",
      "begin" : 0,
      "end" : 14,
      "text" : "CVE-2018-15192",
      "whiteSpace" : false
    }, {
      "id" : "s0-t1",
      "begin" : 15,
      "end" : 16,
      "text" : "|",
      "whiteSpace" : false
    }, {
      "id" : "s0-t2",
      "begin" : 17,
      "end" : 19,
      "text" : "An",
      "whiteSpace" : false
    }, {
      "id" : "s0-t3",
      "begin" : 20,
      "end" : 24,
      "text" : "SSRF",
      "whiteSpace" : false
    }, {
      "id" : "s0-t4",
      "begin" : 25,
      "end" : 38,
      "text" : "vulnerability",
      "whiteSpace" : false
    }, {
      "id" : "s0-t5",
      "begin" : 39,
      "end" : 41,
      "text" : "in",
      "whiteSpace" : false
    }, {
      "id" : "s0-t6",
      "begin" : 42,
      "end" : 50,
      "text" : "webhooks",
      "whiteSpace" : false
    }, {
      "id" : "s0-t7",
      "begin" : 51,
      "end" : 53,
      "text" : "in",
      "whiteSpace" : false
    }, {
      "id" : "s0-t8",
      "begin" : 54,
      "end" : 59,
      "text" : "Gitea",
      "whiteSpace" : false
    }, {
      "id" : "s0-t9",
      "begin" : 60,
      "end" : 67,
      "text" : "through",
      "whiteSpace" : false
    }, {
      "id" : "s0-t10",
      "begin" : 68,
      "end" : 77,
      "text" : "1.5.0-rc2",
      "whiteSpace" : false
    }, {
      "id" : "s0-t11",
      "begin" : 78,
      "end" : 81,
      "text" : "and",
      "whiteSpace" : false
    }, {
      "id" : "s0-t12",
      "begin" : 82,
      "end" : 86,
      "text" : "Gogs",
      "whiteSpace" : false
    }, {
      "id" : "s0-t13",
      "begin" : 87,
      "end" : 94,
      "text" : "through",
      "whiteSpace" : false
    }, {
      "id" : "s0-t14",
      "begin" : 95,
      "end" : 102,
      "text" : "0.11.53",
      "whiteSpace" : false
    }, {
      "id" : "s0-t15",
      "begin" : 103,
      "end" : 109,
      "text" : "allows",
      "whiteSpace" : false
    }, {
      "id" : "s0-t16",
      "begin" : 110,
      "end" : 116,
      "text" : "remote",
      "whiteSpace" : false
    }, {
      "id" : "s0-t17",
      "begin" : 117,
      "end" : 126,
      "text" : "attackers",
      "whiteSpace" : false
    }, {
      "id" : "s0-t18",
      "begin" : 127,
      "end" : 129,
      "text" : "to",
      "whiteSpace" : false
    }, {
      "id" : "s0-t19",
      "begin" : 130,
      "end" : 136,
      "text" : "access",
      "whiteSpace" : false
    }, {
      "id" : "s0-t20",
      "begin" : 137,
      "end" : 145,
      "text" : "intranet",
      "whiteSpace" : false
    }, {
      "id" : "s0-t21",
      "begin" : 146,
      "end" : 154,
      "text" : "services",
      "whiteSpace" : false
    }, {
      "id" : "s0-t22",
      "begin" : 154,
      "end" : 155,
      "text" : ".",
      "whiteSpace" : false
    } ]
  }, {
    "id" : "s1",
    "begin" : 156,
    "end" : 260,
    "text" : "| MISC:https://github.com/go-gitea/gitea/issues/4624   |   MISC:https://github.com/gogs/gogs/issues/5366",
    "tokens" : [ {
      "id" : "s1-t0",
      "begin" : 156,
      "end" : 157,
      "text" : "|",
      "whiteSpace" : false
    }, {
      "id" : "s1-t1",
      "begin" : 158,
      "end" : 204,
      "text" : "MISC:https://github.com/go-gitea/gitea/issues/",
      "whiteSpace" : false
    }, {
      "id" : "s1-t2",
      "begin" : 204,
      "end" : 208,
      "text" : "4624",
      "whiteSpace" : false
    }, {
      "id" : "s1-t3",
      "begin" : 211,
      "end" : 212,
      "text" : "|",
      "whiteSpace" : false
    }, {
      "id" : "s1-t4",
      "begin" : 215,
      "end" : 256,
      "text" : "MISC:https://github.com/gogs/gogs/issues/",
      "whiteSpace" : false
    }, {
      "id" : "s1-t5",
      "begin" : 256,
      "end" : 260,
      "text" : "5366",
      "whiteSpace" : false
    } ]
  } ],
  "mentions" : [ ],
  "relations" : [ ],
  "corefs" : [ ],
  "typeResolved" : true,
  "userResolved" : false
}