{
  "id" : "cb44ad30-e5bf-11e8-ac51-0ddb2b53e7d9-2935",
  "name" : "CVE-2018-15193",
  "createdDate" : 0,
  "version" : 3,
  "text" : "CVE-2018-15193 | A CSRF vulnerability in the admin panel in Gogs through 0.11.53 allows remote attackers to execute admin operations via a crafted issue / link. | MISC:https://github.com/gogs/gogs/issues/5367",
  "docLength" : 0,
  "language" : "EN",
  "status" : "READY",
  "modifiedDate" : 1541947254783,
  "documentSet" : [ ],
  "preannotation" : [ ],
  "sentences" : [ {
    "id" : "s0",
    "begin" : 0,
    "end" : 160,
    "text" : "CVE-2018-15193 | A CSRF vulnerability in the admin panel in Gogs through 0.11.53 allows remote attackers to execute admin operations via a crafted issue / link.",
    "tokens" : [ {
      "id" : "s0-t0",
      "begin" : 0,
      "end" : 14,
      "text" : "CVE-2018-15193",
      "whiteSpace" : false
    }, {
      "id" : "s0-t1",
      "begin" : 15,
      "end" : 16,
      "text" : "|",
      "whiteSpace" : false
    }, {
      "id" : "s0-t2",
      "begin" : 17,
      "end" : 18,
      "text" : "A",
      "whiteSpace" : false
    }, {
      "id" : "s0-t3",
      "begin" : 19,
      "end" : 23,
      "text" : "CSRF",
      "whiteSpace" : false
    }, {
      "id" : "s0-t4",
      "begin" : 24,
      "end" : 37,
      "text" : "vulnerability",
      "whiteSpace" : false
    }, {
      "id" : "s0-t5",
      "begin" : 38,
      "end" : 40,
      "text" : "in",
      "whiteSpace" : false
    }, {
      "id" : "s0-t6",
      "begin" : 41,
      "end" : 44,
      "text" : "the",
      "whiteSpace" : false
    }, {
      "id" : "s0-t7",
      "begin" : 45,
      "end" : 50,
      "text" : "admin",
      "whiteSpace" : false
    }, {
      "id" : "s0-t8",
      "begin" : 51,
      "end" : 56,
      "text" : "panel",
      "whiteSpace" : false
    }, {
      "id" : "s0-t9",
      "begin" : 57,
      "end" : 59,
      "text" : "in",
      "whiteSpace" : false
    }, {
      "id" : "s0-t10",
      "begin" : 60,
      "end" : 64,
      "text" : "Gogs",
      "whiteSpace" : false
    }, {
      "id" : "s0-t11",
      "begin" : 65,
      "end" : 72,
      "text" : "through",
      "whiteSpace" : false
    }, {
      "id" : "s0-t12",
      "begin" : 73,
      "end" : 80,
      "text" : "0.11.53",
      "whiteSpace" : false
    }, {
      "id" : "s0-t13",
      "begin" : 81,
      "end" : 87,
      "text" : "allows",
      "whiteSpace" : false
    }, {
      "id" : "s0-t14",
      "begin" : 88,
      "end" : 94,
      "text" : "remote",
      "whiteSpace" : false
    }, {
      "id" : "s0-t15",
      "begin" : 95,
      "end" : 104,
      "text" : "attackers",
      "whiteSpace" : false
    }, {
      "id" : "s0-t16",
      "begin" : 105,
      "end" : 107,
      "text" : "to",
      "whiteSpace" : false
    }, {
      "id" : "s0-t17",
      "begin" : 108,
      "end" : 115,
      "text" : "execute",
      "whiteSpace" : false
    }, {
      "id" : "s0-t18",
      "begin" : 116,
      "end" : 121,
      "text" : "admin",
      "whiteSpace" : false
    }, {
      "id" : "s0-t19",
      "begin" : 122,
      "end" : 132,
      "text" : "operations",
      "whiteSpace" : false
    }, {
      "id" : "s0-t20",
      "begin" : 133,
      "end" : 136,
      "text" : "via",
      "whiteSpace" : false
    }, {
      "id" : "s0-t21",
      "begin" : 137,
      "end" : 138,
      "text" : "a",
      "whiteSpace" : false
    }, {
      "id" : "s0-t22",
      "begin" : 139,
      "end" : 146,
      "text" : "crafted",
      "whiteSpace" : false
    }, {
      "id" : "s0-t23",
      "begin" : 147,
      "end" : 152,
      "text" : "issue",
      "whiteSpace" : false
    }, {
      "id" : "s0-t24",
      "begin" : 153,
      "end" : 154,
      "text" : "/",
      "whiteSpace" : false
    }, {
      "id" : "s0-t25",
      "begin" : 155,
      "end" : 159,
      "text" : "link",
      "whiteSpace" : false
    }, {
      "id" : "s0-t26",
      "begin" : 159,
      "end" : 160,
      "text" : ".",
      "whiteSpace" : false
    } ]
  }, {
    "id" : "s1",
    "begin" : 161,
    "end" : 208,
    "text" : "| MISC:https://github.com/gogs/gogs/issues/5367",
    "tokens" : [ {
      "id" : "s1-t0",
      "begin" : 161,
      "end" : 162,
      "text" : "|",
      "whiteSpace" : false
    }, {
      "id" : "s1-t1",
      "begin" : 163,
      "end" : 204,
      "text" : "MISC:https://github.com/gogs/gogs/issues/",
      "whiteSpace" : false
    }, {
      "id" : "s1-t2",
      "begin" : 204,
      "end" : 208,
      "text" : "5367",
      "whiteSpace" : false
    } ]
  } ],
  "mentions" : [ ],
  "relations" : [ ],
  "corefs" : [ ],
  "typeResolved" : true,
  "userResolved" : false
}