{
  "id" : "cb44ad30-e5bf-11e8-ac51-0ddb2b53e7d9-2886",
  "name" : "CVE-2018-15365",
  "createdDate" : 0,
  "version" : 3,
  "text" : "CVE-2018-15365 | A Reflected Cross-Site Scripting (XSS) vulnerability in Trend Micro Deep Discovery Inspector 3.85 and below could allow an attacker to bypass CSRF protection and conduct an attack on vulnerable installations. An attacker must be an authenticated user in order to exploit the vulnerability. | MISC:https://github.com/nixwizard/CVE-2018-15365/   |   CONFIRM:https://success.trendmicro.com/solution/1121079",
  "docLength" : 0,
  "language" : "EN",
  "status" : "READY",
  "modifiedDate" : 1541947254783,
  "documentSet" : [ ],
  "preannotation" : [ ],
  "sentences" : [ {
    "id" : "s0",
    "begin" : 0,
    "end" : 225,
    "text" : "CVE-2018-15365 | A Reflected Cross-Site Scripting (XSS) vulnerability in Trend Micro Deep Discovery Inspector 3.85 and below could allow an attacker to bypass CSRF protection and conduct an attack on vulnerable installations.",
    "tokens" : [ {
      "id" : "s0-t0",
      "begin" : 0,
      "end" : 14,
      "text" : "CVE-2018-15365",
      "whiteSpace" : false
    }, {
      "id" : "s0-t1",
      "begin" : 15,
      "end" : 16,
      "text" : "|",
      "whiteSpace" : false
    }, {
      "id" : "s0-t2",
      "begin" : 17,
      "end" : 18,
      "text" : "A",
      "whiteSpace" : false
    }, {
      "id" : "s0-t3",
      "begin" : 19,
      "end" : 28,
      "text" : "Reflected",
      "whiteSpace" : false
    }, {
      "id" : "s0-t4",
      "begin" : 29,
      "end" : 34,
      "text" : "Cross",
      "whiteSpace" : false
    }, {
      "id" : "s0-t5",
      "begin" : 34,
      "end" : 35,
      "text" : "-",
      "whiteSpace" : false
    }, {
      "id" : "s0-t6",
      "begin" : 35,
      "end" : 39,
      "text" : "Site",
      "whiteSpace" : false
    }, {
      "id" : "s0-t7",
      "begin" : 40,
      "end" : 49,
      "text" : "Scripting",
      "whiteSpace" : false
    }, {
      "id" : "s0-t8",
      "begin" : 50,
      "end" : 51,
      "text" : "(",
      "whiteSpace" : false
    }, {
      "id" : "s0-t9",
      "begin" : 51,
      "end" : 54,
      "text" : "XSS",
      "whiteSpace" : false
    }, {
      "id" : "s0-t10",
      "begin" : 54,
      "end" : 55,
      "text" : ")",
      "whiteSpace" : false
    }, {
      "id" : "s0-t11",
      "begin" : 56,
      "end" : 69,
      "text" : "vulnerability",
      "whiteSpace" : false
    }, {
      "id" : "s0-t12",
      "begin" : 70,
      "end" : 72,
      "text" : "in",
      "whiteSpace" : false
    }, {
      "id" : "s0-t13",
      "begin" : 73,
      "end" : 78,
      "text" : "Trend",
      "whiteSpace" : false
    }, {
      "id" : "s0-t14",
      "begin" : 79,
      "end" : 84,
      "text" : "Micro",
      "whiteSpace" : false
    }, {
      "id" : "s0-t15",
      "begin" : 85,
      "end" : 89,
      "text" : "Deep",
      "whiteSpace" : false
    }, {
      "id" : "s0-t16",
      "begin" : 90,
      "end" : 99,
      "text" : "Discovery",
      "whiteSpace" : false
    }, {
      "id" : "s0-t17",
      "begin" : 100,
      "end" : 109,
      "text" : "Inspector",
      "whiteSpace" : false
    }, {
      "id" : "s0-t18",
      "begin" : 110,
      "end" : 114,
      "text" : "3.85",
      "whiteSpace" : false
    }, {
      "id" : "s0-t19",
      "begin" : 115,
      "end" : 118,
      "text" : "and",
      "whiteSpace" : false
    }, {
      "id" : "s0-t20",
      "begin" : 119,
      "end" : 124,
      "text" : "below",
      "whiteSpace" : false
    }, {
      "id" : "s0-t21",
      "begin" : 125,
      "end" : 130,
      "text" : "could",
      "whiteSpace" : false
    }, {
      "id" : "s0-t22",
      "begin" : 131,
      "end" : 136,
      "text" : "allow",
      "whiteSpace" : false
    }, {
      "id" : "s0-t23",
      "begin" : 137,
      "end" : 139,
      "text" : "an",
      "whiteSpace" : false
    }, {
      "id" : "s0-t24",
      "begin" : 140,
      "end" : 148,
      "text" : "attacker",
      "whiteSpace" : false
    }, {
      "id" : "s0-t25",
      "begin" : 149,
      "end" : 151,
      "text" : "to",
      "whiteSpace" : false
    }, {
      "id" : "s0-t26",
      "begin" : 152,
      "end" : 158,
      "text" : "bypass",
      "whiteSpace" : false
    }, {
      "id" : "s0-t27",
      "begin" : 159,
      "end" : 163,
      "text" : "CSRF",
      "whiteSpace" : false
    }, {
      "id" : "s0-t28",
      "begin" : 164,
      "end" : 174,
      "text" : "protection",
      "whiteSpace" : false
    }, {
      "id" : "s0-t29",
      "begin" : 175,
      "end" : 178,
      "text" : "and",
      "whiteSpace" : false
    }, {
      "id" : "s0-t30",
      "begin" : 179,
      "end" : 186,
      "text" : "conduct",
      "whiteSpace" : false
    }, {
      "id" : "s0-t31",
      "begin" : 187,
      "end" : 189,
      "text" : "an",
      "whiteSpace" : false
    }, {
      "id" : "s0-t32",
      "begin" : 190,
      "end" : 196,
      "text" : "attack",
      "whiteSpace" : false
    }, {
      "id" : "s0-t33",
      "begin" : 197,
      "end" : 199,
      "text" : "on",
      "whiteSpace" : false
    }, {
      "id" : "s0-t34",
      "begin" : 200,
      "end" : 210,
      "text" : "vulnerable",
      "whiteSpace" : false
    }, {
      "id" : "s0-t35",
      "begin" : 211,
      "end" : 224,
      "text" : "installations",
      "whiteSpace" : false
    }, {
      "id" : "s0-t36",
      "begin" : 224,
      "end" : 225,
      "text" : ".",
      "whiteSpace" : false
    } ]
  }, {
    "id" : "s1",
    "begin" : 226,
    "end" : 306,
    "text" : "An attacker must be an authenticated user in order to exploit the vulnerability.",
    "tokens" : [ {
      "id" : "s1-t0",
      "begin" : 226,
      "end" : 228,
      "text" : "An",
      "whiteSpace" : false
    }, {
      "id" : "s1-t1",
      "begin" : 229,
      "end" : 237,
      "text" : "attacker",
      "whiteSpace" : false
    }, {
      "id" : "s1-t2",
      "begin" : 238,
      "end" : 242,
      "text" : "must",
      "whiteSpace" : false
    }, {
      "id" : "s1-t3",
      "begin" : 243,
      "end" : 245,
      "text" : "be",
      "whiteSpace" : false
    }, {
      "id" : "s1-t4",
      "begin" : 246,
      "end" : 248,
      "text" : "an",
      "whiteSpace" : false
    }, {
      "id" : "s1-t5",
      "begin" : 249,
      "end" : 262,
      "text" : "authenticated",
      "whiteSpace" : false
    }, {
      "id" : "s1-t6",
      "begin" : 263,
      "end" : 267,
      "text" : "user",
      "whiteSpace" : false
    }, {
      "id" : "s1-t7",
      "begin" : 268,
      "end" : 270,
      "text" : "in",
      "whiteSpace" : false
    }, {
      "id" : "s1-t8",
      "begin" : 271,
      "end" : 276,
      "text" : "order",
      "whiteSpace" : false
    }, {
      "id" : "s1-t9",
      "begin" : 277,
      "end" : 279,
      "text" : "to",
      "whiteSpace" : false
    }, {
      "id" : "s1-t10",
      "begin" : 280,
      "end" : 287,
      "text" : "exploit",
      "whiteSpace" : false
    }, {
      "id" : "s1-t11",
      "begin" : 288,
      "end" : 291,
      "text" : "the",
      "whiteSpace" : false
    }, {
      "id" : "s1-t12",
      "begin" : 292,
      "end" : 305,
      "text" : "vulnerability",
      "whiteSpace" : false
    }, {
      "id" : "s1-t13",
      "begin" : 305,
      "end" : 306,
      "text" : ".",
      "whiteSpace" : false
    } ]
  }, {
    "id" : "s2",
    "begin" : 307,
    "end" : 420,
    "text" : "| MISC:https://github.com/nixwizard/CVE-2018-15365/   |   CONFIRM:https://success.trendmicro.com/solution/1121079",
    "tokens" : [ {
      "id" : "s2-t0",
      "begin" : 307,
      "end" : 308,
      "text" : "|",
      "whiteSpace" : false
    }, {
      "id" : "s2-t1",
      "begin" : 309,
      "end" : 357,
      "text" : "MISC:https://github.com/nixwizard/CVE-2018-15365",
      "whiteSpace" : false
    }, {
      "id" : "s2-t2",
      "begin" : 357,
      "end" : 358,
      "text" : "/",
      "whiteSpace" : false
    }, {
      "id" : "s2-t3",
      "begin" : 361,
      "end" : 362,
      "text" : "|",
      "whiteSpace" : false
    }, {
      "id" : "s2-t4",
      "begin" : 365,
      "end" : 413,
      "text" : "CONFIRM:https://success.trendmicro.com/solution/",
      "whiteSpace" : false
    }, {
      "id" : "s2-t5",
      "begin" : 413,
      "end" : 420,
      "text" : "1121079",
      "whiteSpace" : false
    } ]
  } ],
  "mentions" : [ ],
  "relations" : [ ],
  "corefs" : [ ],
  "typeResolved" : true,
  "userResolved" : false
}