{
  "id" : "cb44ad30-e5bf-11e8-ac51-0ddb2b53e7d9-2918",
  "name" : "CVE-2018-15314",
  "createdDate" : 0,
  "version" : 3,
  "text" : "CVE-2018-15314 | On F5 BIG-IP AFM 13.0.0-13.1.1.1 and 12.1.0-12.1.3.6, there is a Reflected Cross Site Scripting vulnerability in undisclosed TMUI page. | CONFIRM:https://support.f5.com/csp/article/K04524282   |   BID:105733   |   URL:http://www.securityfocus.com/bid/105733   |   SECTRACK:1041933   |   URL:http://www.securitytracker.com/id/1041933",
  "docLength" : 0,
  "language" : "EN",
  "status" : "READY",
  "modifiedDate" : 1541947254783,
  "documentSet" : [ ],
  "preannotation" : [ ],
  "sentences" : [ {
    "id" : "s0",
    "begin" : 0,
    "end" : 152,
    "text" : "CVE-2018-15314 | On F5 BIG-IP AFM 13.0.0-13.1.1.1 and 12.1.0-12.1.3.6, there is a Reflected Cross Site Scripting vulnerability in undisclosed TMUI page.",
    "tokens" : [ {
      "id" : "s0-t0",
      "begin" : 0,
      "end" : 14,
      "text" : "CVE-2018-15314",
      "whiteSpace" : false
    }, {
      "id" : "s0-t1",
      "begin" : 15,
      "end" : 16,
      "text" : "|",
      "whiteSpace" : false
    }, {
      "id" : "s0-t2",
      "begin" : 17,
      "end" : 19,
      "text" : "On",
      "whiteSpace" : false
    }, {
      "id" : "s0-t3",
      "begin" : 20,
      "end" : 22,
      "text" : "F5",
      "whiteSpace" : false
    }, {
      "id" : "s0-t4",
      "begin" : 23,
      "end" : 26,
      "text" : "BIG",
      "whiteSpace" : false
    }, {
      "id" : "s0-t5",
      "begin" : 26,
      "end" : 27,
      "text" : "-",
      "whiteSpace" : false
    }, {
      "id" : "s0-t6",
      "begin" : 27,
      "end" : 29,
      "text" : "IP",
      "whiteSpace" : false
    }, {
      "id" : "s0-t7",
      "begin" : 30,
      "end" : 33,
      "text" : "AFM",
      "whiteSpace" : false
    }, {
      "id" : "s0-t8",
      "begin" : 34,
      "end" : 49,
      "text" : "13.0.0-13.1.1.1",
      "whiteSpace" : false
    }, {
      "id" : "s0-t9",
      "begin" : 50,
      "end" : 53,
      "text" : "and",
      "whiteSpace" : false
    }, {
      "id" : "s0-t10",
      "begin" : 54,
      "end" : 69,
      "text" : "12.1.0-12.1.3.6",
      "whiteSpace" : false
    }, {
      "id" : "s0-t11",
      "begin" : 69,
      "end" : 70,
      "text" : ",",
      "whiteSpace" : false
    }, {
      "id" : "s0-t12",
      "begin" : 71,
      "end" : 76,
      "text" : "there",
      "whiteSpace" : false
    }, {
      "id" : "s0-t13",
      "begin" : 77,
      "end" : 79,
      "text" : "is",
      "whiteSpace" : false
    }, {
      "id" : "s0-t14",
      "begin" : 80,
      "end" : 81,
      "text" : "a",
      "whiteSpace" : false
    }, {
      "id" : "s0-t15",
      "begin" : 82,
      "end" : 91,
      "text" : "Reflected",
      "whiteSpace" : false
    }, {
      "id" : "s0-t16",
      "begin" : 92,
      "end" : 97,
      "text" : "Cross",
      "whiteSpace" : false
    }, {
      "id" : "s0-t17",
      "begin" : 98,
      "end" : 102,
      "text" : "Site",
      "whiteSpace" : false
    }, {
      "id" : "s0-t18",
      "begin" : 103,
      "end" : 112,
      "text" : "Scripting",
      "whiteSpace" : false
    }, {
      "id" : "s0-t19",
      "begin" : 113,
      "end" : 126,
      "text" : "vulnerability",
      "whiteSpace" : false
    }, {
      "id" : "s0-t20",
      "begin" : 127,
      "end" : 129,
      "text" : "in",
      "whiteSpace" : false
    }, {
      "id" : "s0-t21",
      "begin" : 130,
      "end" : 141,
      "text" : "undisclosed",
      "whiteSpace" : false
    }, {
      "id" : "s0-t22",
      "begin" : 142,
      "end" : 146,
      "text" : "TMUI",
      "whiteSpace" : false
    }, {
      "id" : "s0-t23",
      "begin" : 147,
      "end" : 151,
      "text" : "page",
      "whiteSpace" : false
    }, {
      "id" : "s0-t24",
      "begin" : 151,
      "end" : 152,
      "text" : ".",
      "whiteSpace" : false
    } ]
  }, {
    "id" : "s1",
    "begin" : 153,
    "end" : 349,
    "text" : "| CONFIRM:https://support.f5.com/csp/article/K04524282   |   BID:105733   |   URL:http://www.securityfocus.com/bid/105733   |   SECTRACK:1041933   |   URL:http://www.securitytracker.com/id/1041933",
    "tokens" : [ {
      "id" : "s1-t0",
      "begin" : 153,
      "end" : 154,
      "text" : "|",
      "whiteSpace" : false
    }, {
      "id" : "s1-t1",
      "begin" : 155,
      "end" : 207,
      "text" : "CONFIRM:https://support.f5.com/csp/article/K04524282",
      "whiteSpace" : false
    }, {
      "id" : "s1-t2",
      "begin" : 210,
      "end" : 211,
      "text" : "|",
      "whiteSpace" : false
    }, {
      "id" : "s1-t3",
      "begin" : 214,
      "end" : 217,
      "text" : "BID",
      "whiteSpace" : false
    }, {
      "id" : "s1-t4",
      "begin" : 217,
      "end" : 218,
      "text" : ":",
      "whiteSpace" : false
    }, {
      "id" : "s1-t5",
      "begin" : 218,
      "end" : 224,
      "text" : "105733",
      "whiteSpace" : false
    }, {
      "id" : "s1-t6",
      "begin" : 227,
      "end" : 228,
      "text" : "|",
      "whiteSpace" : false
    }, {
      "id" : "s1-t7",
      "begin" : 231,
      "end" : 268,
      "text" : "URL:http://www.securityfocus.com/bid/",
      "whiteSpace" : false
    }, {
      "id" : "s1-t8",
      "begin" : 268,
      "end" : 274,
      "text" : "105733",
      "whiteSpace" : false
    }, {
      "id" : "s1-t9",
      "begin" : 277,
      "end" : 278,
      "text" : "|",
      "whiteSpace" : false
    }, {
      "id" : "s1-t10",
      "begin" : 281,
      "end" : 289,
      "text" : "SECTRACK",
      "whiteSpace" : false
    }, {
      "id" : "s1-t11",
      "begin" : 289,
      "end" : 290,
      "text" : ":",
      "whiteSpace" : false
    }, {
      "id" : "s1-t12",
      "begin" : 290,
      "end" : 297,
      "text" : "1041933",
      "whiteSpace" : false
    }, {
      "id" : "s1-t13",
      "begin" : 300,
      "end" : 301,
      "text" : "|",
      "whiteSpace" : false
    }, {
      "id" : "s1-t14",
      "begin" : 304,
      "end" : 342,
      "text" : "URL:http://www.securitytracker.com/id/",
      "whiteSpace" : false
    }, {
      "id" : "s1-t15",
      "begin" : 342,
      "end" : 349,
      "text" : "1041933",
      "whiteSpace" : false
    } ]
  } ],
  "mentions" : [ ],
  "relations" : [ ],
  "corefs" : [ ],
  "typeResolved" : true,
  "userResolved" : false
}