{
  "id" : "cb44ad30-e5bf-11e8-ac51-0ddb2b53e7d9-2903",
  "name" : "CVE-2018-1533",
  "createdDate" : 0,
  "version" : 3,
  "text" : "CVE-2018-1533 | IBM Rational Publishing Engine 6.0.5 and 6.0.6 is vulnerable to cross-site scripting. This vulnerability allows users to embed arbitrary JavaScript code in the Web UI thus altering the intended functionality potentially leading to credentials disclosure within a trusted session. IBM X-Force ID: 142431. | CONFIRM:http://www.ibm.com/support/docview.wss?uid=ibm10734697   |   XF:ibm-publishing-cve20181533-xss(142431)   |   URL:https://exchange.xforce.ibmcloud.com/vulnerabilities/142431",
  "docLength" : 0,
  "language" : "EN",
  "status" : "READY",
  "modifiedDate" : 1541947254783,
  "documentSet" : [ ],
  "preannotation" : [ ],
  "sentences" : [ {
    "id" : "s0",
    "begin" : 0,
    "end" : 101,
    "text" : "CVE-2018-1533 | IBM Rational Publishing Engine 6.0.5 and 6.0.6 is vulnerable to cross-site scripting.",
    "tokens" : [ {
      "id" : "s0-t0",
      "begin" : 0,
      "end" : 13,
      "text" : "CVE-2018-1533",
      "whiteSpace" : false
    }, {
      "id" : "s0-t1",
      "begin" : 14,
      "end" : 15,
      "text" : "|",
      "whiteSpace" : false
    }, {
      "id" : "s0-t2",
      "begin" : 16,
      "end" : 19,
      "text" : "IBM",
      "whiteSpace" : false
    }, {
      "id" : "s0-t3",
      "begin" : 20,
      "end" : 28,
      "text" : "Rational",
      "whiteSpace" : false
    }, {
      "id" : "s0-t4",
      "begin" : 29,
      "end" : 39,
      "text" : "Publishing",
      "whiteSpace" : false
    }, {
      "id" : "s0-t5",
      "begin" : 40,
      "end" : 46,
      "text" : "Engine",
      "whiteSpace" : false
    }, {
      "id" : "s0-t6",
      "begin" : 47,
      "end" : 52,
      "text" : "6.0.5",
      "whiteSpace" : false
    }, {
      "id" : "s0-t7",
      "begin" : 53,
      "end" : 56,
      "text" : "and",
      "whiteSpace" : false
    }, {
      "id" : "s0-t8",
      "begin" : 57,
      "end" : 62,
      "text" : "6.0.6",
      "whiteSpace" : false
    }, {
      "id" : "s0-t9",
      "begin" : 63,
      "end" : 65,
      "text" : "is",
      "whiteSpace" : false
    }, {
      "id" : "s0-t10",
      "begin" : 66,
      "end" : 76,
      "text" : "vulnerable",
      "whiteSpace" : false
    }, {
      "id" : "s0-t11",
      "begin" : 77,
      "end" : 79,
      "text" : "to",
      "whiteSpace" : false
    }, {
      "id" : "s0-t12",
      "begin" : 80,
      "end" : 85,
      "text" : "cross",
      "whiteSpace" : false
    }, {
      "id" : "s0-t13",
      "begin" : 85,
      "end" : 86,
      "text" : "-",
      "whiteSpace" : false
    }, {
      "id" : "s0-t14",
      "begin" : 86,
      "end" : 90,
      "text" : "site",
      "whiteSpace" : false
    }, {
      "id" : "s0-t15",
      "begin" : 91,
      "end" : 100,
      "text" : "scripting",
      "whiteSpace" : false
    }, {
      "id" : "s0-t16",
      "begin" : 100,
      "end" : 101,
      "text" : ".",
      "whiteSpace" : false
    } ]
  }, {
    "id" : "s1",
    "begin" : 102,
    "end" : 295,
    "text" : "This vulnerability allows users to embed arbitrary JavaScript code in the Web UI thus altering the intended functionality potentially leading to credentials disclosure within a trusted session.",
    "tokens" : [ {
      "id" : "s1-t0",
      "begin" : 102,
      "end" : 106,
      "text" : "This",
      "whiteSpace" : false
    }, {
      "id" : "s1-t1",
      "begin" : 107,
      "end" : 120,
      "text" : "vulnerability",
      "whiteSpace" : false
    }, {
      "id" : "s1-t2",
      "begin" : 121,
      "end" : 127,
      "text" : "allows",
      "whiteSpace" : false
    }, {
      "id" : "s1-t3",
      "begin" : 128,
      "end" : 133,
      "text" : "users",
      "whiteSpace" : false
    }, {
      "id" : "s1-t4",
      "begin" : 134,
      "end" : 136,
      "text" : "to",
      "whiteSpace" : false
    }, {
      "id" : "s1-t5",
      "begin" : 137,
      "end" : 142,
      "text" : "embed",
      "whiteSpace" : false
    }, {
      "id" : "s1-t6",
      "begin" : 143,
      "end" : 152,
      "text" : "arbitrary",
      "whiteSpace" : false
    }, {
      "id" : "s1-t7",
      "begin" : 153,
      "end" : 163,
      "text" : "JavaScript",
      "whiteSpace" : false
    }, {
      "id" : "s1-t8",
      "begin" : 164,
      "end" : 168,
      "text" : "code",
      "whiteSpace" : false
    }, {
      "id" : "s1-t9",
      "begin" : 169,
      "end" : 171,
      "text" : "in",
      "whiteSpace" : false
    }, {
      "id" : "s1-t10",
      "begin" : 172,
      "end" : 175,
      "text" : "the",
      "whiteSpace" : false
    }, {
      "id" : "s1-t11",
      "begin" : 176,
      "end" : 179,
      "text" : "Web",
      "whiteSpace" : false
    }, {
      "id" : "s1-t12",
      "begin" : 180,
      "end" : 182,
      "text" : "UI",
      "whiteSpace" : false
    }, {
      "id" : "s1-t13",
      "begin" : 183,
      "end" : 187,
      "text" : "thus",
      "whiteSpace" : false
    }, {
      "id" : "s1-t14",
      "begin" : 188,
      "end" : 196,
      "text" : "altering",
      "whiteSpace" : false
    }, {
      "id" : "s1-t15",
      "begin" : 197,
      "end" : 200,
      "text" : "the",
      "whiteSpace" : false
    }, {
      "id" : "s1-t16",
      "begin" : 201,
      "end" : 209,
      "text" : "intended",
      "whiteSpace" : false
    }, {
      "id" : "s1-t17",
      "begin" : 210,
      "end" : 223,
      "text" : "functionality",
      "whiteSpace" : false
    }, {
      "id" : "s1-t18",
      "begin" : 224,
      "end" : 235,
      "text" : "potentially",
      "whiteSpace" : false
    }, {
      "id" : "s1-t19",
      "begin" : 236,
      "end" : 243,
      "text" : "leading",
      "whiteSpace" : false
    }, {
      "id" : "s1-t20",
      "begin" : 244,
      "end" : 246,
      "text" : "to",
      "whiteSpace" : false
    }, {
      "id" : "s1-t21",
      "begin" : 247,
      "end" : 258,
      "text" : "credentials",
      "whiteSpace" : false
    }, {
      "id" : "s1-t22",
      "begin" : 259,
      "end" : 269,
      "text" : "disclosure",
      "whiteSpace" : false
    }, {
      "id" : "s1-t23",
      "begin" : 270,
      "end" : 276,
      "text" : "within",
      "whiteSpace" : false
    }, {
      "id" : "s1-t24",
      "begin" : 277,
      "end" : 278,
      "text" : "a",
      "whiteSpace" : false
    }, {
      "id" : "s1-t25",
      "begin" : 279,
      "end" : 286,
      "text" : "trusted",
      "whiteSpace" : false
    }, {
      "id" : "s1-t26",
      "begin" : 287,
      "end" : 294,
      "text" : "session",
      "whiteSpace" : false
    }, {
      "id" : "s1-t27",
      "begin" : 294,
      "end" : 295,
      "text" : ".",
      "whiteSpace" : false
    } ]
  }, {
    "id" : "s2",
    "begin" : 296,
    "end" : 319,
    "text" : "IBM X-Force ID: 142431.",
    "tokens" : [ {
      "id" : "s2-t0",
      "begin" : 296,
      "end" : 299,
      "text" : "IBM",
      "whiteSpace" : false
    }, {
      "id" : "s2-t1",
      "begin" : 300,
      "end" : 307,
      "text" : "X-Force",
      "whiteSpace" : false
    }, {
      "id" : "s2-t2",
      "begin" : 308,
      "end" : 310,
      "text" : "ID",
      "whiteSpace" : false
    }, {
      "id" : "s2-t3",
      "begin" : 310,
      "end" : 311,
      "text" : ":",
      "whiteSpace" : false
    }, {
      "id" : "s2-t4",
      "begin" : 312,
      "end" : 318,
      "text" : "142431",
      "whiteSpace" : false
    }, {
      "id" : "s2-t5",
      "begin" : 318,
      "end" : 319,
      "text" : ".",
      "whiteSpace" : false
    } ]
  }, {
    "id" : "s3",
    "begin" : 320,
    "end" : 502,
    "text" : "| CONFIRM:http://www.ibm.com/support/docview.wss?uid=ibm10734697   |   XF:ibm-publishing-cve20181533-xss(142431)   |   URL:https://exchange.xforce.ibmcloud.com/vulnerabilities/142431",
    "tokens" : [ {
      "id" : "s3-t0",
      "begin" : 320,
      "end" : 321,
      "text" : "|",
      "whiteSpace" : false
    }, {
      "id" : "s3-t1",
      "begin" : 322,
      "end" : 384,
      "text" : "CONFIRM:http://www.ibm.com/support/docview.wss?uid=ibm10734697",
      "whiteSpace" : false
    }, {
      "id" : "s3-t2",
      "begin" : 387,
      "end" : 388,
      "text" : "|",
      "whiteSpace" : false
    }, {
      "id" : "s3-t3",
      "begin" : 391,
      "end" : 393,
      "text" : "XF",
      "whiteSpace" : false
    }, {
      "id" : "s3-t4",
      "begin" : 393,
      "end" : 397,
      "text" : ":ibm",
      "whiteSpace" : false
    }, {
      "id" : "s3-t5",
      "begin" : 397,
      "end" : 398,
      "text" : "-",
      "whiteSpace" : false
    }, {
      "id" : "s3-t6",
      "begin" : 398,
      "end" : 408,
      "text" : "publishing",
      "whiteSpace" : false
    }, {
      "id" : "s3-t7",
      "begin" : 408,
      "end" : 409,
      "text" : "-",
      "whiteSpace" : false
    }, {
      "id" : "s3-t8",
      "begin" : 409,
      "end" : 420,
      "text" : "cve20181533",
      "whiteSpace" : false
    }, {
      "id" : "s3-t9",
      "begin" : 420,
      "end" : 421,
      "text" : "-",
      "whiteSpace" : false
    }, {
      "id" : "s3-t10",
      "begin" : 421,
      "end" : 424,
      "text" : "xss",
      "whiteSpace" : false
    }, {
      "id" : "s3-t11",
      "begin" : 424,
      "end" : 425,
      "text" : "(",
      "whiteSpace" : false
    }, {
      "id" : "s3-t12",
      "begin" : 425,
      "end" : 431,
      "text" : "142431",
      "whiteSpace" : false
    }, {
      "id" : "s3-t13",
      "begin" : 431,
      "end" : 432,
      "text" : ")",
      "whiteSpace" : false
    }, {
      "id" : "s3-t14",
      "begin" : 435,
      "end" : 436,
      "text" : "|",
      "whiteSpace" : false
    }, {
      "id" : "s3-t15",
      "begin" : 439,
      "end" : 496,
      "text" : "URL:https://exchange.xforce.ibmcloud.com/vulnerabilities/",
      "whiteSpace" : false
    }, {
      "id" : "s3-t16",
      "begin" : 496,
      "end" : 502,
      "text" : "142431",
      "whiteSpace" : false
    } ]
  } ],
  "mentions" : [ ],
  "relations" : [ ],
  "corefs" : [ ],
  "typeResolved" : true,
  "userResolved" : false
}