{
  "id" : "cb44ad30-e5bf-11e8-ac51-0ddb2b53e7d9-2863",
  "name" : "CVE-2018-15391",
  "createdDate" : 0,
  "version" : 3,
  "text" : "CVE-2018-15391 | A vulnerability in certain IPv4 fragment-processing functions of Cisco Remote PHY Software could allow an unauthenticated, remote attacker to impact traffic passing through a device, potentially causing a denial of service (DoS) condition. The vulnerability is due to the affected software not validating and calculating certain numerical values in IPv4 packets that are sent to an affected device. An attacker could exploit this vulnerability by sending malformed IPv4 traffic to an affected device. A successful exploit could allow the attacker to disrupt the flow of certain IPv4 traffic passing through an affected device, which could result in a DoS condition. | CISCO:20181003 Cisco Remote PHY IPv4 Fragment Denial of Service Vulnerability   |   URL:https://tools.cisco.com/security/center/content/CiscoSecurityAdvisory/cisco-sa-20181003-phy-ipv4-dos",
  "docLength" : 0,
  "language" : "EN",
  "status" : "READY",
  "modifiedDate" : 1541947254783,
  "documentSet" : [ ],
  "preannotation" : [ ],
  "sentences" : [ {
    "id" : "s0",
    "begin" : 0,
    "end" : 256,
    "text" : "CVE-2018-15391 | A vulnerability in certain IPv4 fragment-processing functions of Cisco Remote PHY Software could allow an unauthenticated, remote attacker to impact traffic passing through a device, potentially causing a denial of service (DoS) condition.",
    "tokens" : [ {
      "id" : "s0-t0",
      "begin" : 0,
      "end" : 14,
      "text" : "CVE-2018-15391",
      "whiteSpace" : false
    }, {
      "id" : "s0-t1",
      "begin" : 15,
      "end" : 16,
      "text" : "|",
      "whiteSpace" : false
    }, {
      "id" : "s0-t2",
      "begin" : 17,
      "end" : 18,
      "text" : "A",
      "whiteSpace" : false
    }, {
      "id" : "s0-t3",
      "begin" : 19,
      "end" : 32,
      "text" : "vulnerability",
      "whiteSpace" : false
    }, {
      "id" : "s0-t4",
      "begin" : 33,
      "end" : 35,
      "text" : "in",
      "whiteSpace" : false
    }, {
      "id" : "s0-t5",
      "begin" : 36,
      "end" : 43,
      "text" : "certain",
      "whiteSpace" : false
    }, {
      "id" : "s0-t6",
      "begin" : 44,
      "end" : 48,
      "text" : "IPv4",
      "whiteSpace" : false
    }, {
      "id" : "s0-t7",
      "begin" : 49,
      "end" : 57,
      "text" : "fragment",
      "whiteSpace" : false
    }, {
      "id" : "s0-t8",
      "begin" : 57,
      "end" : 58,
      "text" : "-",
      "whiteSpace" : false
    }, {
      "id" : "s0-t9",
      "begin" : 58,
      "end" : 68,
      "text" : "processing",
      "whiteSpace" : false
    }, {
      "id" : "s0-t10",
      "begin" : 69,
      "end" : 78,
      "text" : "functions",
      "whiteSpace" : false
    }, {
      "id" : "s0-t11",
      "begin" : 79,
      "end" : 81,
      "text" : "of",
      "whiteSpace" : false
    }, {
      "id" : "s0-t12",
      "begin" : 82,
      "end" : 87,
      "text" : "Cisco",
      "whiteSpace" : false
    }, {
      "id" : "s0-t13",
      "begin" : 88,
      "end" : 94,
      "text" : "Remote",
      "whiteSpace" : false
    }, {
      "id" : "s0-t14",
      "begin" : 95,
      "end" : 98,
      "text" : "PHY",
      "whiteSpace" : false
    }, {
      "id" : "s0-t15",
      "begin" : 99,
      "end" : 107,
      "text" : "Software",
      "whiteSpace" : false
    }, {
      "id" : "s0-t16",
      "begin" : 108,
      "end" : 113,
      "text" : "could",
      "whiteSpace" : false
    }, {
      "id" : "s0-t17",
      "begin" : 114,
      "end" : 119,
      "text" : "allow",
      "whiteSpace" : false
    }, {
      "id" : "s0-t18",
      "begin" : 120,
      "end" : 122,
      "text" : "an",
      "whiteSpace" : false
    }, {
      "id" : "s0-t19",
      "begin" : 123,
      "end" : 138,
      "text" : "unauthenticated",
      "whiteSpace" : false
    }, {
      "id" : "s0-t20",
      "begin" : 138,
      "end" : 139,
      "text" : ",",
      "whiteSpace" : false
    }, {
      "id" : "s0-t21",
      "begin" : 140,
      "end" : 146,
      "text" : "remote",
      "whiteSpace" : false
    }, {
      "id" : "s0-t22",
      "begin" : 147,
      "end" : 155,
      "text" : "attacker",
      "whiteSpace" : false
    }, {
      "id" : "s0-t23",
      "begin" : 156,
      "end" : 158,
      "text" : "to",
      "whiteSpace" : false
    }, {
      "id" : "s0-t24",
      "begin" : 159,
      "end" : 165,
      "text" : "impact",
      "whiteSpace" : false
    }, {
      "id" : "s0-t25",
      "begin" : 166,
      "end" : 173,
      "text" : "traffic",
      "whiteSpace" : false
    }, {
      "id" : "s0-t26",
      "begin" : 174,
      "end" : 181,
      "text" : "passing",
      "whiteSpace" : false
    }, {
      "id" : "s0-t27",
      "begin" : 182,
      "end" : 189,
      "text" : "through",
      "whiteSpace" : false
    }, {
      "id" : "s0-t28",
      "begin" : 190,
      "end" : 191,
      "text" : "a",
      "whiteSpace" : false
    }, {
      "id" : "s0-t29",
      "begin" : 192,
      "end" : 198,
      "text" : "device",
      "whiteSpace" : false
    }, {
      "id" : "s0-t30",
      "begin" : 198,
      "end" : 199,
      "text" : ",",
      "whiteSpace" : false
    }, {
      "id" : "s0-t31",
      "begin" : 200,
      "end" : 211,
      "text" : "potentially",
      "whiteSpace" : false
    }, {
      "id" : "s0-t32",
      "begin" : 212,
      "end" : 219,
      "text" : "causing",
      "whiteSpace" : false
    }, {
      "id" : "s0-t33",
      "begin" : 220,
      "end" : 221,
      "text" : "a",
      "whiteSpace" : false
    }, {
      "id" : "s0-t34",
      "begin" : 222,
      "end" : 228,
      "text" : "denial",
      "whiteSpace" : false
    }, {
      "id" : "s0-t35",
      "begin" : 229,
      "end" : 231,
      "text" : "of",
      "whiteSpace" : false
    }, {
      "id" : "s0-t36",
      "begin" : 232,
      "end" : 239,
      "text" : "service",
      "whiteSpace" : false
    }, {
      "id" : "s0-t37",
      "begin" : 240,
      "end" : 241,
      "text" : "(",
      "whiteSpace" : false
    }, {
      "id" : "s0-t38",
      "begin" : 241,
      "end" : 244,
      "text" : "DoS",
      "whiteSpace" : false
    }, {
      "id" : "s0-t39",
      "begin" : 244,
      "end" : 245,
      "text" : ")",
      "whiteSpace" : false
    }, {
      "id" : "s0-t40",
      "begin" : 246,
      "end" : 255,
      "text" : "condition",
      "whiteSpace" : false
    }, {
      "id" : "s0-t41",
      "begin" : 255,
      "end" : 256,
      "text" : ".",
      "whiteSpace" : false
    } ]
  }, {
    "id" : "s1",
    "begin" : 257,
    "end" : 415,
    "text" : "The vulnerability is due to the affected software not validating and calculating certain numerical values in IPv4 packets that are sent to an affected device.",
    "tokens" : [ {
      "id" : "s1-t0",
      "begin" : 257,
      "end" : 260,
      "text" : "The",
      "whiteSpace" : false
    }, {
      "id" : "s1-t1",
      "begin" : 261,
      "end" : 274,
      "text" : "vulnerability",
      "whiteSpace" : false
    }, {
      "id" : "s1-t2",
      "begin" : 275,
      "end" : 277,
      "text" : "is",
      "whiteSpace" : false
    }, {
      "id" : "s1-t3",
      "begin" : 278,
      "end" : 281,
      "text" : "due",
      "whiteSpace" : false
    }, {
      "id" : "s1-t4",
      "begin" : 282,
      "end" : 284,
      "text" : "to",
      "whiteSpace" : false
    }, {
      "id" : "s1-t5",
      "begin" : 285,
      "end" : 288,
      "text" : "the",
      "whiteSpace" : false
    }, {
      "id" : "s1-t6",
      "begin" : 289,
      "end" : 297,
      "text" : "affected",
      "whiteSpace" : false
    }, {
      "id" : "s1-t7",
      "begin" : 298,
      "end" : 306,
      "text" : "software",
      "whiteSpace" : false
    }, {
      "id" : "s1-t8",
      "begin" : 307,
      "end" : 310,
      "text" : "not",
      "whiteSpace" : false
    }, {
      "id" : "s1-t9",
      "begin" : 311,
      "end" : 321,
      "text" : "validating",
      "whiteSpace" : false
    }, {
      "id" : "s1-t10",
      "begin" : 322,
      "end" : 325,
      "text" : "and",
      "whiteSpace" : false
    }, {
      "id" : "s1-t11",
      "begin" : 326,
      "end" : 337,
      "text" : "calculating",
      "whiteSpace" : false
    }, {
      "id" : "s1-t12",
      "begin" : 338,
      "end" : 345,
      "text" : "certain",
      "whiteSpace" : false
    }, {
      "id" : "s1-t13",
      "begin" : 346,
      "end" : 355,
      "text" : "numerical",
      "whiteSpace" : false
    }, {
      "id" : "s1-t14",
      "begin" : 356,
      "end" : 362,
      "text" : "values",
      "whiteSpace" : false
    }, {
      "id" : "s1-t15",
      "begin" : 363,
      "end" : 365,
      "text" : "in",
      "whiteSpace" : false
    }, {
      "id" : "s1-t16",
      "begin" : 366,
      "end" : 370,
      "text" : "IPv4",
      "whiteSpace" : false
    }, {
      "id" : "s1-t17",
      "begin" : 371,
      "end" : 378,
      "text" : "packets",
      "whiteSpace" : false
    }, {
      "id" : "s1-t18",
      "begin" : 379,
      "end" : 383,
      "text" : "that",
      "whiteSpace" : false
    }, {
      "id" : "s1-t19",
      "begin" : 384,
      "end" : 387,
      "text" : "are",
      "whiteSpace" : false
    }, {
      "id" : "s1-t20",
      "begin" : 388,
      "end" : 392,
      "text" : "sent",
      "whiteSpace" : false
    }, {
      "id" : "s1-t21",
      "begin" : 393,
      "end" : 395,
      "text" : "to",
      "whiteSpace" : false
    }, {
      "id" : "s1-t22",
      "begin" : 396,
      "end" : 398,
      "text" : "an",
      "whiteSpace" : false
    }, {
      "id" : "s1-t23",
      "begin" : 399,
      "end" : 407,
      "text" : "affected",
      "whiteSpace" : false
    }, {
      "id" : "s1-t24",
      "begin" : 408,
      "end" : 414,
      "text" : "device",
      "whiteSpace" : false
    }, {
      "id" : "s1-t25",
      "begin" : 414,
      "end" : 415,
      "text" : ".",
      "whiteSpace" : false
    } ]
  }, {
    "id" : "s2",
    "begin" : 416,
    "end" : 517,
    "text" : "An attacker could exploit this vulnerability by sending malformed IPv4 traffic to an affected device.",
    "tokens" : [ {
      "id" : "s2-t0",
      "begin" : 416,
      "end" : 418,
      "text" : "An",
      "whiteSpace" : false
    }, {
      "id" : "s2-t1",
      "begin" : 419,
      "end" : 427,
      "text" : "attacker",
      "whiteSpace" : false
    }, {
      "id" : "s2-t2",
      "begin" : 428,
      "end" : 433,
      "text" : "could",
      "whiteSpace" : false
    }, {
      "id" : "s2-t3",
      "begin" : 434,
      "end" : 441,
      "text" : "exploit",
      "whiteSpace" : false
    }, {
      "id" : "s2-t4",
      "begin" : 442,
      "end" : 446,
      "text" : "this",
      "whiteSpace" : false
    }, {
      "id" : "s2-t5",
      "begin" : 447,
      "end" : 460,
      "text" : "vulnerability",
      "whiteSpace" : false
    }, {
      "id" : "s2-t6",
      "begin" : 461,
      "end" : 463,
      "text" : "by",
      "whiteSpace" : false
    }, {
      "id" : "s2-t7",
      "begin" : 464,
      "end" : 471,
      "text" : "sending",
      "whiteSpace" : false
    }, {
      "id" : "s2-t8",
      "begin" : 472,
      "end" : 481,
      "text" : "malformed",
      "whiteSpace" : false
    }, {
      "id" : "s2-t9",
      "begin" : 482,
      "end" : 486,
      "text" : "IPv4",
      "whiteSpace" : false
    }, {
      "id" : "s2-t10",
      "begin" : 487,
      "end" : 494,
      "text" : "traffic",
      "whiteSpace" : false
    }, {
      "id" : "s2-t11",
      "begin" : 495,
      "end" : 497,
      "text" : "to",
      "whiteSpace" : false
    }, {
      "id" : "s2-t12",
      "begin" : 498,
      "end" : 500,
      "text" : "an",
      "whiteSpace" : false
    }, {
      "id" : "s2-t13",
      "begin" : 501,
      "end" : 509,
      "text" : "affected",
      "whiteSpace" : false
    }, {
      "id" : "s2-t14",
      "begin" : 510,
      "end" : 516,
      "text" : "device",
      "whiteSpace" : false
    }, {
      "id" : "s2-t15",
      "begin" : 516,
      "end" : 517,
      "text" : ".",
      "whiteSpace" : false
    } ]
  }, {
    "id" : "s3",
    "begin" : 518,
    "end" : 682,
    "text" : "A successful exploit could allow the attacker to disrupt the flow of certain IPv4 traffic passing through an affected device, which could result in a DoS condition.",
    "tokens" : [ {
      "id" : "s3-t0",
      "begin" : 518,
      "end" : 519,
      "text" : "A",
      "whiteSpace" : false
    }, {
      "id" : "s3-t1",
      "begin" : 520,
      "end" : 530,
      "text" : "successful",
      "whiteSpace" : false
    }, {
      "id" : "s3-t2",
      "begin" : 531,
      "end" : 538,
      "text" : "exploit",
      "whiteSpace" : false
    }, {
      "id" : "s3-t3",
      "begin" : 539,
      "end" : 544,
      "text" : "could",
      "whiteSpace" : false
    }, {
      "id" : "s3-t4",
      "begin" : 545,
      "end" : 550,
      "text" : "allow",
      "whiteSpace" : false
    }, {
      "id" : "s3-t5",
      "begin" : 551,
      "end" : 554,
      "text" : "the",
      "whiteSpace" : false
    }, {
      "id" : "s3-t6",
      "begin" : 555,
      "end" : 563,
      "text" : "attacker",
      "whiteSpace" : false
    }, {
      "id" : "s3-t7",
      "begin" : 564,
      "end" : 566,
      "text" : "to",
      "whiteSpace" : false
    }, {
      "id" : "s3-t8",
      "begin" : 567,
      "end" : 574,
      "text" : "disrupt",
      "whiteSpace" : false
    }, {
      "id" : "s3-t9",
      "begin" : 575,
      "end" : 578,
      "text" : "the",
      "whiteSpace" : false
    }, {
      "id" : "s3-t10",
      "begin" : 579,
      "end" : 583,
      "text" : "flow",
      "whiteSpace" : false
    }, {
      "id" : "s3-t11",
      "begin" : 584,
      "end" : 586,
      "text" : "of",
      "whiteSpace" : false
    }, {
      "id" : "s3-t12",
      "begin" : 587,
      "end" : 594,
      "text" : "certain",
      "whiteSpace" : false
    }, {
      "id" : "s3-t13",
      "begin" : 595,
      "end" : 599,
      "text" : "IPv4",
      "whiteSpace" : false
    }, {
      "id" : "s3-t14",
      "begin" : 600,
      "end" : 607,
      "text" : "traffic",
      "whiteSpace" : false
    }, {
      "id" : "s3-t15",
      "begin" : 608,
      "end" : 615,
      "text" : "passing",
      "whiteSpace" : false
    }, {
      "id" : "s3-t16",
      "begin" : 616,
      "end" : 623,
      "text" : "through",
      "whiteSpace" : false
    }, {
      "id" : "s3-t17",
      "begin" : 624,
      "end" : 626,
      "text" : "an",
      "whiteSpace" : false
    }, {
      "id" : "s3-t18",
      "begin" : 627,
      "end" : 635,
      "text" : "affected",
      "whiteSpace" : false
    }, {
      "id" : "s3-t19",
      "begin" : 636,
      "end" : 642,
      "text" : "device",
      "whiteSpace" : false
    }, {
      "id" : "s3-t20",
      "begin" : 642,
      "end" : 643,
      "text" : ",",
      "whiteSpace" : false
    }, {
      "id" : "s3-t21",
      "begin" : 644,
      "end" : 649,
      "text" : "which",
      "whiteSpace" : false
    }, {
      "id" : "s3-t22",
      "begin" : 650,
      "end" : 655,
      "text" : "could",
      "whiteSpace" : false
    }, {
      "id" : "s3-t23",
      "begin" : 656,
      "end" : 662,
      "text" : "result",
      "whiteSpace" : false
    }, {
      "id" : "s3-t24",
      "begin" : 663,
      "end" : 665,
      "text" : "in",
      "whiteSpace" : false
    }, {
      "id" : "s3-t25",
      "begin" : 666,
      "end" : 667,
      "text" : "a",
      "whiteSpace" : false
    }, {
      "id" : "s3-t26",
      "begin" : 668,
      "end" : 671,
      "text" : "DoS",
      "whiteSpace" : false
    }, {
      "id" : "s3-t27",
      "begin" : 672,
      "end" : 681,
      "text" : "condition",
      "whiteSpace" : false
    }, {
      "id" : "s3-t28",
      "begin" : 681,
      "end" : 682,
      "text" : ".",
      "whiteSpace" : false
    } ]
  }, {
    "id" : "s4",
    "begin" : 683,
    "end" : 873,
    "text" : "| CISCO:20181003 Cisco Remote PHY IPv4 Fragment Denial of Service Vulnerability   |   URL:https://tools.cisco.com/security/center/content/CiscoSecurityAdvisory/cisco-sa-20181003-phy-ipv4-dos",
    "tokens" : [ {
      "id" : "s4-t0",
      "begin" : 683,
      "end" : 684,
      "text" : "|",
      "whiteSpace" : false
    }, {
      "id" : "s4-t1",
      "begin" : 685,
      "end" : 690,
      "text" : "CISCO",
      "whiteSpace" : false
    }, {
      "id" : "s4-t2",
      "begin" : 690,
      "end" : 691,
      "text" : ":",
      "whiteSpace" : false
    }, {
      "id" : "s4-t3",
      "begin" : 691,
      "end" : 699,
      "text" : "20181003",
      "whiteSpace" : false
    }, {
      "id" : "s4-t4",
      "begin" : 700,
      "end" : 705,
      "text" : "Cisco",
      "whiteSpace" : false
    }, {
      "id" : "s4-t5",
      "begin" : 706,
      "end" : 712,
      "text" : "Remote",
      "whiteSpace" : false
    }, {
      "id" : "s4-t6",
      "begin" : 713,
      "end" : 716,
      "text" : "PHY",
      "whiteSpace" : false
    }, {
      "id" : "s4-t7",
      "begin" : 717,
      "end" : 721,
      "text" : "IPv4",
      "whiteSpace" : false
    }, {
      "id" : "s4-t8",
      "begin" : 722,
      "end" : 730,
      "text" : "Fragment",
      "whiteSpace" : false
    }, {
      "id" : "s4-t9",
      "begin" : 731,
      "end" : 737,
      "text" : "Denial",
      "whiteSpace" : false
    }, {
      "id" : "s4-t10",
      "begin" : 738,
      "end" : 740,
      "text" : "of",
      "whiteSpace" : false
    }, {
      "id" : "s4-t11",
      "begin" : 741,
      "end" : 748,
      "text" : "Service",
      "whiteSpace" : false
    }, {
      "id" : "s4-t12",
      "begin" : 749,
      "end" : 762,
      "text" : "Vulnerability",
      "whiteSpace" : false
    }, {
      "id" : "s4-t13",
      "begin" : 765,
      "end" : 766,
      "text" : "|",
      "whiteSpace" : false
    }, {
      "id" : "s4-t14",
      "begin" : 769,
      "end" : 772,
      "text" : "URL",
      "whiteSpace" : false
    }, {
      "id" : "s4-t15",
      "begin" : 772,
      "end" : 873,
      "text" : ":https://tools.cisco.com/security/center/content/CiscoSecurityAdvisory/cisco-sa-20181003-phy-ipv4-dos",
      "whiteSpace" : false
    } ]
  } ],
  "mentions" : [ ],
  "relations" : [ ],
  "corefs" : [ ],
  "typeResolved" : true,
  "userResolved" : false
}