{
  "id" : "cb44ad30-e5bf-11e8-ac51-0ddb2b53e7d9-2898",
  "name" : "CVE-2018-15352",
  "createdDate" : 0,
  "version" : 3,
  "text" : "CVE-2018-15352 | An attacker with low privileges can cause denial of service in Kraftway 24F2XG Router firmware version 3.5.30.1118. | MISC:https://ics-cert.kaspersky.com/advisories/klcert-advisories/2018/08/17/klcert-18-008-kraftway-24f2xg-router-denial-of-service/",
  "docLength" : 0,
  "language" : "EN",
  "status" : "READY",
  "modifiedDate" : 1541947254783,
  "documentSet" : [ ],
  "preannotation" : [ ],
  "sentences" : [ {
    "id" : "s0",
    "begin" : 0,
    "end" : 132,
    "text" : "CVE-2018-15352 | An attacker with low privileges can cause denial of service in Kraftway 24F2XG Router firmware version 3.5.30.1118.",
    "tokens" : [ {
      "id" : "s0-t0",
      "begin" : 0,
      "end" : 14,
      "text" : "CVE-2018-15352",
      "whiteSpace" : false
    }, {
      "id" : "s0-t1",
      "begin" : 15,
      "end" : 16,
      "text" : "|",
      "whiteSpace" : false
    }, {
      "id" : "s0-t2",
      "begin" : 17,
      "end" : 19,
      "text" : "An",
      "whiteSpace" : false
    }, {
      "id" : "s0-t3",
      "begin" : 20,
      "end" : 28,
      "text" : "attacker",
      "whiteSpace" : false
    }, {
      "id" : "s0-t4",
      "begin" : 29,
      "end" : 33,
      "text" : "with",
      "whiteSpace" : false
    }, {
      "id" : "s0-t5",
      "begin" : 34,
      "end" : 37,
      "text" : "low",
      "whiteSpace" : false
    }, {
      "id" : "s0-t6",
      "begin" : 38,
      "end" : 48,
      "text" : "privileges",
      "whiteSpace" : false
    }, {
      "id" : "s0-t7",
      "begin" : 49,
      "end" : 52,
      "text" : "can",
      "whiteSpace" : false
    }, {
      "id" : "s0-t8",
      "begin" : 53,
      "end" : 58,
      "text" : "cause",
      "whiteSpace" : false
    }, {
      "id" : "s0-t9",
      "begin" : 59,
      "end" : 65,
      "text" : "denial",
      "whiteSpace" : false
    }, {
      "id" : "s0-t10",
      "begin" : 66,
      "end" : 68,
      "text" : "of",
      "whiteSpace" : false
    }, {
      "id" : "s0-t11",
      "begin" : 69,
      "end" : 76,
      "text" : "service",
      "whiteSpace" : false
    }, {
      "id" : "s0-t12",
      "begin" : 77,
      "end" : 79,
      "text" : "in",
      "whiteSpace" : false
    }, {
      "id" : "s0-t13",
      "begin" : 80,
      "end" : 88,
      "text" : "Kraftway",
      "whiteSpace" : false
    }, {
      "id" : "s0-t14",
      "begin" : 89,
      "end" : 95,
      "text" : "24F2XG",
      "whiteSpace" : false
    }, {
      "id" : "s0-t15",
      "begin" : 96,
      "end" : 102,
      "text" : "Router",
      "whiteSpace" : false
    }, {
      "id" : "s0-t16",
      "begin" : 103,
      "end" : 111,
      "text" : "firmware",
      "whiteSpace" : false
    }, {
      "id" : "s0-t17",
      "begin" : 112,
      "end" : 119,
      "text" : "version",
      "whiteSpace" : false
    }, {
      "id" : "s0-t18",
      "begin" : 120,
      "end" : 131,
      "text" : "3.5.30.1118",
      "whiteSpace" : false
    }, {
      "id" : "s0-t19",
      "begin" : 131,
      "end" : 132,
      "text" : ".",
      "whiteSpace" : false
    } ]
  }, {
    "id" : "s1",
    "begin" : 133,
    "end" : 266,
    "text" : "| MISC:https://ics-cert.kaspersky.com/advisories/klcert-advisories/2018/08/17/klcert-18-008-kraftway-24f2xg-router-denial-of-service/",
    "tokens" : [ {
      "id" : "s1-t0",
      "begin" : 133,
      "end" : 134,
      "text" : "|",
      "whiteSpace" : false
    }, {
      "id" : "s1-t1",
      "begin" : 135,
      "end" : 151,
      "text" : "MISC:https://ics",
      "whiteSpace" : false
    }, {
      "id" : "s1-t2",
      "begin" : 151,
      "end" : 152,
      "text" : "-",
      "whiteSpace" : false
    }, {
      "id" : "s1-t3",
      "begin" : 152,
      "end" : 188,
      "text" : "cert.kaspersky.com/advisories/klcert",
      "whiteSpace" : false
    }, {
      "id" : "s1-t4",
      "begin" : 188,
      "end" : 189,
      "text" : "-",
      "whiteSpace" : false
    }, {
      "id" : "s1-t5",
      "begin" : 189,
      "end" : 266,
      "text" : "advisories/2018/08/17/klcert-18-008-kraftway-24f2xg-router-denial-of-service/",
      "whiteSpace" : false
    } ]
  } ],
  "mentions" : [ ],
  "relations" : [ ],
  "corefs" : [ ],
  "typeResolved" : true,
  "userResolved" : false
}