{
  "id" : "cb44ad30-e5bf-11e8-ac51-0ddb2b53e7d9-2912",
  "name" : "CVE-2018-1532",
  "createdDate" : 0,
  "version" : 3,
  "text" : "CVE-2018-1532 | IBM API Connect 5.0.0.0 through 5.0.8.2 does not properly update the SESSIONID with each request, which could allow a user to obtain the ID in further attacks against the system. IBM X-Force ID: 142430. | CONFIRM:http://www.ibm.com/support/docview.wss?uid=swg22015978   |   XF:ibm-api-cve20181532-info-disc(142430)   |   URL:https://exchange.xforce.ibmcloud.com/vulnerabilities/142430",
  "docLength" : 0,
  "language" : "EN",
  "status" : "READY",
  "modifiedDate" : 1541947254783,
  "documentSet" : [ ],
  "preannotation" : [ ],
  "sentences" : [ {
    "id" : "s0",
    "begin" : 0,
    "end" : 194,
    "text" : "CVE-2018-1532 | IBM API Connect 5.0.0.0 through 5.0.8.2 does not properly update the SESSIONID with each request, which could allow a user to obtain the ID in further attacks against the system.",
    "tokens" : [ {
      "id" : "s0-t0",
      "begin" : 0,
      "end" : 13,
      "text" : "CVE-2018-1532",
      "whiteSpace" : false
    }, {
      "id" : "s0-t1",
      "begin" : 14,
      "end" : 15,
      "text" : "|",
      "whiteSpace" : false
    }, {
      "id" : "s0-t2",
      "begin" : 16,
      "end" : 19,
      "text" : "IBM",
      "whiteSpace" : false
    }, {
      "id" : "s0-t3",
      "begin" : 20,
      "end" : 23,
      "text" : "API",
      "whiteSpace" : false
    }, {
      "id" : "s0-t4",
      "begin" : 24,
      "end" : 31,
      "text" : "Connect",
      "whiteSpace" : false
    }, {
      "id" : "s0-t5",
      "begin" : 32,
      "end" : 39,
      "text" : "5.0.0.0",
      "whiteSpace" : false
    }, {
      "id" : "s0-t6",
      "begin" : 40,
      "end" : 47,
      "text" : "through",
      "whiteSpace" : false
    }, {
      "id" : "s0-t7",
      "begin" : 48,
      "end" : 55,
      "text" : "5.0.8.2",
      "whiteSpace" : false
    }, {
      "id" : "s0-t8",
      "begin" : 56,
      "end" : 60,
      "text" : "does",
      "whiteSpace" : false
    }, {
      "id" : "s0-t9",
      "begin" : 61,
      "end" : 64,
      "text" : "not",
      "whiteSpace" : false
    }, {
      "id" : "s0-t10",
      "begin" : 65,
      "end" : 73,
      "text" : "properly",
      "whiteSpace" : false
    }, {
      "id" : "s0-t11",
      "begin" : 74,
      "end" : 80,
      "text" : "update",
      "whiteSpace" : false
    }, {
      "id" : "s0-t12",
      "begin" : 81,
      "end" : 84,
      "text" : "the",
      "whiteSpace" : false
    }, {
      "id" : "s0-t13",
      "begin" : 85,
      "end" : 94,
      "text" : "SESSIONID",
      "whiteSpace" : false
    }, {
      "id" : "s0-t14",
      "begin" : 95,
      "end" : 99,
      "text" : "with",
      "whiteSpace" : false
    }, {
      "id" : "s0-t15",
      "begin" : 100,
      "end" : 104,
      "text" : "each",
      "whiteSpace" : false
    }, {
      "id" : "s0-t16",
      "begin" : 105,
      "end" : 112,
      "text" : "request",
      "whiteSpace" : false
    }, {
      "id" : "s0-t17",
      "begin" : 112,
      "end" : 113,
      "text" : ",",
      "whiteSpace" : false
    }, {
      "id" : "s0-t18",
      "begin" : 114,
      "end" : 119,
      "text" : "which",
      "whiteSpace" : false
    }, {
      "id" : "s0-t19",
      "begin" : 120,
      "end" : 125,
      "text" : "could",
      "whiteSpace" : false
    }, {
      "id" : "s0-t20",
      "begin" : 126,
      "end" : 131,
      "text" : "allow",
      "whiteSpace" : false
    }, {
      "id" : "s0-t21",
      "begin" : 132,
      "end" : 133,
      "text" : "a",
      "whiteSpace" : false
    }, {
      "id" : "s0-t22",
      "begin" : 134,
      "end" : 138,
      "text" : "user",
      "whiteSpace" : false
    }, {
      "id" : "s0-t23",
      "begin" : 139,
      "end" : 141,
      "text" : "to",
      "whiteSpace" : false
    }, {
      "id" : "s0-t24",
      "begin" : 142,
      "end" : 148,
      "text" : "obtain",
      "whiteSpace" : false
    }, {
      "id" : "s0-t25",
      "begin" : 149,
      "end" : 152,
      "text" : "the",
      "whiteSpace" : false
    }, {
      "id" : "s0-t26",
      "begin" : 153,
      "end" : 155,
      "text" : "ID",
      "whiteSpace" : false
    }, {
      "id" : "s0-t27",
      "begin" : 156,
      "end" : 158,
      "text" : "in",
      "whiteSpace" : false
    }, {
      "id" : "s0-t28",
      "begin" : 159,
      "end" : 166,
      "text" : "further",
      "whiteSpace" : false
    }, {
      "id" : "s0-t29",
      "begin" : 167,
      "end" : 174,
      "text" : "attacks",
      "whiteSpace" : false
    }, {
      "id" : "s0-t30",
      "begin" : 175,
      "end" : 182,
      "text" : "against",
      "whiteSpace" : false
    }, {
      "id" : "s0-t31",
      "begin" : 183,
      "end" : 186,
      "text" : "the",
      "whiteSpace" : false
    }, {
      "id" : "s0-t32",
      "begin" : 187,
      "end" : 193,
      "text" : "system",
      "whiteSpace" : false
    }, {
      "id" : "s0-t33",
      "begin" : 193,
      "end" : 194,
      "text" : ".",
      "whiteSpace" : false
    } ]
  }, {
    "id" : "s1",
    "begin" : 195,
    "end" : 218,
    "text" : "IBM X-Force ID: 142430.",
    "tokens" : [ {
      "id" : "s1-t0",
      "begin" : 195,
      "end" : 198,
      "text" : "IBM",
      "whiteSpace" : false
    }, {
      "id" : "s1-t1",
      "begin" : 199,
      "end" : 206,
      "text" : "X-Force",
      "whiteSpace" : false
    }, {
      "id" : "s1-t2",
      "begin" : 207,
      "end" : 209,
      "text" : "ID",
      "whiteSpace" : false
    }, {
      "id" : "s1-t3",
      "begin" : 209,
      "end" : 210,
      "text" : ":",
      "whiteSpace" : false
    }, {
      "id" : "s1-t4",
      "begin" : 211,
      "end" : 217,
      "text" : "142430",
      "whiteSpace" : false
    }, {
      "id" : "s1-t5",
      "begin" : 217,
      "end" : 218,
      "text" : ".",
      "whiteSpace" : false
    } ]
  }, {
    "id" : "s2",
    "begin" : 219,
    "end" : 400,
    "text" : "| CONFIRM:http://www.ibm.com/support/docview.wss?uid=swg22015978   |   XF:ibm-api-cve20181532-info-disc(142430)   |   URL:https://exchange.xforce.ibmcloud.com/vulnerabilities/142430",
    "tokens" : [ {
      "id" : "s2-t0",
      "begin" : 219,
      "end" : 220,
      "text" : "|",
      "whiteSpace" : false
    }, {
      "id" : "s2-t1",
      "begin" : 221,
      "end" : 283,
      "text" : "CONFIRM:http://www.ibm.com/support/docview.wss?uid=swg22015978",
      "whiteSpace" : false
    }, {
      "id" : "s2-t2",
      "begin" : 286,
      "end" : 287,
      "text" : "|",
      "whiteSpace" : false
    }, {
      "id" : "s2-t3",
      "begin" : 290,
      "end" : 292,
      "text" : "XF",
      "whiteSpace" : false
    }, {
      "id" : "s2-t4",
      "begin" : 292,
      "end" : 296,
      "text" : ":ibm",
      "whiteSpace" : false
    }, {
      "id" : "s2-t5",
      "begin" : 296,
      "end" : 297,
      "text" : "-",
      "whiteSpace" : false
    }, {
      "id" : "s2-t6",
      "begin" : 297,
      "end" : 300,
      "text" : "api",
      "whiteSpace" : false
    }, {
      "id" : "s2-t7",
      "begin" : 300,
      "end" : 301,
      "text" : "-",
      "whiteSpace" : false
    }, {
      "id" : "s2-t8",
      "begin" : 301,
      "end" : 312,
      "text" : "cve20181532",
      "whiteSpace" : false
    }, {
      "id" : "s2-t9",
      "begin" : 312,
      "end" : 313,
      "text" : "-",
      "whiteSpace" : false
    }, {
      "id" : "s2-t10",
      "begin" : 313,
      "end" : 317,
      "text" : "info",
      "whiteSpace" : false
    }, {
      "id" : "s2-t11",
      "begin" : 317,
      "end" : 318,
      "text" : "-",
      "whiteSpace" : false
    }, {
      "id" : "s2-t12",
      "begin" : 318,
      "end" : 322,
      "text" : "disc",
      "whiteSpace" : false
    }, {
      "id" : "s2-t13",
      "begin" : 322,
      "end" : 323,
      "text" : "(",
      "whiteSpace" : false
    }, {
      "id" : "s2-t14",
      "begin" : 323,
      "end" : 329,
      "text" : "142430",
      "whiteSpace" : false
    }, {
      "id" : "s2-t15",
      "begin" : 329,
      "end" : 330,
      "text" : ")",
      "whiteSpace" : false
    }, {
      "id" : "s2-t16",
      "begin" : 333,
      "end" : 334,
      "text" : "|",
      "whiteSpace" : false
    }, {
      "id" : "s2-t17",
      "begin" : 337,
      "end" : 394,
      "text" : "URL:https://exchange.xforce.ibmcloud.com/vulnerabilities/",
      "whiteSpace" : false
    }, {
      "id" : "s2-t18",
      "begin" : 394,
      "end" : 400,
      "text" : "142430",
      "whiteSpace" : false
    } ]
  } ],
  "mentions" : [ ],
  "relations" : [ ],
  "corefs" : [ ],
  "typeResolved" : true,
  "userResolved" : false
}