{
  "id" : "cb44ad30-e5bf-11e8-ac51-0ddb2b53e7d9-2996",
  "name" : "CVE-2018-14982",
  "createdDate" : 0,
  "version" : 3,
  "text" : "CVE-2018-14982 | Certain LG devices based on Android 6.0 through 8.1 have incorrect access control in the GNSS application. The LG ID is LVE-SMP-180004. | CONFIRM:https://lgsecurity.lge.com/security_updates.html",
  "docLength" : 0,
  "language" : "EN",
  "status" : "READY",
  "modifiedDate" : 1541947254783,
  "documentSet" : [ ],
  "preannotation" : [ ],
  "sentences" : [ {
    "id" : "s0",
    "begin" : 0,
    "end" : 123,
    "text" : "CVE-2018-14982 | Certain LG devices based on Android 6.0 through 8.1 have incorrect access control in the GNSS application.",
    "tokens" : [ {
      "id" : "s0-t0",
      "begin" : 0,
      "end" : 14,
      "text" : "CVE-2018-14982",
      "whiteSpace" : false
    }, {
      "id" : "s0-t1",
      "begin" : 15,
      "end" : 16,
      "text" : "|",
      "whiteSpace" : false
    }, {
      "id" : "s0-t2",
      "begin" : 17,
      "end" : 24,
      "text" : "Certain",
      "whiteSpace" : false
    }, {
      "id" : "s0-t3",
      "begin" : 25,
      "end" : 27,
      "text" : "LG",
      "whiteSpace" : false
    }, {
      "id" : "s0-t4",
      "begin" : 28,
      "end" : 35,
      "text" : "devices",
      "whiteSpace" : false
    }, {
      "id" : "s0-t5",
      "begin" : 36,
      "end" : 41,
      "text" : "based",
      "whiteSpace" : false
    }, {
      "id" : "s0-t6",
      "begin" : 42,
      "end" : 44,
      "text" : "on",
      "whiteSpace" : false
    }, {
      "id" : "s0-t7",
      "begin" : 45,
      "end" : 52,
      "text" : "Android",
      "whiteSpace" : false
    }, {
      "id" : "s0-t8",
      "begin" : 53,
      "end" : 56,
      "text" : "6.0",
      "whiteSpace" : false
    }, {
      "id" : "s0-t9",
      "begin" : 57,
      "end" : 64,
      "text" : "through",
      "whiteSpace" : false
    }, {
      "id" : "s0-t10",
      "begin" : 65,
      "end" : 68,
      "text" : "8.1",
      "whiteSpace" : false
    }, {
      "id" : "s0-t11",
      "begin" : 69,
      "end" : 73,
      "text" : "have",
      "whiteSpace" : false
    }, {
      "id" : "s0-t12",
      "begin" : 74,
      "end" : 83,
      "text" : "incorrect",
      "whiteSpace" : false
    }, {
      "id" : "s0-t13",
      "begin" : 84,
      "end" : 90,
      "text" : "access",
      "whiteSpace" : false
    }, {
      "id" : "s0-t14",
      "begin" : 91,
      "end" : 98,
      "text" : "control",
      "whiteSpace" : false
    }, {
      "id" : "s0-t15",
      "begin" : 99,
      "end" : 101,
      "text" : "in",
      "whiteSpace" : false
    }, {
      "id" : "s0-t16",
      "begin" : 102,
      "end" : 105,
      "text" : "the",
      "whiteSpace" : false
    }, {
      "id" : "s0-t17",
      "begin" : 106,
      "end" : 110,
      "text" : "GNSS",
      "whiteSpace" : false
    }, {
      "id" : "s0-t18",
      "begin" : 111,
      "end" : 122,
      "text" : "application",
      "whiteSpace" : false
    }, {
      "id" : "s0-t19",
      "begin" : 122,
      "end" : 123,
      "text" : ".",
      "whiteSpace" : false
    } ]
  }, {
    "id" : "s1",
    "begin" : 124,
    "end" : 152,
    "text" : "The LG ID is LVE-SMP-180004.",
    "tokens" : [ {
      "id" : "s1-t0",
      "begin" : 124,
      "end" : 127,
      "text" : "The",
      "whiteSpace" : false
    }, {
      "id" : "s1-t1",
      "begin" : 128,
      "end" : 130,
      "text" : "LG",
      "whiteSpace" : false
    }, {
      "id" : "s1-t2",
      "begin" : 131,
      "end" : 133,
      "text" : "ID",
      "whiteSpace" : false
    }, {
      "id" : "s1-t3",
      "begin" : 134,
      "end" : 136,
      "text" : "is",
      "whiteSpace" : false
    }, {
      "id" : "s1-t4",
      "begin" : 137,
      "end" : 151,
      "text" : "LVE-SMP-180004",
      "whiteSpace" : false
    }, {
      "id" : "s1-t5",
      "begin" : 151,
      "end" : 152,
      "text" : ".",
      "whiteSpace" : false
    } ]
  }, {
    "id" : "s2",
    "begin" : 153,
    "end" : 211,
    "text" : "| CONFIRM:https://lgsecurity.lge.com/security_updates.html",
    "tokens" : [ {
      "id" : "s2-t0",
      "begin" : 153,
      "end" : 154,
      "text" : "|",
      "whiteSpace" : false
    }, {
      "id" : "s2-t1",
      "begin" : 155,
      "end" : 211,
      "text" : "CONFIRM:https://lgsecurity.lge.com/security_updates.html",
      "whiteSpace" : false
    } ]
  } ],
  "mentions" : [ ],
  "relations" : [ ],
  "corefs" : [ ],
  "typeResolved" : true,
  "userResolved" : false
}