{
  "id" : "cb44ad30-e5bf-11e8-ac51-0ddb2b53e7d9-2941",
  "name" : "CVE-2018-15187",
  "createdDate" : 0,
  "version" : 3,
  "text" : "CVE-2018-15187 | PHP Scripts Mall advanced-real-estate-script 4.0.9 has CSRF via edit-profile.php. | MISC:https://gkaim.com/cve-2018-15187-vikas-chaudhary/",
  "docLength" : 0,
  "language" : "EN",
  "status" : "READY",
  "modifiedDate" : 1541947254783,
  "documentSet" : [ ],
  "preannotation" : [ ],
  "sentences" : [ {
    "id" : "s0",
    "begin" : 0,
    "end" : 98,
    "text" : "CVE-2018-15187 | PHP Scripts Mall advanced-real-estate-script 4.0.9 has CSRF via edit-profile.php.",
    "tokens" : [ {
      "id" : "s0-t0",
      "begin" : 0,
      "end" : 14,
      "text" : "CVE-2018-15187",
      "whiteSpace" : false
    }, {
      "id" : "s0-t1",
      "begin" : 15,
      "end" : 16,
      "text" : "|",
      "whiteSpace" : false
    }, {
      "id" : "s0-t2",
      "begin" : 17,
      "end" : 20,
      "text" : "PHP",
      "whiteSpace" : false
    }, {
      "id" : "s0-t3",
      "begin" : 21,
      "end" : 28,
      "text" : "Scripts",
      "whiteSpace" : false
    }, {
      "id" : "s0-t4",
      "begin" : 29,
      "end" : 33,
      "text" : "Mall",
      "whiteSpace" : false
    }, {
      "id" : "s0-t5",
      "begin" : 34,
      "end" : 42,
      "text" : "advanced",
      "whiteSpace" : false
    }, {
      "id" : "s0-t6",
      "begin" : 42,
      "end" : 43,
      "text" : "-",
      "whiteSpace" : false
    }, {
      "id" : "s0-t7",
      "begin" : 43,
      "end" : 47,
      "text" : "real",
      "whiteSpace" : false
    }, {
      "id" : "s0-t8",
      "begin" : 47,
      "end" : 48,
      "text" : "-",
      "whiteSpace" : false
    }, {
      "id" : "s0-t9",
      "begin" : 48,
      "end" : 54,
      "text" : "estate",
      "whiteSpace" : false
    }, {
      "id" : "s0-t10",
      "begin" : 54,
      "end" : 55,
      "text" : "-",
      "whiteSpace" : false
    }, {
      "id" : "s0-t11",
      "begin" : 55,
      "end" : 61,
      "text" : "script",
      "whiteSpace" : false
    }, {
      "id" : "s0-t12",
      "begin" : 62,
      "end" : 67,
      "text" : "4.0.9",
      "whiteSpace" : false
    }, {
      "id" : "s0-t13",
      "begin" : 68,
      "end" : 71,
      "text" : "has",
      "whiteSpace" : false
    }, {
      "id" : "s0-t14",
      "begin" : 72,
      "end" : 76,
      "text" : "CSRF",
      "whiteSpace" : false
    }, {
      "id" : "s0-t15",
      "begin" : 77,
      "end" : 80,
      "text" : "via",
      "whiteSpace" : false
    }, {
      "id" : "s0-t16",
      "begin" : 81,
      "end" : 85,
      "text" : "edit",
      "whiteSpace" : false
    }, {
      "id" : "s0-t17",
      "begin" : 85,
      "end" : 86,
      "text" : "-",
      "whiteSpace" : false
    }, {
      "id" : "s0-t18",
      "begin" : 86,
      "end" : 97,
      "text" : "profile.php",
      "whiteSpace" : false
    }, {
      "id" : "s0-t19",
      "begin" : 97,
      "end" : 98,
      "text" : ".",
      "whiteSpace" : false
    } ]
  }, {
    "id" : "s1",
    "begin" : 99,
    "end" : 155,
    "text" : "| MISC:https://gkaim.com/cve-2018-15187-vikas-chaudhary/",
    "tokens" : [ {
      "id" : "s1-t0",
      "begin" : 99,
      "end" : 100,
      "text" : "|",
      "whiteSpace" : false
    }, {
      "id" : "s1-t1",
      "begin" : 101,
      "end" : 127,
      "text" : "MISC:https://gkaim.com/cve",
      "whiteSpace" : false
    }, {
      "id" : "s1-t2",
      "begin" : 127,
      "end" : 128,
      "text" : "-",
      "whiteSpace" : false
    }, {
      "id" : "s1-t3",
      "begin" : 128,
      "end" : 132,
      "text" : "2018",
      "whiteSpace" : false
    }, {
      "id" : "s1-t4",
      "begin" : 132,
      "end" : 133,
      "text" : "-",
      "whiteSpace" : false
    }, {
      "id" : "s1-t5",
      "begin" : 133,
      "end" : 138,
      "text" : "15187",
      "whiteSpace" : false
    }, {
      "id" : "s1-t6",
      "begin" : 138,
      "end" : 139,
      "text" : "-",
      "whiteSpace" : false
    }, {
      "id" : "s1-t7",
      "begin" : 139,
      "end" : 144,
      "text" : "vikas",
      "whiteSpace" : false
    }, {
      "id" : "s1-t8",
      "begin" : 144,
      "end" : 145,
      "text" : "-",
      "whiteSpace" : false
    }, {
      "id" : "s1-t9",
      "begin" : 145,
      "end" : 155,
      "text" : "chaudhary/",
      "whiteSpace" : false
    } ]
  } ],
  "mentions" : [ ],
  "relations" : [ ],
  "corefs" : [ ],
  "typeResolved" : true,
  "userResolved" : false
}