{
  "id" : "cb44ad30-e5bf-11e8-ac51-0ddb2b53e7d9-2887",
  "name" : "CVE-2018-15364",
  "createdDate" : 0,
  "version" : 3,
  "text" : "CVE-2018-15364 | A Named Pipe Request Processing Out-of-Bounds Read Information Disclosure vulnerability in Trend Micro OfficeScan XG (12.0) could allow a local attacker to disclose sensitive information on vulnerable installations. An attacker must first obtain the ability to execute low-privileged code on the target system in order to exploit the vulnerability. | MISC:https://www.zerodayinitiative.com/advisories/ZDI-18-964/   |   CONFIRM:https://success.trendmicro.com/solution/1120678",
  "docLength" : 0,
  "language" : "EN",
  "status" : "READY",
  "modifiedDate" : 1541947254783,
  "documentSet" : [ ],
  "preannotation" : [ ],
  "sentences" : [ {
    "id" : "s0",
    "begin" : 0,
    "end" : 232,
    "text" : "CVE-2018-15364 | A Named Pipe Request Processing Out-of-Bounds Read Information Disclosure vulnerability in Trend Micro OfficeScan XG (12.0) could allow a local attacker to disclose sensitive information on vulnerable installations.",
    "tokens" : [ {
      "id" : "s0-t0",
      "begin" : 0,
      "end" : 14,
      "text" : "CVE-2018-15364",
      "whiteSpace" : false
    }, {
      "id" : "s0-t1",
      "begin" : 15,
      "end" : 16,
      "text" : "|",
      "whiteSpace" : false
    }, {
      "id" : "s0-t2",
      "begin" : 17,
      "end" : 18,
      "text" : "A",
      "whiteSpace" : false
    }, {
      "id" : "s0-t3",
      "begin" : 19,
      "end" : 24,
      "text" : "Named",
      "whiteSpace" : false
    }, {
      "id" : "s0-t4",
      "begin" : 25,
      "end" : 29,
      "text" : "Pipe",
      "whiteSpace" : false
    }, {
      "id" : "s0-t5",
      "begin" : 30,
      "end" : 37,
      "text" : "Request",
      "whiteSpace" : false
    }, {
      "id" : "s0-t6",
      "begin" : 38,
      "end" : 48,
      "text" : "Processing",
      "whiteSpace" : false
    }, {
      "id" : "s0-t7",
      "begin" : 49,
      "end" : 52,
      "text" : "Out",
      "whiteSpace" : false
    }, {
      "id" : "s0-t8",
      "begin" : 52,
      "end" : 53,
      "text" : "-",
      "whiteSpace" : false
    }, {
      "id" : "s0-t9",
      "begin" : 53,
      "end" : 55,
      "text" : "of",
      "whiteSpace" : false
    }, {
      "id" : "s0-t10",
      "begin" : 55,
      "end" : 56,
      "text" : "-",
      "whiteSpace" : false
    }, {
      "id" : "s0-t11",
      "begin" : 56,
      "end" : 62,
      "text" : "Bounds",
      "whiteSpace" : false
    }, {
      "id" : "s0-t12",
      "begin" : 63,
      "end" : 67,
      "text" : "Read",
      "whiteSpace" : false
    }, {
      "id" : "s0-t13",
      "begin" : 68,
      "end" : 79,
      "text" : "Information",
      "whiteSpace" : false
    }, {
      "id" : "s0-t14",
      "begin" : 80,
      "end" : 90,
      "text" : "Disclosure",
      "whiteSpace" : false
    }, {
      "id" : "s0-t15",
      "begin" : 91,
      "end" : 104,
      "text" : "vulnerability",
      "whiteSpace" : false
    }, {
      "id" : "s0-t16",
      "begin" : 105,
      "end" : 107,
      "text" : "in",
      "whiteSpace" : false
    }, {
      "id" : "s0-t17",
      "begin" : 108,
      "end" : 113,
      "text" : "Trend",
      "whiteSpace" : false
    }, {
      "id" : "s0-t18",
      "begin" : 114,
      "end" : 119,
      "text" : "Micro",
      "whiteSpace" : false
    }, {
      "id" : "s0-t19",
      "begin" : 120,
      "end" : 130,
      "text" : "OfficeScan",
      "whiteSpace" : false
    }, {
      "id" : "s0-t20",
      "begin" : 131,
      "end" : 133,
      "text" : "XG",
      "whiteSpace" : false
    }, {
      "id" : "s0-t21",
      "begin" : 134,
      "end" : 135,
      "text" : "(",
      "whiteSpace" : false
    }, {
      "id" : "s0-t22",
      "begin" : 135,
      "end" : 139,
      "text" : "12.0",
      "whiteSpace" : false
    }, {
      "id" : "s0-t23",
      "begin" : 139,
      "end" : 140,
      "text" : ")",
      "whiteSpace" : false
    }, {
      "id" : "s0-t24",
      "begin" : 141,
      "end" : 146,
      "text" : "could",
      "whiteSpace" : false
    }, {
      "id" : "s0-t25",
      "begin" : 147,
      "end" : 152,
      "text" : "allow",
      "whiteSpace" : false
    }, {
      "id" : "s0-t26",
      "begin" : 153,
      "end" : 154,
      "text" : "a",
      "whiteSpace" : false
    }, {
      "id" : "s0-t27",
      "begin" : 155,
      "end" : 160,
      "text" : "local",
      "whiteSpace" : false
    }, {
      "id" : "s0-t28",
      "begin" : 161,
      "end" : 169,
      "text" : "attacker",
      "whiteSpace" : false
    }, {
      "id" : "s0-t29",
      "begin" : 170,
      "end" : 172,
      "text" : "to",
      "whiteSpace" : false
    }, {
      "id" : "s0-t30",
      "begin" : 173,
      "end" : 181,
      "text" : "disclose",
      "whiteSpace" : false
    }, {
      "id" : "s0-t31",
      "begin" : 182,
      "end" : 191,
      "text" : "sensitive",
      "whiteSpace" : false
    }, {
      "id" : "s0-t32",
      "begin" : 192,
      "end" : 203,
      "text" : "information",
      "whiteSpace" : false
    }, {
      "id" : "s0-t33",
      "begin" : 204,
      "end" : 206,
      "text" : "on",
      "whiteSpace" : false
    }, {
      "id" : "s0-t34",
      "begin" : 207,
      "end" : 217,
      "text" : "vulnerable",
      "whiteSpace" : false
    }, {
      "id" : "s0-t35",
      "begin" : 218,
      "end" : 231,
      "text" : "installations",
      "whiteSpace" : false
    }, {
      "id" : "s0-t36",
      "begin" : 231,
      "end" : 232,
      "text" : ".",
      "whiteSpace" : false
    } ]
  }, {
    "id" : "s1",
    "begin" : 233,
    "end" : 365,
    "text" : "An attacker must first obtain the ability to execute low-privileged code on the target system in order to exploit the vulnerability.",
    "tokens" : [ {
      "id" : "s1-t0",
      "begin" : 233,
      "end" : 235,
      "text" : "An",
      "whiteSpace" : false
    }, {
      "id" : "s1-t1",
      "begin" : 236,
      "end" : 244,
      "text" : "attacker",
      "whiteSpace" : false
    }, {
      "id" : "s1-t2",
      "begin" : 245,
      "end" : 249,
      "text" : "must",
      "whiteSpace" : false
    }, {
      "id" : "s1-t3",
      "begin" : 250,
      "end" : 255,
      "text" : "first",
      "whiteSpace" : false
    }, {
      "id" : "s1-t4",
      "begin" : 256,
      "end" : 262,
      "text" : "obtain",
      "whiteSpace" : false
    }, {
      "id" : "s1-t5",
      "begin" : 263,
      "end" : 266,
      "text" : "the",
      "whiteSpace" : false
    }, {
      "id" : "s1-t6",
      "begin" : 267,
      "end" : 274,
      "text" : "ability",
      "whiteSpace" : false
    }, {
      "id" : "s1-t7",
      "begin" : 275,
      "end" : 277,
      "text" : "to",
      "whiteSpace" : false
    }, {
      "id" : "s1-t8",
      "begin" : 278,
      "end" : 285,
      "text" : "execute",
      "whiteSpace" : false
    }, {
      "id" : "s1-t9",
      "begin" : 286,
      "end" : 289,
      "text" : "low",
      "whiteSpace" : false
    }, {
      "id" : "s1-t10",
      "begin" : 289,
      "end" : 290,
      "text" : "-",
      "whiteSpace" : false
    }, {
      "id" : "s1-t11",
      "begin" : 290,
      "end" : 300,
      "text" : "privileged",
      "whiteSpace" : false
    }, {
      "id" : "s1-t12",
      "begin" : 301,
      "end" : 305,
      "text" : "code",
      "whiteSpace" : false
    }, {
      "id" : "s1-t13",
      "begin" : 306,
      "end" : 308,
      "text" : "on",
      "whiteSpace" : false
    }, {
      "id" : "s1-t14",
      "begin" : 309,
      "end" : 312,
      "text" : "the",
      "whiteSpace" : false
    }, {
      "id" : "s1-t15",
      "begin" : 313,
      "end" : 319,
      "text" : "target",
      "whiteSpace" : false
    }, {
      "id" : "s1-t16",
      "begin" : 320,
      "end" : 326,
      "text" : "system",
      "whiteSpace" : false
    }, {
      "id" : "s1-t17",
      "begin" : 327,
      "end" : 329,
      "text" : "in",
      "whiteSpace" : false
    }, {
      "id" : "s1-t18",
      "begin" : 330,
      "end" : 335,
      "text" : "order",
      "whiteSpace" : false
    }, {
      "id" : "s1-t19",
      "begin" : 336,
      "end" : 338,
      "text" : "to",
      "whiteSpace" : false
    }, {
      "id" : "s1-t20",
      "begin" : 339,
      "end" : 346,
      "text" : "exploit",
      "whiteSpace" : false
    }, {
      "id" : "s1-t21",
      "begin" : 347,
      "end" : 350,
      "text" : "the",
      "whiteSpace" : false
    }, {
      "id" : "s1-t22",
      "begin" : 351,
      "end" : 364,
      "text" : "vulnerability",
      "whiteSpace" : false
    }, {
      "id" : "s1-t23",
      "begin" : 364,
      "end" : 365,
      "text" : ".",
      "whiteSpace" : false
    } ]
  }, {
    "id" : "s2",
    "begin" : 366,
    "end" : 491,
    "text" : "| MISC:https://www.zerodayinitiative.com/advisories/ZDI-18-964/   |   CONFIRM:https://success.trendmicro.com/solution/1120678",
    "tokens" : [ {
      "id" : "s2-t0",
      "begin" : 366,
      "end" : 367,
      "text" : "|",
      "whiteSpace" : false
    }, {
      "id" : "s2-t1",
      "begin" : 368,
      "end" : 428,
      "text" : "MISC:https://www.zerodayinitiative.com/advisories/ZDI-18-964",
      "whiteSpace" : false
    }, {
      "id" : "s2-t2",
      "begin" : 428,
      "end" : 429,
      "text" : "/",
      "whiteSpace" : false
    }, {
      "id" : "s2-t3",
      "begin" : 432,
      "end" : 433,
      "text" : "|",
      "whiteSpace" : false
    }, {
      "id" : "s2-t4",
      "begin" : 436,
      "end" : 484,
      "text" : "CONFIRM:https://success.trendmicro.com/solution/",
      "whiteSpace" : false
    }, {
      "id" : "s2-t5",
      "begin" : 484,
      "end" : 491,
      "text" : "1120678",
      "whiteSpace" : false
    } ]
  } ],
  "mentions" : [ ],
  "relations" : [ ],
  "corefs" : [ ],
  "typeResolved" : true,
  "userResolved" : false
}