{
  "id" : "cb44ad30-e5bf-11e8-ac51-0ddb2b53e7d9-2908",
  "name" : "CVE-2018-15323",
  "createdDate" : 0,
  "version" : 3,
  "text" : "CVE-2018-15323 | On BIG-IP 14.0.0-14.0.0.2 or 13.0.0-13.1.1.1, in certain circumstances, when processing traffic through a Virtual Server with an associated MQTT profile, the TMM process may produce a core file and take the configured HA action. | CONFIRM:https://support.f5.com/csp/article/K26583415",
  "docLength" : 0,
  "language" : "EN",
  "status" : "READY",
  "modifiedDate" : 1541947254783,
  "documentSet" : [ ],
  "preannotation" : [ ],
  "sentences" : [ {
    "id" : "s0",
    "begin" : 0,
    "end" : 245,
    "text" : "CVE-2018-15323 | On BIG-IP 14.0.0-14.0.0.2 or 13.0.0-13.1.1.1, in certain circumstances, when processing traffic through a Virtual Server with an associated MQTT profile, the TMM process may produce a core file and take the configured HA action.",
    "tokens" : [ {
      "id" : "s0-t0",
      "begin" : 0,
      "end" : 14,
      "text" : "CVE-2018-15323",
      "whiteSpace" : false
    }, {
      "id" : "s0-t1",
      "begin" : 15,
      "end" : 16,
      "text" : "|",
      "whiteSpace" : false
    }, {
      "id" : "s0-t2",
      "begin" : 17,
      "end" : 19,
      "text" : "On",
      "whiteSpace" : false
    }, {
      "id" : "s0-t3",
      "begin" : 20,
      "end" : 23,
      "text" : "BIG",
      "whiteSpace" : false
    }, {
      "id" : "s0-t4",
      "begin" : 23,
      "end" : 24,
      "text" : "-",
      "whiteSpace" : false
    }, {
      "id" : "s0-t5",
      "begin" : 24,
      "end" : 26,
      "text" : "IP",
      "whiteSpace" : false
    }, {
      "id" : "s0-t6",
      "begin" : 27,
      "end" : 42,
      "text" : "14.0.0-14.0.0.2",
      "whiteSpace" : false
    }, {
      "id" : "s0-t7",
      "begin" : 43,
      "end" : 45,
      "text" : "or",
      "whiteSpace" : false
    }, {
      "id" : "s0-t8",
      "begin" : 46,
      "end" : 61,
      "text" : "13.0.0-13.1.1.1",
      "whiteSpace" : false
    }, {
      "id" : "s0-t9",
      "begin" : 61,
      "end" : 62,
      "text" : ",",
      "whiteSpace" : false
    }, {
      "id" : "s0-t10",
      "begin" : 63,
      "end" : 65,
      "text" : "in",
      "whiteSpace" : false
    }, {
      "id" : "s0-t11",
      "begin" : 66,
      "end" : 73,
      "text" : "certain",
      "whiteSpace" : false
    }, {
      "id" : "s0-t12",
      "begin" : 74,
      "end" : 87,
      "text" : "circumstances",
      "whiteSpace" : false
    }, {
      "id" : "s0-t13",
      "begin" : 87,
      "end" : 88,
      "text" : ",",
      "whiteSpace" : false
    }, {
      "id" : "s0-t14",
      "begin" : 89,
      "end" : 93,
      "text" : "when",
      "whiteSpace" : false
    }, {
      "id" : "s0-t15",
      "begin" : 94,
      "end" : 104,
      "text" : "processing",
      "whiteSpace" : false
    }, {
      "id" : "s0-t16",
      "begin" : 105,
      "end" : 112,
      "text" : "traffic",
      "whiteSpace" : false
    }, {
      "id" : "s0-t17",
      "begin" : 113,
      "end" : 120,
      "text" : "through",
      "whiteSpace" : false
    }, {
      "id" : "s0-t18",
      "begin" : 121,
      "end" : 122,
      "text" : "a",
      "whiteSpace" : false
    }, {
      "id" : "s0-t19",
      "begin" : 123,
      "end" : 130,
      "text" : "Virtual",
      "whiteSpace" : false
    }, {
      "id" : "s0-t20",
      "begin" : 131,
      "end" : 137,
      "text" : "Server",
      "whiteSpace" : false
    }, {
      "id" : "s0-t21",
      "begin" : 138,
      "end" : 142,
      "text" : "with",
      "whiteSpace" : false
    }, {
      "id" : "s0-t22",
      "begin" : 143,
      "end" : 145,
      "text" : "an",
      "whiteSpace" : false
    }, {
      "id" : "s0-t23",
      "begin" : 146,
      "end" : 156,
      "text" : "associated",
      "whiteSpace" : false
    }, {
      "id" : "s0-t24",
      "begin" : 157,
      "end" : 161,
      "text" : "MQTT",
      "whiteSpace" : false
    }, {
      "id" : "s0-t25",
      "begin" : 162,
      "end" : 169,
      "text" : "profile",
      "whiteSpace" : false
    }, {
      "id" : "s0-t26",
      "begin" : 169,
      "end" : 170,
      "text" : ",",
      "whiteSpace" : false
    }, {
      "id" : "s0-t27",
      "begin" : 171,
      "end" : 174,
      "text" : "the",
      "whiteSpace" : false
    }, {
      "id" : "s0-t28",
      "begin" : 175,
      "end" : 178,
      "text" : "TMM",
      "whiteSpace" : false
    }, {
      "id" : "s0-t29",
      "begin" : 179,
      "end" : 186,
      "text" : "process",
      "whiteSpace" : false
    }, {
      "id" : "s0-t30",
      "begin" : 187,
      "end" : 190,
      "text" : "may",
      "whiteSpace" : false
    }, {
      "id" : "s0-t31",
      "begin" : 191,
      "end" : 198,
      "text" : "produce",
      "whiteSpace" : false
    }, {
      "id" : "s0-t32",
      "begin" : 199,
      "end" : 200,
      "text" : "a",
      "whiteSpace" : false
    }, {
      "id" : "s0-t33",
      "begin" : 201,
      "end" : 205,
      "text" : "core",
      "whiteSpace" : false
    }, {
      "id" : "s0-t34",
      "begin" : 206,
      "end" : 210,
      "text" : "file",
      "whiteSpace" : false
    }, {
      "id" : "s0-t35",
      "begin" : 211,
      "end" : 214,
      "text" : "and",
      "whiteSpace" : false
    }, {
      "id" : "s0-t36",
      "begin" : 215,
      "end" : 219,
      "text" : "take",
      "whiteSpace" : false
    }, {
      "id" : "s0-t37",
      "begin" : 220,
      "end" : 223,
      "text" : "the",
      "whiteSpace" : false
    }, {
      "id" : "s0-t38",
      "begin" : 224,
      "end" : 234,
      "text" : "configured",
      "whiteSpace" : false
    }, {
      "id" : "s0-t39",
      "begin" : 235,
      "end" : 237,
      "text" : "HA",
      "whiteSpace" : false
    }, {
      "id" : "s0-t40",
      "begin" : 238,
      "end" : 244,
      "text" : "action",
      "whiteSpace" : false
    }, {
      "id" : "s0-t41",
      "begin" : 244,
      "end" : 245,
      "text" : ".",
      "whiteSpace" : false
    } ]
  }, {
    "id" : "s1",
    "begin" : 246,
    "end" : 300,
    "text" : "| CONFIRM:https://support.f5.com/csp/article/K26583415",
    "tokens" : [ {
      "id" : "s1-t0",
      "begin" : 246,
      "end" : 247,
      "text" : "|",
      "whiteSpace" : false
    }, {
      "id" : "s1-t1",
      "begin" : 248,
      "end" : 300,
      "text" : "CONFIRM:https://support.f5.com/csp/article/K26583415",
      "whiteSpace" : false
    } ]
  } ],
  "mentions" : [ ],
  "relations" : [ ],
  "corefs" : [ ],
  "typeResolved" : true,
  "userResolved" : false
}