{
  "id" : "cb44ad30-e5bf-11e8-ac51-0ddb2b53e7d9-2878",
  "name" : "CVE-2018-15373",
  "createdDate" : 0,
  "version" : 3,
  "text" : "CVE-2018-15373 | A vulnerability in the implementation of Cisco Discovery Protocol functionality in Cisco IOS Software and Cisco IOS XE Software could allow an unauthenticated, adjacent attacker to exhaust memory on an affected device, resulting in a denial of service (DoS) condition. The vulnerability is due to improper memory handling by the affected software when the software processes high rates of Cisco Discovery Protocol packets that are sent to a device. An attacker could exploit this vulnerability by sending a high rate of Cisco Discovery Protocol packets to an affected device. A successful exploit could allow the attacker to exhaust memory on the affected device, resulting in a DoS condition. | CISCO:20180926 Cisco IOS and IOS XE Software Cisco Discovery Protocol Denial of Service Vulnerability   |   URL:https://tools.cisco.com/security/center/content/CiscoSecurityAdvisory/cisco-sa-20180926-cdp-dos   |   BID:105413   |   URL:http://www.securityfocus.com/bid/105413",
  "docLength" : 0,
  "language" : "EN",
  "status" : "READY",
  "modifiedDate" : 1541947254783,
  "documentSet" : [ ],
  "preannotation" : [ ],
  "sentences" : [ {
    "id" : "s0",
    "begin" : 0,
    "end" : 285,
    "text" : "CVE-2018-15373 | A vulnerability in the implementation of Cisco Discovery Protocol functionality in Cisco IOS Software and Cisco IOS XE Software could allow an unauthenticated, adjacent attacker to exhaust memory on an affected device, resulting in a denial of service (DoS) condition.",
    "tokens" : [ {
      "id" : "s0-t0",
      "begin" : 0,
      "end" : 14,
      "text" : "CVE-2018-15373",
      "whiteSpace" : false
    }, {
      "id" : "s0-t1",
      "begin" : 15,
      "end" : 16,
      "text" : "|",
      "whiteSpace" : false
    }, {
      "id" : "s0-t2",
      "begin" : 17,
      "end" : 18,
      "text" : "A",
      "whiteSpace" : false
    }, {
      "id" : "s0-t3",
      "begin" : 19,
      "end" : 32,
      "text" : "vulnerability",
      "whiteSpace" : false
    }, {
      "id" : "s0-t4",
      "begin" : 33,
      "end" : 35,
      "text" : "in",
      "whiteSpace" : false
    }, {
      "id" : "s0-t5",
      "begin" : 36,
      "end" : 39,
      "text" : "the",
      "whiteSpace" : false
    }, {
      "id" : "s0-t6",
      "begin" : 40,
      "end" : 54,
      "text" : "implementation",
      "whiteSpace" : false
    }, {
      "id" : "s0-t7",
      "begin" : 55,
      "end" : 57,
      "text" : "of",
      "whiteSpace" : false
    }, {
      "id" : "s0-t8",
      "begin" : 58,
      "end" : 63,
      "text" : "Cisco",
      "whiteSpace" : false
    }, {
      "id" : "s0-t9",
      "begin" : 64,
      "end" : 73,
      "text" : "Discovery",
      "whiteSpace" : false
    }, {
      "id" : "s0-t10",
      "begin" : 74,
      "end" : 82,
      "text" : "Protocol",
      "whiteSpace" : false
    }, {
      "id" : "s0-t11",
      "begin" : 83,
      "end" : 96,
      "text" : "functionality",
      "whiteSpace" : false
    }, {
      "id" : "s0-t12",
      "begin" : 97,
      "end" : 99,
      "text" : "in",
      "whiteSpace" : false
    }, {
      "id" : "s0-t13",
      "begin" : 100,
      "end" : 105,
      "text" : "Cisco",
      "whiteSpace" : false
    }, {
      "id" : "s0-t14",
      "begin" : 106,
      "end" : 109,
      "text" : "IOS",
      "whiteSpace" : false
    }, {
      "id" : "s0-t15",
      "begin" : 110,
      "end" : 118,
      "text" : "Software",
      "whiteSpace" : false
    }, {
      "id" : "s0-t16",
      "begin" : 119,
      "end" : 122,
      "text" : "and",
      "whiteSpace" : false
    }, {
      "id" : "s0-t17",
      "begin" : 123,
      "end" : 128,
      "text" : "Cisco",
      "whiteSpace" : false
    }, {
      "id" : "s0-t18",
      "begin" : 129,
      "end" : 132,
      "text" : "IOS",
      "whiteSpace" : false
    }, {
      "id" : "s0-t19",
      "begin" : 133,
      "end" : 135,
      "text" : "XE",
      "whiteSpace" : false
    }, {
      "id" : "s0-t20",
      "begin" : 136,
      "end" : 144,
      "text" : "Software",
      "whiteSpace" : false
    }, {
      "id" : "s0-t21",
      "begin" : 145,
      "end" : 150,
      "text" : "could",
      "whiteSpace" : false
    }, {
      "id" : "s0-t22",
      "begin" : 151,
      "end" : 156,
      "text" : "allow",
      "whiteSpace" : false
    }, {
      "id" : "s0-t23",
      "begin" : 157,
      "end" : 159,
      "text" : "an",
      "whiteSpace" : false
    }, {
      "id" : "s0-t24",
      "begin" : 160,
      "end" : 175,
      "text" : "unauthenticated",
      "whiteSpace" : false
    }, {
      "id" : "s0-t25",
      "begin" : 175,
      "end" : 176,
      "text" : ",",
      "whiteSpace" : false
    }, {
      "id" : "s0-t26",
      "begin" : 177,
      "end" : 185,
      "text" : "adjacent",
      "whiteSpace" : false
    }, {
      "id" : "s0-t27",
      "begin" : 186,
      "end" : 194,
      "text" : "attacker",
      "whiteSpace" : false
    }, {
      "id" : "s0-t28",
      "begin" : 195,
      "end" : 197,
      "text" : "to",
      "whiteSpace" : false
    }, {
      "id" : "s0-t29",
      "begin" : 198,
      "end" : 205,
      "text" : "exhaust",
      "whiteSpace" : false
    }, {
      "id" : "s0-t30",
      "begin" : 206,
      "end" : 212,
      "text" : "memory",
      "whiteSpace" : false
    }, {
      "id" : "s0-t31",
      "begin" : 213,
      "end" : 215,
      "text" : "on",
      "whiteSpace" : false
    }, {
      "id" : "s0-t32",
      "begin" : 216,
      "end" : 218,
      "text" : "an",
      "whiteSpace" : false
    }, {
      "id" : "s0-t33",
      "begin" : 219,
      "end" : 227,
      "text" : "affected",
      "whiteSpace" : false
    }, {
      "id" : "s0-t34",
      "begin" : 228,
      "end" : 234,
      "text" : "device",
      "whiteSpace" : false
    }, {
      "id" : "s0-t35",
      "begin" : 234,
      "end" : 235,
      "text" : ",",
      "whiteSpace" : false
    }, {
      "id" : "s0-t36",
      "begin" : 236,
      "end" : 245,
      "text" : "resulting",
      "whiteSpace" : false
    }, {
      "id" : "s0-t37",
      "begin" : 246,
      "end" : 248,
      "text" : "in",
      "whiteSpace" : false
    }, {
      "id" : "s0-t38",
      "begin" : 249,
      "end" : 250,
      "text" : "a",
      "whiteSpace" : false
    }, {
      "id" : "s0-t39",
      "begin" : 251,
      "end" : 257,
      "text" : "denial",
      "whiteSpace" : false
    }, {
      "id" : "s0-t40",
      "begin" : 258,
      "end" : 260,
      "text" : "of",
      "whiteSpace" : false
    }, {
      "id" : "s0-t41",
      "begin" : 261,
      "end" : 268,
      "text" : "service",
      "whiteSpace" : false
    }, {
      "id" : "s0-t42",
      "begin" : 269,
      "end" : 270,
      "text" : "(",
      "whiteSpace" : false
    }, {
      "id" : "s0-t43",
      "begin" : 270,
      "end" : 273,
      "text" : "DoS",
      "whiteSpace" : false
    }, {
      "id" : "s0-t44",
      "begin" : 273,
      "end" : 274,
      "text" : ")",
      "whiteSpace" : false
    }, {
      "id" : "s0-t45",
      "begin" : 275,
      "end" : 284,
      "text" : "condition",
      "whiteSpace" : false
    }, {
      "id" : "s0-t46",
      "begin" : 284,
      "end" : 285,
      "text" : ".",
      "whiteSpace" : false
    } ]
  }, {
    "id" : "s1",
    "begin" : 286,
    "end" : 465,
    "text" : "The vulnerability is due to improper memory handling by the affected software when the software processes high rates of Cisco Discovery Protocol packets that are sent to a device.",
    "tokens" : [ {
      "id" : "s1-t0",
      "begin" : 286,
      "end" : 289,
      "text" : "The",
      "whiteSpace" : false
    }, {
      "id" : "s1-t1",
      "begin" : 290,
      "end" : 303,
      "text" : "vulnerability",
      "whiteSpace" : false
    }, {
      "id" : "s1-t2",
      "begin" : 304,
      "end" : 306,
      "text" : "is",
      "whiteSpace" : false
    }, {
      "id" : "s1-t3",
      "begin" : 307,
      "end" : 310,
      "text" : "due",
      "whiteSpace" : false
    }, {
      "id" : "s1-t4",
      "begin" : 311,
      "end" : 313,
      "text" : "to",
      "whiteSpace" : false
    }, {
      "id" : "s1-t5",
      "begin" : 314,
      "end" : 322,
      "text" : "improper",
      "whiteSpace" : false
    }, {
      "id" : "s1-t6",
      "begin" : 323,
      "end" : 329,
      "text" : "memory",
      "whiteSpace" : false
    }, {
      "id" : "s1-t7",
      "begin" : 330,
      "end" : 338,
      "text" : "handling",
      "whiteSpace" : false
    }, {
      "id" : "s1-t8",
      "begin" : 339,
      "end" : 341,
      "text" : "by",
      "whiteSpace" : false
    }, {
      "id" : "s1-t9",
      "begin" : 342,
      "end" : 345,
      "text" : "the",
      "whiteSpace" : false
    }, {
      "id" : "s1-t10",
      "begin" : 346,
      "end" : 354,
      "text" : "affected",
      "whiteSpace" : false
    }, {
      "id" : "s1-t11",
      "begin" : 355,
      "end" : 363,
      "text" : "software",
      "whiteSpace" : false
    }, {
      "id" : "s1-t12",
      "begin" : 364,
      "end" : 368,
      "text" : "when",
      "whiteSpace" : false
    }, {
      "id" : "s1-t13",
      "begin" : 369,
      "end" : 372,
      "text" : "the",
      "whiteSpace" : false
    }, {
      "id" : "s1-t14",
      "begin" : 373,
      "end" : 381,
      "text" : "software",
      "whiteSpace" : false
    }, {
      "id" : "s1-t15",
      "begin" : 382,
      "end" : 391,
      "text" : "processes",
      "whiteSpace" : false
    }, {
      "id" : "s1-t16",
      "begin" : 392,
      "end" : 396,
      "text" : "high",
      "whiteSpace" : false
    }, {
      "id" : "s1-t17",
      "begin" : 397,
      "end" : 402,
      "text" : "rates",
      "whiteSpace" : false
    }, {
      "id" : "s1-t18",
      "begin" : 403,
      "end" : 405,
      "text" : "of",
      "whiteSpace" : false
    }, {
      "id" : "s1-t19",
      "begin" : 406,
      "end" : 411,
      "text" : "Cisco",
      "whiteSpace" : false
    }, {
      "id" : "s1-t20",
      "begin" : 412,
      "end" : 421,
      "text" : "Discovery",
      "whiteSpace" : false
    }, {
      "id" : "s1-t21",
      "begin" : 422,
      "end" : 430,
      "text" : "Protocol",
      "whiteSpace" : false
    }, {
      "id" : "s1-t22",
      "begin" : 431,
      "end" : 438,
      "text" : "packets",
      "whiteSpace" : false
    }, {
      "id" : "s1-t23",
      "begin" : 439,
      "end" : 443,
      "text" : "that",
      "whiteSpace" : false
    }, {
      "id" : "s1-t24",
      "begin" : 444,
      "end" : 447,
      "text" : "are",
      "whiteSpace" : false
    }, {
      "id" : "s1-t25",
      "begin" : 448,
      "end" : 452,
      "text" : "sent",
      "whiteSpace" : false
    }, {
      "id" : "s1-t26",
      "begin" : 453,
      "end" : 455,
      "text" : "to",
      "whiteSpace" : false
    }, {
      "id" : "s1-t27",
      "begin" : 456,
      "end" : 457,
      "text" : "a",
      "whiteSpace" : false
    }, {
      "id" : "s1-t28",
      "begin" : 458,
      "end" : 464,
      "text" : "device",
      "whiteSpace" : false
    }, {
      "id" : "s1-t29",
      "begin" : 464,
      "end" : 465,
      "text" : ".",
      "whiteSpace" : false
    } ]
  }, {
    "id" : "s2",
    "begin" : 466,
    "end" : 592,
    "text" : "An attacker could exploit this vulnerability by sending a high rate of Cisco Discovery Protocol packets to an affected device.",
    "tokens" : [ {
      "id" : "s2-t0",
      "begin" : 466,
      "end" : 468,
      "text" : "An",
      "whiteSpace" : false
    }, {
      "id" : "s2-t1",
      "begin" : 469,
      "end" : 477,
      "text" : "attacker",
      "whiteSpace" : false
    }, {
      "id" : "s2-t2",
      "begin" : 478,
      "end" : 483,
      "text" : "could",
      "whiteSpace" : false
    }, {
      "id" : "s2-t3",
      "begin" : 484,
      "end" : 491,
      "text" : "exploit",
      "whiteSpace" : false
    }, {
      "id" : "s2-t4",
      "begin" : 492,
      "end" : 496,
      "text" : "this",
      "whiteSpace" : false
    }, {
      "id" : "s2-t5",
      "begin" : 497,
      "end" : 510,
      "text" : "vulnerability",
      "whiteSpace" : false
    }, {
      "id" : "s2-t6",
      "begin" : 511,
      "end" : 513,
      "text" : "by",
      "whiteSpace" : false
    }, {
      "id" : "s2-t7",
      "begin" : 514,
      "end" : 521,
      "text" : "sending",
      "whiteSpace" : false
    }, {
      "id" : "s2-t8",
      "begin" : 522,
      "end" : 523,
      "text" : "a",
      "whiteSpace" : false
    }, {
      "id" : "s2-t9",
      "begin" : 524,
      "end" : 528,
      "text" : "high",
      "whiteSpace" : false
    }, {
      "id" : "s2-t10",
      "begin" : 529,
      "end" : 533,
      "text" : "rate",
      "whiteSpace" : false
    }, {
      "id" : "s2-t11",
      "begin" : 534,
      "end" : 536,
      "text" : "of",
      "whiteSpace" : false
    }, {
      "id" : "s2-t12",
      "begin" : 537,
      "end" : 542,
      "text" : "Cisco",
      "whiteSpace" : false
    }, {
      "id" : "s2-t13",
      "begin" : 543,
      "end" : 552,
      "text" : "Discovery",
      "whiteSpace" : false
    }, {
      "id" : "s2-t14",
      "begin" : 553,
      "end" : 561,
      "text" : "Protocol",
      "whiteSpace" : false
    }, {
      "id" : "s2-t15",
      "begin" : 562,
      "end" : 569,
      "text" : "packets",
      "whiteSpace" : false
    }, {
      "id" : "s2-t16",
      "begin" : 570,
      "end" : 572,
      "text" : "to",
      "whiteSpace" : false
    }, {
      "id" : "s2-t17",
      "begin" : 573,
      "end" : 575,
      "text" : "an",
      "whiteSpace" : false
    }, {
      "id" : "s2-t18",
      "begin" : 576,
      "end" : 584,
      "text" : "affected",
      "whiteSpace" : false
    }, {
      "id" : "s2-t19",
      "begin" : 585,
      "end" : 591,
      "text" : "device",
      "whiteSpace" : false
    }, {
      "id" : "s2-t20",
      "begin" : 591,
      "end" : 592,
      "text" : ".",
      "whiteSpace" : false
    } ]
  }, {
    "id" : "s3",
    "begin" : 593,
    "end" : 710,
    "text" : "A successful exploit could allow the attacker to exhaust memory on the affected device, resulting in a DoS condition.",
    "tokens" : [ {
      "id" : "s3-t0",
      "begin" : 593,
      "end" : 594,
      "text" : "A",
      "whiteSpace" : false
    }, {
      "id" : "s3-t1",
      "begin" : 595,
      "end" : 605,
      "text" : "successful",
      "whiteSpace" : false
    }, {
      "id" : "s3-t2",
      "begin" : 606,
      "end" : 613,
      "text" : "exploit",
      "whiteSpace" : false
    }, {
      "id" : "s3-t3",
      "begin" : 614,
      "end" : 619,
      "text" : "could",
      "whiteSpace" : false
    }, {
      "id" : "s3-t4",
      "begin" : 620,
      "end" : 625,
      "text" : "allow",
      "whiteSpace" : false
    }, {
      "id" : "s3-t5",
      "begin" : 626,
      "end" : 629,
      "text" : "the",
      "whiteSpace" : false
    }, {
      "id" : "s3-t6",
      "begin" : 630,
      "end" : 638,
      "text" : "attacker",
      "whiteSpace" : false
    }, {
      "id" : "s3-t7",
      "begin" : 639,
      "end" : 641,
      "text" : "to",
      "whiteSpace" : false
    }, {
      "id" : "s3-t8",
      "begin" : 642,
      "end" : 649,
      "text" : "exhaust",
      "whiteSpace" : false
    }, {
      "id" : "s3-t9",
      "begin" : 650,
      "end" : 656,
      "text" : "memory",
      "whiteSpace" : false
    }, {
      "id" : "s3-t10",
      "begin" : 657,
      "end" : 659,
      "text" : "on",
      "whiteSpace" : false
    }, {
      "id" : "s3-t11",
      "begin" : 660,
      "end" : 663,
      "text" : "the",
      "whiteSpace" : false
    }, {
      "id" : "s3-t12",
      "begin" : 664,
      "end" : 672,
      "text" : "affected",
      "whiteSpace" : false
    }, {
      "id" : "s3-t13",
      "begin" : 673,
      "end" : 679,
      "text" : "device",
      "whiteSpace" : false
    }, {
      "id" : "s3-t14",
      "begin" : 679,
      "end" : 680,
      "text" : ",",
      "whiteSpace" : false
    }, {
      "id" : "s3-t15",
      "begin" : 681,
      "end" : 690,
      "text" : "resulting",
      "whiteSpace" : false
    }, {
      "id" : "s3-t16",
      "begin" : 691,
      "end" : 693,
      "text" : "in",
      "whiteSpace" : false
    }, {
      "id" : "s3-t17",
      "begin" : 694,
      "end" : 695,
      "text" : "a",
      "whiteSpace" : false
    }, {
      "id" : "s3-t18",
      "begin" : 696,
      "end" : 699,
      "text" : "DoS",
      "whiteSpace" : false
    }, {
      "id" : "s3-t19",
      "begin" : 700,
      "end" : 709,
      "text" : "condition",
      "whiteSpace" : false
    }, {
      "id" : "s3-t20",
      "begin" : 709,
      "end" : 710,
      "text" : ".",
      "whiteSpace" : false
    } ]
  }, {
    "id" : "s4",
    "begin" : 711,
    "end" : 987,
    "text" : "| CISCO:20180926 Cisco IOS and IOS XE Software Cisco Discovery Protocol Denial of Service Vulnerability   |   URL:https://tools.cisco.com/security/center/content/CiscoSecurityAdvisory/cisco-sa-20180926-cdp-dos   |   BID:105413   |   URL:http://www.securityfocus.com/bid/105413",
    "tokens" : [ {
      "id" : "s4-t0",
      "begin" : 711,
      "end" : 712,
      "text" : "|",
      "whiteSpace" : false
    }, {
      "id" : "s4-t1",
      "begin" : 713,
      "end" : 718,
      "text" : "CISCO",
      "whiteSpace" : false
    }, {
      "id" : "s4-t2",
      "begin" : 718,
      "end" : 719,
      "text" : ":",
      "whiteSpace" : false
    }, {
      "id" : "s4-t3",
      "begin" : 719,
      "end" : 727,
      "text" : "20180926",
      "whiteSpace" : false
    }, {
      "id" : "s4-t4",
      "begin" : 728,
      "end" : 733,
      "text" : "Cisco",
      "whiteSpace" : false
    }, {
      "id" : "s4-t5",
      "begin" : 734,
      "end" : 737,
      "text" : "IOS",
      "whiteSpace" : false
    }, {
      "id" : "s4-t6",
      "begin" : 738,
      "end" : 741,
      "text" : "and",
      "whiteSpace" : false
    }, {
      "id" : "s4-t7",
      "begin" : 742,
      "end" : 745,
      "text" : "IOS",
      "whiteSpace" : false
    }, {
      "id" : "s4-t8",
      "begin" : 746,
      "end" : 748,
      "text" : "XE",
      "whiteSpace" : false
    }, {
      "id" : "s4-t9",
      "begin" : 749,
      "end" : 757,
      "text" : "Software",
      "whiteSpace" : false
    }, {
      "id" : "s4-t10",
      "begin" : 758,
      "end" : 763,
      "text" : "Cisco",
      "whiteSpace" : false
    }, {
      "id" : "s4-t11",
      "begin" : 764,
      "end" : 773,
      "text" : "Discovery",
      "whiteSpace" : false
    }, {
      "id" : "s4-t12",
      "begin" : 774,
      "end" : 782,
      "text" : "Protocol",
      "whiteSpace" : false
    }, {
      "id" : "s4-t13",
      "begin" : 783,
      "end" : 789,
      "text" : "Denial",
      "whiteSpace" : false
    }, {
      "id" : "s4-t14",
      "begin" : 790,
      "end" : 792,
      "text" : "of",
      "whiteSpace" : false
    }, {
      "id" : "s4-t15",
      "begin" : 793,
      "end" : 800,
      "text" : "Service",
      "whiteSpace" : false
    }, {
      "id" : "s4-t16",
      "begin" : 801,
      "end" : 814,
      "text" : "Vulnerability",
      "whiteSpace" : false
    }, {
      "id" : "s4-t17",
      "begin" : 817,
      "end" : 818,
      "text" : "|",
      "whiteSpace" : false
    }, {
      "id" : "s4-t18",
      "begin" : 821,
      "end" : 900,
      "text" : "URL:https://tools.cisco.com/security/center/content/CiscoSecurityAdvisory/cisco",
      "whiteSpace" : false
    }, {
      "id" : "s4-t19",
      "begin" : 900,
      "end" : 901,
      "text" : "-",
      "whiteSpace" : false
    }, {
      "id" : "s4-t20",
      "begin" : 901,
      "end" : 903,
      "text" : "sa",
      "whiteSpace" : false
    }, {
      "id" : "s4-t21",
      "begin" : 903,
      "end" : 904,
      "text" : "-",
      "whiteSpace" : false
    }, {
      "id" : "s4-t22",
      "begin" : 904,
      "end" : 912,
      "text" : "20180926",
      "whiteSpace" : false
    }, {
      "id" : "s4-t23",
      "begin" : 912,
      "end" : 913,
      "text" : "-",
      "whiteSpace" : false
    }, {
      "id" : "s4-t24",
      "begin" : 913,
      "end" : 916,
      "text" : "cdp",
      "whiteSpace" : false
    }, {
      "id" : "s4-t25",
      "begin" : 916,
      "end" : 917,
      "text" : "-",
      "whiteSpace" : false
    }, {
      "id" : "s4-t26",
      "begin" : 917,
      "end" : 920,
      "text" : "dos",
      "whiteSpace" : false
    }, {
      "id" : "s4-t27",
      "begin" : 923,
      "end" : 924,
      "text" : "|",
      "whiteSpace" : false
    }, {
      "id" : "s4-t28",
      "begin" : 927,
      "end" : 930,
      "text" : "BID",
      "whiteSpace" : false
    }, {
      "id" : "s4-t29",
      "begin" : 930,
      "end" : 931,
      "text" : ":",
      "whiteSpace" : false
    }, {
      "id" : "s4-t30",
      "begin" : 931,
      "end" : 937,
      "text" : "105413",
      "whiteSpace" : false
    }, {
      "id" : "s4-t31",
      "begin" : 940,
      "end" : 941,
      "text" : "|",
      "whiteSpace" : false
    }, {
      "id" : "s4-t32",
      "begin" : 944,
      "end" : 981,
      "text" : "URL:http://www.securityfocus.com/bid/",
      "whiteSpace" : false
    }, {
      "id" : "s4-t33",
      "begin" : 981,
      "end" : 987,
      "text" : "105413",
      "whiteSpace" : false
    } ]
  } ],
  "mentions" : [ ],
  "relations" : [ ],
  "corefs" : [ ],
  "typeResolved" : true,
  "userResolved" : false
}