{
  "id" : "cb44ad30-e5bf-11e8-ac51-0ddb2b53e7d9-2948",
  "name" : "CVE-2018-1518",
  "createdDate" : 0,
  "version" : 3,
  "text" : "CVE-2018-1518 | IBM InfoSphere Information Server 11.7 is affected by a weak password encryption vulnerability that could allow a local user to obtain highly sensitive information. IBM X-Force ID: 141682. | CONFIRM:https://www.ibm.com/support/docview.wss?uid=swg22017446   |   XF:ibm-infosphere-cve20181518-info-disc(141682)   |   URL:https://exchange.xforce.ibmcloud.com/vulnerabilities/141682",
  "docLength" : 0,
  "language" : "EN",
  "status" : "READY",
  "modifiedDate" : 1541947254783,
  "documentSet" : [ ],
  "preannotation" : [ ],
  "sentences" : [ {
    "id" : "s0",
    "begin" : 0,
    "end" : 180,
    "text" : "CVE-2018-1518 | IBM InfoSphere Information Server 11.7 is affected by a weak password encryption vulnerability that could allow a local user to obtain highly sensitive information.",
    "tokens" : [ {
      "id" : "s0-t0",
      "begin" : 0,
      "end" : 13,
      "text" : "CVE-2018-1518",
      "whiteSpace" : false
    }, {
      "id" : "s0-t1",
      "begin" : 14,
      "end" : 15,
      "text" : "|",
      "whiteSpace" : false
    }, {
      "id" : "s0-t2",
      "begin" : 16,
      "end" : 19,
      "text" : "IBM",
      "whiteSpace" : false
    }, {
      "id" : "s0-t3",
      "begin" : 20,
      "end" : 30,
      "text" : "InfoSphere",
      "whiteSpace" : false
    }, {
      "id" : "s0-t4",
      "begin" : 31,
      "end" : 42,
      "text" : "Information",
      "whiteSpace" : false
    }, {
      "id" : "s0-t5",
      "begin" : 43,
      "end" : 49,
      "text" : "Server",
      "whiteSpace" : false
    }, {
      "id" : "s0-t6",
      "begin" : 50,
      "end" : 54,
      "text" : "11.7",
      "whiteSpace" : false
    }, {
      "id" : "s0-t7",
      "begin" : 55,
      "end" : 57,
      "text" : "is",
      "whiteSpace" : false
    }, {
      "id" : "s0-t8",
      "begin" : 58,
      "end" : 66,
      "text" : "affected",
      "whiteSpace" : false
    }, {
      "id" : "s0-t9",
      "begin" : 67,
      "end" : 69,
      "text" : "by",
      "whiteSpace" : false
    }, {
      "id" : "s0-t10",
      "begin" : 70,
      "end" : 71,
      "text" : "a",
      "whiteSpace" : false
    }, {
      "id" : "s0-t11",
      "begin" : 72,
      "end" : 76,
      "text" : "weak",
      "whiteSpace" : false
    }, {
      "id" : "s0-t12",
      "begin" : 77,
      "end" : 85,
      "text" : "password",
      "whiteSpace" : false
    }, {
      "id" : "s0-t13",
      "begin" : 86,
      "end" : 96,
      "text" : "encryption",
      "whiteSpace" : false
    }, {
      "id" : "s0-t14",
      "begin" : 97,
      "end" : 110,
      "text" : "vulnerability",
      "whiteSpace" : false
    }, {
      "id" : "s0-t15",
      "begin" : 111,
      "end" : 115,
      "text" : "that",
      "whiteSpace" : false
    }, {
      "id" : "s0-t16",
      "begin" : 116,
      "end" : 121,
      "text" : "could",
      "whiteSpace" : false
    }, {
      "id" : "s0-t17",
      "begin" : 122,
      "end" : 127,
      "text" : "allow",
      "whiteSpace" : false
    }, {
      "id" : "s0-t18",
      "begin" : 128,
      "end" : 129,
      "text" : "a",
      "whiteSpace" : false
    }, {
      "id" : "s0-t19",
      "begin" : 130,
      "end" : 135,
      "text" : "local",
      "whiteSpace" : false
    }, {
      "id" : "s0-t20",
      "begin" : 136,
      "end" : 140,
      "text" : "user",
      "whiteSpace" : false
    }, {
      "id" : "s0-t21",
      "begin" : 141,
      "end" : 143,
      "text" : "to",
      "whiteSpace" : false
    }, {
      "id" : "s0-t22",
      "begin" : 144,
      "end" : 150,
      "text" : "obtain",
      "whiteSpace" : false
    }, {
      "id" : "s0-t23",
      "begin" : 151,
      "end" : 157,
      "text" : "highly",
      "whiteSpace" : false
    }, {
      "id" : "s0-t24",
      "begin" : 158,
      "end" : 167,
      "text" : "sensitive",
      "whiteSpace" : false
    }, {
      "id" : "s0-t25",
      "begin" : 168,
      "end" : 179,
      "text" : "information",
      "whiteSpace" : false
    }, {
      "id" : "s0-t26",
      "begin" : 179,
      "end" : 180,
      "text" : ".",
      "whiteSpace" : false
    } ]
  }, {
    "id" : "s1",
    "begin" : 181,
    "end" : 204,
    "text" : "IBM X-Force ID: 141682.",
    "tokens" : [ {
      "id" : "s1-t0",
      "begin" : 181,
      "end" : 184,
      "text" : "IBM",
      "whiteSpace" : false
    }, {
      "id" : "s1-t1",
      "begin" : 185,
      "end" : 192,
      "text" : "X-Force",
      "whiteSpace" : false
    }, {
      "id" : "s1-t2",
      "begin" : 193,
      "end" : 195,
      "text" : "ID",
      "whiteSpace" : false
    }, {
      "id" : "s1-t3",
      "begin" : 195,
      "end" : 196,
      "text" : ":",
      "whiteSpace" : false
    }, {
      "id" : "s1-t4",
      "begin" : 197,
      "end" : 203,
      "text" : "141682",
      "whiteSpace" : false
    }, {
      "id" : "s1-t5",
      "begin" : 203,
      "end" : 204,
      "text" : ".",
      "whiteSpace" : false
    } ]
  }, {
    "id" : "s2",
    "begin" : 205,
    "end" : 394,
    "text" : "| CONFIRM:https://www.ibm.com/support/docview.wss?uid=swg22017446   |   XF:ibm-infosphere-cve20181518-info-disc(141682)   |   URL:https://exchange.xforce.ibmcloud.com/vulnerabilities/141682",
    "tokens" : [ {
      "id" : "s2-t0",
      "begin" : 205,
      "end" : 206,
      "text" : "|",
      "whiteSpace" : false
    }, {
      "id" : "s2-t1",
      "begin" : 207,
      "end" : 270,
      "text" : "CONFIRM:https://www.ibm.com/support/docview.wss?uid=swg22017446",
      "whiteSpace" : false
    }, {
      "id" : "s2-t2",
      "begin" : 273,
      "end" : 274,
      "text" : "|",
      "whiteSpace" : false
    }, {
      "id" : "s2-t3",
      "begin" : 277,
      "end" : 279,
      "text" : "XF",
      "whiteSpace" : false
    }, {
      "id" : "s2-t4",
      "begin" : 279,
      "end" : 283,
      "text" : ":ibm",
      "whiteSpace" : false
    }, {
      "id" : "s2-t5",
      "begin" : 283,
      "end" : 284,
      "text" : "-",
      "whiteSpace" : false
    }, {
      "id" : "s2-t6",
      "begin" : 284,
      "end" : 294,
      "text" : "infosphere",
      "whiteSpace" : false
    }, {
      "id" : "s2-t7",
      "begin" : 294,
      "end" : 295,
      "text" : "-",
      "whiteSpace" : false
    }, {
      "id" : "s2-t8",
      "begin" : 295,
      "end" : 306,
      "text" : "cve20181518",
      "whiteSpace" : false
    }, {
      "id" : "s2-t9",
      "begin" : 306,
      "end" : 307,
      "text" : "-",
      "whiteSpace" : false
    }, {
      "id" : "s2-t10",
      "begin" : 307,
      "end" : 311,
      "text" : "info",
      "whiteSpace" : false
    }, {
      "id" : "s2-t11",
      "begin" : 311,
      "end" : 312,
      "text" : "-",
      "whiteSpace" : false
    }, {
      "id" : "s2-t12",
      "begin" : 312,
      "end" : 316,
      "text" : "disc",
      "whiteSpace" : false
    }, {
      "id" : "s2-t13",
      "begin" : 316,
      "end" : 317,
      "text" : "(",
      "whiteSpace" : false
    }, {
      "id" : "s2-t14",
      "begin" : 317,
      "end" : 323,
      "text" : "141682",
      "whiteSpace" : false
    }, {
      "id" : "s2-t15",
      "begin" : 323,
      "end" : 324,
      "text" : ")",
      "whiteSpace" : false
    }, {
      "id" : "s2-t16",
      "begin" : 327,
      "end" : 328,
      "text" : "|",
      "whiteSpace" : false
    }, {
      "id" : "s2-t17",
      "begin" : 331,
      "end" : 388,
      "text" : "URL:https://exchange.xforce.ibmcloud.com/vulnerabilities/",
      "whiteSpace" : false
    }, {
      "id" : "s2-t18",
      "begin" : 388,
      "end" : 394,
      "text" : "141682",
      "whiteSpace" : false
    } ]
  } ],
  "mentions" : [ ],
  "relations" : [ ],
  "corefs" : [ ],
  "typeResolved" : true,
  "userResolved" : false
}