{
  "id" : "cb44ad30-e5bf-11e8-ac51-0ddb2b53e7d9-2958",
  "name" : "CVE-2018-15168",
  "createdDate" : 0,
  "version" : 3,
  "text" : "CVE-2018-15168 | A SQL Injection vulnerability exists in the Zoho ManageEngine Applications Manager 13 before build 13820 via the resids parameter in a /editDisplaynames.do?method=editDisplaynames GET request. | MISC:https://github.com/x-f1v3/ForCve/issues/2   |   MISC:https://www.manageengine.com/products/applications_manager/issues.html   |   CONFIRM:https://www.manageengine.com/products/applications_manager/security-updates/security-updates-cve-2018-15168.html",
  "docLength" : 0,
  "language" : "EN",
  "status" : "READY",
  "modifiedDate" : 1541947254783,
  "documentSet" : [ ],
  "preannotation" : [ ],
  "sentences" : [ {
    "id" : "s0",
    "begin" : 0,
    "end" : 209,
    "text" : "CVE-2018-15168 | A SQL Injection vulnerability exists in the Zoho ManageEngine Applications Manager 13 before build 13820 via the resids parameter in a /editDisplaynames.do?method=editDisplaynames GET request.",
    "tokens" : [ {
      "id" : "s0-t0",
      "begin" : 0,
      "end" : 14,
      "text" : "CVE-2018-15168",
      "whiteSpace" : false
    }, {
      "id" : "s0-t1",
      "begin" : 15,
      "end" : 16,
      "text" : "|",
      "whiteSpace" : false
    }, {
      "id" : "s0-t2",
      "begin" : 17,
      "end" : 18,
      "text" : "A",
      "whiteSpace" : false
    }, {
      "id" : "s0-t3",
      "begin" : 19,
      "end" : 22,
      "text" : "SQL",
      "whiteSpace" : false
    }, {
      "id" : "s0-t4",
      "begin" : 23,
      "end" : 32,
      "text" : "Injection",
      "whiteSpace" : false
    }, {
      "id" : "s0-t5",
      "begin" : 33,
      "end" : 46,
      "text" : "vulnerability",
      "whiteSpace" : false
    }, {
      "id" : "s0-t6",
      "begin" : 47,
      "end" : 53,
      "text" : "exists",
      "whiteSpace" : false
    }, {
      "id" : "s0-t7",
      "begin" : 54,
      "end" : 56,
      "text" : "in",
      "whiteSpace" : false
    }, {
      "id" : "s0-t8",
      "begin" : 57,
      "end" : 60,
      "text" : "the",
      "whiteSpace" : false
    }, {
      "id" : "s0-t9",
      "begin" : 61,
      "end" : 65,
      "text" : "Zoho",
      "whiteSpace" : false
    }, {
      "id" : "s0-t10",
      "begin" : 66,
      "end" : 78,
      "text" : "ManageEngine",
      "whiteSpace" : false
    }, {
      "id" : "s0-t11",
      "begin" : 79,
      "end" : 91,
      "text" : "Applications",
      "whiteSpace" : false
    }, {
      "id" : "s0-t12",
      "begin" : 92,
      "end" : 99,
      "text" : "Manager",
      "whiteSpace" : false
    }, {
      "id" : "s0-t13",
      "begin" : 100,
      "end" : 102,
      "text" : "13",
      "whiteSpace" : false
    }, {
      "id" : "s0-t14",
      "begin" : 103,
      "end" : 109,
      "text" : "before",
      "whiteSpace" : false
    }, {
      "id" : "s0-t15",
      "begin" : 110,
      "end" : 115,
      "text" : "build",
      "whiteSpace" : false
    }, {
      "id" : "s0-t16",
      "begin" : 116,
      "end" : 121,
      "text" : "13820",
      "whiteSpace" : false
    }, {
      "id" : "s0-t17",
      "begin" : 122,
      "end" : 125,
      "text" : "via",
      "whiteSpace" : false
    }, {
      "id" : "s0-t18",
      "begin" : 126,
      "end" : 129,
      "text" : "the",
      "whiteSpace" : false
    }, {
      "id" : "s0-t19",
      "begin" : 130,
      "end" : 136,
      "text" : "resids",
      "whiteSpace" : false
    }, {
      "id" : "s0-t20",
      "begin" : 137,
      "end" : 146,
      "text" : "parameter",
      "whiteSpace" : false
    }, {
      "id" : "s0-t21",
      "begin" : 147,
      "end" : 149,
      "text" : "in",
      "whiteSpace" : false
    }, {
      "id" : "s0-t22",
      "begin" : 150,
      "end" : 151,
      "text" : "a",
      "whiteSpace" : false
    }, {
      "id" : "s0-t23",
      "begin" : 152,
      "end" : 196,
      "text" : "/editDisplaynames.do?method=editDisplaynames",
      "whiteSpace" : false
    }, {
      "id" : "s0-t24",
      "begin" : 197,
      "end" : 200,
      "text" : "GET",
      "whiteSpace" : false
    }, {
      "id" : "s0-t25",
      "begin" : 201,
      "end" : 208,
      "text" : "request",
      "whiteSpace" : false
    }, {
      "id" : "s0-t26",
      "begin" : 208,
      "end" : 209,
      "text" : ".",
      "whiteSpace" : false
    } ]
  }, {
    "id" : "s1",
    "begin" : 210,
    "end" : 467,
    "text" : "| MISC:https://github.com/x-f1v3/ForCve/issues/2   |   MISC:https://www.manageengine.com/products/applications_manager/issues.html   |   CONFIRM:https://www.manageengine.com/products/applications_manager/security-updates/security-updates-cve-2018-15168.html",
    "tokens" : [ {
      "id" : "s1-t0",
      "begin" : 210,
      "end" : 211,
      "text" : "|",
      "whiteSpace" : false
    }, {
      "id" : "s1-t1",
      "begin" : 212,
      "end" : 258,
      "text" : "MISC:https://github.com/x-f1v3/ForCve/issues/2",
      "whiteSpace" : false
    }, {
      "id" : "s1-t2",
      "begin" : 261,
      "end" : 262,
      "text" : "|",
      "whiteSpace" : false
    }, {
      "id" : "s1-t3",
      "begin" : 265,
      "end" : 340,
      "text" : "MISC:https://www.manageengine.com/products/applications_manager/issues.html",
      "whiteSpace" : false
    }, {
      "id" : "s1-t4",
      "begin" : 343,
      "end" : 344,
      "text" : "|",
      "whiteSpace" : false
    }, {
      "id" : "s1-t5",
      "begin" : 347,
      "end" : 422,
      "text" : "CONFIRM:https://www.manageengine.com/products/applications_manager/security",
      "whiteSpace" : false
    }, {
      "id" : "s1-t6",
      "begin" : 422,
      "end" : 423,
      "text" : "-",
      "whiteSpace" : false
    }, {
      "id" : "s1-t7",
      "begin" : 423,
      "end" : 467,
      "text" : "updates/security-updates-cve-2018-15168.html",
      "whiteSpace" : false
    } ]
  } ],
  "mentions" : [ ],
  "relations" : [ ],
  "corefs" : [ ],
  "typeResolved" : true,
  "userResolved" : false
}