{
  "id" : "cb44ad30-e5bf-11e8-ac51-0ddb2b53e7d9-2860",
  "name" : "CVE-2018-15394",
  "createdDate" : 0,
  "version" : 3,
  "text" : "CVE-2018-15394 | A vulnerability in the Stealthwatch Management Console (SMC) of Cisco Stealthwatch Enterprise could allow an unauthenticated, remote attacker to bypass authentication and execute arbitrary actions with administrative privileges on an affected system. The vulnerability is due to an insecure system configuration. An attacker could exploit this vulnerability by sending a crafted HTTP request to the targeted application. An exploit could allow the attacker to gain unauthenticated access, resulting in elevated privileges in the SMC. | CISCO:20181107 Cisco Stealthwatch Management Console Authentication Bypass Vulnerability   |   URL:https://tools.cisco.com/security/center/content/CiscoSecurityAdvisory/cisco-sa-20181107-smc-auth-bypass   |   BID:105853   |   URL:http://www.securityfocus.com/bid/105853",
  "docLength" : 0,
  "language" : "EN",
  "status" : "READY",
  "modifiedDate" : 1541947254783,
  "documentSet" : [ ],
  "preannotation" : [ ],
  "sentences" : [ {
    "id" : "s0",
    "begin" : 0,
    "end" : 267,
    "text" : "CVE-2018-15394 | A vulnerability in the Stealthwatch Management Console (SMC) of Cisco Stealthwatch Enterprise could allow an unauthenticated, remote attacker to bypass authentication and execute arbitrary actions with administrative privileges on an affected system.",
    "tokens" : [ {
      "id" : "s0-t0",
      "begin" : 0,
      "end" : 14,
      "text" : "CVE-2018-15394",
      "whiteSpace" : false
    }, {
      "id" : "s0-t1",
      "begin" : 15,
      "end" : 16,
      "text" : "|",
      "whiteSpace" : false
    }, {
      "id" : "s0-t2",
      "begin" : 17,
      "end" : 18,
      "text" : "A",
      "whiteSpace" : false
    }, {
      "id" : "s0-t3",
      "begin" : 19,
      "end" : 32,
      "text" : "vulnerability",
      "whiteSpace" : false
    }, {
      "id" : "s0-t4",
      "begin" : 33,
      "end" : 35,
      "text" : "in",
      "whiteSpace" : false
    }, {
      "id" : "s0-t5",
      "begin" : 36,
      "end" : 39,
      "text" : "the",
      "whiteSpace" : false
    }, {
      "id" : "s0-t6",
      "begin" : 40,
      "end" : 52,
      "text" : "Stealthwatch",
      "whiteSpace" : false
    }, {
      "id" : "s0-t7",
      "begin" : 53,
      "end" : 63,
      "text" : "Management",
      "whiteSpace" : false
    }, {
      "id" : "s0-t8",
      "begin" : 64,
      "end" : 71,
      "text" : "Console",
      "whiteSpace" : false
    }, {
      "id" : "s0-t9",
      "begin" : 72,
      "end" : 73,
      "text" : "(",
      "whiteSpace" : false
    }, {
      "id" : "s0-t10",
      "begin" : 73,
      "end" : 76,
      "text" : "SMC",
      "whiteSpace" : false
    }, {
      "id" : "s0-t11",
      "begin" : 76,
      "end" : 77,
      "text" : ")",
      "whiteSpace" : false
    }, {
      "id" : "s0-t12",
      "begin" : 78,
      "end" : 80,
      "text" : "of",
      "whiteSpace" : false
    }, {
      "id" : "s0-t13",
      "begin" : 81,
      "end" : 86,
      "text" : "Cisco",
      "whiteSpace" : false
    }, {
      "id" : "s0-t14",
      "begin" : 87,
      "end" : 99,
      "text" : "Stealthwatch",
      "whiteSpace" : false
    }, {
      "id" : "s0-t15",
      "begin" : 100,
      "end" : 110,
      "text" : "Enterprise",
      "whiteSpace" : false
    }, {
      "id" : "s0-t16",
      "begin" : 111,
      "end" : 116,
      "text" : "could",
      "whiteSpace" : false
    }, {
      "id" : "s0-t17",
      "begin" : 117,
      "end" : 122,
      "text" : "allow",
      "whiteSpace" : false
    }, {
      "id" : "s0-t18",
      "begin" : 123,
      "end" : 125,
      "text" : "an",
      "whiteSpace" : false
    }, {
      "id" : "s0-t19",
      "begin" : 126,
      "end" : 141,
      "text" : "unauthenticated",
      "whiteSpace" : false
    }, {
      "id" : "s0-t20",
      "begin" : 141,
      "end" : 142,
      "text" : ",",
      "whiteSpace" : false
    }, {
      "id" : "s0-t21",
      "begin" : 143,
      "end" : 149,
      "text" : "remote",
      "whiteSpace" : false
    }, {
      "id" : "s0-t22",
      "begin" : 150,
      "end" : 158,
      "text" : "attacker",
      "whiteSpace" : false
    }, {
      "id" : "s0-t23",
      "begin" : 159,
      "end" : 161,
      "text" : "to",
      "whiteSpace" : false
    }, {
      "id" : "s0-t24",
      "begin" : 162,
      "end" : 168,
      "text" : "bypass",
      "whiteSpace" : false
    }, {
      "id" : "s0-t25",
      "begin" : 169,
      "end" : 183,
      "text" : "authentication",
      "whiteSpace" : false
    }, {
      "id" : "s0-t26",
      "begin" : 184,
      "end" : 187,
      "text" : "and",
      "whiteSpace" : false
    }, {
      "id" : "s0-t27",
      "begin" : 188,
      "end" : 195,
      "text" : "execute",
      "whiteSpace" : false
    }, {
      "id" : "s0-t28",
      "begin" : 196,
      "end" : 205,
      "text" : "arbitrary",
      "whiteSpace" : false
    }, {
      "id" : "s0-t29",
      "begin" : 206,
      "end" : 213,
      "text" : "actions",
      "whiteSpace" : false
    }, {
      "id" : "s0-t30",
      "begin" : 214,
      "end" : 218,
      "text" : "with",
      "whiteSpace" : false
    }, {
      "id" : "s0-t31",
      "begin" : 219,
      "end" : 233,
      "text" : "administrative",
      "whiteSpace" : false
    }, {
      "id" : "s0-t32",
      "begin" : 234,
      "end" : 244,
      "text" : "privileges",
      "whiteSpace" : false
    }, {
      "id" : "s0-t33",
      "begin" : 245,
      "end" : 247,
      "text" : "on",
      "whiteSpace" : false
    }, {
      "id" : "s0-t34",
      "begin" : 248,
      "end" : 250,
      "text" : "an",
      "whiteSpace" : false
    }, {
      "id" : "s0-t35",
      "begin" : 251,
      "end" : 259,
      "text" : "affected",
      "whiteSpace" : false
    }, {
      "id" : "s0-t36",
      "begin" : 260,
      "end" : 266,
      "text" : "system",
      "whiteSpace" : false
    }, {
      "id" : "s0-t37",
      "begin" : 266,
      "end" : 267,
      "text" : ".",
      "whiteSpace" : false
    } ]
  }, {
    "id" : "s1",
    "begin" : 268,
    "end" : 329,
    "text" : "The vulnerability is due to an insecure system configuration.",
    "tokens" : [ {
      "id" : "s1-t0",
      "begin" : 268,
      "end" : 271,
      "text" : "The",
      "whiteSpace" : false
    }, {
      "id" : "s1-t1",
      "begin" : 272,
      "end" : 285,
      "text" : "vulnerability",
      "whiteSpace" : false
    }, {
      "id" : "s1-t2",
      "begin" : 286,
      "end" : 288,
      "text" : "is",
      "whiteSpace" : false
    }, {
      "id" : "s1-t3",
      "begin" : 289,
      "end" : 292,
      "text" : "due",
      "whiteSpace" : false
    }, {
      "id" : "s1-t4",
      "begin" : 293,
      "end" : 295,
      "text" : "to",
      "whiteSpace" : false
    }, {
      "id" : "s1-t5",
      "begin" : 296,
      "end" : 298,
      "text" : "an",
      "whiteSpace" : false
    }, {
      "id" : "s1-t6",
      "begin" : 299,
      "end" : 307,
      "text" : "insecure",
      "whiteSpace" : false
    }, {
      "id" : "s1-t7",
      "begin" : 308,
      "end" : 314,
      "text" : "system",
      "whiteSpace" : false
    }, {
      "id" : "s1-t8",
      "begin" : 315,
      "end" : 328,
      "text" : "configuration",
      "whiteSpace" : false
    }, {
      "id" : "s1-t9",
      "begin" : 328,
      "end" : 329,
      "text" : ".",
      "whiteSpace" : false
    } ]
  }, {
    "id" : "s2",
    "begin" : 330,
    "end" : 437,
    "text" : "An attacker could exploit this vulnerability by sending a crafted HTTP request to the targeted application.",
    "tokens" : [ {
      "id" : "s2-t0",
      "begin" : 330,
      "end" : 332,
      "text" : "An",
      "whiteSpace" : false
    }, {
      "id" : "s2-t1",
      "begin" : 333,
      "end" : 341,
      "text" : "attacker",
      "whiteSpace" : false
    }, {
      "id" : "s2-t2",
      "begin" : 342,
      "end" : 347,
      "text" : "could",
      "whiteSpace" : false
    }, {
      "id" : "s2-t3",
      "begin" : 348,
      "end" : 355,
      "text" : "exploit",
      "whiteSpace" : false
    }, {
      "id" : "s2-t4",
      "begin" : 356,
      "end" : 360,
      "text" : "this",
      "whiteSpace" : false
    }, {
      "id" : "s2-t5",
      "begin" : 361,
      "end" : 374,
      "text" : "vulnerability",
      "whiteSpace" : false
    }, {
      "id" : "s2-t6",
      "begin" : 375,
      "end" : 377,
      "text" : "by",
      "whiteSpace" : false
    }, {
      "id" : "s2-t7",
      "begin" : 378,
      "end" : 385,
      "text" : "sending",
      "whiteSpace" : false
    }, {
      "id" : "s2-t8",
      "begin" : 386,
      "end" : 387,
      "text" : "a",
      "whiteSpace" : false
    }, {
      "id" : "s2-t9",
      "begin" : 388,
      "end" : 395,
      "text" : "crafted",
      "whiteSpace" : false
    }, {
      "id" : "s2-t10",
      "begin" : 396,
      "end" : 400,
      "text" : "HTTP",
      "whiteSpace" : false
    }, {
      "id" : "s2-t11",
      "begin" : 401,
      "end" : 408,
      "text" : "request",
      "whiteSpace" : false
    }, {
      "id" : "s2-t12",
      "begin" : 409,
      "end" : 411,
      "text" : "to",
      "whiteSpace" : false
    }, {
      "id" : "s2-t13",
      "begin" : 412,
      "end" : 415,
      "text" : "the",
      "whiteSpace" : false
    }, {
      "id" : "s2-t14",
      "begin" : 416,
      "end" : 424,
      "text" : "targeted",
      "whiteSpace" : false
    }, {
      "id" : "s2-t15",
      "begin" : 425,
      "end" : 436,
      "text" : "application",
      "whiteSpace" : false
    }, {
      "id" : "s2-t16",
      "begin" : 436,
      "end" : 437,
      "text" : ".",
      "whiteSpace" : false
    } ]
  }, {
    "id" : "s3",
    "begin" : 438,
    "end" : 550,
    "text" : "An exploit could allow the attacker to gain unauthenticated access, resulting in elevated privileges in the SMC.",
    "tokens" : [ {
      "id" : "s3-t0",
      "begin" : 438,
      "end" : 440,
      "text" : "An",
      "whiteSpace" : false
    }, {
      "id" : "s3-t1",
      "begin" : 441,
      "end" : 448,
      "text" : "exploit",
      "whiteSpace" : false
    }, {
      "id" : "s3-t2",
      "begin" : 449,
      "end" : 454,
      "text" : "could",
      "whiteSpace" : false
    }, {
      "id" : "s3-t3",
      "begin" : 455,
      "end" : 460,
      "text" : "allow",
      "whiteSpace" : false
    }, {
      "id" : "s3-t4",
      "begin" : 461,
      "end" : 464,
      "text" : "the",
      "whiteSpace" : false
    }, {
      "id" : "s3-t5",
      "begin" : 465,
      "end" : 473,
      "text" : "attacker",
      "whiteSpace" : false
    }, {
      "id" : "s3-t6",
      "begin" : 474,
      "end" : 476,
      "text" : "to",
      "whiteSpace" : false
    }, {
      "id" : "s3-t7",
      "begin" : 477,
      "end" : 481,
      "text" : "gain",
      "whiteSpace" : false
    }, {
      "id" : "s3-t8",
      "begin" : 482,
      "end" : 497,
      "text" : "unauthenticated",
      "whiteSpace" : false
    }, {
      "id" : "s3-t9",
      "begin" : 498,
      "end" : 504,
      "text" : "access",
      "whiteSpace" : false
    }, {
      "id" : "s3-t10",
      "begin" : 504,
      "end" : 505,
      "text" : ",",
      "whiteSpace" : false
    }, {
      "id" : "s3-t11",
      "begin" : 506,
      "end" : 515,
      "text" : "resulting",
      "whiteSpace" : false
    }, {
      "id" : "s3-t12",
      "begin" : 516,
      "end" : 518,
      "text" : "in",
      "whiteSpace" : false
    }, {
      "id" : "s3-t13",
      "begin" : 519,
      "end" : 527,
      "text" : "elevated",
      "whiteSpace" : false
    }, {
      "id" : "s3-t14",
      "begin" : 528,
      "end" : 538,
      "text" : "privileges",
      "whiteSpace" : false
    }, {
      "id" : "s3-t15",
      "begin" : 539,
      "end" : 541,
      "text" : "in",
      "whiteSpace" : false
    }, {
      "id" : "s3-t16",
      "begin" : 542,
      "end" : 545,
      "text" : "the",
      "whiteSpace" : false
    }, {
      "id" : "s3-t17",
      "begin" : 546,
      "end" : 549,
      "text" : "SMC",
      "whiteSpace" : false
    }, {
      "id" : "s3-t18",
      "begin" : 549,
      "end" : 550,
      "text" : ".",
      "whiteSpace" : false
    } ]
  }, {
    "id" : "s4",
    "begin" : 551,
    "end" : 822,
    "text" : "| CISCO:20181107 Cisco Stealthwatch Management Console Authentication Bypass Vulnerability   |   URL:https://tools.cisco.com/security/center/content/CiscoSecurityAdvisory/cisco-sa-20181107-smc-auth-bypass   |   BID:105853   |   URL:http://www.securityfocus.com/bid/105853",
    "tokens" : [ {
      "id" : "s4-t0",
      "begin" : 551,
      "end" : 552,
      "text" : "|",
      "whiteSpace" : false
    }, {
      "id" : "s4-t1",
      "begin" : 553,
      "end" : 558,
      "text" : "CISCO",
      "whiteSpace" : false
    }, {
      "id" : "s4-t2",
      "begin" : 558,
      "end" : 559,
      "text" : ":",
      "whiteSpace" : false
    }, {
      "id" : "s4-t3",
      "begin" : 559,
      "end" : 567,
      "text" : "20181107",
      "whiteSpace" : false
    }, {
      "id" : "s4-t4",
      "begin" : 568,
      "end" : 573,
      "text" : "Cisco",
      "whiteSpace" : false
    }, {
      "id" : "s4-t5",
      "begin" : 574,
      "end" : 586,
      "text" : "Stealthwatch",
      "whiteSpace" : false
    }, {
      "id" : "s4-t6",
      "begin" : 587,
      "end" : 597,
      "text" : "Management",
      "whiteSpace" : false
    }, {
      "id" : "s4-t7",
      "begin" : 598,
      "end" : 605,
      "text" : "Console",
      "whiteSpace" : false
    }, {
      "id" : "s4-t8",
      "begin" : 606,
      "end" : 620,
      "text" : "Authentication",
      "whiteSpace" : false
    }, {
      "id" : "s4-t9",
      "begin" : 621,
      "end" : 627,
      "text" : "Bypass",
      "whiteSpace" : false
    }, {
      "id" : "s4-t10",
      "begin" : 628,
      "end" : 641,
      "text" : "Vulnerability",
      "whiteSpace" : false
    }, {
      "id" : "s4-t11",
      "begin" : 644,
      "end" : 645,
      "text" : "|",
      "whiteSpace" : false
    }, {
      "id" : "s4-t12",
      "begin" : 648,
      "end" : 743,
      "text" : "URL:https://tools.cisco.com/security/center/content/CiscoSecurityAdvisory/cisco-sa-20181107-smc",
      "whiteSpace" : false
    }, {
      "id" : "s4-t13",
      "begin" : 743,
      "end" : 744,
      "text" : "-",
      "whiteSpace" : false
    }, {
      "id" : "s4-t14",
      "begin" : 744,
      "end" : 748,
      "text" : "auth",
      "whiteSpace" : false
    }, {
      "id" : "s4-t15",
      "begin" : 748,
      "end" : 749,
      "text" : "-",
      "whiteSpace" : false
    }, {
      "id" : "s4-t16",
      "begin" : 749,
      "end" : 755,
      "text" : "bypass",
      "whiteSpace" : false
    }, {
      "id" : "s4-t17",
      "begin" : 758,
      "end" : 759,
      "text" : "|",
      "whiteSpace" : false
    }, {
      "id" : "s4-t18",
      "begin" : 762,
      "end" : 765,
      "text" : "BID",
      "whiteSpace" : false
    }, {
      "id" : "s4-t19",
      "begin" : 765,
      "end" : 766,
      "text" : ":",
      "whiteSpace" : false
    }, {
      "id" : "s4-t20",
      "begin" : 766,
      "end" : 772,
      "text" : "105853",
      "whiteSpace" : false
    }, {
      "id" : "s4-t21",
      "begin" : 775,
      "end" : 776,
      "text" : "|",
      "whiteSpace" : false
    }, {
      "id" : "s4-t22",
      "begin" : 779,
      "end" : 816,
      "text" : "URL:http://www.securityfocus.com/bid/",
      "whiteSpace" : false
    }, {
      "id" : "s4-t23",
      "begin" : 816,
      "end" : 822,
      "text" : "105853",
      "whiteSpace" : false
    } ]
  } ],
  "mentions" : [ ],
  "relations" : [ ],
  "corefs" : [ ],
  "typeResolved" : true,
  "userResolved" : false
}