{
  "id" : "cb44ad30-e5bf-11e8-ac51-0ddb2b53e7d9-2989",
  "name" : "CVE-2018-15122",
  "createdDate" : 0,
  "version" : 3,
  "text" : "CVE-2018-15122 | An issue found in Progress Telerik JustAssembly through 2018.1.323.2 and JustDecompile through 2018.2.605.0 makes it possible to execute code by decompiling a compiled .NET object (such as DLL or EXE) with an embedded resource file by clicking on the resource. | CONFIRM:https://docs.telerik.com/devtools/justdecompile/knowledge-base/jd-ja-resources-vulnerability   |   CONFIRM:https://www.telerik.com/support/whats-new/justdecompile/release-history/justdecompile-r2-2018-sp1",
  "docLength" : 0,
  "language" : "EN",
  "status" : "READY",
  "modifiedDate" : 1541947254783,
  "documentSet" : [ ],
  "preannotation" : [ ],
  "sentences" : [ {
    "id" : "s0",
    "begin" : 0,
    "end" : 277,
    "text" : "CVE-2018-15122 | An issue found in Progress Telerik JustAssembly through 2018.1.323.2 and JustDecompile through 2018.2.605.0 makes it possible to execute code by decompiling a compiled .NET object (such as DLL or EXE) with an embedded resource file by clicking on the resource.",
    "tokens" : [ {
      "id" : "s0-t0",
      "begin" : 0,
      "end" : 14,
      "text" : "CVE-2018-15122",
      "whiteSpace" : false
    }, {
      "id" : "s0-t1",
      "begin" : 15,
      "end" : 16,
      "text" : "|",
      "whiteSpace" : false
    }, {
      "id" : "s0-t2",
      "begin" : 17,
      "end" : 19,
      "text" : "An",
      "whiteSpace" : false
    }, {
      "id" : "s0-t3",
      "begin" : 20,
      "end" : 25,
      "text" : "issue",
      "whiteSpace" : false
    }, {
      "id" : "s0-t4",
      "begin" : 26,
      "end" : 31,
      "text" : "found",
      "whiteSpace" : false
    }, {
      "id" : "s0-t5",
      "begin" : 32,
      "end" : 34,
      "text" : "in",
      "whiteSpace" : false
    }, {
      "id" : "s0-t6",
      "begin" : 35,
      "end" : 43,
      "text" : "Progress",
      "whiteSpace" : false
    }, {
      "id" : "s0-t7",
      "begin" : 44,
      "end" : 51,
      "text" : "Telerik",
      "whiteSpace" : false
    }, {
      "id" : "s0-t8",
      "begin" : 52,
      "end" : 64,
      "text" : "JustAssembly",
      "whiteSpace" : false
    }, {
      "id" : "s0-t9",
      "begin" : 65,
      "end" : 72,
      "text" : "through",
      "whiteSpace" : false
    }, {
      "id" : "s0-t10",
      "begin" : 73,
      "end" : 85,
      "text" : "2018.1.323.2",
      "whiteSpace" : false
    }, {
      "id" : "s0-t11",
      "begin" : 86,
      "end" : 89,
      "text" : "and",
      "whiteSpace" : false
    }, {
      "id" : "s0-t12",
      "begin" : 90,
      "end" : 103,
      "text" : "JustDecompile",
      "whiteSpace" : false
    }, {
      "id" : "s0-t13",
      "begin" : 104,
      "end" : 111,
      "text" : "through",
      "whiteSpace" : false
    }, {
      "id" : "s0-t14",
      "begin" : 112,
      "end" : 124,
      "text" : "2018.2.605.0",
      "whiteSpace" : false
    }, {
      "id" : "s0-t15",
      "begin" : 125,
      "end" : 130,
      "text" : "makes",
      "whiteSpace" : false
    }, {
      "id" : "s0-t16",
      "begin" : 131,
      "end" : 133,
      "text" : "it",
      "whiteSpace" : false
    }, {
      "id" : "s0-t17",
      "begin" : 134,
      "end" : 142,
      "text" : "possible",
      "whiteSpace" : false
    }, {
      "id" : "s0-t18",
      "begin" : 143,
      "end" : 145,
      "text" : "to",
      "whiteSpace" : false
    }, {
      "id" : "s0-t19",
      "begin" : 146,
      "end" : 153,
      "text" : "execute",
      "whiteSpace" : false
    }, {
      "id" : "s0-t20",
      "begin" : 154,
      "end" : 158,
      "text" : "code",
      "whiteSpace" : false
    }, {
      "id" : "s0-t21",
      "begin" : 159,
      "end" : 161,
      "text" : "by",
      "whiteSpace" : false
    }, {
      "id" : "s0-t22",
      "begin" : 162,
      "end" : 173,
      "text" : "decompiling",
      "whiteSpace" : false
    }, {
      "id" : "s0-t23",
      "begin" : 174,
      "end" : 175,
      "text" : "a",
      "whiteSpace" : false
    }, {
      "id" : "s0-t24",
      "begin" : 176,
      "end" : 184,
      "text" : "compiled",
      "whiteSpace" : false
    }, {
      "id" : "s0-t25",
      "begin" : 185,
      "end" : 189,
      "text" : ".NET",
      "whiteSpace" : false
    }, {
      "id" : "s0-t26",
      "begin" : 190,
      "end" : 196,
      "text" : "object",
      "whiteSpace" : false
    }, {
      "id" : "s0-t27",
      "begin" : 197,
      "end" : 198,
      "text" : "(",
      "whiteSpace" : false
    }, {
      "id" : "s0-t28",
      "begin" : 198,
      "end" : 202,
      "text" : "such",
      "whiteSpace" : false
    }, {
      "id" : "s0-t29",
      "begin" : 203,
      "end" : 205,
      "text" : "as",
      "whiteSpace" : false
    }, {
      "id" : "s0-t30",
      "begin" : 206,
      "end" : 209,
      "text" : "DLL",
      "whiteSpace" : false
    }, {
      "id" : "s0-t31",
      "begin" : 210,
      "end" : 212,
      "text" : "or",
      "whiteSpace" : false
    }, {
      "id" : "s0-t32",
      "begin" : 213,
      "end" : 216,
      "text" : "EXE",
      "whiteSpace" : false
    }, {
      "id" : "s0-t33",
      "begin" : 216,
      "end" : 217,
      "text" : ")",
      "whiteSpace" : false
    }, {
      "id" : "s0-t34",
      "begin" : 218,
      "end" : 222,
      "text" : "with",
      "whiteSpace" : false
    }, {
      "id" : "s0-t35",
      "begin" : 223,
      "end" : 225,
      "text" : "an",
      "whiteSpace" : false
    }, {
      "id" : "s0-t36",
      "begin" : 226,
      "end" : 234,
      "text" : "embedded",
      "whiteSpace" : false
    }, {
      "id" : "s0-t37",
      "begin" : 235,
      "end" : 243,
      "text" : "resource",
      "whiteSpace" : false
    }, {
      "id" : "s0-t38",
      "begin" : 244,
      "end" : 248,
      "text" : "file",
      "whiteSpace" : false
    }, {
      "id" : "s0-t39",
      "begin" : 249,
      "end" : 251,
      "text" : "by",
      "whiteSpace" : false
    }, {
      "id" : "s0-t40",
      "begin" : 252,
      "end" : 260,
      "text" : "clicking",
      "whiteSpace" : false
    }, {
      "id" : "s0-t41",
      "begin" : 261,
      "end" : 263,
      "text" : "on",
      "whiteSpace" : false
    }, {
      "id" : "s0-t42",
      "begin" : 264,
      "end" : 267,
      "text" : "the",
      "whiteSpace" : false
    }, {
      "id" : "s0-t43",
      "begin" : 268,
      "end" : 276,
      "text" : "resource",
      "whiteSpace" : false
    }, {
      "id" : "s0-t44",
      "begin" : 276,
      "end" : 277,
      "text" : ".",
      "whiteSpace" : false
    } ]
  }, {
    "id" : "s1",
    "begin" : 278,
    "end" : 492,
    "text" : "| CONFIRM:https://docs.telerik.com/devtools/justdecompile/knowledge-base/jd-ja-resources-vulnerability   |   CONFIRM:https://www.telerik.com/support/whats-new/justdecompile/release-history/justdecompile-r2-2018-sp1",
    "tokens" : [ {
      "id" : "s1-t0",
      "begin" : 278,
      "end" : 279,
      "text" : "|",
      "whiteSpace" : false
    }, {
      "id" : "s1-t1",
      "begin" : 280,
      "end" : 345,
      "text" : "CONFIRM:https://docs.telerik.com/devtools/justdecompile/knowledge",
      "whiteSpace" : false
    }, {
      "id" : "s1-t2",
      "begin" : 345,
      "end" : 346,
      "text" : "-",
      "whiteSpace" : false
    }, {
      "id" : "s1-t3",
      "begin" : 346,
      "end" : 353,
      "text" : "base/jd",
      "whiteSpace" : false
    }, {
      "id" : "s1-t4",
      "begin" : 353,
      "end" : 354,
      "text" : "-",
      "whiteSpace" : false
    }, {
      "id" : "s1-t5",
      "begin" : 354,
      "end" : 356,
      "text" : "ja",
      "whiteSpace" : false
    }, {
      "id" : "s1-t6",
      "begin" : 356,
      "end" : 357,
      "text" : "-",
      "whiteSpace" : false
    }, {
      "id" : "s1-t7",
      "begin" : 357,
      "end" : 366,
      "text" : "resources",
      "whiteSpace" : false
    }, {
      "id" : "s1-t8",
      "begin" : 366,
      "end" : 367,
      "text" : "-",
      "whiteSpace" : false
    }, {
      "id" : "s1-t9",
      "begin" : 367,
      "end" : 380,
      "text" : "vulnerability",
      "whiteSpace" : false
    }, {
      "id" : "s1-t10",
      "begin" : 383,
      "end" : 384,
      "text" : "|",
      "whiteSpace" : false
    }, {
      "id" : "s1-t11",
      "begin" : 387,
      "end" : 394,
      "text" : "CONFIRM",
      "whiteSpace" : false
    }, {
      "id" : "s1-t12",
      "begin" : 394,
      "end" : 492,
      "text" : ":https://www.telerik.com/support/whats-new/justdecompile/release-history/justdecompile-r2-2018-sp1",
      "whiteSpace" : false
    } ]
  } ],
  "mentions" : [ ],
  "relations" : [ ],
  "corefs" : [ ],
  "typeResolved" : true,
  "userResolved" : false
}