{
  "id" : "cb44ad30-e5bf-11e8-ac51-0ddb2b53e7d9-2933",
  "name" : "CVE-2018-15198",
  "createdDate" : 0,
  "version" : 3,
  "text" : "CVE-2018-15198 | An issue was discovered in OneThink v1.1. There is a CSRF vulnerability in admin.php?s=/User/add.html that can add a user. | MISC:https://github.com/liu21st/onethink/issues/36",
  "docLength" : 0,
  "language" : "EN",
  "status" : "READY",
  "modifiedDate" : 1541947254783,
  "documentSet" : [ ],
  "preannotation" : [ ],
  "sentences" : [ {
    "id" : "s0",
    "begin" : 0,
    "end" : 58,
    "text" : "CVE-2018-15198 | An issue was discovered in OneThink v1.1.",
    "tokens" : [ {
      "id" : "s0-t0",
      "begin" : 0,
      "end" : 14,
      "text" : "CVE-2018-15198",
      "whiteSpace" : false
    }, {
      "id" : "s0-t1",
      "begin" : 15,
      "end" : 16,
      "text" : "|",
      "whiteSpace" : false
    }, {
      "id" : "s0-t2",
      "begin" : 17,
      "end" : 19,
      "text" : "An",
      "whiteSpace" : false
    }, {
      "id" : "s0-t3",
      "begin" : 20,
      "end" : 25,
      "text" : "issue",
      "whiteSpace" : false
    }, {
      "id" : "s0-t4",
      "begin" : 26,
      "end" : 29,
      "text" : "was",
      "whiteSpace" : false
    }, {
      "id" : "s0-t5",
      "begin" : 30,
      "end" : 40,
      "text" : "discovered",
      "whiteSpace" : false
    }, {
      "id" : "s0-t6",
      "begin" : 41,
      "end" : 43,
      "text" : "in",
      "whiteSpace" : false
    }, {
      "id" : "s0-t7",
      "begin" : 44,
      "end" : 52,
      "text" : "OneThink",
      "whiteSpace" : false
    }, {
      "id" : "s0-t8",
      "begin" : 53,
      "end" : 57,
      "text" : "v1.1",
      "whiteSpace" : false
    }, {
      "id" : "s0-t9",
      "begin" : 57,
      "end" : 58,
      "text" : ".",
      "whiteSpace" : false
    } ]
  }, {
    "id" : "s1",
    "begin" : 59,
    "end" : 139,
    "text" : "There is a CSRF vulnerability in admin.php?s=/User/add.html that can add a user.",
    "tokens" : [ {
      "id" : "s1-t0",
      "begin" : 59,
      "end" : 64,
      "text" : "There",
      "whiteSpace" : false
    }, {
      "id" : "s1-t1",
      "begin" : 65,
      "end" : 67,
      "text" : "is",
      "whiteSpace" : false
    }, {
      "id" : "s1-t2",
      "begin" : 68,
      "end" : 69,
      "text" : "a",
      "whiteSpace" : false
    }, {
      "id" : "s1-t3",
      "begin" : 70,
      "end" : 74,
      "text" : "CSRF",
      "whiteSpace" : false
    }, {
      "id" : "s1-t4",
      "begin" : 75,
      "end" : 88,
      "text" : "vulnerability",
      "whiteSpace" : false
    }, {
      "id" : "s1-t5",
      "begin" : 89,
      "end" : 91,
      "text" : "in",
      "whiteSpace" : false
    }, {
      "id" : "s1-t6",
      "begin" : 92,
      "end" : 118,
      "text" : "admin.php?s=/User/add.html",
      "whiteSpace" : false
    }, {
      "id" : "s1-t7",
      "begin" : 119,
      "end" : 123,
      "text" : "that",
      "whiteSpace" : false
    }, {
      "id" : "s1-t8",
      "begin" : 124,
      "end" : 127,
      "text" : "can",
      "whiteSpace" : false
    }, {
      "id" : "s1-t9",
      "begin" : 128,
      "end" : 131,
      "text" : "add",
      "whiteSpace" : false
    }, {
      "id" : "s1-t10",
      "begin" : 132,
      "end" : 133,
      "text" : "a",
      "whiteSpace" : false
    }, {
      "id" : "s1-t11",
      "begin" : 134,
      "end" : 138,
      "text" : "user",
      "whiteSpace" : false
    }, {
      "id" : "s1-t12",
      "begin" : 138,
      "end" : 139,
      "text" : ".",
      "whiteSpace" : false
    } ]
  }, {
    "id" : "s2",
    "begin" : 140,
    "end" : 192,
    "text" : "| MISC:https://github.com/liu21st/onethink/issues/36",
    "tokens" : [ {
      "id" : "s2-t0",
      "begin" : 140,
      "end" : 141,
      "text" : "|",
      "whiteSpace" : false
    }, {
      "id" : "s2-t1",
      "begin" : 142,
      "end" : 190,
      "text" : "MISC:https://github.com/liu21st/onethink/issues/",
      "whiteSpace" : false
    }, {
      "id" : "s2-t2",
      "begin" : 190,
      "end" : 192,
      "text" : "36",
      "whiteSpace" : false
    } ]
  } ],
  "mentions" : [ ],
  "relations" : [ ],
  "corefs" : [ ],
  "typeResolved" : true,
  "userResolved" : false
}