{
  "id" : "cb44ad30-e5bf-11e8-ac51-0ddb2b53e7d9-2906",
  "name" : "CVE-2018-15325",
  "createdDate" : 0,
  "version" : 3,
  "text" : "CVE-2018-15325 | In BIG-IP 14.0.0-14.0.0.2 or 13.0.0-13.1.1.1, iControl and TMSH usage by authenticated users may leak a small amount of memory when executing commands | CONFIRM:https://support.f5.com/csp/article/K77313277",
  "docLength" : 0,
  "language" : "EN",
  "status" : "READY",
  "modifiedDate" : 1541947254783,
  "documentSet" : [ ],
  "preannotation" : [ ],
  "sentences" : [ {
    "id" : "s0",
    "begin" : 0,
    "end" : 222,
    "text" : "CVE-2018-15325 | In BIG-IP 14.0.0-14.0.0.2 or 13.0.0-13.1.1.1, iControl and TMSH usage by authenticated users may leak a small amount of memory when executing commands | CONFIRM:https://support.f5.com/csp/article/K77313277",
    "tokens" : [ {
      "id" : "s0-t0",
      "begin" : 0,
      "end" : 14,
      "text" : "CVE-2018-15325",
      "whiteSpace" : false
    }, {
      "id" : "s0-t1",
      "begin" : 15,
      "end" : 16,
      "text" : "|",
      "whiteSpace" : false
    }, {
      "id" : "s0-t2",
      "begin" : 17,
      "end" : 19,
      "text" : "In",
      "whiteSpace" : false
    }, {
      "id" : "s0-t3",
      "begin" : 20,
      "end" : 23,
      "text" : "BIG",
      "whiteSpace" : false
    }, {
      "id" : "s0-t4",
      "begin" : 23,
      "end" : 24,
      "text" : "-",
      "whiteSpace" : false
    }, {
      "id" : "s0-t5",
      "begin" : 24,
      "end" : 26,
      "text" : "IP",
      "whiteSpace" : false
    }, {
      "id" : "s0-t6",
      "begin" : 27,
      "end" : 42,
      "text" : "14.0.0-14.0.0.2",
      "whiteSpace" : false
    }, {
      "id" : "s0-t7",
      "begin" : 43,
      "end" : 45,
      "text" : "or",
      "whiteSpace" : false
    }, {
      "id" : "s0-t8",
      "begin" : 46,
      "end" : 61,
      "text" : "13.0.0-13.1.1.1",
      "whiteSpace" : false
    }, {
      "id" : "s0-t9",
      "begin" : 61,
      "end" : 62,
      "text" : ",",
      "whiteSpace" : false
    }, {
      "id" : "s0-t10",
      "begin" : 63,
      "end" : 71,
      "text" : "iControl",
      "whiteSpace" : false
    }, {
      "id" : "s0-t11",
      "begin" : 72,
      "end" : 75,
      "text" : "and",
      "whiteSpace" : false
    }, {
      "id" : "s0-t12",
      "begin" : 76,
      "end" : 80,
      "text" : "TMSH",
      "whiteSpace" : false
    }, {
      "id" : "s0-t13",
      "begin" : 81,
      "end" : 86,
      "text" : "usage",
      "whiteSpace" : false
    }, {
      "id" : "s0-t14",
      "begin" : 87,
      "end" : 89,
      "text" : "by",
      "whiteSpace" : false
    }, {
      "id" : "s0-t15",
      "begin" : 90,
      "end" : 103,
      "text" : "authenticated",
      "whiteSpace" : false
    }, {
      "id" : "s0-t16",
      "begin" : 104,
      "end" : 109,
      "text" : "users",
      "whiteSpace" : false
    }, {
      "id" : "s0-t17",
      "begin" : 110,
      "end" : 113,
      "text" : "may",
      "whiteSpace" : false
    }, {
      "id" : "s0-t18",
      "begin" : 114,
      "end" : 118,
      "text" : "leak",
      "whiteSpace" : false
    }, {
      "id" : "s0-t19",
      "begin" : 119,
      "end" : 120,
      "text" : "a",
      "whiteSpace" : false
    }, {
      "id" : "s0-t20",
      "begin" : 121,
      "end" : 126,
      "text" : "small",
      "whiteSpace" : false
    }, {
      "id" : "s0-t21",
      "begin" : 127,
      "end" : 133,
      "text" : "amount",
      "whiteSpace" : false
    }, {
      "id" : "s0-t22",
      "begin" : 134,
      "end" : 136,
      "text" : "of",
      "whiteSpace" : false
    }, {
      "id" : "s0-t23",
      "begin" : 137,
      "end" : 143,
      "text" : "memory",
      "whiteSpace" : false
    }, {
      "id" : "s0-t24",
      "begin" : 144,
      "end" : 148,
      "text" : "when",
      "whiteSpace" : false
    }, {
      "id" : "s0-t25",
      "begin" : 149,
      "end" : 158,
      "text" : "executing",
      "whiteSpace" : false
    }, {
      "id" : "s0-t26",
      "begin" : 159,
      "end" : 167,
      "text" : "commands",
      "whiteSpace" : false
    }, {
      "id" : "s0-t27",
      "begin" : 168,
      "end" : 169,
      "text" : "|",
      "whiteSpace" : false
    }, {
      "id" : "s0-t28",
      "begin" : 170,
      "end" : 222,
      "text" : "CONFIRM:https://support.f5.com/csp/article/K77313277",
      "whiteSpace" : false
    } ]
  } ],
  "mentions" : [ ],
  "relations" : [ ],
  "corefs" : [ ],
  "typeResolved" : true,
  "userResolved" : false
}