{
  "id" : "cb44ad30-e5bf-11e8-ac51-0ddb2b53e7d9-2916",
  "name" : "CVE-2018-15316",
  "createdDate" : 0,
  "version" : 3,
  "text" : "CVE-2018-15316 | In F5 BIG-IP APM 13.0.0-13.1.1.1, APM Client 7.1.5-7.1.6, and/or Edge Client 7101-7160, the BIG-IP APM Edge Client component loads the policy library with user permission and bypassing the endpoint checks. | CONFIRM:https://support.f5.com/csp/article/K51220077   |   BID:105731   |   URL:http://www.securityfocus.com/bid/105731   |   SECTRACK:1041936   |   URL:http://www.securitytracker.com/id/1041936",
  "docLength" : 0,
  "language" : "EN",
  "status" : "READY",
  "modifiedDate" : 1541947254783,
  "documentSet" : [ ],
  "preannotation" : [ ],
  "sentences" : [ {
    "id" : "s0",
    "begin" : 0,
    "end" : 222,
    "text" : "CVE-2018-15316 | In F5 BIG-IP APM 13.0.0-13.1.1.1, APM Client 7.1.5-7.1.6, and/or Edge Client 7101-7160, the BIG-IP APM Edge Client component loads the policy library with user permission and bypassing the endpoint checks.",
    "tokens" : [ {
      "id" : "s0-t0",
      "begin" : 0,
      "end" : 14,
      "text" : "CVE-2018-15316",
      "whiteSpace" : false
    }, {
      "id" : "s0-t1",
      "begin" : 15,
      "end" : 16,
      "text" : "|",
      "whiteSpace" : false
    }, {
      "id" : "s0-t2",
      "begin" : 17,
      "end" : 19,
      "text" : "In",
      "whiteSpace" : false
    }, {
      "id" : "s0-t3",
      "begin" : 20,
      "end" : 22,
      "text" : "F5",
      "whiteSpace" : false
    }, {
      "id" : "s0-t4",
      "begin" : 23,
      "end" : 26,
      "text" : "BIG",
      "whiteSpace" : false
    }, {
      "id" : "s0-t5",
      "begin" : 26,
      "end" : 27,
      "text" : "-",
      "whiteSpace" : false
    }, {
      "id" : "s0-t6",
      "begin" : 27,
      "end" : 29,
      "text" : "IP",
      "whiteSpace" : false
    }, {
      "id" : "s0-t7",
      "begin" : 30,
      "end" : 33,
      "text" : "APM",
      "whiteSpace" : false
    }, {
      "id" : "s0-t8",
      "begin" : 34,
      "end" : 49,
      "text" : "13.0.0-13.1.1.1",
      "whiteSpace" : false
    }, {
      "id" : "s0-t9",
      "begin" : 49,
      "end" : 50,
      "text" : ",",
      "whiteSpace" : false
    }, {
      "id" : "s0-t10",
      "begin" : 51,
      "end" : 54,
      "text" : "APM",
      "whiteSpace" : false
    }, {
      "id" : "s0-t11",
      "begin" : 55,
      "end" : 61,
      "text" : "Client",
      "whiteSpace" : false
    }, {
      "id" : "s0-t12",
      "begin" : 62,
      "end" : 73,
      "text" : "7.1.5-7.1.6",
      "whiteSpace" : false
    }, {
      "id" : "s0-t13",
      "begin" : 73,
      "end" : 74,
      "text" : ",",
      "whiteSpace" : false
    }, {
      "id" : "s0-t14",
      "begin" : 75,
      "end" : 78,
      "text" : "and",
      "whiteSpace" : false
    }, {
      "id" : "s0-t15",
      "begin" : 78,
      "end" : 79,
      "text" : "/",
      "whiteSpace" : false
    }, {
      "id" : "s0-t16",
      "begin" : 79,
      "end" : 81,
      "text" : "or",
      "whiteSpace" : false
    }, {
      "id" : "s0-t17",
      "begin" : 82,
      "end" : 86,
      "text" : "Edge",
      "whiteSpace" : false
    }, {
      "id" : "s0-t18",
      "begin" : 87,
      "end" : 93,
      "text" : "Client",
      "whiteSpace" : false
    }, {
      "id" : "s0-t19",
      "begin" : 94,
      "end" : 103,
      "text" : "7101-7160",
      "whiteSpace" : false
    }, {
      "id" : "s0-t20",
      "begin" : 103,
      "end" : 104,
      "text" : ",",
      "whiteSpace" : false
    }, {
      "id" : "s0-t21",
      "begin" : 105,
      "end" : 108,
      "text" : "the",
      "whiteSpace" : false
    }, {
      "id" : "s0-t22",
      "begin" : 109,
      "end" : 112,
      "text" : "BIG",
      "whiteSpace" : false
    }, {
      "id" : "s0-t23",
      "begin" : 112,
      "end" : 113,
      "text" : "-",
      "whiteSpace" : false
    }, {
      "id" : "s0-t24",
      "begin" : 113,
      "end" : 115,
      "text" : "IP",
      "whiteSpace" : false
    }, {
      "id" : "s0-t25",
      "begin" : 116,
      "end" : 119,
      "text" : "APM",
      "whiteSpace" : false
    }, {
      "id" : "s0-t26",
      "begin" : 120,
      "end" : 124,
      "text" : "Edge",
      "whiteSpace" : false
    }, {
      "id" : "s0-t27",
      "begin" : 125,
      "end" : 131,
      "text" : "Client",
      "whiteSpace" : false
    }, {
      "id" : "s0-t28",
      "begin" : 132,
      "end" : 141,
      "text" : "component",
      "whiteSpace" : false
    }, {
      "id" : "s0-t29",
      "begin" : 142,
      "end" : 147,
      "text" : "loads",
      "whiteSpace" : false
    }, {
      "id" : "s0-t30",
      "begin" : 148,
      "end" : 151,
      "text" : "the",
      "whiteSpace" : false
    }, {
      "id" : "s0-t31",
      "begin" : 152,
      "end" : 158,
      "text" : "policy",
      "whiteSpace" : false
    }, {
      "id" : "s0-t32",
      "begin" : 159,
      "end" : 166,
      "text" : "library",
      "whiteSpace" : false
    }, {
      "id" : "s0-t33",
      "begin" : 167,
      "end" : 171,
      "text" : "with",
      "whiteSpace" : false
    }, {
      "id" : "s0-t34",
      "begin" : 172,
      "end" : 176,
      "text" : "user",
      "whiteSpace" : false
    }, {
      "id" : "s0-t35",
      "begin" : 177,
      "end" : 187,
      "text" : "permission",
      "whiteSpace" : false
    }, {
      "id" : "s0-t36",
      "begin" : 188,
      "end" : 191,
      "text" : "and",
      "whiteSpace" : false
    }, {
      "id" : "s0-t37",
      "begin" : 192,
      "end" : 201,
      "text" : "bypassing",
      "whiteSpace" : false
    }, {
      "id" : "s0-t38",
      "begin" : 202,
      "end" : 205,
      "text" : "the",
      "whiteSpace" : false
    }, {
      "id" : "s0-t39",
      "begin" : 206,
      "end" : 214,
      "text" : "endpoint",
      "whiteSpace" : false
    }, {
      "id" : "s0-t40",
      "begin" : 215,
      "end" : 221,
      "text" : "checks",
      "whiteSpace" : false
    }, {
      "id" : "s0-t41",
      "begin" : 221,
      "end" : 222,
      "text" : ".",
      "whiteSpace" : false
    } ]
  }, {
    "id" : "s1",
    "begin" : 223,
    "end" : 419,
    "text" : "| CONFIRM:https://support.f5.com/csp/article/K51220077   |   BID:105731   |   URL:http://www.securityfocus.com/bid/105731   |   SECTRACK:1041936   |   URL:http://www.securitytracker.com/id/1041936",
    "tokens" : [ {
      "id" : "s1-t0",
      "begin" : 223,
      "end" : 224,
      "text" : "|",
      "whiteSpace" : false
    }, {
      "id" : "s1-t1",
      "begin" : 225,
      "end" : 277,
      "text" : "CONFIRM:https://support.f5.com/csp/article/K51220077",
      "whiteSpace" : false
    }, {
      "id" : "s1-t2",
      "begin" : 280,
      "end" : 281,
      "text" : "|",
      "whiteSpace" : false
    }, {
      "id" : "s1-t3",
      "begin" : 284,
      "end" : 287,
      "text" : "BID",
      "whiteSpace" : false
    }, {
      "id" : "s1-t4",
      "begin" : 287,
      "end" : 288,
      "text" : ":",
      "whiteSpace" : false
    }, {
      "id" : "s1-t5",
      "begin" : 288,
      "end" : 294,
      "text" : "105731",
      "whiteSpace" : false
    }, {
      "id" : "s1-t6",
      "begin" : 297,
      "end" : 298,
      "text" : "|",
      "whiteSpace" : false
    }, {
      "id" : "s1-t7",
      "begin" : 301,
      "end" : 338,
      "text" : "URL:http://www.securityfocus.com/bid/",
      "whiteSpace" : false
    }, {
      "id" : "s1-t8",
      "begin" : 338,
      "end" : 344,
      "text" : "105731",
      "whiteSpace" : false
    }, {
      "id" : "s1-t9",
      "begin" : 347,
      "end" : 348,
      "text" : "|",
      "whiteSpace" : false
    }, {
      "id" : "s1-t10",
      "begin" : 351,
      "end" : 359,
      "text" : "SECTRACK",
      "whiteSpace" : false
    }, {
      "id" : "s1-t11",
      "begin" : 359,
      "end" : 360,
      "text" : ":",
      "whiteSpace" : false
    }, {
      "id" : "s1-t12",
      "begin" : 360,
      "end" : 367,
      "text" : "1041936",
      "whiteSpace" : false
    }, {
      "id" : "s1-t13",
      "begin" : 370,
      "end" : 371,
      "text" : "|",
      "whiteSpace" : false
    }, {
      "id" : "s1-t14",
      "begin" : 374,
      "end" : 412,
      "text" : "URL:http://www.securitytracker.com/id/",
      "whiteSpace" : false
    }, {
      "id" : "s1-t15",
      "begin" : 412,
      "end" : 419,
      "text" : "1041936",
      "whiteSpace" : false
    } ]
  } ],
  "mentions" : [ ],
  "relations" : [ ],
  "corefs" : [ ],
  "typeResolved" : true,
  "userResolved" : false
}