{
  "id" : "cb44ad30-e5bf-11e8-ac51-0ddb2b53e7d9-2847",
  "name" : "CVE-2018-15407",
  "createdDate" : 0,
  "version" : 3,
  "text" : "CVE-2018-15407 | A vulnerability in the installation process of Cisco HyperFlex Software could allow an authenticated, local attacker to read sensitive information. The vulnerability is due to insufficient cleanup of installation files. An attacker could exploit this vulnerability by accessing the residual installation files on an affected system. A successful exploit could allow the attacker to collect sensitive information regarding the configuration of the system. | CISCO:20181003 Cisco HyperFlex World-Readable Sensitive Information Vulnerability   |   URL:https://tools.cisco.com/security/center/content/CiscoSecurityAdvisory/cisco-sa-20181003-hyperflex-info",
  "docLength" : 0,
  "language" : "EN",
  "status" : "READY",
  "modifiedDate" : 1541947254783,
  "documentSet" : [ ],
  "preannotation" : [ ],
  "sentences" : [ {
    "id" : "s0",
    "begin" : 0,
    "end" : 164,
    "text" : "CVE-2018-15407 | A vulnerability in the installation process of Cisco HyperFlex Software could allow an authenticated, local attacker to read sensitive information.",
    "tokens" : [ {
      "id" : "s0-t0",
      "begin" : 0,
      "end" : 14,
      "text" : "CVE-2018-15407",
      "whiteSpace" : false
    }, {
      "id" : "s0-t1",
      "begin" : 15,
      "end" : 16,
      "text" : "|",
      "whiteSpace" : false
    }, {
      "id" : "s0-t2",
      "begin" : 17,
      "end" : 18,
      "text" : "A",
      "whiteSpace" : false
    }, {
      "id" : "s0-t3",
      "begin" : 19,
      "end" : 32,
      "text" : "vulnerability",
      "whiteSpace" : false
    }, {
      "id" : "s0-t4",
      "begin" : 33,
      "end" : 35,
      "text" : "in",
      "whiteSpace" : false
    }, {
      "id" : "s0-t5",
      "begin" : 36,
      "end" : 39,
      "text" : "the",
      "whiteSpace" : false
    }, {
      "id" : "s0-t6",
      "begin" : 40,
      "end" : 52,
      "text" : "installation",
      "whiteSpace" : false
    }, {
      "id" : "s0-t7",
      "begin" : 53,
      "end" : 60,
      "text" : "process",
      "whiteSpace" : false
    }, {
      "id" : "s0-t8",
      "begin" : 61,
      "end" : 63,
      "text" : "of",
      "whiteSpace" : false
    }, {
      "id" : "s0-t9",
      "begin" : 64,
      "end" : 69,
      "text" : "Cisco",
      "whiteSpace" : false
    }, {
      "id" : "s0-t10",
      "begin" : 70,
      "end" : 79,
      "text" : "HyperFlex",
      "whiteSpace" : false
    }, {
      "id" : "s0-t11",
      "begin" : 80,
      "end" : 88,
      "text" : "Software",
      "whiteSpace" : false
    }, {
      "id" : "s0-t12",
      "begin" : 89,
      "end" : 94,
      "text" : "could",
      "whiteSpace" : false
    }, {
      "id" : "s0-t13",
      "begin" : 95,
      "end" : 100,
      "text" : "allow",
      "whiteSpace" : false
    }, {
      "id" : "s0-t14",
      "begin" : 101,
      "end" : 103,
      "text" : "an",
      "whiteSpace" : false
    }, {
      "id" : "s0-t15",
      "begin" : 104,
      "end" : 117,
      "text" : "authenticated",
      "whiteSpace" : false
    }, {
      "id" : "s0-t16",
      "begin" : 117,
      "end" : 118,
      "text" : ",",
      "whiteSpace" : false
    }, {
      "id" : "s0-t17",
      "begin" : 119,
      "end" : 124,
      "text" : "local",
      "whiteSpace" : false
    }, {
      "id" : "s0-t18",
      "begin" : 125,
      "end" : 133,
      "text" : "attacker",
      "whiteSpace" : false
    }, {
      "id" : "s0-t19",
      "begin" : 134,
      "end" : 136,
      "text" : "to",
      "whiteSpace" : false
    }, {
      "id" : "s0-t20",
      "begin" : 137,
      "end" : 141,
      "text" : "read",
      "whiteSpace" : false
    }, {
      "id" : "s0-t21",
      "begin" : 142,
      "end" : 151,
      "text" : "sensitive",
      "whiteSpace" : false
    }, {
      "id" : "s0-t22",
      "begin" : 152,
      "end" : 163,
      "text" : "information",
      "whiteSpace" : false
    }, {
      "id" : "s0-t23",
      "begin" : 163,
      "end" : 164,
      "text" : ".",
      "whiteSpace" : false
    } ]
  }, {
    "id" : "s1",
    "begin" : 165,
    "end" : 236,
    "text" : "The vulnerability is due to insufficient cleanup of installation files.",
    "tokens" : [ {
      "id" : "s1-t0",
      "begin" : 165,
      "end" : 168,
      "text" : "The",
      "whiteSpace" : false
    }, {
      "id" : "s1-t1",
      "begin" : 169,
      "end" : 182,
      "text" : "vulnerability",
      "whiteSpace" : false
    }, {
      "id" : "s1-t2",
      "begin" : 183,
      "end" : 185,
      "text" : "is",
      "whiteSpace" : false
    }, {
      "id" : "s1-t3",
      "begin" : 186,
      "end" : 189,
      "text" : "due",
      "whiteSpace" : false
    }, {
      "id" : "s1-t4",
      "begin" : 190,
      "end" : 192,
      "text" : "to",
      "whiteSpace" : false
    }, {
      "id" : "s1-t5",
      "begin" : 193,
      "end" : 205,
      "text" : "insufficient",
      "whiteSpace" : false
    }, {
      "id" : "s1-t6",
      "begin" : 206,
      "end" : 213,
      "text" : "cleanup",
      "whiteSpace" : false
    }, {
      "id" : "s1-t7",
      "begin" : 214,
      "end" : 216,
      "text" : "of",
      "whiteSpace" : false
    }, {
      "id" : "s1-t8",
      "begin" : 217,
      "end" : 229,
      "text" : "installation",
      "whiteSpace" : false
    }, {
      "id" : "s1-t9",
      "begin" : 230,
      "end" : 235,
      "text" : "files",
      "whiteSpace" : false
    }, {
      "id" : "s1-t10",
      "begin" : 235,
      "end" : 236,
      "text" : ".",
      "whiteSpace" : false
    } ]
  }, {
    "id" : "s2",
    "begin" : 237,
    "end" : 349,
    "text" : "An attacker could exploit this vulnerability by accessing the residual installation files on an affected system.",
    "tokens" : [ {
      "id" : "s2-t0",
      "begin" : 237,
      "end" : 239,
      "text" : "An",
      "whiteSpace" : false
    }, {
      "id" : "s2-t1",
      "begin" : 240,
      "end" : 248,
      "text" : "attacker",
      "whiteSpace" : false
    }, {
      "id" : "s2-t2",
      "begin" : 249,
      "end" : 254,
      "text" : "could",
      "whiteSpace" : false
    }, {
      "id" : "s2-t3",
      "begin" : 255,
      "end" : 262,
      "text" : "exploit",
      "whiteSpace" : false
    }, {
      "id" : "s2-t4",
      "begin" : 263,
      "end" : 267,
      "text" : "this",
      "whiteSpace" : false
    }, {
      "id" : "s2-t5",
      "begin" : 268,
      "end" : 281,
      "text" : "vulnerability",
      "whiteSpace" : false
    }, {
      "id" : "s2-t6",
      "begin" : 282,
      "end" : 284,
      "text" : "by",
      "whiteSpace" : false
    }, {
      "id" : "s2-t7",
      "begin" : 285,
      "end" : 294,
      "text" : "accessing",
      "whiteSpace" : false
    }, {
      "id" : "s2-t8",
      "begin" : 295,
      "end" : 298,
      "text" : "the",
      "whiteSpace" : false
    }, {
      "id" : "s2-t9",
      "begin" : 299,
      "end" : 307,
      "text" : "residual",
      "whiteSpace" : false
    }, {
      "id" : "s2-t10",
      "begin" : 308,
      "end" : 320,
      "text" : "installation",
      "whiteSpace" : false
    }, {
      "id" : "s2-t11",
      "begin" : 321,
      "end" : 326,
      "text" : "files",
      "whiteSpace" : false
    }, {
      "id" : "s2-t12",
      "begin" : 327,
      "end" : 329,
      "text" : "on",
      "whiteSpace" : false
    }, {
      "id" : "s2-t13",
      "begin" : 330,
      "end" : 332,
      "text" : "an",
      "whiteSpace" : false
    }, {
      "id" : "s2-t14",
      "begin" : 333,
      "end" : 341,
      "text" : "affected",
      "whiteSpace" : false
    }, {
      "id" : "s2-t15",
      "begin" : 342,
      "end" : 348,
      "text" : "system",
      "whiteSpace" : false
    }, {
      "id" : "s2-t16",
      "begin" : 348,
      "end" : 349,
      "text" : ".",
      "whiteSpace" : false
    } ]
  }, {
    "id" : "s3",
    "begin" : 350,
    "end" : 471,
    "text" : "A successful exploit could allow the attacker to collect sensitive information regarding the configuration of the system.",
    "tokens" : [ {
      "id" : "s3-t0",
      "begin" : 350,
      "end" : 351,
      "text" : "A",
      "whiteSpace" : false
    }, {
      "id" : "s3-t1",
      "begin" : 352,
      "end" : 362,
      "text" : "successful",
      "whiteSpace" : false
    }, {
      "id" : "s3-t2",
      "begin" : 363,
      "end" : 370,
      "text" : "exploit",
      "whiteSpace" : false
    }, {
      "id" : "s3-t3",
      "begin" : 371,
      "end" : 376,
      "text" : "could",
      "whiteSpace" : false
    }, {
      "id" : "s3-t4",
      "begin" : 377,
      "end" : 382,
      "text" : "allow",
      "whiteSpace" : false
    }, {
      "id" : "s3-t5",
      "begin" : 383,
      "end" : 386,
      "text" : "the",
      "whiteSpace" : false
    }, {
      "id" : "s3-t6",
      "begin" : 387,
      "end" : 395,
      "text" : "attacker",
      "whiteSpace" : false
    }, {
      "id" : "s3-t7",
      "begin" : 396,
      "end" : 398,
      "text" : "to",
      "whiteSpace" : false
    }, {
      "id" : "s3-t8",
      "begin" : 399,
      "end" : 406,
      "text" : "collect",
      "whiteSpace" : false
    }, {
      "id" : "s3-t9",
      "begin" : 407,
      "end" : 416,
      "text" : "sensitive",
      "whiteSpace" : false
    }, {
      "id" : "s3-t10",
      "begin" : 417,
      "end" : 428,
      "text" : "information",
      "whiteSpace" : false
    }, {
      "id" : "s3-t11",
      "begin" : 429,
      "end" : 438,
      "text" : "regarding",
      "whiteSpace" : false
    }, {
      "id" : "s3-t12",
      "begin" : 439,
      "end" : 442,
      "text" : "the",
      "whiteSpace" : false
    }, {
      "id" : "s3-t13",
      "begin" : 443,
      "end" : 456,
      "text" : "configuration",
      "whiteSpace" : false
    }, {
      "id" : "s3-t14",
      "begin" : 457,
      "end" : 459,
      "text" : "of",
      "whiteSpace" : false
    }, {
      "id" : "s3-t15",
      "begin" : 460,
      "end" : 463,
      "text" : "the",
      "whiteSpace" : false
    }, {
      "id" : "s3-t16",
      "begin" : 464,
      "end" : 470,
      "text" : "system",
      "whiteSpace" : false
    }, {
      "id" : "s3-t17",
      "begin" : 470,
      "end" : 471,
      "text" : ".",
      "whiteSpace" : false
    } ]
  }, {
    "id" : "s4",
    "begin" : 472,
    "end" : 668,
    "text" : "| CISCO:20181003 Cisco HyperFlex World-Readable Sensitive Information Vulnerability   |   URL:https://tools.cisco.com/security/center/content/CiscoSecurityAdvisory/cisco-sa-20181003-hyperflex-info",
    "tokens" : [ {
      "id" : "s4-t0",
      "begin" : 472,
      "end" : 473,
      "text" : "|",
      "whiteSpace" : false
    }, {
      "id" : "s4-t1",
      "begin" : 474,
      "end" : 479,
      "text" : "CISCO",
      "whiteSpace" : false
    }, {
      "id" : "s4-t2",
      "begin" : 479,
      "end" : 480,
      "text" : ":",
      "whiteSpace" : false
    }, {
      "id" : "s4-t3",
      "begin" : 480,
      "end" : 488,
      "text" : "20181003",
      "whiteSpace" : false
    }, {
      "id" : "s4-t4",
      "begin" : 489,
      "end" : 494,
      "text" : "Cisco",
      "whiteSpace" : false
    }, {
      "id" : "s4-t5",
      "begin" : 495,
      "end" : 504,
      "text" : "HyperFlex",
      "whiteSpace" : false
    }, {
      "id" : "s4-t6",
      "begin" : 505,
      "end" : 510,
      "text" : "World",
      "whiteSpace" : false
    }, {
      "id" : "s4-t7",
      "begin" : 510,
      "end" : 511,
      "text" : "-",
      "whiteSpace" : false
    }, {
      "id" : "s4-t8",
      "begin" : 511,
      "end" : 519,
      "text" : "Readable",
      "whiteSpace" : false
    }, {
      "id" : "s4-t9",
      "begin" : 520,
      "end" : 529,
      "text" : "Sensitive",
      "whiteSpace" : false
    }, {
      "id" : "s4-t10",
      "begin" : 530,
      "end" : 541,
      "text" : "Information",
      "whiteSpace" : false
    }, {
      "id" : "s4-t11",
      "begin" : 542,
      "end" : 555,
      "text" : "Vulnerability",
      "whiteSpace" : false
    }, {
      "id" : "s4-t12",
      "begin" : 558,
      "end" : 559,
      "text" : "|",
      "whiteSpace" : false
    }, {
      "id" : "s4-t13",
      "begin" : 562,
      "end" : 668,
      "text" : "URL:https://tools.cisco.com/security/center/content/CiscoSecurityAdvisory/cisco-sa-20181003-hyperflex-info",
      "whiteSpace" : false
    } ]
  } ],
  "mentions" : [ ],
  "relations" : [ ],
  "corefs" : [ ],
  "typeResolved" : true,
  "userResolved" : false
}