{
  "id" : "cb44ad30-e5bf-11e8-ac51-0ddb2b53e7d9-2962",
  "name" : "CVE-2018-15153",
  "createdDate" : 0,
  "version" : 3,
  "text" : "CVE-2018-15153 | OS command injection occurring in versions of OpenEMR before 5.0.1.4 allows a remote authenticated attacker to execute arbitrary commands by making a crafted request to interface/main/daemon_frame.php after modifying the \"hylafax_server\" global variable in interface/super/edit_globals.php. | EXPLOIT-DB:45161   |   URL:https://www.exploit-db.com/exploits/45161/   |   MISC:https://insecurity.sh/reports/openemr.pdf   |   MISC:https://www.databreaches.net/openemr-patches-serious-vulnerabilities-uncovered-by-project-insecurity/   |   CONFIRM:https://github.com/openemr/openemr/pull/1757   |   CONFIRM:https://www.open-emr.org/wiki/index.php/OpenEMR_Patches",
  "docLength" : 0,
  "language" : "EN",
  "status" : "READY",
  "modifiedDate" : 1541947254783,
  "documentSet" : [ ],
  "preannotation" : [ ],
  "sentences" : [ {
    "id" : "s0",
    "begin" : 0,
    "end" : 307,
    "text" : "CVE-2018-15153 | OS command injection occurring in versions of OpenEMR before 5.0.1.4 allows a remote authenticated attacker to execute arbitrary commands by making a crafted request to interface/main/daemon_frame.php after modifying the \"hylafax_server\" global variable in interface/super/edit_globals.php.",
    "tokens" : [ {
      "id" : "s0-t0",
      "begin" : 0,
      "end" : 14,
      "text" : "CVE-2018-15153",
      "whiteSpace" : false
    }, {
      "id" : "s0-t1",
      "begin" : 15,
      "end" : 16,
      "text" : "|",
      "whiteSpace" : false
    }, {
      "id" : "s0-t2",
      "begin" : 17,
      "end" : 19,
      "text" : "OS",
      "whiteSpace" : false
    }, {
      "id" : "s0-t3",
      "begin" : 20,
      "end" : 27,
      "text" : "command",
      "whiteSpace" : false
    }, {
      "id" : "s0-t4",
      "begin" : 28,
      "end" : 37,
      "text" : "injection",
      "whiteSpace" : false
    }, {
      "id" : "s0-t5",
      "begin" : 38,
      "end" : 47,
      "text" : "occurring",
      "whiteSpace" : false
    }, {
      "id" : "s0-t6",
      "begin" : 48,
      "end" : 50,
      "text" : "in",
      "whiteSpace" : false
    }, {
      "id" : "s0-t7",
      "begin" : 51,
      "end" : 59,
      "text" : "versions",
      "whiteSpace" : false
    }, {
      "id" : "s0-t8",
      "begin" : 60,
      "end" : 62,
      "text" : "of",
      "whiteSpace" : false
    }, {
      "id" : "s0-t9",
      "begin" : 63,
      "end" : 70,
      "text" : "OpenEMR",
      "whiteSpace" : false
    }, {
      "id" : "s0-t10",
      "begin" : 71,
      "end" : 77,
      "text" : "before",
      "whiteSpace" : false
    }, {
      "id" : "s0-t11",
      "begin" : 78,
      "end" : 85,
      "text" : "5.0.1.4",
      "whiteSpace" : false
    }, {
      "id" : "s0-t12",
      "begin" : 86,
      "end" : 92,
      "text" : "allows",
      "whiteSpace" : false
    }, {
      "id" : "s0-t13",
      "begin" : 93,
      "end" : 94,
      "text" : "a",
      "whiteSpace" : false
    }, {
      "id" : "s0-t14",
      "begin" : 95,
      "end" : 101,
      "text" : "remote",
      "whiteSpace" : false
    }, {
      "id" : "s0-t15",
      "begin" : 102,
      "end" : 115,
      "text" : "authenticated",
      "whiteSpace" : false
    }, {
      "id" : "s0-t16",
      "begin" : 116,
      "end" : 124,
      "text" : "attacker",
      "whiteSpace" : false
    }, {
      "id" : "s0-t17",
      "begin" : 125,
      "end" : 127,
      "text" : "to",
      "whiteSpace" : false
    }, {
      "id" : "s0-t18",
      "begin" : 128,
      "end" : 135,
      "text" : "execute",
      "whiteSpace" : false
    }, {
      "id" : "s0-t19",
      "begin" : 136,
      "end" : 145,
      "text" : "arbitrary",
      "whiteSpace" : false
    }, {
      "id" : "s0-t20",
      "begin" : 146,
      "end" : 154,
      "text" : "commands",
      "whiteSpace" : false
    }, {
      "id" : "s0-t21",
      "begin" : 155,
      "end" : 157,
      "text" : "by",
      "whiteSpace" : false
    }, {
      "id" : "s0-t22",
      "begin" : 158,
      "end" : 164,
      "text" : "making",
      "whiteSpace" : false
    }, {
      "id" : "s0-t23",
      "begin" : 165,
      "end" : 166,
      "text" : "a",
      "whiteSpace" : false
    }, {
      "id" : "s0-t24",
      "begin" : 167,
      "end" : 174,
      "text" : "crafted",
      "whiteSpace" : false
    }, {
      "id" : "s0-t25",
      "begin" : 175,
      "end" : 182,
      "text" : "request",
      "whiteSpace" : false
    }, {
      "id" : "s0-t26",
      "begin" : 183,
      "end" : 185,
      "text" : "to",
      "whiteSpace" : false
    }, {
      "id" : "s0-t27",
      "begin" : 186,
      "end" : 195,
      "text" : "interface",
      "whiteSpace" : false
    }, {
      "id" : "s0-t28",
      "begin" : 195,
      "end" : 196,
      "text" : "/",
      "whiteSpace" : false
    }, {
      "id" : "s0-t29",
      "begin" : 196,
      "end" : 217,
      "text" : "main/daemon_frame.php",
      "whiteSpace" : false
    }, {
      "id" : "s0-t30",
      "begin" : 218,
      "end" : 223,
      "text" : "after",
      "whiteSpace" : false
    }, {
      "id" : "s0-t31",
      "begin" : 224,
      "end" : 233,
      "text" : "modifying",
      "whiteSpace" : false
    }, {
      "id" : "s0-t32",
      "begin" : 234,
      "end" : 237,
      "text" : "the",
      "whiteSpace" : false
    }, {
      "id" : "s0-t33",
      "begin" : 238,
      "end" : 239,
      "text" : "\"",
      "whiteSpace" : false
    }, {
      "id" : "s0-t34",
      "begin" : 239,
      "end" : 253,
      "text" : "hylafax_server",
      "whiteSpace" : false
    }, {
      "id" : "s0-t35",
      "begin" : 253,
      "end" : 254,
      "text" : "\"",
      "whiteSpace" : false
    }, {
      "id" : "s0-t36",
      "begin" : 255,
      "end" : 261,
      "text" : "global",
      "whiteSpace" : false
    }, {
      "id" : "s0-t37",
      "begin" : 262,
      "end" : 270,
      "text" : "variable",
      "whiteSpace" : false
    }, {
      "id" : "s0-t38",
      "begin" : 271,
      "end" : 273,
      "text" : "in",
      "whiteSpace" : false
    }, {
      "id" : "s0-t39",
      "begin" : 274,
      "end" : 283,
      "text" : "interface",
      "whiteSpace" : false
    }, {
      "id" : "s0-t40",
      "begin" : 283,
      "end" : 284,
      "text" : "/",
      "whiteSpace" : false
    }, {
      "id" : "s0-t41",
      "begin" : 284,
      "end" : 306,
      "text" : "super/edit_globals.php",
      "whiteSpace" : false
    }, {
      "id" : "s0-t42",
      "begin" : 306,
      "end" : 307,
      "text" : ".",
      "whiteSpace" : false
    } ]
  }, {
    "id" : "s1",
    "begin" : 308,
    "end" : 674,
    "text" : "| EXPLOIT-DB:45161   |   URL:https://www.exploit-db.com/exploits/45161/   |   MISC:https://insecurity.sh/reports/openemr.pdf   |   MISC:https://www.databreaches.net/openemr-patches-serious-vulnerabilities-uncovered-by-project-insecurity/   |   CONFIRM:https://github.com/openemr/openemr/pull/1757   |   CONFIRM:https://www.open-emr.org/wiki/index.php/OpenEMR_Patches",
    "tokens" : [ {
      "id" : "s1-t0",
      "begin" : 308,
      "end" : 309,
      "text" : "|",
      "whiteSpace" : false
    }, {
      "id" : "s1-t1",
      "begin" : 310,
      "end" : 320,
      "text" : "EXPLOIT-DB",
      "whiteSpace" : false
    }, {
      "id" : "s1-t2",
      "begin" : 320,
      "end" : 321,
      "text" : ":",
      "whiteSpace" : false
    }, {
      "id" : "s1-t3",
      "begin" : 321,
      "end" : 326,
      "text" : "45161",
      "whiteSpace" : false
    }, {
      "id" : "s1-t4",
      "begin" : 329,
      "end" : 330,
      "text" : "|",
      "whiteSpace" : false
    }, {
      "id" : "s1-t5",
      "begin" : 333,
      "end" : 378,
      "text" : "URL:https://www.exploit-db.com/exploits/45161",
      "whiteSpace" : false
    }, {
      "id" : "s1-t6",
      "begin" : 378,
      "end" : 379,
      "text" : "/",
      "whiteSpace" : false
    }, {
      "id" : "s1-t7",
      "begin" : 382,
      "end" : 383,
      "text" : "|",
      "whiteSpace" : false
    }, {
      "id" : "s1-t8",
      "begin" : 386,
      "end" : 432,
      "text" : "MISC:https://insecurity.sh/reports/openemr.pdf",
      "whiteSpace" : false
    }, {
      "id" : "s1-t9",
      "begin" : 435,
      "end" : 436,
      "text" : "|",
      "whiteSpace" : false
    }, {
      "id" : "s1-t10",
      "begin" : 439,
      "end" : 545,
      "text" : "MISC:https://www.databreaches.net/openemr-patches-serious-vulnerabilities-uncovered-by-project-insecurity/",
      "whiteSpace" : false
    }, {
      "id" : "s1-t11",
      "begin" : 548,
      "end" : 549,
      "text" : "|",
      "whiteSpace" : false
    }, {
      "id" : "s1-t12",
      "begin" : 552,
      "end" : 600,
      "text" : "CONFIRM:https://github.com/openemr/openemr/pull/",
      "whiteSpace" : false
    }, {
      "id" : "s1-t13",
      "begin" : 600,
      "end" : 604,
      "text" : "1757",
      "whiteSpace" : false
    }, {
      "id" : "s1-t14",
      "begin" : 607,
      "end" : 608,
      "text" : "|",
      "whiteSpace" : false
    }, {
      "id" : "s1-t15",
      "begin" : 611,
      "end" : 674,
      "text" : "CONFIRM:https://www.open-emr.org/wiki/index.php/OpenEMR_Patches",
      "whiteSpace" : false
    } ]
  } ],
  "mentions" : [ ],
  "relations" : [ ],
  "corefs" : [ ],
  "typeResolved" : true,
  "userResolved" : false
}