{
  "id" : "cb44ad30-e5bf-11e8-ac51-0ddb2b53e7d9-2964",
  "name" : "CVE-2018-15151",
  "createdDate" : 0,
  "version" : 3,
  "text" : "CVE-2018-15151 | SQL injection vulnerability in interface/de_identification_forms/find_code_popup.php in versions of OpenEMR before 5.0.1.4 allows a remote authenticated attacker to execute arbitrary SQL commands via the 'search_term' parameter. | MISC:https://insecurity.sh/reports/openemr.pdf   |   MISC:https://www.databreaches.net/openemr-patches-serious-vulnerabilities-uncovered-by-project-insecurity/   |   CONFIRM:https://github.com/openemr/openemr/pull/1757/files   |   CONFIRM:https://www.open-emr.org/wiki/index.php/OpenEMR_Patches",
  "docLength" : 0,
  "language" : "EN",
  "status" : "READY",
  "modifiedDate" : 1541947254783,
  "documentSet" : [ ],
  "preannotation" : [ ],
  "sentences" : [ {
    "id" : "s0",
    "begin" : 0,
    "end" : 245,
    "text" : "CVE-2018-15151 | SQL injection vulnerability in interface/de_identification_forms/find_code_popup.php in versions of OpenEMR before 5.0.1.4 allows a remote authenticated attacker to execute arbitrary SQL commands via the 'search_term' parameter.",
    "tokens" : [ {
      "id" : "s0-t0",
      "begin" : 0,
      "end" : 14,
      "text" : "CVE-2018-15151",
      "whiteSpace" : false
    }, {
      "id" : "s0-t1",
      "begin" : 15,
      "end" : 16,
      "text" : "|",
      "whiteSpace" : false
    }, {
      "id" : "s0-t2",
      "begin" : 17,
      "end" : 20,
      "text" : "SQL",
      "whiteSpace" : false
    }, {
      "id" : "s0-t3",
      "begin" : 21,
      "end" : 30,
      "text" : "injection",
      "whiteSpace" : false
    }, {
      "id" : "s0-t4",
      "begin" : 31,
      "end" : 44,
      "text" : "vulnerability",
      "whiteSpace" : false
    }, {
      "id" : "s0-t5",
      "begin" : 45,
      "end" : 47,
      "text" : "in",
      "whiteSpace" : false
    }, {
      "id" : "s0-t6",
      "begin" : 48,
      "end" : 57,
      "text" : "interface",
      "whiteSpace" : false
    }, {
      "id" : "s0-t7",
      "begin" : 57,
      "end" : 58,
      "text" : "/",
      "whiteSpace" : false
    }, {
      "id" : "s0-t8",
      "begin" : 58,
      "end" : 101,
      "text" : "de_identification_forms/find_code_popup.php",
      "whiteSpace" : false
    }, {
      "id" : "s0-t9",
      "begin" : 102,
      "end" : 104,
      "text" : "in",
      "whiteSpace" : false
    }, {
      "id" : "s0-t10",
      "begin" : 105,
      "end" : 113,
      "text" : "versions",
      "whiteSpace" : false
    }, {
      "id" : "s0-t11",
      "begin" : 114,
      "end" : 116,
      "text" : "of",
      "whiteSpace" : false
    }, {
      "id" : "s0-t12",
      "begin" : 117,
      "end" : 124,
      "text" : "OpenEMR",
      "whiteSpace" : false
    }, {
      "id" : "s0-t13",
      "begin" : 125,
      "end" : 131,
      "text" : "before",
      "whiteSpace" : false
    }, {
      "id" : "s0-t14",
      "begin" : 132,
      "end" : 139,
      "text" : "5.0.1.4",
      "whiteSpace" : false
    }, {
      "id" : "s0-t15",
      "begin" : 140,
      "end" : 146,
      "text" : "allows",
      "whiteSpace" : false
    }, {
      "id" : "s0-t16",
      "begin" : 147,
      "end" : 148,
      "text" : "a",
      "whiteSpace" : false
    }, {
      "id" : "s0-t17",
      "begin" : 149,
      "end" : 155,
      "text" : "remote",
      "whiteSpace" : false
    }, {
      "id" : "s0-t18",
      "begin" : 156,
      "end" : 169,
      "text" : "authenticated",
      "whiteSpace" : false
    }, {
      "id" : "s0-t19",
      "begin" : 170,
      "end" : 178,
      "text" : "attacker",
      "whiteSpace" : false
    }, {
      "id" : "s0-t20",
      "begin" : 179,
      "end" : 181,
      "text" : "to",
      "whiteSpace" : false
    }, {
      "id" : "s0-t21",
      "begin" : 182,
      "end" : 189,
      "text" : "execute",
      "whiteSpace" : false
    }, {
      "id" : "s0-t22",
      "begin" : 190,
      "end" : 199,
      "text" : "arbitrary",
      "whiteSpace" : false
    }, {
      "id" : "s0-t23",
      "begin" : 200,
      "end" : 203,
      "text" : "SQL",
      "whiteSpace" : false
    }, {
      "id" : "s0-t24",
      "begin" : 204,
      "end" : 212,
      "text" : "commands",
      "whiteSpace" : false
    }, {
      "id" : "s0-t25",
      "begin" : 213,
      "end" : 216,
      "text" : "via",
      "whiteSpace" : false
    }, {
      "id" : "s0-t26",
      "begin" : 217,
      "end" : 220,
      "text" : "the",
      "whiteSpace" : false
    }, {
      "id" : "s0-t27",
      "begin" : 221,
      "end" : 222,
      "text" : "'",
      "whiteSpace" : false
    }, {
      "id" : "s0-t28",
      "begin" : 222,
      "end" : 233,
      "text" : "search_term",
      "whiteSpace" : false
    }, {
      "id" : "s0-t29",
      "begin" : 233,
      "end" : 234,
      "text" : "'",
      "whiteSpace" : false
    }, {
      "id" : "s0-t30",
      "begin" : 235,
      "end" : 244,
      "text" : "parameter",
      "whiteSpace" : false
    }, {
      "id" : "s0-t31",
      "begin" : 244,
      "end" : 245,
      "text" : ".",
      "whiteSpace" : false
    } ]
  }, {
    "id" : "s1",
    "begin" : 246,
    "end" : 542,
    "text" : "| MISC:https://insecurity.sh/reports/openemr.pdf   |   MISC:https://www.databreaches.net/openemr-patches-serious-vulnerabilities-uncovered-by-project-insecurity/   |   CONFIRM:https://github.com/openemr/openemr/pull/1757/files   |   CONFIRM:https://www.open-emr.org/wiki/index.php/OpenEMR_Patches",
    "tokens" : [ {
      "id" : "s1-t0",
      "begin" : 246,
      "end" : 247,
      "text" : "|",
      "whiteSpace" : false
    }, {
      "id" : "s1-t1",
      "begin" : 248,
      "end" : 294,
      "text" : "MISC:https://insecurity.sh/reports/openemr.pdf",
      "whiteSpace" : false
    }, {
      "id" : "s1-t2",
      "begin" : 297,
      "end" : 298,
      "text" : "|",
      "whiteSpace" : false
    }, {
      "id" : "s1-t3",
      "begin" : 301,
      "end" : 407,
      "text" : "MISC:https://www.databreaches.net/openemr-patches-serious-vulnerabilities-uncovered-by-project-insecurity/",
      "whiteSpace" : false
    }, {
      "id" : "s1-t4",
      "begin" : 410,
      "end" : 411,
      "text" : "|",
      "whiteSpace" : false
    }, {
      "id" : "s1-t5",
      "begin" : 414,
      "end" : 472,
      "text" : "CONFIRM:https://github.com/openemr/openemr/pull/1757/files",
      "whiteSpace" : false
    }, {
      "id" : "s1-t6",
      "begin" : 475,
      "end" : 476,
      "text" : "|",
      "whiteSpace" : false
    }, {
      "id" : "s1-t7",
      "begin" : 479,
      "end" : 542,
      "text" : "CONFIRM:https://www.open-emr.org/wiki/index.php/OpenEMR_Patches",
      "whiteSpace" : false
    } ]
  } ],
  "mentions" : [ ],
  "relations" : [ ],
  "corefs" : [ ],
  "typeResolved" : true,
  "userResolved" : false
}