{
  "id" : "cb44ad30-e5bf-11e8-ac51-0ddb2b53e7d9-2894",
  "name" : "CVE-2018-15356",
  "createdDate" : 0,
  "version" : 3,
  "text" : "CVE-2018-15356 | An authenticated attacker can execute arbitrary code using command ejection in Eltex ESP-200 firmware version 1.2.0. | MISC:https://ics-cert.kaspersky.com/advisories/klcert-advisories/2018/08/17/klcert-18-012-eltex-esp-200-router-command-injection/",
  "docLength" : 0,
  "language" : "EN",
  "status" : "READY",
  "modifiedDate" : 1541947254783,
  "documentSet" : [ ],
  "preannotation" : [ ],
  "sentences" : [ {
    "id" : "s0",
    "begin" : 0,
    "end" : 133,
    "text" : "CVE-2018-15356 | An authenticated attacker can execute arbitrary code using command ejection in Eltex ESP-200 firmware version 1.2.0.",
    "tokens" : [ {
      "id" : "s0-t0",
      "begin" : 0,
      "end" : 14,
      "text" : "CVE-2018-15356",
      "whiteSpace" : false
    }, {
      "id" : "s0-t1",
      "begin" : 15,
      "end" : 16,
      "text" : "|",
      "whiteSpace" : false
    }, {
      "id" : "s0-t2",
      "begin" : 17,
      "end" : 19,
      "text" : "An",
      "whiteSpace" : false
    }, {
      "id" : "s0-t3",
      "begin" : 20,
      "end" : 33,
      "text" : "authenticated",
      "whiteSpace" : false
    }, {
      "id" : "s0-t4",
      "begin" : 34,
      "end" : 42,
      "text" : "attacker",
      "whiteSpace" : false
    }, {
      "id" : "s0-t5",
      "begin" : 43,
      "end" : 46,
      "text" : "can",
      "whiteSpace" : false
    }, {
      "id" : "s0-t6",
      "begin" : 47,
      "end" : 54,
      "text" : "execute",
      "whiteSpace" : false
    }, {
      "id" : "s0-t7",
      "begin" : 55,
      "end" : 64,
      "text" : "arbitrary",
      "whiteSpace" : false
    }, {
      "id" : "s0-t8",
      "begin" : 65,
      "end" : 69,
      "text" : "code",
      "whiteSpace" : false
    }, {
      "id" : "s0-t9",
      "begin" : 70,
      "end" : 75,
      "text" : "using",
      "whiteSpace" : false
    }, {
      "id" : "s0-t10",
      "begin" : 76,
      "end" : 83,
      "text" : "command",
      "whiteSpace" : false
    }, {
      "id" : "s0-t11",
      "begin" : 84,
      "end" : 92,
      "text" : "ejection",
      "whiteSpace" : false
    }, {
      "id" : "s0-t12",
      "begin" : 93,
      "end" : 95,
      "text" : "in",
      "whiteSpace" : false
    }, {
      "id" : "s0-t13",
      "begin" : 96,
      "end" : 101,
      "text" : "Eltex",
      "whiteSpace" : false
    }, {
      "id" : "s0-t14",
      "begin" : 102,
      "end" : 105,
      "text" : "ESP",
      "whiteSpace" : false
    }, {
      "id" : "s0-t15",
      "begin" : 105,
      "end" : 106,
      "text" : "-",
      "whiteSpace" : false
    }, {
      "id" : "s0-t16",
      "begin" : 106,
      "end" : 109,
      "text" : "200",
      "whiteSpace" : false
    }, {
      "id" : "s0-t17",
      "begin" : 110,
      "end" : 118,
      "text" : "firmware",
      "whiteSpace" : false
    }, {
      "id" : "s0-t18",
      "begin" : 119,
      "end" : 126,
      "text" : "version",
      "whiteSpace" : false
    }, {
      "id" : "s0-t19",
      "begin" : 127,
      "end" : 132,
      "text" : "1.2.0",
      "whiteSpace" : false
    }, {
      "id" : "s0-t20",
      "begin" : 132,
      "end" : 133,
      "text" : ".",
      "whiteSpace" : false
    } ]
  }, {
    "id" : "s1",
    "begin" : 134,
    "end" : 265,
    "text" : "| MISC:https://ics-cert.kaspersky.com/advisories/klcert-advisories/2018/08/17/klcert-18-012-eltex-esp-200-router-command-injection/",
    "tokens" : [ {
      "id" : "s1-t0",
      "begin" : 134,
      "end" : 135,
      "text" : "|",
      "whiteSpace" : false
    }, {
      "id" : "s1-t1",
      "begin" : 136,
      "end" : 152,
      "text" : "MISC:https://ics",
      "whiteSpace" : false
    }, {
      "id" : "s1-t2",
      "begin" : 152,
      "end" : 153,
      "text" : "-",
      "whiteSpace" : false
    }, {
      "id" : "s1-t3",
      "begin" : 153,
      "end" : 189,
      "text" : "cert.kaspersky.com/advisories/klcert",
      "whiteSpace" : false
    }, {
      "id" : "s1-t4",
      "begin" : 189,
      "end" : 190,
      "text" : "-",
      "whiteSpace" : false
    }, {
      "id" : "s1-t5",
      "begin" : 190,
      "end" : 265,
      "text" : "advisories/2018/08/17/klcert-18-012-eltex-esp-200-router-command-injection/",
      "whiteSpace" : false
    } ]
  } ],
  "mentions" : [ ],
  "relations" : [ ],
  "corefs" : [ ],
  "typeResolved" : true,
  "userResolved" : false
}