{
  "id" : "cb44ad30-e5bf-11e8-ac51-0ddb2b53e7d9-2889",
  "name" : "CVE-2018-15360",
  "createdDate" : 0,
  "version" : 3,
  "text" : "CVE-2018-15360 | An attacker without authentication can login with default credentials for privileged users in Eltex ESP-200 firmware version 1.2.0. | MISC:https://ics-cert.kaspersky.com/advisories/klcert-advisories/2018/08/17/klcert-18-016-eltex-esp-200-router-default-password-usage/",
  "docLength" : 0,
  "language" : "EN",
  "status" : "READY",
  "modifiedDate" : 1541947254783,
  "documentSet" : [ ],
  "preannotation" : [ ],
  "sentences" : [ {
    "id" : "s0",
    "begin" : 0,
    "end" : 148,
    "text" : "CVE-2018-15360 | An attacker without authentication can login with default credentials for privileged users in Eltex ESP-200 firmware version 1.2.0.",
    "tokens" : [ {
      "id" : "s0-t0",
      "begin" : 0,
      "end" : 14,
      "text" : "CVE-2018-15360",
      "whiteSpace" : false
    }, {
      "id" : "s0-t1",
      "begin" : 15,
      "end" : 16,
      "text" : "|",
      "whiteSpace" : false
    }, {
      "id" : "s0-t2",
      "begin" : 17,
      "end" : 19,
      "text" : "An",
      "whiteSpace" : false
    }, {
      "id" : "s0-t3",
      "begin" : 20,
      "end" : 28,
      "text" : "attacker",
      "whiteSpace" : false
    }, {
      "id" : "s0-t4",
      "begin" : 29,
      "end" : 36,
      "text" : "without",
      "whiteSpace" : false
    }, {
      "id" : "s0-t5",
      "begin" : 37,
      "end" : 51,
      "text" : "authentication",
      "whiteSpace" : false
    }, {
      "id" : "s0-t6",
      "begin" : 52,
      "end" : 55,
      "text" : "can",
      "whiteSpace" : false
    }, {
      "id" : "s0-t7",
      "begin" : 56,
      "end" : 61,
      "text" : "login",
      "whiteSpace" : false
    }, {
      "id" : "s0-t8",
      "begin" : 62,
      "end" : 66,
      "text" : "with",
      "whiteSpace" : false
    }, {
      "id" : "s0-t9",
      "begin" : 67,
      "end" : 74,
      "text" : "default",
      "whiteSpace" : false
    }, {
      "id" : "s0-t10",
      "begin" : 75,
      "end" : 86,
      "text" : "credentials",
      "whiteSpace" : false
    }, {
      "id" : "s0-t11",
      "begin" : 87,
      "end" : 90,
      "text" : "for",
      "whiteSpace" : false
    }, {
      "id" : "s0-t12",
      "begin" : 91,
      "end" : 101,
      "text" : "privileged",
      "whiteSpace" : false
    }, {
      "id" : "s0-t13",
      "begin" : 102,
      "end" : 107,
      "text" : "users",
      "whiteSpace" : false
    }, {
      "id" : "s0-t14",
      "begin" : 108,
      "end" : 110,
      "text" : "in",
      "whiteSpace" : false
    }, {
      "id" : "s0-t15",
      "begin" : 111,
      "end" : 116,
      "text" : "Eltex",
      "whiteSpace" : false
    }, {
      "id" : "s0-t16",
      "begin" : 117,
      "end" : 120,
      "text" : "ESP",
      "whiteSpace" : false
    }, {
      "id" : "s0-t17",
      "begin" : 120,
      "end" : 121,
      "text" : "-",
      "whiteSpace" : false
    }, {
      "id" : "s0-t18",
      "begin" : 121,
      "end" : 124,
      "text" : "200",
      "whiteSpace" : false
    }, {
      "id" : "s0-t19",
      "begin" : 125,
      "end" : 133,
      "text" : "firmware",
      "whiteSpace" : false
    }, {
      "id" : "s0-t20",
      "begin" : 134,
      "end" : 141,
      "text" : "version",
      "whiteSpace" : false
    }, {
      "id" : "s0-t21",
      "begin" : 142,
      "end" : 147,
      "text" : "1.2.0",
      "whiteSpace" : false
    }, {
      "id" : "s0-t22",
      "begin" : 147,
      "end" : 148,
      "text" : ".",
      "whiteSpace" : false
    } ]
  }, {
    "id" : "s1",
    "begin" : 149,
    "end" : 285,
    "text" : "| MISC:https://ics-cert.kaspersky.com/advisories/klcert-advisories/2018/08/17/klcert-18-016-eltex-esp-200-router-default-password-usage/",
    "tokens" : [ {
      "id" : "s1-t0",
      "begin" : 149,
      "end" : 150,
      "text" : "|",
      "whiteSpace" : false
    }, {
      "id" : "s1-t1",
      "begin" : 151,
      "end" : 167,
      "text" : "MISC:https://ics",
      "whiteSpace" : false
    }, {
      "id" : "s1-t2",
      "begin" : 167,
      "end" : 168,
      "text" : "-",
      "whiteSpace" : false
    }, {
      "id" : "s1-t3",
      "begin" : 168,
      "end" : 204,
      "text" : "cert.kaspersky.com/advisories/klcert",
      "whiteSpace" : false
    }, {
      "id" : "s1-t4",
      "begin" : 204,
      "end" : 205,
      "text" : "-",
      "whiteSpace" : false
    }, {
      "id" : "s1-t5",
      "begin" : 205,
      "end" : 285,
      "text" : "advisories/2018/08/17/klcert-18-016-eltex-esp-200-router-default-password-usage/",
      "whiteSpace" : false
    } ]
  } ],
  "mentions" : [ ],
  "relations" : [ ],
  "corefs" : [ ],
  "typeResolved" : true,
  "userResolved" : false
}