{
  "id" : "cb44ad30-e5bf-11e8-ac51-0ddb2b53e7d9-2824",
  "name" : "CVE-2018-15428",
  "createdDate" : 0,
  "version" : 3,
  "text" : "CVE-2018-15428 | A vulnerability in the implementation of Border Gateway Protocol (BGP) functionality in Cisco IOS XR Software could allow an unauthenticated, remote attacker to cause a denial of service (DoS) condition. The vulnerability is due to incorrect processing of certain BGP update messages. An attacker could exploit this vulnerability by sending BGP update messages that include a specific, malformed attribute to be processed by an affected system. A successful exploit could allow the attacker to cause the BGP process to restart unexpectedly, resulting in a DoS condition. The Cisco implementation of BGP accepts incoming BGP traffic only from explicitly defined peers. To exploit this vulnerability, the malicious BGP update message would need to come from a configured, valid BGP peer, or would need to be injected by the attacker into the victim's BGP network on an existing, valid TCP connection to a BGP peer. | CISCO:20181003 Cisco IOS XR Software Border Gateway Protocol Denial of Service Vulnerability   |   URL:https://tools.cisco.com/security/center/content/CiscoSecurityAdvisory/cisco-sa-20181003-iosxr-dos   |   SECTRACK:1041790   |   URL:http://www.securitytracker.com/id/1041790",
  "docLength" : 0,
  "language" : "EN",
  "status" : "READY",
  "modifiedDate" : 1541947254783,
  "documentSet" : [ ],
  "preannotation" : [ ],
  "sentences" : [ {
    "id" : "s0",
    "begin" : 0,
    "end" : 220,
    "text" : "CVE-2018-15428 | A vulnerability in the implementation of Border Gateway Protocol (BGP) functionality in Cisco IOS XR Software could allow an unauthenticated, remote attacker to cause a denial of service (DoS) condition.",
    "tokens" : [ {
      "id" : "s0-t0",
      "begin" : 0,
      "end" : 14,
      "text" : "CVE-2018-15428",
      "whiteSpace" : false
    }, {
      "id" : "s0-t1",
      "begin" : 15,
      "end" : 16,
      "text" : "|",
      "whiteSpace" : false
    }, {
      "id" : "s0-t2",
      "begin" : 17,
      "end" : 18,
      "text" : "A",
      "whiteSpace" : false
    }, {
      "id" : "s0-t3",
      "begin" : 19,
      "end" : 32,
      "text" : "vulnerability",
      "whiteSpace" : false
    }, {
      "id" : "s0-t4",
      "begin" : 33,
      "end" : 35,
      "text" : "in",
      "whiteSpace" : false
    }, {
      "id" : "s0-t5",
      "begin" : 36,
      "end" : 39,
      "text" : "the",
      "whiteSpace" : false
    }, {
      "id" : "s0-t6",
      "begin" : 40,
      "end" : 54,
      "text" : "implementation",
      "whiteSpace" : false
    }, {
      "id" : "s0-t7",
      "begin" : 55,
      "end" : 57,
      "text" : "of",
      "whiteSpace" : false
    }, {
      "id" : "s0-t8",
      "begin" : 58,
      "end" : 64,
      "text" : "Border",
      "whiteSpace" : false
    }, {
      "id" : "s0-t9",
      "begin" : 65,
      "end" : 72,
      "text" : "Gateway",
      "whiteSpace" : false
    }, {
      "id" : "s0-t10",
      "begin" : 73,
      "end" : 81,
      "text" : "Protocol",
      "whiteSpace" : false
    }, {
      "id" : "s0-t11",
      "begin" : 82,
      "end" : 83,
      "text" : "(",
      "whiteSpace" : false
    }, {
      "id" : "s0-t12",
      "begin" : 83,
      "end" : 86,
      "text" : "BGP",
      "whiteSpace" : false
    }, {
      "id" : "s0-t13",
      "begin" : 86,
      "end" : 87,
      "text" : ")",
      "whiteSpace" : false
    }, {
      "id" : "s0-t14",
      "begin" : 88,
      "end" : 101,
      "text" : "functionality",
      "whiteSpace" : false
    }, {
      "id" : "s0-t15",
      "begin" : 102,
      "end" : 104,
      "text" : "in",
      "whiteSpace" : false
    }, {
      "id" : "s0-t16",
      "begin" : 105,
      "end" : 110,
      "text" : "Cisco",
      "whiteSpace" : false
    }, {
      "id" : "s0-t17",
      "begin" : 111,
      "end" : 114,
      "text" : "IOS",
      "whiteSpace" : false
    }, {
      "id" : "s0-t18",
      "begin" : 115,
      "end" : 117,
      "text" : "XR",
      "whiteSpace" : false
    }, {
      "id" : "s0-t19",
      "begin" : 118,
      "end" : 126,
      "text" : "Software",
      "whiteSpace" : false
    }, {
      "id" : "s0-t20",
      "begin" : 127,
      "end" : 132,
      "text" : "could",
      "whiteSpace" : false
    }, {
      "id" : "s0-t21",
      "begin" : 133,
      "end" : 138,
      "text" : "allow",
      "whiteSpace" : false
    }, {
      "id" : "s0-t22",
      "begin" : 139,
      "end" : 141,
      "text" : "an",
      "whiteSpace" : false
    }, {
      "id" : "s0-t23",
      "begin" : 142,
      "end" : 157,
      "text" : "unauthenticated",
      "whiteSpace" : false
    }, {
      "id" : "s0-t24",
      "begin" : 157,
      "end" : 158,
      "text" : ",",
      "whiteSpace" : false
    }, {
      "id" : "s0-t25",
      "begin" : 159,
      "end" : 165,
      "text" : "remote",
      "whiteSpace" : false
    }, {
      "id" : "s0-t26",
      "begin" : 166,
      "end" : 174,
      "text" : "attacker",
      "whiteSpace" : false
    }, {
      "id" : "s0-t27",
      "begin" : 175,
      "end" : 177,
      "text" : "to",
      "whiteSpace" : false
    }, {
      "id" : "s0-t28",
      "begin" : 178,
      "end" : 183,
      "text" : "cause",
      "whiteSpace" : false
    }, {
      "id" : "s0-t29",
      "begin" : 184,
      "end" : 185,
      "text" : "a",
      "whiteSpace" : false
    }, {
      "id" : "s0-t30",
      "begin" : 186,
      "end" : 192,
      "text" : "denial",
      "whiteSpace" : false
    }, {
      "id" : "s0-t31",
      "begin" : 193,
      "end" : 195,
      "text" : "of",
      "whiteSpace" : false
    }, {
      "id" : "s0-t32",
      "begin" : 196,
      "end" : 203,
      "text" : "service",
      "whiteSpace" : false
    }, {
      "id" : "s0-t33",
      "begin" : 204,
      "end" : 205,
      "text" : "(",
      "whiteSpace" : false
    }, {
      "id" : "s0-t34",
      "begin" : 205,
      "end" : 208,
      "text" : "DoS",
      "whiteSpace" : false
    }, {
      "id" : "s0-t35",
      "begin" : 208,
      "end" : 209,
      "text" : ")",
      "whiteSpace" : false
    }, {
      "id" : "s0-t36",
      "begin" : 210,
      "end" : 219,
      "text" : "condition",
      "whiteSpace" : false
    }, {
      "id" : "s0-t37",
      "begin" : 219,
      "end" : 220,
      "text" : ".",
      "whiteSpace" : false
    } ]
  }, {
    "id" : "s1",
    "begin" : 221,
    "end" : 301,
    "text" : "The vulnerability is due to incorrect processing of certain BGP update messages.",
    "tokens" : [ {
      "id" : "s1-t0",
      "begin" : 221,
      "end" : 224,
      "text" : "The",
      "whiteSpace" : false
    }, {
      "id" : "s1-t1",
      "begin" : 225,
      "end" : 238,
      "text" : "vulnerability",
      "whiteSpace" : false
    }, {
      "id" : "s1-t2",
      "begin" : 239,
      "end" : 241,
      "text" : "is",
      "whiteSpace" : false
    }, {
      "id" : "s1-t3",
      "begin" : 242,
      "end" : 245,
      "text" : "due",
      "whiteSpace" : false
    }, {
      "id" : "s1-t4",
      "begin" : 246,
      "end" : 248,
      "text" : "to",
      "whiteSpace" : false
    }, {
      "id" : "s1-t5",
      "begin" : 249,
      "end" : 258,
      "text" : "incorrect",
      "whiteSpace" : false
    }, {
      "id" : "s1-t6",
      "begin" : 259,
      "end" : 269,
      "text" : "processing",
      "whiteSpace" : false
    }, {
      "id" : "s1-t7",
      "begin" : 270,
      "end" : 272,
      "text" : "of",
      "whiteSpace" : false
    }, {
      "id" : "s1-t8",
      "begin" : 273,
      "end" : 280,
      "text" : "certain",
      "whiteSpace" : false
    }, {
      "id" : "s1-t9",
      "begin" : 281,
      "end" : 284,
      "text" : "BGP",
      "whiteSpace" : false
    }, {
      "id" : "s1-t10",
      "begin" : 285,
      "end" : 291,
      "text" : "update",
      "whiteSpace" : false
    }, {
      "id" : "s1-t11",
      "begin" : 292,
      "end" : 300,
      "text" : "messages",
      "whiteSpace" : false
    }, {
      "id" : "s1-t12",
      "begin" : 300,
      "end" : 301,
      "text" : ".",
      "whiteSpace" : false
    } ]
  }, {
    "id" : "s2",
    "begin" : 302,
    "end" : 461,
    "text" : "An attacker could exploit this vulnerability by sending BGP update messages that include a specific, malformed attribute to be processed by an affected system.",
    "tokens" : [ {
      "id" : "s2-t0",
      "begin" : 302,
      "end" : 304,
      "text" : "An",
      "whiteSpace" : false
    }, {
      "id" : "s2-t1",
      "begin" : 305,
      "end" : 313,
      "text" : "attacker",
      "whiteSpace" : false
    }, {
      "id" : "s2-t2",
      "begin" : 314,
      "end" : 319,
      "text" : "could",
      "whiteSpace" : false
    }, {
      "id" : "s2-t3",
      "begin" : 320,
      "end" : 327,
      "text" : "exploit",
      "whiteSpace" : false
    }, {
      "id" : "s2-t4",
      "begin" : 328,
      "end" : 332,
      "text" : "this",
      "whiteSpace" : false
    }, {
      "id" : "s2-t5",
      "begin" : 333,
      "end" : 346,
      "text" : "vulnerability",
      "whiteSpace" : false
    }, {
      "id" : "s2-t6",
      "begin" : 347,
      "end" : 349,
      "text" : "by",
      "whiteSpace" : false
    }, {
      "id" : "s2-t7",
      "begin" : 350,
      "end" : 357,
      "text" : "sending",
      "whiteSpace" : false
    }, {
      "id" : "s2-t8",
      "begin" : 358,
      "end" : 361,
      "text" : "BGP",
      "whiteSpace" : false
    }, {
      "id" : "s2-t9",
      "begin" : 362,
      "end" : 368,
      "text" : "update",
      "whiteSpace" : false
    }, {
      "id" : "s2-t10",
      "begin" : 369,
      "end" : 377,
      "text" : "messages",
      "whiteSpace" : false
    }, {
      "id" : "s2-t11",
      "begin" : 378,
      "end" : 382,
      "text" : "that",
      "whiteSpace" : false
    }, {
      "id" : "s2-t12",
      "begin" : 383,
      "end" : 390,
      "text" : "include",
      "whiteSpace" : false
    }, {
      "id" : "s2-t13",
      "begin" : 391,
      "end" : 392,
      "text" : "a",
      "whiteSpace" : false
    }, {
      "id" : "s2-t14",
      "begin" : 393,
      "end" : 401,
      "text" : "specific",
      "whiteSpace" : false
    }, {
      "id" : "s2-t15",
      "begin" : 401,
      "end" : 402,
      "text" : ",",
      "whiteSpace" : false
    }, {
      "id" : "s2-t16",
      "begin" : 403,
      "end" : 412,
      "text" : "malformed",
      "whiteSpace" : false
    }, {
      "id" : "s2-t17",
      "begin" : 413,
      "end" : 422,
      "text" : "attribute",
      "whiteSpace" : false
    }, {
      "id" : "s2-t18",
      "begin" : 423,
      "end" : 425,
      "text" : "to",
      "whiteSpace" : false
    }, {
      "id" : "s2-t19",
      "begin" : 426,
      "end" : 428,
      "text" : "be",
      "whiteSpace" : false
    }, {
      "id" : "s2-t20",
      "begin" : 429,
      "end" : 438,
      "text" : "processed",
      "whiteSpace" : false
    }, {
      "id" : "s2-t21",
      "begin" : 439,
      "end" : 441,
      "text" : "by",
      "whiteSpace" : false
    }, {
      "id" : "s2-t22",
      "begin" : 442,
      "end" : 444,
      "text" : "an",
      "whiteSpace" : false
    }, {
      "id" : "s2-t23",
      "begin" : 445,
      "end" : 453,
      "text" : "affected",
      "whiteSpace" : false
    }, {
      "id" : "s2-t24",
      "begin" : 454,
      "end" : 460,
      "text" : "system",
      "whiteSpace" : false
    }, {
      "id" : "s2-t25",
      "begin" : 460,
      "end" : 461,
      "text" : ".",
      "whiteSpace" : false
    } ]
  }, {
    "id" : "s3",
    "begin" : 462,
    "end" : 587,
    "text" : "A successful exploit could allow the attacker to cause the BGP process to restart unexpectedly, resulting in a DoS condition.",
    "tokens" : [ {
      "id" : "s3-t0",
      "begin" : 462,
      "end" : 463,
      "text" : "A",
      "whiteSpace" : false
    }, {
      "id" : "s3-t1",
      "begin" : 464,
      "end" : 474,
      "text" : "successful",
      "whiteSpace" : false
    }, {
      "id" : "s3-t2",
      "begin" : 475,
      "end" : 482,
      "text" : "exploit",
      "whiteSpace" : false
    }, {
      "id" : "s3-t3",
      "begin" : 483,
      "end" : 488,
      "text" : "could",
      "whiteSpace" : false
    }, {
      "id" : "s3-t4",
      "begin" : 489,
      "end" : 494,
      "text" : "allow",
      "whiteSpace" : false
    }, {
      "id" : "s3-t5",
      "begin" : 495,
      "end" : 498,
      "text" : "the",
      "whiteSpace" : false
    }, {
      "id" : "s3-t6",
      "begin" : 499,
      "end" : 507,
      "text" : "attacker",
      "whiteSpace" : false
    }, {
      "id" : "s3-t7",
      "begin" : 508,
      "end" : 510,
      "text" : "to",
      "whiteSpace" : false
    }, {
      "id" : "s3-t8",
      "begin" : 511,
      "end" : 516,
      "text" : "cause",
      "whiteSpace" : false
    }, {
      "id" : "s3-t9",
      "begin" : 517,
      "end" : 520,
      "text" : "the",
      "whiteSpace" : false
    }, {
      "id" : "s3-t10",
      "begin" : 521,
      "end" : 524,
      "text" : "BGP",
      "whiteSpace" : false
    }, {
      "id" : "s3-t11",
      "begin" : 525,
      "end" : 532,
      "text" : "process",
      "whiteSpace" : false
    }, {
      "id" : "s3-t12",
      "begin" : 533,
      "end" : 535,
      "text" : "to",
      "whiteSpace" : false
    }, {
      "id" : "s3-t13",
      "begin" : 536,
      "end" : 543,
      "text" : "restart",
      "whiteSpace" : false
    }, {
      "id" : "s3-t14",
      "begin" : 544,
      "end" : 556,
      "text" : "unexpectedly",
      "whiteSpace" : false
    }, {
      "id" : "s3-t15",
      "begin" : 556,
      "end" : 557,
      "text" : ",",
      "whiteSpace" : false
    }, {
      "id" : "s3-t16",
      "begin" : 558,
      "end" : 567,
      "text" : "resulting",
      "whiteSpace" : false
    }, {
      "id" : "s3-t17",
      "begin" : 568,
      "end" : 570,
      "text" : "in",
      "whiteSpace" : false
    }, {
      "id" : "s3-t18",
      "begin" : 571,
      "end" : 572,
      "text" : "a",
      "whiteSpace" : false
    }, {
      "id" : "s3-t19",
      "begin" : 573,
      "end" : 576,
      "text" : "DoS",
      "whiteSpace" : false
    }, {
      "id" : "s3-t20",
      "begin" : 577,
      "end" : 586,
      "text" : "condition",
      "whiteSpace" : false
    }, {
      "id" : "s3-t21",
      "begin" : 586,
      "end" : 587,
      "text" : ".",
      "whiteSpace" : false
    } ]
  }, {
    "id" : "s4",
    "begin" : 588,
    "end" : 684,
    "text" : "The Cisco implementation of BGP accepts incoming BGP traffic only from explicitly defined peers.",
    "tokens" : [ {
      "id" : "s4-t0",
      "begin" : 588,
      "end" : 591,
      "text" : "The",
      "whiteSpace" : false
    }, {
      "id" : "s4-t1",
      "begin" : 592,
      "end" : 597,
      "text" : "Cisco",
      "whiteSpace" : false
    }, {
      "id" : "s4-t2",
      "begin" : 598,
      "end" : 612,
      "text" : "implementation",
      "whiteSpace" : false
    }, {
      "id" : "s4-t3",
      "begin" : 613,
      "end" : 615,
      "text" : "of",
      "whiteSpace" : false
    }, {
      "id" : "s4-t4",
      "begin" : 616,
      "end" : 619,
      "text" : "BGP",
      "whiteSpace" : false
    }, {
      "id" : "s4-t5",
      "begin" : 620,
      "end" : 627,
      "text" : "accepts",
      "whiteSpace" : false
    }, {
      "id" : "s4-t6",
      "begin" : 628,
      "end" : 636,
      "text" : "incoming",
      "whiteSpace" : false
    }, {
      "id" : "s4-t7",
      "begin" : 637,
      "end" : 640,
      "text" : "BGP",
      "whiteSpace" : false
    }, {
      "id" : "s4-t8",
      "begin" : 641,
      "end" : 648,
      "text" : "traffic",
      "whiteSpace" : false
    }, {
      "id" : "s4-t9",
      "begin" : 649,
      "end" : 653,
      "text" : "only",
      "whiteSpace" : false
    }, {
      "id" : "s4-t10",
      "begin" : 654,
      "end" : 658,
      "text" : "from",
      "whiteSpace" : false
    }, {
      "id" : "s4-t11",
      "begin" : 659,
      "end" : 669,
      "text" : "explicitly",
      "whiteSpace" : false
    }, {
      "id" : "s4-t12",
      "begin" : 670,
      "end" : 677,
      "text" : "defined",
      "whiteSpace" : false
    }, {
      "id" : "s4-t13",
      "begin" : 678,
      "end" : 683,
      "text" : "peers",
      "whiteSpace" : false
    }, {
      "id" : "s4-t14",
      "begin" : 683,
      "end" : 684,
      "text" : ".",
      "whiteSpace" : false
    } ]
  }, {
    "id" : "s5",
    "begin" : 685,
    "end" : 929,
    "text" : "To exploit this vulnerability, the malicious BGP update message would need to come from a configured, valid BGP peer, or would need to be injected by the attacker into the victim's BGP network on an existing, valid TCP connection to a BGP peer.",
    "tokens" : [ {
      "id" : "s5-t0",
      "begin" : 685,
      "end" : 687,
      "text" : "To",
      "whiteSpace" : false
    }, {
      "id" : "s5-t1",
      "begin" : 688,
      "end" : 695,
      "text" : "exploit",
      "whiteSpace" : false
    }, {
      "id" : "s5-t2",
      "begin" : 696,
      "end" : 700,
      "text" : "this",
      "whiteSpace" : false
    }, {
      "id" : "s5-t3",
      "begin" : 701,
      "end" : 714,
      "text" : "vulnerability",
      "whiteSpace" : false
    }, {
      "id" : "s5-t4",
      "begin" : 714,
      "end" : 715,
      "text" : ",",
      "whiteSpace" : false
    }, {
      "id" : "s5-t5",
      "begin" : 716,
      "end" : 719,
      "text" : "the",
      "whiteSpace" : false
    }, {
      "id" : "s5-t6",
      "begin" : 720,
      "end" : 729,
      "text" : "malicious",
      "whiteSpace" : false
    }, {
      "id" : "s5-t7",
      "begin" : 730,
      "end" : 733,
      "text" : "BGP",
      "whiteSpace" : false
    }, {
      "id" : "s5-t8",
      "begin" : 734,
      "end" : 740,
      "text" : "update",
      "whiteSpace" : false
    }, {
      "id" : "s5-t9",
      "begin" : 741,
      "end" : 748,
      "text" : "message",
      "whiteSpace" : false
    }, {
      "id" : "s5-t10",
      "begin" : 749,
      "end" : 754,
      "text" : "would",
      "whiteSpace" : false
    }, {
      "id" : "s5-t11",
      "begin" : 755,
      "end" : 759,
      "text" : "need",
      "whiteSpace" : false
    }, {
      "id" : "s5-t12",
      "begin" : 760,
      "end" : 762,
      "text" : "to",
      "whiteSpace" : false
    }, {
      "id" : "s5-t13",
      "begin" : 763,
      "end" : 767,
      "text" : "come",
      "whiteSpace" : false
    }, {
      "id" : "s5-t14",
      "begin" : 768,
      "end" : 772,
      "text" : "from",
      "whiteSpace" : false
    }, {
      "id" : "s5-t15",
      "begin" : 773,
      "end" : 774,
      "text" : "a",
      "whiteSpace" : false
    }, {
      "id" : "s5-t16",
      "begin" : 775,
      "end" : 785,
      "text" : "configured",
      "whiteSpace" : false
    }, {
      "id" : "s5-t17",
      "begin" : 785,
      "end" : 786,
      "text" : ",",
      "whiteSpace" : false
    }, {
      "id" : "s5-t18",
      "begin" : 787,
      "end" : 792,
      "text" : "valid",
      "whiteSpace" : false
    }, {
      "id" : "s5-t19",
      "begin" : 793,
      "end" : 796,
      "text" : "BGP",
      "whiteSpace" : false
    }, {
      "id" : "s5-t20",
      "begin" : 797,
      "end" : 801,
      "text" : "peer",
      "whiteSpace" : false
    }, {
      "id" : "s5-t21",
      "begin" : 801,
      "end" : 802,
      "text" : ",",
      "whiteSpace" : false
    }, {
      "id" : "s5-t22",
      "begin" : 803,
      "end" : 805,
      "text" : "or",
      "whiteSpace" : false
    }, {
      "id" : "s5-t23",
      "begin" : 806,
      "end" : 811,
      "text" : "would",
      "whiteSpace" : false
    }, {
      "id" : "s5-t24",
      "begin" : 812,
      "end" : 816,
      "text" : "need",
      "whiteSpace" : false
    }, {
      "id" : "s5-t25",
      "begin" : 817,
      "end" : 819,
      "text" : "to",
      "whiteSpace" : false
    }, {
      "id" : "s5-t26",
      "begin" : 820,
      "end" : 822,
      "text" : "be",
      "whiteSpace" : false
    }, {
      "id" : "s5-t27",
      "begin" : 823,
      "end" : 831,
      "text" : "injected",
      "whiteSpace" : false
    }, {
      "id" : "s5-t28",
      "begin" : 832,
      "end" : 834,
      "text" : "by",
      "whiteSpace" : false
    }, {
      "id" : "s5-t29",
      "begin" : 835,
      "end" : 838,
      "text" : "the",
      "whiteSpace" : false
    }, {
      "id" : "s5-t30",
      "begin" : 839,
      "end" : 847,
      "text" : "attacker",
      "whiteSpace" : false
    }, {
      "id" : "s5-t31",
      "begin" : 848,
      "end" : 852,
      "text" : "into",
      "whiteSpace" : false
    }, {
      "id" : "s5-t32",
      "begin" : 853,
      "end" : 856,
      "text" : "the",
      "whiteSpace" : false
    }, {
      "id" : "s5-t33",
      "begin" : 857,
      "end" : 863,
      "text" : "victim",
      "whiteSpace" : false
    }, {
      "id" : "s5-t34",
      "begin" : 863,
      "end" : 865,
      "text" : "'s",
      "whiteSpace" : false
    }, {
      "id" : "s5-t35",
      "begin" : 866,
      "end" : 869,
      "text" : "BGP",
      "whiteSpace" : false
    }, {
      "id" : "s5-t36",
      "begin" : 870,
      "end" : 877,
      "text" : "network",
      "whiteSpace" : false
    }, {
      "id" : "s5-t37",
      "begin" : 878,
      "end" : 880,
      "text" : "on",
      "whiteSpace" : false
    }, {
      "id" : "s5-t38",
      "begin" : 881,
      "end" : 883,
      "text" : "an",
      "whiteSpace" : false
    }, {
      "id" : "s5-t39",
      "begin" : 884,
      "end" : 892,
      "text" : "existing",
      "whiteSpace" : false
    }, {
      "id" : "s5-t40",
      "begin" : 892,
      "end" : 893,
      "text" : ",",
      "whiteSpace" : false
    }, {
      "id" : "s5-t41",
      "begin" : 894,
      "end" : 899,
      "text" : "valid",
      "whiteSpace" : false
    }, {
      "id" : "s5-t42",
      "begin" : 900,
      "end" : 903,
      "text" : "TCP",
      "whiteSpace" : false
    }, {
      "id" : "s5-t43",
      "begin" : 904,
      "end" : 914,
      "text" : "connection",
      "whiteSpace" : false
    }, {
      "id" : "s5-t44",
      "begin" : 915,
      "end" : 917,
      "text" : "to",
      "whiteSpace" : false
    }, {
      "id" : "s5-t45",
      "begin" : 918,
      "end" : 919,
      "text" : "a",
      "whiteSpace" : false
    }, {
      "id" : "s5-t46",
      "begin" : 920,
      "end" : 923,
      "text" : "BGP",
      "whiteSpace" : false
    }, {
      "id" : "s5-t47",
      "begin" : 924,
      "end" : 928,
      "text" : "peer",
      "whiteSpace" : false
    }, {
      "id" : "s5-t48",
      "begin" : 928,
      "end" : 929,
      "text" : ".",
      "whiteSpace" : false
    } ]
  }, {
    "id" : "s6",
    "begin" : 930,
    "end" : 1207,
    "text" : "| CISCO:20181003 Cisco IOS XR Software Border Gateway Protocol Denial of Service Vulnerability   |   URL:https://tools.cisco.com/security/center/content/CiscoSecurityAdvisory/cisco-sa-20181003-iosxr-dos   |   SECTRACK:1041790   |   URL:http://www.securitytracker.com/id/1041790",
    "tokens" : [ {
      "id" : "s6-t0",
      "begin" : 930,
      "end" : 931,
      "text" : "|",
      "whiteSpace" : false
    }, {
      "id" : "s6-t1",
      "begin" : 932,
      "end" : 937,
      "text" : "CISCO",
      "whiteSpace" : false
    }, {
      "id" : "s6-t2",
      "begin" : 937,
      "end" : 938,
      "text" : ":",
      "whiteSpace" : false
    }, {
      "id" : "s6-t3",
      "begin" : 938,
      "end" : 946,
      "text" : "20181003",
      "whiteSpace" : false
    }, {
      "id" : "s6-t4",
      "begin" : 947,
      "end" : 952,
      "text" : "Cisco",
      "whiteSpace" : false
    }, {
      "id" : "s6-t5",
      "begin" : 953,
      "end" : 956,
      "text" : "IOS",
      "whiteSpace" : false
    }, {
      "id" : "s6-t6",
      "begin" : 957,
      "end" : 959,
      "text" : "XR",
      "whiteSpace" : false
    }, {
      "id" : "s6-t7",
      "begin" : 960,
      "end" : 968,
      "text" : "Software",
      "whiteSpace" : false
    }, {
      "id" : "s6-t8",
      "begin" : 969,
      "end" : 975,
      "text" : "Border",
      "whiteSpace" : false
    }, {
      "id" : "s6-t9",
      "begin" : 976,
      "end" : 983,
      "text" : "Gateway",
      "whiteSpace" : false
    }, {
      "id" : "s6-t10",
      "begin" : 984,
      "end" : 992,
      "text" : "Protocol",
      "whiteSpace" : false
    }, {
      "id" : "s6-t11",
      "begin" : 993,
      "end" : 999,
      "text" : "Denial",
      "whiteSpace" : false
    }, {
      "id" : "s6-t12",
      "begin" : 1000,
      "end" : 1002,
      "text" : "of",
      "whiteSpace" : false
    }, {
      "id" : "s6-t13",
      "begin" : 1003,
      "end" : 1010,
      "text" : "Service",
      "whiteSpace" : false
    }, {
      "id" : "s6-t14",
      "begin" : 1011,
      "end" : 1024,
      "text" : "Vulnerability",
      "whiteSpace" : false
    }, {
      "id" : "s6-t15",
      "begin" : 1027,
      "end" : 1028,
      "text" : "|",
      "whiteSpace" : false
    }, {
      "id" : "s6-t16",
      "begin" : 1031,
      "end" : 1034,
      "text" : "URL",
      "whiteSpace" : false
    }, {
      "id" : "s6-t17",
      "begin" : 1034,
      "end" : 1128,
      "text" : ":https://tools.cisco.com/security/center/content/CiscoSecurityAdvisory/cisco-sa-20181003-iosxr",
      "whiteSpace" : false
    }, {
      "id" : "s6-t18",
      "begin" : 1128,
      "end" : 1129,
      "text" : "-",
      "whiteSpace" : false
    }, {
      "id" : "s6-t19",
      "begin" : 1129,
      "end" : 1132,
      "text" : "dos",
      "whiteSpace" : false
    }, {
      "id" : "s6-t20",
      "begin" : 1135,
      "end" : 1136,
      "text" : "|",
      "whiteSpace" : false
    }, {
      "id" : "s6-t21",
      "begin" : 1139,
      "end" : 1147,
      "text" : "SECTRACK",
      "whiteSpace" : false
    }, {
      "id" : "s6-t22",
      "begin" : 1147,
      "end" : 1148,
      "text" : ":",
      "whiteSpace" : false
    }, {
      "id" : "s6-t23",
      "begin" : 1148,
      "end" : 1155,
      "text" : "1041790",
      "whiteSpace" : false
    }, {
      "id" : "s6-t24",
      "begin" : 1158,
      "end" : 1159,
      "text" : "|",
      "whiteSpace" : false
    }, {
      "id" : "s6-t25",
      "begin" : 1162,
      "end" : 1200,
      "text" : "URL:http://www.securitytracker.com/id/",
      "whiteSpace" : false
    }, {
      "id" : "s6-t26",
      "begin" : 1200,
      "end" : 1207,
      "text" : "1041790",
      "whiteSpace" : false
    } ]
  } ],
  "mentions" : [ ],
  "relations" : [ ],
  "corefs" : [ ],
  "typeResolved" : true,
  "userResolved" : false
}