{
  "id" : "cb44ad30-e5bf-11e8-ac51-0ddb2b53e7d9-2937",
  "name" : "CVE-2018-15191",
  "createdDate" : 0,
  "version" : 3,
  "text" : "CVE-2018-15191 | PHP Scripts Mall hotel-booking-script 2.0.4 allows remote attackers to cause a denial of service via crafted JavaScript code in the First Name, Last Name, or Address field. | MISC:https://gkaim.com/cve-2018-15191-vikas-chaudhary/",
  "docLength" : 0,
  "language" : "EN",
  "status" : "READY",
  "modifiedDate" : 1541947254783,
  "documentSet" : [ ],
  "preannotation" : [ ],
  "sentences" : [ {
    "id" : "s0",
    "begin" : 0,
    "end" : 189,
    "text" : "CVE-2018-15191 | PHP Scripts Mall hotel-booking-script 2.0.4 allows remote attackers to cause a denial of service via crafted JavaScript code in the First Name, Last Name, or Address field.",
    "tokens" : [ {
      "id" : "s0-t0",
      "begin" : 0,
      "end" : 14,
      "text" : "CVE-2018-15191",
      "whiteSpace" : false
    }, {
      "id" : "s0-t1",
      "begin" : 15,
      "end" : 16,
      "text" : "|",
      "whiteSpace" : false
    }, {
      "id" : "s0-t2",
      "begin" : 17,
      "end" : 20,
      "text" : "PHP",
      "whiteSpace" : false
    }, {
      "id" : "s0-t3",
      "begin" : 21,
      "end" : 28,
      "text" : "Scripts",
      "whiteSpace" : false
    }, {
      "id" : "s0-t4",
      "begin" : 29,
      "end" : 33,
      "text" : "Mall",
      "whiteSpace" : false
    }, {
      "id" : "s0-t5",
      "begin" : 34,
      "end" : 39,
      "text" : "hotel",
      "whiteSpace" : false
    }, {
      "id" : "s0-t6",
      "begin" : 39,
      "end" : 40,
      "text" : "-",
      "whiteSpace" : false
    }, {
      "id" : "s0-t7",
      "begin" : 40,
      "end" : 47,
      "text" : "booking",
      "whiteSpace" : false
    }, {
      "id" : "s0-t8",
      "begin" : 47,
      "end" : 48,
      "text" : "-",
      "whiteSpace" : false
    }, {
      "id" : "s0-t9",
      "begin" : 48,
      "end" : 54,
      "text" : "script",
      "whiteSpace" : false
    }, {
      "id" : "s0-t10",
      "begin" : 55,
      "end" : 60,
      "text" : "2.0.4",
      "whiteSpace" : false
    }, {
      "id" : "s0-t11",
      "begin" : 61,
      "end" : 67,
      "text" : "allows",
      "whiteSpace" : false
    }, {
      "id" : "s0-t12",
      "begin" : 68,
      "end" : 74,
      "text" : "remote",
      "whiteSpace" : false
    }, {
      "id" : "s0-t13",
      "begin" : 75,
      "end" : 84,
      "text" : "attackers",
      "whiteSpace" : false
    }, {
      "id" : "s0-t14",
      "begin" : 85,
      "end" : 87,
      "text" : "to",
      "whiteSpace" : false
    }, {
      "id" : "s0-t15",
      "begin" : 88,
      "end" : 93,
      "text" : "cause",
      "whiteSpace" : false
    }, {
      "id" : "s0-t16",
      "begin" : 94,
      "end" : 95,
      "text" : "a",
      "whiteSpace" : false
    }, {
      "id" : "s0-t17",
      "begin" : 96,
      "end" : 102,
      "text" : "denial",
      "whiteSpace" : false
    }, {
      "id" : "s0-t18",
      "begin" : 103,
      "end" : 105,
      "text" : "of",
      "whiteSpace" : false
    }, {
      "id" : "s0-t19",
      "begin" : 106,
      "end" : 113,
      "text" : "service",
      "whiteSpace" : false
    }, {
      "id" : "s0-t20",
      "begin" : 114,
      "end" : 117,
      "text" : "via",
      "whiteSpace" : false
    }, {
      "id" : "s0-t21",
      "begin" : 118,
      "end" : 125,
      "text" : "crafted",
      "whiteSpace" : false
    }, {
      "id" : "s0-t22",
      "begin" : 126,
      "end" : 136,
      "text" : "JavaScript",
      "whiteSpace" : false
    }, {
      "id" : "s0-t23",
      "begin" : 137,
      "end" : 141,
      "text" : "code",
      "whiteSpace" : false
    }, {
      "id" : "s0-t24",
      "begin" : 142,
      "end" : 144,
      "text" : "in",
      "whiteSpace" : false
    }, {
      "id" : "s0-t25",
      "begin" : 145,
      "end" : 148,
      "text" : "the",
      "whiteSpace" : false
    }, {
      "id" : "s0-t26",
      "begin" : 149,
      "end" : 154,
      "text" : "First",
      "whiteSpace" : false
    }, {
      "id" : "s0-t27",
      "begin" : 155,
      "end" : 159,
      "text" : "Name",
      "whiteSpace" : false
    }, {
      "id" : "s0-t28",
      "begin" : 159,
      "end" : 160,
      "text" : ",",
      "whiteSpace" : false
    }, {
      "id" : "s0-t29",
      "begin" : 161,
      "end" : 165,
      "text" : "Last",
      "whiteSpace" : false
    }, {
      "id" : "s0-t30",
      "begin" : 166,
      "end" : 170,
      "text" : "Name",
      "whiteSpace" : false
    }, {
      "id" : "s0-t31",
      "begin" : 170,
      "end" : 171,
      "text" : ",",
      "whiteSpace" : false
    }, {
      "id" : "s0-t32",
      "begin" : 172,
      "end" : 174,
      "text" : "or",
      "whiteSpace" : false
    }, {
      "id" : "s0-t33",
      "begin" : 175,
      "end" : 182,
      "text" : "Address",
      "whiteSpace" : false
    }, {
      "id" : "s0-t34",
      "begin" : 183,
      "end" : 188,
      "text" : "field",
      "whiteSpace" : false
    }, {
      "id" : "s0-t35",
      "begin" : 188,
      "end" : 189,
      "text" : ".",
      "whiteSpace" : false
    } ]
  }, {
    "id" : "s1",
    "begin" : 190,
    "end" : 246,
    "text" : "| MISC:https://gkaim.com/cve-2018-15191-vikas-chaudhary/",
    "tokens" : [ {
      "id" : "s1-t0",
      "begin" : 190,
      "end" : 191,
      "text" : "|",
      "whiteSpace" : false
    }, {
      "id" : "s1-t1",
      "begin" : 192,
      "end" : 218,
      "text" : "MISC:https://gkaim.com/cve",
      "whiteSpace" : false
    }, {
      "id" : "s1-t2",
      "begin" : 218,
      "end" : 219,
      "text" : "-",
      "whiteSpace" : false
    }, {
      "id" : "s1-t3",
      "begin" : 219,
      "end" : 223,
      "text" : "2018",
      "whiteSpace" : false
    }, {
      "id" : "s1-t4",
      "begin" : 223,
      "end" : 224,
      "text" : "-",
      "whiteSpace" : false
    }, {
      "id" : "s1-t5",
      "begin" : 224,
      "end" : 229,
      "text" : "15191",
      "whiteSpace" : false
    }, {
      "id" : "s1-t6",
      "begin" : 229,
      "end" : 230,
      "text" : "-",
      "whiteSpace" : false
    }, {
      "id" : "s1-t7",
      "begin" : 230,
      "end" : 235,
      "text" : "vikas",
      "whiteSpace" : false
    }, {
      "id" : "s1-t8",
      "begin" : 235,
      "end" : 236,
      "text" : "-",
      "whiteSpace" : false
    }, {
      "id" : "s1-t9",
      "begin" : 236,
      "end" : 246,
      "text" : "chaudhary/",
      "whiteSpace" : false
    } ]
  } ],
  "mentions" : [ ],
  "relations" : [ ],
  "corefs" : [ ],
  "typeResolved" : true,
  "userResolved" : false
}