{
  "id" : "cb44ad30-e5bf-11e8-ac51-0ddb2b53e7d9-2956",
  "name" : "CVE-2018-1517",
  "createdDate" : 0,
  "version" : 3,
  "text" : "CVE-2018-1517 | A flaw in the java.math component in IBM SDK, Java Technology Edition 6.0, 7.0, and 8.0 may allow an attacker to inflict a denial-of-service attack with specially crafted String data. IBM X-Force ID: 141681. | CONFIRM:http://www.ibm.com/support/docview.wss?uid=ibm10719653   |   REDHAT:RHSA-2018:2568   |   URL:https://access.redhat.com/errata/RHSA-2018:2568   |   REDHAT:RHSA-2018:2569   |   URL:https://access.redhat.com/errata/RHSA-2018:2569   |   REDHAT:RHSA-2018:2575   |   URL:https://access.redhat.com/errata/RHSA-2018:2575   |   REDHAT:RHSA-2018:2576   |   URL:https://access.redhat.com/errata/RHSA-2018:2576   |   REDHAT:RHSA-2018:2712   |   URL:https://access.redhat.com/errata/RHSA-2018:2712   |   REDHAT:RHSA-2018:2713   |   URL:https://access.redhat.com/errata/RHSA-2018:2713   |   BID:105117   |   URL:http://www.securityfocus.com/bid/105117   |   XF:ibm-sdk-cve20181517-dos(141681)   |   URL:https://exchange.xforce.ibmcloud.com/vulnerabilities/141681",
  "docLength" : 0,
  "language" : "EN",
  "status" : "READY",
  "modifiedDate" : 1541947254783,
  "documentSet" : [ ],
  "preannotation" : [ ],
  "sentences" : [ {
    "id" : "s0",
    "begin" : 0,
    "end" : 199,
    "text" : "CVE-2018-1517 | A flaw in the java.math component in IBM SDK, Java Technology Edition 6.0, 7.0, and 8.0 may allow an attacker to inflict a denial-of-service attack with specially crafted String data.",
    "tokens" : [ {
      "id" : "s0-t0",
      "begin" : 0,
      "end" : 13,
      "text" : "CVE-2018-1517",
      "whiteSpace" : false
    }, {
      "id" : "s0-t1",
      "begin" : 14,
      "end" : 15,
      "text" : "|",
      "whiteSpace" : false
    }, {
      "id" : "s0-t2",
      "begin" : 16,
      "end" : 17,
      "text" : "A",
      "whiteSpace" : false
    }, {
      "id" : "s0-t3",
      "begin" : 18,
      "end" : 22,
      "text" : "flaw",
      "whiteSpace" : false
    }, {
      "id" : "s0-t4",
      "begin" : 23,
      "end" : 25,
      "text" : "in",
      "whiteSpace" : false
    }, {
      "id" : "s0-t5",
      "begin" : 26,
      "end" : 29,
      "text" : "the",
      "whiteSpace" : false
    }, {
      "id" : "s0-t6",
      "begin" : 30,
      "end" : 39,
      "text" : "java.math",
      "whiteSpace" : false
    }, {
      "id" : "s0-t7",
      "begin" : 40,
      "end" : 49,
      "text" : "component",
      "whiteSpace" : false
    }, {
      "id" : "s0-t8",
      "begin" : 50,
      "end" : 52,
      "text" : "in",
      "whiteSpace" : false
    }, {
      "id" : "s0-t9",
      "begin" : 53,
      "end" : 56,
      "text" : "IBM",
      "whiteSpace" : false
    }, {
      "id" : "s0-t10",
      "begin" : 57,
      "end" : 60,
      "text" : "SDK",
      "whiteSpace" : false
    }, {
      "id" : "s0-t11",
      "begin" : 60,
      "end" : 61,
      "text" : ",",
      "whiteSpace" : false
    }, {
      "id" : "s0-t12",
      "begin" : 62,
      "end" : 66,
      "text" : "Java",
      "whiteSpace" : false
    }, {
      "id" : "s0-t13",
      "begin" : 67,
      "end" : 77,
      "text" : "Technology",
      "whiteSpace" : false
    }, {
      "id" : "s0-t14",
      "begin" : 78,
      "end" : 85,
      "text" : "Edition",
      "whiteSpace" : false
    }, {
      "id" : "s0-t15",
      "begin" : 86,
      "end" : 89,
      "text" : "6.0",
      "whiteSpace" : false
    }, {
      "id" : "s0-t16",
      "begin" : 89,
      "end" : 90,
      "text" : ",",
      "whiteSpace" : false
    }, {
      "id" : "s0-t17",
      "begin" : 91,
      "end" : 94,
      "text" : "7.0",
      "whiteSpace" : false
    }, {
      "id" : "s0-t18",
      "begin" : 94,
      "end" : 95,
      "text" : ",",
      "whiteSpace" : false
    }, {
      "id" : "s0-t19",
      "begin" : 96,
      "end" : 99,
      "text" : "and",
      "whiteSpace" : false
    }, {
      "id" : "s0-t20",
      "begin" : 100,
      "end" : 103,
      "text" : "8.0",
      "whiteSpace" : false
    }, {
      "id" : "s0-t21",
      "begin" : 104,
      "end" : 107,
      "text" : "may",
      "whiteSpace" : false
    }, {
      "id" : "s0-t22",
      "begin" : 108,
      "end" : 113,
      "text" : "allow",
      "whiteSpace" : false
    }, {
      "id" : "s0-t23",
      "begin" : 114,
      "end" : 116,
      "text" : "an",
      "whiteSpace" : false
    }, {
      "id" : "s0-t24",
      "begin" : 117,
      "end" : 125,
      "text" : "attacker",
      "whiteSpace" : false
    }, {
      "id" : "s0-t25",
      "begin" : 126,
      "end" : 128,
      "text" : "to",
      "whiteSpace" : false
    }, {
      "id" : "s0-t26",
      "begin" : 129,
      "end" : 136,
      "text" : "inflict",
      "whiteSpace" : false
    }, {
      "id" : "s0-t27",
      "begin" : 137,
      "end" : 138,
      "text" : "a",
      "whiteSpace" : false
    }, {
      "id" : "s0-t28",
      "begin" : 139,
      "end" : 156,
      "text" : "denial-of-service",
      "whiteSpace" : false
    }, {
      "id" : "s0-t29",
      "begin" : 157,
      "end" : 163,
      "text" : "attack",
      "whiteSpace" : false
    }, {
      "id" : "s0-t30",
      "begin" : 164,
      "end" : 168,
      "text" : "with",
      "whiteSpace" : false
    }, {
      "id" : "s0-t31",
      "begin" : 169,
      "end" : 178,
      "text" : "specially",
      "whiteSpace" : false
    }, {
      "id" : "s0-t32",
      "begin" : 179,
      "end" : 186,
      "text" : "crafted",
      "whiteSpace" : false
    }, {
      "id" : "s0-t33",
      "begin" : 187,
      "end" : 193,
      "text" : "String",
      "whiteSpace" : false
    }, {
      "id" : "s0-t34",
      "begin" : 194,
      "end" : 198,
      "text" : "data",
      "whiteSpace" : false
    }, {
      "id" : "s0-t35",
      "begin" : 198,
      "end" : 199,
      "text" : ".",
      "whiteSpace" : false
    } ]
  }, {
    "id" : "s1",
    "begin" : 200,
    "end" : 223,
    "text" : "IBM X-Force ID: 141681.",
    "tokens" : [ {
      "id" : "s1-t0",
      "begin" : 200,
      "end" : 203,
      "text" : "IBM",
      "whiteSpace" : false
    }, {
      "id" : "s1-t1",
      "begin" : 204,
      "end" : 211,
      "text" : "X-Force",
      "whiteSpace" : false
    }, {
      "id" : "s1-t2",
      "begin" : 212,
      "end" : 214,
      "text" : "ID",
      "whiteSpace" : false
    }, {
      "id" : "s1-t3",
      "begin" : 214,
      "end" : 215,
      "text" : ":",
      "whiteSpace" : false
    }, {
      "id" : "s1-t4",
      "begin" : 216,
      "end" : 222,
      "text" : "141681",
      "whiteSpace" : false
    }, {
      "id" : "s1-t5",
      "begin" : 222,
      "end" : 223,
      "text" : ".",
      "whiteSpace" : false
    } ]
  }, {
    "id" : "s2",
    "begin" : 224,
    "end" : 982,
    "text" : "| CONFIRM:http://www.ibm.com/support/docview.wss?uid=ibm10719653   |   REDHAT:RHSA-2018:2568   |   URL:https://access.redhat.com/errata/RHSA-2018:2568   |   REDHAT:RHSA-2018:2569   |   URL:https://access.redhat.com/errata/RHSA-2018:2569   |   REDHAT:RHSA-2018:2575   |   URL:https://access.redhat.com/errata/RHSA-2018:2575   |   REDHAT:RHSA-2018:2576   |   URL:https://access.redhat.com/errata/RHSA-2018:2576   |   REDHAT:RHSA-2018:2712   |   URL:https://access.redhat.com/errata/RHSA-2018:2712   |   REDHAT:RHSA-2018:2713   |   URL:https://access.redhat.com/errata/RHSA-2018:2713   |   BID:105117   |   URL:http://www.securityfocus.com/bid/105117   |   XF:ibm-sdk-cve20181517-dos(141681)   |   URL:https://exchange.xforce.ibmcloud.com/vulnerabilities/141681",
    "tokens" : [ {
      "id" : "s2-t0",
      "begin" : 224,
      "end" : 225,
      "text" : "|",
      "whiteSpace" : false
    }, {
      "id" : "s2-t1",
      "begin" : 226,
      "end" : 288,
      "text" : "CONFIRM:http://www.ibm.com/support/docview.wss?uid=ibm10719653",
      "whiteSpace" : false
    }, {
      "id" : "s2-t2",
      "begin" : 291,
      "end" : 292,
      "text" : "|",
      "whiteSpace" : false
    }, {
      "id" : "s2-t3",
      "begin" : 295,
      "end" : 316,
      "text" : "REDHAT:RHSA-2018:2568",
      "whiteSpace" : false
    }, {
      "id" : "s2-t4",
      "begin" : 319,
      "end" : 320,
      "text" : "|",
      "whiteSpace" : false
    }, {
      "id" : "s2-t5",
      "begin" : 323,
      "end" : 374,
      "text" : "URL:https://access.redhat.com/errata/RHSA-2018:2568",
      "whiteSpace" : false
    }, {
      "id" : "s2-t6",
      "begin" : 377,
      "end" : 378,
      "text" : "|",
      "whiteSpace" : false
    }, {
      "id" : "s2-t7",
      "begin" : 381,
      "end" : 402,
      "text" : "REDHAT:RHSA-2018:2569",
      "whiteSpace" : false
    }, {
      "id" : "s2-t8",
      "begin" : 405,
      "end" : 406,
      "text" : "|",
      "whiteSpace" : false
    }, {
      "id" : "s2-t9",
      "begin" : 409,
      "end" : 460,
      "text" : "URL:https://access.redhat.com/errata/RHSA-2018:2569",
      "whiteSpace" : false
    }, {
      "id" : "s2-t10",
      "begin" : 463,
      "end" : 464,
      "text" : "|",
      "whiteSpace" : false
    }, {
      "id" : "s2-t11",
      "begin" : 467,
      "end" : 488,
      "text" : "REDHAT:RHSA-2018:2575",
      "whiteSpace" : false
    }, {
      "id" : "s2-t12",
      "begin" : 491,
      "end" : 492,
      "text" : "|",
      "whiteSpace" : false
    }, {
      "id" : "s2-t13",
      "begin" : 495,
      "end" : 546,
      "text" : "URL:https://access.redhat.com/errata/RHSA-2018:2575",
      "whiteSpace" : false
    }, {
      "id" : "s2-t14",
      "begin" : 549,
      "end" : 550,
      "text" : "|",
      "whiteSpace" : false
    }, {
      "id" : "s2-t15",
      "begin" : 553,
      "end" : 574,
      "text" : "REDHAT:RHSA-2018:2576",
      "whiteSpace" : false
    }, {
      "id" : "s2-t16",
      "begin" : 577,
      "end" : 578,
      "text" : "|",
      "whiteSpace" : false
    }, {
      "id" : "s2-t17",
      "begin" : 581,
      "end" : 632,
      "text" : "URL:https://access.redhat.com/errata/RHSA-2018:2576",
      "whiteSpace" : false
    }, {
      "id" : "s2-t18",
      "begin" : 635,
      "end" : 636,
      "text" : "|",
      "whiteSpace" : false
    }, {
      "id" : "s2-t19",
      "begin" : 639,
      "end" : 660,
      "text" : "REDHAT:RHSA-2018:2712",
      "whiteSpace" : false
    }, {
      "id" : "s2-t20",
      "begin" : 663,
      "end" : 664,
      "text" : "|",
      "whiteSpace" : false
    }, {
      "id" : "s2-t21",
      "begin" : 667,
      "end" : 718,
      "text" : "URL:https://access.redhat.com/errata/RHSA-2018:2712",
      "whiteSpace" : false
    }, {
      "id" : "s2-t22",
      "begin" : 721,
      "end" : 722,
      "text" : "|",
      "whiteSpace" : false
    }, {
      "id" : "s2-t23",
      "begin" : 725,
      "end" : 746,
      "text" : "REDHAT:RHSA-2018:2713",
      "whiteSpace" : false
    }, {
      "id" : "s2-t24",
      "begin" : 749,
      "end" : 750,
      "text" : "|",
      "whiteSpace" : false
    }, {
      "id" : "s2-t25",
      "begin" : 753,
      "end" : 804,
      "text" : "URL:https://access.redhat.com/errata/RHSA-2018:2713",
      "whiteSpace" : false
    }, {
      "id" : "s2-t26",
      "begin" : 807,
      "end" : 808,
      "text" : "|",
      "whiteSpace" : false
    }, {
      "id" : "s2-t27",
      "begin" : 811,
      "end" : 814,
      "text" : "BID",
      "whiteSpace" : false
    }, {
      "id" : "s2-t28",
      "begin" : 814,
      "end" : 815,
      "text" : ":",
      "whiteSpace" : false
    }, {
      "id" : "s2-t29",
      "begin" : 815,
      "end" : 821,
      "text" : "105117",
      "whiteSpace" : false
    }, {
      "id" : "s2-t30",
      "begin" : 824,
      "end" : 825,
      "text" : "|",
      "whiteSpace" : false
    }, {
      "id" : "s2-t31",
      "begin" : 828,
      "end" : 865,
      "text" : "URL:http://www.securityfocus.com/bid/",
      "whiteSpace" : false
    }, {
      "id" : "s2-t32",
      "begin" : 865,
      "end" : 871,
      "text" : "105117",
      "whiteSpace" : false
    }, {
      "id" : "s2-t33",
      "begin" : 874,
      "end" : 875,
      "text" : "|",
      "whiteSpace" : false
    }, {
      "id" : "s2-t34",
      "begin" : 878,
      "end" : 880,
      "text" : "XF",
      "whiteSpace" : false
    }, {
      "id" : "s2-t35",
      "begin" : 880,
      "end" : 884,
      "text" : ":ibm",
      "whiteSpace" : false
    }, {
      "id" : "s2-t36",
      "begin" : 884,
      "end" : 885,
      "text" : "-",
      "whiteSpace" : false
    }, {
      "id" : "s2-t37",
      "begin" : 885,
      "end" : 888,
      "text" : "sdk",
      "whiteSpace" : false
    }, {
      "id" : "s2-t38",
      "begin" : 888,
      "end" : 889,
      "text" : "-",
      "whiteSpace" : false
    }, {
      "id" : "s2-t39",
      "begin" : 889,
      "end" : 900,
      "text" : "cve20181517",
      "whiteSpace" : false
    }, {
      "id" : "s2-t40",
      "begin" : 900,
      "end" : 901,
      "text" : "-",
      "whiteSpace" : false
    }, {
      "id" : "s2-t41",
      "begin" : 901,
      "end" : 904,
      "text" : "dos",
      "whiteSpace" : false
    }, {
      "id" : "s2-t42",
      "begin" : 904,
      "end" : 905,
      "text" : "(",
      "whiteSpace" : false
    }, {
      "id" : "s2-t43",
      "begin" : 905,
      "end" : 911,
      "text" : "141681",
      "whiteSpace" : false
    }, {
      "id" : "s2-t44",
      "begin" : 911,
      "end" : 912,
      "text" : ")",
      "whiteSpace" : false
    }, {
      "id" : "s2-t45",
      "begin" : 915,
      "end" : 916,
      "text" : "|",
      "whiteSpace" : false
    }, {
      "id" : "s2-t46",
      "begin" : 919,
      "end" : 976,
      "text" : "URL:https://exchange.xforce.ibmcloud.com/vulnerabilities/",
      "whiteSpace" : false
    }, {
      "id" : "s2-t47",
      "begin" : 976,
      "end" : 982,
      "text" : "141681",
      "whiteSpace" : false
    } ]
  } ],
  "mentions" : [ ],
  "relations" : [ ],
  "corefs" : [ ],
  "typeResolved" : true,
  "userResolved" : false
}