{
  "id" : "cb44ad30-e5bf-11e8-ac51-0ddb2b53e7d9-2825",
  "name" : "CVE-2018-15427",
  "createdDate" : 0,
  "version" : 3,
  "text" : "CVE-2018-15427 | A vulnerability in Cisco Video Surveillance Manager (VSM) Software running on certain Cisco Connected Safety and Security Unified Computing System (UCS) platforms could allow an unauthenticated, remote attacker to log in to an affected system by using the root account, which has default, static user credentials. The vulnerability is due to the presence of undocumented, default, static user credentials for the root account of the affected software on certain systems. An attacker could exploit this vulnerability by using the account to log in to an affected system. A successful exploit could allow the attacker to log in to the affected system and execute arbitrary commands as the root user. | CISCO:20180921 Cisco Video Surveillance Manager Appliance Default Password Vulnerability   |   URL:https://tools.cisco.com/security/center/content/CiscoSecurityAdvisory/cisco-sa-20180921-vsm   |   BID:105381   |   URL:http://www.securityfocus.com/bid/105381   |   SECTRACK:1041733   |   URL:http://www.securitytracker.com/id/1041733",
  "docLength" : 0,
  "language" : "EN",
  "status" : "READY",
  "modifiedDate" : 1541947254783,
  "documentSet" : [ ],
  "preannotation" : [ ],
  "sentences" : [ {
    "id" : "s0",
    "begin" : 0,
    "end" : 330,
    "text" : "CVE-2018-15427 | A vulnerability in Cisco Video Surveillance Manager (VSM) Software running on certain Cisco Connected Safety and Security Unified Computing System (UCS) platforms could allow an unauthenticated, remote attacker to log in to an affected system by using the root account, which has default, static user credentials.",
    "tokens" : [ {
      "id" : "s0-t0",
      "begin" : 0,
      "end" : 14,
      "text" : "CVE-2018-15427",
      "whiteSpace" : false
    }, {
      "id" : "s0-t1",
      "begin" : 15,
      "end" : 16,
      "text" : "|",
      "whiteSpace" : false
    }, {
      "id" : "s0-t2",
      "begin" : 17,
      "end" : 18,
      "text" : "A",
      "whiteSpace" : false
    }, {
      "id" : "s0-t3",
      "begin" : 19,
      "end" : 32,
      "text" : "vulnerability",
      "whiteSpace" : false
    }, {
      "id" : "s0-t4",
      "begin" : 33,
      "end" : 35,
      "text" : "in",
      "whiteSpace" : false
    }, {
      "id" : "s0-t5",
      "begin" : 36,
      "end" : 41,
      "text" : "Cisco",
      "whiteSpace" : false
    }, {
      "id" : "s0-t6",
      "begin" : 42,
      "end" : 47,
      "text" : "Video",
      "whiteSpace" : false
    }, {
      "id" : "s0-t7",
      "begin" : 48,
      "end" : 60,
      "text" : "Surveillance",
      "whiteSpace" : false
    }, {
      "id" : "s0-t8",
      "begin" : 61,
      "end" : 68,
      "text" : "Manager",
      "whiteSpace" : false
    }, {
      "id" : "s0-t9",
      "begin" : 69,
      "end" : 70,
      "text" : "(",
      "whiteSpace" : false
    }, {
      "id" : "s0-t10",
      "begin" : 70,
      "end" : 73,
      "text" : "VSM",
      "whiteSpace" : false
    }, {
      "id" : "s0-t11",
      "begin" : 73,
      "end" : 74,
      "text" : ")",
      "whiteSpace" : false
    }, {
      "id" : "s0-t12",
      "begin" : 75,
      "end" : 83,
      "text" : "Software",
      "whiteSpace" : false
    }, {
      "id" : "s0-t13",
      "begin" : 84,
      "end" : 91,
      "text" : "running",
      "whiteSpace" : false
    }, {
      "id" : "s0-t14",
      "begin" : 92,
      "end" : 94,
      "text" : "on",
      "whiteSpace" : false
    }, {
      "id" : "s0-t15",
      "begin" : 95,
      "end" : 102,
      "text" : "certain",
      "whiteSpace" : false
    }, {
      "id" : "s0-t16",
      "begin" : 103,
      "end" : 108,
      "text" : "Cisco",
      "whiteSpace" : false
    }, {
      "id" : "s0-t17",
      "begin" : 109,
      "end" : 118,
      "text" : "Connected",
      "whiteSpace" : false
    }, {
      "id" : "s0-t18",
      "begin" : 119,
      "end" : 125,
      "text" : "Safety",
      "whiteSpace" : false
    }, {
      "id" : "s0-t19",
      "begin" : 126,
      "end" : 129,
      "text" : "and",
      "whiteSpace" : false
    }, {
      "id" : "s0-t20",
      "begin" : 130,
      "end" : 138,
      "text" : "Security",
      "whiteSpace" : false
    }, {
      "id" : "s0-t21",
      "begin" : 139,
      "end" : 146,
      "text" : "Unified",
      "whiteSpace" : false
    }, {
      "id" : "s0-t22",
      "begin" : 147,
      "end" : 156,
      "text" : "Computing",
      "whiteSpace" : false
    }, {
      "id" : "s0-t23",
      "begin" : 157,
      "end" : 163,
      "text" : "System",
      "whiteSpace" : false
    }, {
      "id" : "s0-t24",
      "begin" : 164,
      "end" : 165,
      "text" : "(",
      "whiteSpace" : false
    }, {
      "id" : "s0-t25",
      "begin" : 165,
      "end" : 168,
      "text" : "UCS",
      "whiteSpace" : false
    }, {
      "id" : "s0-t26",
      "begin" : 168,
      "end" : 169,
      "text" : ")",
      "whiteSpace" : false
    }, {
      "id" : "s0-t27",
      "begin" : 170,
      "end" : 179,
      "text" : "platforms",
      "whiteSpace" : false
    }, {
      "id" : "s0-t28",
      "begin" : 180,
      "end" : 185,
      "text" : "could",
      "whiteSpace" : false
    }, {
      "id" : "s0-t29",
      "begin" : 186,
      "end" : 191,
      "text" : "allow",
      "whiteSpace" : false
    }, {
      "id" : "s0-t30",
      "begin" : 192,
      "end" : 194,
      "text" : "an",
      "whiteSpace" : false
    }, {
      "id" : "s0-t31",
      "begin" : 195,
      "end" : 210,
      "text" : "unauthenticated",
      "whiteSpace" : false
    }, {
      "id" : "s0-t32",
      "begin" : 210,
      "end" : 211,
      "text" : ",",
      "whiteSpace" : false
    }, {
      "id" : "s0-t33",
      "begin" : 212,
      "end" : 218,
      "text" : "remote",
      "whiteSpace" : false
    }, {
      "id" : "s0-t34",
      "begin" : 219,
      "end" : 227,
      "text" : "attacker",
      "whiteSpace" : false
    }, {
      "id" : "s0-t35",
      "begin" : 228,
      "end" : 230,
      "text" : "to",
      "whiteSpace" : false
    }, {
      "id" : "s0-t36",
      "begin" : 231,
      "end" : 234,
      "text" : "log",
      "whiteSpace" : false
    }, {
      "id" : "s0-t37",
      "begin" : 235,
      "end" : 237,
      "text" : "in",
      "whiteSpace" : false
    }, {
      "id" : "s0-t38",
      "begin" : 238,
      "end" : 240,
      "text" : "to",
      "whiteSpace" : false
    }, {
      "id" : "s0-t39",
      "begin" : 241,
      "end" : 243,
      "text" : "an",
      "whiteSpace" : false
    }, {
      "id" : "s0-t40",
      "begin" : 244,
      "end" : 252,
      "text" : "affected",
      "whiteSpace" : false
    }, {
      "id" : "s0-t41",
      "begin" : 253,
      "end" : 259,
      "text" : "system",
      "whiteSpace" : false
    }, {
      "id" : "s0-t42",
      "begin" : 260,
      "end" : 262,
      "text" : "by",
      "whiteSpace" : false
    }, {
      "id" : "s0-t43",
      "begin" : 263,
      "end" : 268,
      "text" : "using",
      "whiteSpace" : false
    }, {
      "id" : "s0-t44",
      "begin" : 269,
      "end" : 272,
      "text" : "the",
      "whiteSpace" : false
    }, {
      "id" : "s0-t45",
      "begin" : 273,
      "end" : 277,
      "text" : "root",
      "whiteSpace" : false
    }, {
      "id" : "s0-t46",
      "begin" : 278,
      "end" : 285,
      "text" : "account",
      "whiteSpace" : false
    }, {
      "id" : "s0-t47",
      "begin" : 285,
      "end" : 286,
      "text" : ",",
      "whiteSpace" : false
    }, {
      "id" : "s0-t48",
      "begin" : 287,
      "end" : 292,
      "text" : "which",
      "whiteSpace" : false
    }, {
      "id" : "s0-t49",
      "begin" : 293,
      "end" : 296,
      "text" : "has",
      "whiteSpace" : false
    }, {
      "id" : "s0-t50",
      "begin" : 297,
      "end" : 304,
      "text" : "default",
      "whiteSpace" : false
    }, {
      "id" : "s0-t51",
      "begin" : 304,
      "end" : 305,
      "text" : ",",
      "whiteSpace" : false
    }, {
      "id" : "s0-t52",
      "begin" : 306,
      "end" : 312,
      "text" : "static",
      "whiteSpace" : false
    }, {
      "id" : "s0-t53",
      "begin" : 313,
      "end" : 317,
      "text" : "user",
      "whiteSpace" : false
    }, {
      "id" : "s0-t54",
      "begin" : 318,
      "end" : 329,
      "text" : "credentials",
      "whiteSpace" : false
    }, {
      "id" : "s0-t55",
      "begin" : 329,
      "end" : 330,
      "text" : ".",
      "whiteSpace" : false
    } ]
  }, {
    "id" : "s1",
    "begin" : 331,
    "end" : 487,
    "text" : "The vulnerability is due to the presence of undocumented, default, static user credentials for the root account of the affected software on certain systems.",
    "tokens" : [ {
      "id" : "s1-t0",
      "begin" : 331,
      "end" : 334,
      "text" : "The",
      "whiteSpace" : false
    }, {
      "id" : "s1-t1",
      "begin" : 335,
      "end" : 348,
      "text" : "vulnerability",
      "whiteSpace" : false
    }, {
      "id" : "s1-t2",
      "begin" : 349,
      "end" : 351,
      "text" : "is",
      "whiteSpace" : false
    }, {
      "id" : "s1-t3",
      "begin" : 352,
      "end" : 355,
      "text" : "due",
      "whiteSpace" : false
    }, {
      "id" : "s1-t4",
      "begin" : 356,
      "end" : 358,
      "text" : "to",
      "whiteSpace" : false
    }, {
      "id" : "s1-t5",
      "begin" : 359,
      "end" : 362,
      "text" : "the",
      "whiteSpace" : false
    }, {
      "id" : "s1-t6",
      "begin" : 363,
      "end" : 371,
      "text" : "presence",
      "whiteSpace" : false
    }, {
      "id" : "s1-t7",
      "begin" : 372,
      "end" : 374,
      "text" : "of",
      "whiteSpace" : false
    }, {
      "id" : "s1-t8",
      "begin" : 375,
      "end" : 387,
      "text" : "undocumented",
      "whiteSpace" : false
    }, {
      "id" : "s1-t9",
      "begin" : 387,
      "end" : 388,
      "text" : ",",
      "whiteSpace" : false
    }, {
      "id" : "s1-t10",
      "begin" : 389,
      "end" : 396,
      "text" : "default",
      "whiteSpace" : false
    }, {
      "id" : "s1-t11",
      "begin" : 396,
      "end" : 397,
      "text" : ",",
      "whiteSpace" : false
    }, {
      "id" : "s1-t12",
      "begin" : 398,
      "end" : 404,
      "text" : "static",
      "whiteSpace" : false
    }, {
      "id" : "s1-t13",
      "begin" : 405,
      "end" : 409,
      "text" : "user",
      "whiteSpace" : false
    }, {
      "id" : "s1-t14",
      "begin" : 410,
      "end" : 421,
      "text" : "credentials",
      "whiteSpace" : false
    }, {
      "id" : "s1-t15",
      "begin" : 422,
      "end" : 425,
      "text" : "for",
      "whiteSpace" : false
    }, {
      "id" : "s1-t16",
      "begin" : 426,
      "end" : 429,
      "text" : "the",
      "whiteSpace" : false
    }, {
      "id" : "s1-t17",
      "begin" : 430,
      "end" : 434,
      "text" : "root",
      "whiteSpace" : false
    }, {
      "id" : "s1-t18",
      "begin" : 435,
      "end" : 442,
      "text" : "account",
      "whiteSpace" : false
    }, {
      "id" : "s1-t19",
      "begin" : 443,
      "end" : 445,
      "text" : "of",
      "whiteSpace" : false
    }, {
      "id" : "s1-t20",
      "begin" : 446,
      "end" : 449,
      "text" : "the",
      "whiteSpace" : false
    }, {
      "id" : "s1-t21",
      "begin" : 450,
      "end" : 458,
      "text" : "affected",
      "whiteSpace" : false
    }, {
      "id" : "s1-t22",
      "begin" : 459,
      "end" : 467,
      "text" : "software",
      "whiteSpace" : false
    }, {
      "id" : "s1-t23",
      "begin" : 468,
      "end" : 470,
      "text" : "on",
      "whiteSpace" : false
    }, {
      "id" : "s1-t24",
      "begin" : 471,
      "end" : 478,
      "text" : "certain",
      "whiteSpace" : false
    }, {
      "id" : "s1-t25",
      "begin" : 479,
      "end" : 486,
      "text" : "systems",
      "whiteSpace" : false
    }, {
      "id" : "s1-t26",
      "begin" : 486,
      "end" : 487,
      "text" : ".",
      "whiteSpace" : false
    } ]
  }, {
    "id" : "s2",
    "begin" : 488,
    "end" : 586,
    "text" : "An attacker could exploit this vulnerability by using the account to log in to an affected system.",
    "tokens" : [ {
      "id" : "s2-t0",
      "begin" : 488,
      "end" : 490,
      "text" : "An",
      "whiteSpace" : false
    }, {
      "id" : "s2-t1",
      "begin" : 491,
      "end" : 499,
      "text" : "attacker",
      "whiteSpace" : false
    }, {
      "id" : "s2-t2",
      "begin" : 500,
      "end" : 505,
      "text" : "could",
      "whiteSpace" : false
    }, {
      "id" : "s2-t3",
      "begin" : 506,
      "end" : 513,
      "text" : "exploit",
      "whiteSpace" : false
    }, {
      "id" : "s2-t4",
      "begin" : 514,
      "end" : 518,
      "text" : "this",
      "whiteSpace" : false
    }, {
      "id" : "s2-t5",
      "begin" : 519,
      "end" : 532,
      "text" : "vulnerability",
      "whiteSpace" : false
    }, {
      "id" : "s2-t6",
      "begin" : 533,
      "end" : 535,
      "text" : "by",
      "whiteSpace" : false
    }, {
      "id" : "s2-t7",
      "begin" : 536,
      "end" : 541,
      "text" : "using",
      "whiteSpace" : false
    }, {
      "id" : "s2-t8",
      "begin" : 542,
      "end" : 545,
      "text" : "the",
      "whiteSpace" : false
    }, {
      "id" : "s2-t9",
      "begin" : 546,
      "end" : 553,
      "text" : "account",
      "whiteSpace" : false
    }, {
      "id" : "s2-t10",
      "begin" : 554,
      "end" : 556,
      "text" : "to",
      "whiteSpace" : false
    }, {
      "id" : "s2-t11",
      "begin" : 557,
      "end" : 560,
      "text" : "log",
      "whiteSpace" : false
    }, {
      "id" : "s2-t12",
      "begin" : 561,
      "end" : 563,
      "text" : "in",
      "whiteSpace" : false
    }, {
      "id" : "s2-t13",
      "begin" : 564,
      "end" : 566,
      "text" : "to",
      "whiteSpace" : false
    }, {
      "id" : "s2-t14",
      "begin" : 567,
      "end" : 569,
      "text" : "an",
      "whiteSpace" : false
    }, {
      "id" : "s2-t15",
      "begin" : 570,
      "end" : 578,
      "text" : "affected",
      "whiteSpace" : false
    }, {
      "id" : "s2-t16",
      "begin" : 579,
      "end" : 585,
      "text" : "system",
      "whiteSpace" : false
    }, {
      "id" : "s2-t17",
      "begin" : 585,
      "end" : 586,
      "text" : ".",
      "whiteSpace" : false
    } ]
  }, {
    "id" : "s3",
    "begin" : 587,
    "end" : 714,
    "text" : "A successful exploit could allow the attacker to log in to the affected system and execute arbitrary commands as the root user.",
    "tokens" : [ {
      "id" : "s3-t0",
      "begin" : 587,
      "end" : 588,
      "text" : "A",
      "whiteSpace" : false
    }, {
      "id" : "s3-t1",
      "begin" : 589,
      "end" : 599,
      "text" : "successful",
      "whiteSpace" : false
    }, {
      "id" : "s3-t2",
      "begin" : 600,
      "end" : 607,
      "text" : "exploit",
      "whiteSpace" : false
    }, {
      "id" : "s3-t3",
      "begin" : 608,
      "end" : 613,
      "text" : "could",
      "whiteSpace" : false
    }, {
      "id" : "s3-t4",
      "begin" : 614,
      "end" : 619,
      "text" : "allow",
      "whiteSpace" : false
    }, {
      "id" : "s3-t5",
      "begin" : 620,
      "end" : 623,
      "text" : "the",
      "whiteSpace" : false
    }, {
      "id" : "s3-t6",
      "begin" : 624,
      "end" : 632,
      "text" : "attacker",
      "whiteSpace" : false
    }, {
      "id" : "s3-t7",
      "begin" : 633,
      "end" : 635,
      "text" : "to",
      "whiteSpace" : false
    }, {
      "id" : "s3-t8",
      "begin" : 636,
      "end" : 639,
      "text" : "log",
      "whiteSpace" : false
    }, {
      "id" : "s3-t9",
      "begin" : 640,
      "end" : 642,
      "text" : "in",
      "whiteSpace" : false
    }, {
      "id" : "s3-t10",
      "begin" : 643,
      "end" : 645,
      "text" : "to",
      "whiteSpace" : false
    }, {
      "id" : "s3-t11",
      "begin" : 646,
      "end" : 649,
      "text" : "the",
      "whiteSpace" : false
    }, {
      "id" : "s3-t12",
      "begin" : 650,
      "end" : 658,
      "text" : "affected",
      "whiteSpace" : false
    }, {
      "id" : "s3-t13",
      "begin" : 659,
      "end" : 665,
      "text" : "system",
      "whiteSpace" : false
    }, {
      "id" : "s3-t14",
      "begin" : 666,
      "end" : 669,
      "text" : "and",
      "whiteSpace" : false
    }, {
      "id" : "s3-t15",
      "begin" : 670,
      "end" : 677,
      "text" : "execute",
      "whiteSpace" : false
    }, {
      "id" : "s3-t16",
      "begin" : 678,
      "end" : 687,
      "text" : "arbitrary",
      "whiteSpace" : false
    }, {
      "id" : "s3-t17",
      "begin" : 688,
      "end" : 696,
      "text" : "commands",
      "whiteSpace" : false
    }, {
      "id" : "s3-t18",
      "begin" : 697,
      "end" : 699,
      "text" : "as",
      "whiteSpace" : false
    }, {
      "id" : "s3-t19",
      "begin" : 700,
      "end" : 703,
      "text" : "the",
      "whiteSpace" : false
    }, {
      "id" : "s3-t20",
      "begin" : 704,
      "end" : 708,
      "text" : "root",
      "whiteSpace" : false
    }, {
      "id" : "s3-t21",
      "begin" : 709,
      "end" : 713,
      "text" : "user",
      "whiteSpace" : false
    }, {
      "id" : "s3-t22",
      "begin" : 713,
      "end" : 714,
      "text" : ".",
      "whiteSpace" : false
    } ]
  }, {
    "id" : "s4",
    "begin" : 715,
    "end" : 1049,
    "text" : "| CISCO:20180921 Cisco Video Surveillance Manager Appliance Default Password Vulnerability   |   URL:https://tools.cisco.com/security/center/content/CiscoSecurityAdvisory/cisco-sa-20180921-vsm   |   BID:105381   |   URL:http://www.securityfocus.com/bid/105381   |   SECTRACK:1041733   |   URL:http://www.securitytracker.com/id/1041733",
    "tokens" : [ {
      "id" : "s4-t0",
      "begin" : 715,
      "end" : 716,
      "text" : "|",
      "whiteSpace" : false
    }, {
      "id" : "s4-t1",
      "begin" : 717,
      "end" : 722,
      "text" : "CISCO",
      "whiteSpace" : false
    }, {
      "id" : "s4-t2",
      "begin" : 722,
      "end" : 723,
      "text" : ":",
      "whiteSpace" : false
    }, {
      "id" : "s4-t3",
      "begin" : 723,
      "end" : 731,
      "text" : "20180921",
      "whiteSpace" : false
    }, {
      "id" : "s4-t4",
      "begin" : 732,
      "end" : 737,
      "text" : "Cisco",
      "whiteSpace" : false
    }, {
      "id" : "s4-t5",
      "begin" : 738,
      "end" : 743,
      "text" : "Video",
      "whiteSpace" : false
    }, {
      "id" : "s4-t6",
      "begin" : 744,
      "end" : 756,
      "text" : "Surveillance",
      "whiteSpace" : false
    }, {
      "id" : "s4-t7",
      "begin" : 757,
      "end" : 764,
      "text" : "Manager",
      "whiteSpace" : false
    }, {
      "id" : "s4-t8",
      "begin" : 765,
      "end" : 774,
      "text" : "Appliance",
      "whiteSpace" : false
    }, {
      "id" : "s4-t9",
      "begin" : 775,
      "end" : 782,
      "text" : "Default",
      "whiteSpace" : false
    }, {
      "id" : "s4-t10",
      "begin" : 783,
      "end" : 791,
      "text" : "Password",
      "whiteSpace" : false
    }, {
      "id" : "s4-t11",
      "begin" : 792,
      "end" : 805,
      "text" : "Vulnerability",
      "whiteSpace" : false
    }, {
      "id" : "s4-t12",
      "begin" : 808,
      "end" : 809,
      "text" : "|",
      "whiteSpace" : false
    }, {
      "id" : "s4-t13",
      "begin" : 812,
      "end" : 907,
      "text" : "URL:https://tools.cisco.com/security/center/content/CiscoSecurityAdvisory/cisco-sa-20180921-vsm",
      "whiteSpace" : false
    }, {
      "id" : "s4-t14",
      "begin" : 910,
      "end" : 911,
      "text" : "|",
      "whiteSpace" : false
    }, {
      "id" : "s4-t15",
      "begin" : 914,
      "end" : 917,
      "text" : "BID",
      "whiteSpace" : false
    }, {
      "id" : "s4-t16",
      "begin" : 917,
      "end" : 918,
      "text" : ":",
      "whiteSpace" : false
    }, {
      "id" : "s4-t17",
      "begin" : 918,
      "end" : 924,
      "text" : "105381",
      "whiteSpace" : false
    }, {
      "id" : "s4-t18",
      "begin" : 927,
      "end" : 928,
      "text" : "|",
      "whiteSpace" : false
    }, {
      "id" : "s4-t19",
      "begin" : 931,
      "end" : 968,
      "text" : "URL:http://www.securityfocus.com/bid/",
      "whiteSpace" : false
    }, {
      "id" : "s4-t20",
      "begin" : 968,
      "end" : 974,
      "text" : "105381",
      "whiteSpace" : false
    }, {
      "id" : "s4-t21",
      "begin" : 977,
      "end" : 978,
      "text" : "|",
      "whiteSpace" : false
    }, {
      "id" : "s4-t22",
      "begin" : 981,
      "end" : 989,
      "text" : "SECTRACK",
      "whiteSpace" : false
    }, {
      "id" : "s4-t23",
      "begin" : 989,
      "end" : 990,
      "text" : ":",
      "whiteSpace" : false
    }, {
      "id" : "s4-t24",
      "begin" : 990,
      "end" : 997,
      "text" : "1041733",
      "whiteSpace" : false
    }, {
      "id" : "s4-t25",
      "begin" : 1000,
      "end" : 1001,
      "text" : "|",
      "whiteSpace" : false
    }, {
      "id" : "s4-t26",
      "begin" : 1004,
      "end" : 1042,
      "text" : "URL:http://www.securitytracker.com/id/",
      "whiteSpace" : false
    }, {
      "id" : "s4-t27",
      "begin" : 1042,
      "end" : 1049,
      "text" : "1041733",
      "whiteSpace" : false
    } ]
  } ],
  "mentions" : [ ],
  "relations" : [ ],
  "corefs" : [ ],
  "typeResolved" : true,
  "userResolved" : false
}