{
  "id" : "cb44ad30-e5bf-11e8-ac51-0ddb2b53e7d9-2973",
  "name" : "CVE-2018-15143",
  "createdDate" : 0,
  "version" : 3,
  "text" : "CVE-2018-15143 | Multiple SQL injection vulnerabilities in portal/find_appt_popup_user.php in versions of OpenEMR before 5.0.1.4 allow a remote attacker to execute arbitrary SQL commands via the (1) catid or (2) providerid parameter. | MISC:https://www.databreaches.net/openemr-patches-serious-vulnerabilities-uncovered-by-project-insecurity/   |   CONFIRM:https://github.com/openemr/openemr/pull/1758/files",
  "docLength" : 0,
  "language" : "EN",
  "status" : "READY",
  "modifiedDate" : 1541947254783,
  "documentSet" : [ ],
  "preannotation" : [ ],
  "sentences" : [ {
    "id" : "s0",
    "begin" : 0,
    "end" : 233,
    "text" : "CVE-2018-15143 | Multiple SQL injection vulnerabilities in portal/find_appt_popup_user.php in versions of OpenEMR before 5.0.1.4 allow a remote attacker to execute arbitrary SQL commands via the (1) catid or (2) providerid parameter.",
    "tokens" : [ {
      "id" : "s0-t0",
      "begin" : 0,
      "end" : 14,
      "text" : "CVE-2018-15143",
      "whiteSpace" : false
    }, {
      "id" : "s0-t1",
      "begin" : 15,
      "end" : 16,
      "text" : "|",
      "whiteSpace" : false
    }, {
      "id" : "s0-t2",
      "begin" : 17,
      "end" : 25,
      "text" : "Multiple",
      "whiteSpace" : false
    }, {
      "id" : "s0-t3",
      "begin" : 26,
      "end" : 29,
      "text" : "SQL",
      "whiteSpace" : false
    }, {
      "id" : "s0-t4",
      "begin" : 30,
      "end" : 39,
      "text" : "injection",
      "whiteSpace" : false
    }, {
      "id" : "s0-t5",
      "begin" : 40,
      "end" : 55,
      "text" : "vulnerabilities",
      "whiteSpace" : false
    }, {
      "id" : "s0-t6",
      "begin" : 56,
      "end" : 58,
      "text" : "in",
      "whiteSpace" : false
    }, {
      "id" : "s0-t7",
      "begin" : 59,
      "end" : 90,
      "text" : "portal/find_appt_popup_user.php",
      "whiteSpace" : false
    }, {
      "id" : "s0-t8",
      "begin" : 91,
      "end" : 93,
      "text" : "in",
      "whiteSpace" : false
    }, {
      "id" : "s0-t9",
      "begin" : 94,
      "end" : 102,
      "text" : "versions",
      "whiteSpace" : false
    }, {
      "id" : "s0-t10",
      "begin" : 103,
      "end" : 105,
      "text" : "of",
      "whiteSpace" : false
    }, {
      "id" : "s0-t11",
      "begin" : 106,
      "end" : 113,
      "text" : "OpenEMR",
      "whiteSpace" : false
    }, {
      "id" : "s0-t12",
      "begin" : 114,
      "end" : 120,
      "text" : "before",
      "whiteSpace" : false
    }, {
      "id" : "s0-t13",
      "begin" : 121,
      "end" : 128,
      "text" : "5.0.1.4",
      "whiteSpace" : false
    }, {
      "id" : "s0-t14",
      "begin" : 129,
      "end" : 134,
      "text" : "allow",
      "whiteSpace" : false
    }, {
      "id" : "s0-t15",
      "begin" : 135,
      "end" : 136,
      "text" : "a",
      "whiteSpace" : false
    }, {
      "id" : "s0-t16",
      "begin" : 137,
      "end" : 143,
      "text" : "remote",
      "whiteSpace" : false
    }, {
      "id" : "s0-t17",
      "begin" : 144,
      "end" : 152,
      "text" : "attacker",
      "whiteSpace" : false
    }, {
      "id" : "s0-t18",
      "begin" : 153,
      "end" : 155,
      "text" : "to",
      "whiteSpace" : false
    }, {
      "id" : "s0-t19",
      "begin" : 156,
      "end" : 163,
      "text" : "execute",
      "whiteSpace" : false
    }, {
      "id" : "s0-t20",
      "begin" : 164,
      "end" : 173,
      "text" : "arbitrary",
      "whiteSpace" : false
    }, {
      "id" : "s0-t21",
      "begin" : 174,
      "end" : 177,
      "text" : "SQL",
      "whiteSpace" : false
    }, {
      "id" : "s0-t22",
      "begin" : 178,
      "end" : 186,
      "text" : "commands",
      "whiteSpace" : false
    }, {
      "id" : "s0-t23",
      "begin" : 187,
      "end" : 190,
      "text" : "via",
      "whiteSpace" : false
    }, {
      "id" : "s0-t24",
      "begin" : 191,
      "end" : 194,
      "text" : "the",
      "whiteSpace" : false
    }, {
      "id" : "s0-t25",
      "begin" : 195,
      "end" : 196,
      "text" : "(",
      "whiteSpace" : false
    }, {
      "id" : "s0-t26",
      "begin" : 196,
      "end" : 197,
      "text" : "1",
      "whiteSpace" : false
    }, {
      "id" : "s0-t27",
      "begin" : 197,
      "end" : 198,
      "text" : ")",
      "whiteSpace" : false
    }, {
      "id" : "s0-t28",
      "begin" : 199,
      "end" : 204,
      "text" : "catid",
      "whiteSpace" : false
    }, {
      "id" : "s0-t29",
      "begin" : 205,
      "end" : 207,
      "text" : "or",
      "whiteSpace" : false
    }, {
      "id" : "s0-t30",
      "begin" : 208,
      "end" : 209,
      "text" : "(",
      "whiteSpace" : false
    }, {
      "id" : "s0-t31",
      "begin" : 209,
      "end" : 210,
      "text" : "2",
      "whiteSpace" : false
    }, {
      "id" : "s0-t32",
      "begin" : 210,
      "end" : 211,
      "text" : ")",
      "whiteSpace" : false
    }, {
      "id" : "s0-t33",
      "begin" : 212,
      "end" : 222,
      "text" : "providerid",
      "whiteSpace" : false
    }, {
      "id" : "s0-t34",
      "begin" : 223,
      "end" : 232,
      "text" : "parameter",
      "whiteSpace" : false
    }, {
      "id" : "s0-t35",
      "begin" : 232,
      "end" : 233,
      "text" : ".",
      "whiteSpace" : false
    } ]
  }, {
    "id" : "s1",
    "begin" : 234,
    "end" : 407,
    "text" : "| MISC:https://www.databreaches.net/openemr-patches-serious-vulnerabilities-uncovered-by-project-insecurity/   |   CONFIRM:https://github.com/openemr/openemr/pull/1758/files",
    "tokens" : [ {
      "id" : "s1-t0",
      "begin" : 234,
      "end" : 235,
      "text" : "|",
      "whiteSpace" : false
    }, {
      "id" : "s1-t1",
      "begin" : 236,
      "end" : 342,
      "text" : "MISC:https://www.databreaches.net/openemr-patches-serious-vulnerabilities-uncovered-by-project-insecurity/",
      "whiteSpace" : false
    }, {
      "id" : "s1-t2",
      "begin" : 345,
      "end" : 346,
      "text" : "|",
      "whiteSpace" : false
    }, {
      "id" : "s1-t3",
      "begin" : 349,
      "end" : 407,
      "text" : "CONFIRM:https://github.com/openemr/openemr/pull/1758/files",
      "whiteSpace" : false
    } ]
  } ],
  "mentions" : [ ],
  "relations" : [ ],
  "corefs" : [ ],
  "typeResolved" : true,
  "userResolved" : false
}