{
  "id" : "cb44ad30-e5bf-11e8-ac51-0ddb2b53e7d9-2976",
  "name" : "CVE-2018-15140",
  "createdDate" : 0,
  "version" : 3,
  "text" : "CVE-2018-15140 | Directory traversal in portal/import_template.php in versions of OpenEMR before 5.0.1.4 allows a remote attacker authenticated in the patient portal to read arbitrary files via the \"docid\" parameter when the mode is set to get. | EXPLOIT-DB:45202   |   URL:https://www.exploit-db.com/exploits/45202/   |   MISC:https://www.databreaches.net/openemr-patches-serious-vulnerabilities-uncovered-by-project-insecurity/   |   CONFIRM:https://github.com/openemr/openemr/pull/1765/files",
  "docLength" : 0,
  "language" : "EN",
  "status" : "READY",
  "modifiedDate" : 1541947254783,
  "documentSet" : [ ],
  "preannotation" : [ ],
  "sentences" : [ {
    "id" : "s0",
    "begin" : 0,
    "end" : 244,
    "text" : "CVE-2018-15140 | Directory traversal in portal/import_template.php in versions of OpenEMR before 5.0.1.4 allows a remote attacker authenticated in the patient portal to read arbitrary files via the \"docid\" parameter when the mode is set to get.",
    "tokens" : [ {
      "id" : "s0-t0",
      "begin" : 0,
      "end" : 14,
      "text" : "CVE-2018-15140",
      "whiteSpace" : false
    }, {
      "id" : "s0-t1",
      "begin" : 15,
      "end" : 16,
      "text" : "|",
      "whiteSpace" : false
    }, {
      "id" : "s0-t2",
      "begin" : 17,
      "end" : 26,
      "text" : "Directory",
      "whiteSpace" : false
    }, {
      "id" : "s0-t3",
      "begin" : 27,
      "end" : 36,
      "text" : "traversal",
      "whiteSpace" : false
    }, {
      "id" : "s0-t4",
      "begin" : 37,
      "end" : 39,
      "text" : "in",
      "whiteSpace" : false
    }, {
      "id" : "s0-t5",
      "begin" : 40,
      "end" : 66,
      "text" : "portal/import_template.php",
      "whiteSpace" : false
    }, {
      "id" : "s0-t6",
      "begin" : 67,
      "end" : 69,
      "text" : "in",
      "whiteSpace" : false
    }, {
      "id" : "s0-t7",
      "begin" : 70,
      "end" : 78,
      "text" : "versions",
      "whiteSpace" : false
    }, {
      "id" : "s0-t8",
      "begin" : 79,
      "end" : 81,
      "text" : "of",
      "whiteSpace" : false
    }, {
      "id" : "s0-t9",
      "begin" : 82,
      "end" : 89,
      "text" : "OpenEMR",
      "whiteSpace" : false
    }, {
      "id" : "s0-t10",
      "begin" : 90,
      "end" : 96,
      "text" : "before",
      "whiteSpace" : false
    }, {
      "id" : "s0-t11",
      "begin" : 97,
      "end" : 104,
      "text" : "5.0.1.4",
      "whiteSpace" : false
    }, {
      "id" : "s0-t12",
      "begin" : 105,
      "end" : 111,
      "text" : "allows",
      "whiteSpace" : false
    }, {
      "id" : "s0-t13",
      "begin" : 112,
      "end" : 113,
      "text" : "a",
      "whiteSpace" : false
    }, {
      "id" : "s0-t14",
      "begin" : 114,
      "end" : 120,
      "text" : "remote",
      "whiteSpace" : false
    }, {
      "id" : "s0-t15",
      "begin" : 121,
      "end" : 129,
      "text" : "attacker",
      "whiteSpace" : false
    }, {
      "id" : "s0-t16",
      "begin" : 130,
      "end" : 143,
      "text" : "authenticated",
      "whiteSpace" : false
    }, {
      "id" : "s0-t17",
      "begin" : 144,
      "end" : 146,
      "text" : "in",
      "whiteSpace" : false
    }, {
      "id" : "s0-t18",
      "begin" : 147,
      "end" : 150,
      "text" : "the",
      "whiteSpace" : false
    }, {
      "id" : "s0-t19",
      "begin" : 151,
      "end" : 158,
      "text" : "patient",
      "whiteSpace" : false
    }, {
      "id" : "s0-t20",
      "begin" : 159,
      "end" : 165,
      "text" : "portal",
      "whiteSpace" : false
    }, {
      "id" : "s0-t21",
      "begin" : 166,
      "end" : 168,
      "text" : "to",
      "whiteSpace" : false
    }, {
      "id" : "s0-t22",
      "begin" : 169,
      "end" : 173,
      "text" : "read",
      "whiteSpace" : false
    }, {
      "id" : "s0-t23",
      "begin" : 174,
      "end" : 183,
      "text" : "arbitrary",
      "whiteSpace" : false
    }, {
      "id" : "s0-t24",
      "begin" : 184,
      "end" : 189,
      "text" : "files",
      "whiteSpace" : false
    }, {
      "id" : "s0-t25",
      "begin" : 190,
      "end" : 193,
      "text" : "via",
      "whiteSpace" : false
    }, {
      "id" : "s0-t26",
      "begin" : 194,
      "end" : 197,
      "text" : "the",
      "whiteSpace" : false
    }, {
      "id" : "s0-t27",
      "begin" : 198,
      "end" : 199,
      "text" : "\"",
      "whiteSpace" : false
    }, {
      "id" : "s0-t28",
      "begin" : 199,
      "end" : 204,
      "text" : "docid",
      "whiteSpace" : false
    }, {
      "id" : "s0-t29",
      "begin" : 204,
      "end" : 205,
      "text" : "\"",
      "whiteSpace" : false
    }, {
      "id" : "s0-t30",
      "begin" : 206,
      "end" : 215,
      "text" : "parameter",
      "whiteSpace" : false
    }, {
      "id" : "s0-t31",
      "begin" : 216,
      "end" : 220,
      "text" : "when",
      "whiteSpace" : false
    }, {
      "id" : "s0-t32",
      "begin" : 221,
      "end" : 224,
      "text" : "the",
      "whiteSpace" : false
    }, {
      "id" : "s0-t33",
      "begin" : 225,
      "end" : 229,
      "text" : "mode",
      "whiteSpace" : false
    }, {
      "id" : "s0-t34",
      "begin" : 230,
      "end" : 232,
      "text" : "is",
      "whiteSpace" : false
    }, {
      "id" : "s0-t35",
      "begin" : 233,
      "end" : 236,
      "text" : "set",
      "whiteSpace" : false
    }, {
      "id" : "s0-t36",
      "begin" : 237,
      "end" : 239,
      "text" : "to",
      "whiteSpace" : false
    }, {
      "id" : "s0-t37",
      "begin" : 240,
      "end" : 243,
      "text" : "get",
      "whiteSpace" : false
    }, {
      "id" : "s0-t38",
      "begin" : 243,
      "end" : 244,
      "text" : ".",
      "whiteSpace" : false
    } ]
  }, {
    "id" : "s1",
    "begin" : 245,
    "end" : 494,
    "text" : "| EXPLOIT-DB:45202   |   URL:https://www.exploit-db.com/exploits/45202/   |   MISC:https://www.databreaches.net/openemr-patches-serious-vulnerabilities-uncovered-by-project-insecurity/   |   CONFIRM:https://github.com/openemr/openemr/pull/1765/files",
    "tokens" : [ {
      "id" : "s1-t0",
      "begin" : 245,
      "end" : 246,
      "text" : "|",
      "whiteSpace" : false
    }, {
      "id" : "s1-t1",
      "begin" : 247,
      "end" : 257,
      "text" : "EXPLOIT-DB",
      "whiteSpace" : false
    }, {
      "id" : "s1-t2",
      "begin" : 257,
      "end" : 258,
      "text" : ":",
      "whiteSpace" : false
    }, {
      "id" : "s1-t3",
      "begin" : 258,
      "end" : 263,
      "text" : "45202",
      "whiteSpace" : false
    }, {
      "id" : "s1-t4",
      "begin" : 266,
      "end" : 267,
      "text" : "|",
      "whiteSpace" : false
    }, {
      "id" : "s1-t5",
      "begin" : 270,
      "end" : 315,
      "text" : "URL:https://www.exploit-db.com/exploits/45202",
      "whiteSpace" : false
    }, {
      "id" : "s1-t6",
      "begin" : 315,
      "end" : 316,
      "text" : "/",
      "whiteSpace" : false
    }, {
      "id" : "s1-t7",
      "begin" : 319,
      "end" : 320,
      "text" : "|",
      "whiteSpace" : false
    }, {
      "id" : "s1-t8",
      "begin" : 323,
      "end" : 429,
      "text" : "MISC:https://www.databreaches.net/openemr-patches-serious-vulnerabilities-uncovered-by-project-insecurity/",
      "whiteSpace" : false
    }, {
      "id" : "s1-t9",
      "begin" : 432,
      "end" : 433,
      "text" : "|",
      "whiteSpace" : false
    }, {
      "id" : "s1-t10",
      "begin" : 436,
      "end" : 494,
      "text" : "CONFIRM:https://github.com/openemr/openemr/pull/1765/files",
      "whiteSpace" : false
    } ]
  } ],
  "mentions" : [ ],
  "relations" : [ ],
  "corefs" : [ ],
  "typeResolved" : true,
  "userResolved" : false
}