{
  "id" : "cb44ad30-e5bf-11e8-ac51-0ddb2b53e7d9-2856",
  "name" : "CVE-2018-15398",
  "createdDate" : 0,
  "version" : 3,
  "text" : "CVE-2018-15398 | A vulnerability in the per-user-override feature of Cisco Adaptive Security Appliance (ASA) Software and Cisco Firepower Threat Defense (FTD) Software could allow an unauthenticated, remote attacker to bypass an access control list (ACL) that is configured for an interface of an affected device. The vulnerability is due to errors that could occur when the affected software constructs and applies per-user-override rules. An attacker could exploit this vulnerability by connecting to a network through an affected device that has a vulnerable configuration. A successful exploit could allow the attacker to access resources that are behind the affected device and would typically be protected by the interface ACL. | CISCO:20181003 Cisco Adaptive Security Appliance Access Control List Bypass Vulnerability   |   URL:https://tools.cisco.com/security/center/content/CiscoSecurityAdvisory/cisco-sa-20181003-asa-acl-bypass   |   BID:105517   |   URL:http://www.securityfocus.com/bid/105517   |   SECTRACK:1041788   |   URL:http://www.securitytracker.com/id/1041788",
  "docLength" : 0,
  "language" : "EN",
  "status" : "READY",
  "modifiedDate" : 1541947254783,
  "documentSet" : [ ],
  "preannotation" : [ ],
  "sentences" : [ {
    "id" : "s0",
    "begin" : 0,
    "end" : 313,
    "text" : "CVE-2018-15398 | A vulnerability in the per-user-override feature of Cisco Adaptive Security Appliance (ASA) Software and Cisco Firepower Threat Defense (FTD) Software could allow an unauthenticated, remote attacker to bypass an access control list (ACL) that is configured for an interface of an affected device.",
    "tokens" : [ {
      "id" : "s0-t0",
      "begin" : 0,
      "end" : 14,
      "text" : "CVE-2018-15398",
      "whiteSpace" : false
    }, {
      "id" : "s0-t1",
      "begin" : 15,
      "end" : 16,
      "text" : "|",
      "whiteSpace" : false
    }, {
      "id" : "s0-t2",
      "begin" : 17,
      "end" : 18,
      "text" : "A",
      "whiteSpace" : false
    }, {
      "id" : "s0-t3",
      "begin" : 19,
      "end" : 32,
      "text" : "vulnerability",
      "whiteSpace" : false
    }, {
      "id" : "s0-t4",
      "begin" : 33,
      "end" : 35,
      "text" : "in",
      "whiteSpace" : false
    }, {
      "id" : "s0-t5",
      "begin" : 36,
      "end" : 39,
      "text" : "the",
      "whiteSpace" : false
    }, {
      "id" : "s0-t6",
      "begin" : 40,
      "end" : 43,
      "text" : "per",
      "whiteSpace" : false
    }, {
      "id" : "s0-t7",
      "begin" : 43,
      "end" : 44,
      "text" : "-",
      "whiteSpace" : false
    }, {
      "id" : "s0-t8",
      "begin" : 44,
      "end" : 48,
      "text" : "user",
      "whiteSpace" : false
    }, {
      "id" : "s0-t9",
      "begin" : 48,
      "end" : 49,
      "text" : "-",
      "whiteSpace" : false
    }, {
      "id" : "s0-t10",
      "begin" : 49,
      "end" : 57,
      "text" : "override",
      "whiteSpace" : false
    }, {
      "id" : "s0-t11",
      "begin" : 58,
      "end" : 65,
      "text" : "feature",
      "whiteSpace" : false
    }, {
      "id" : "s0-t12",
      "begin" : 66,
      "end" : 68,
      "text" : "of",
      "whiteSpace" : false
    }, {
      "id" : "s0-t13",
      "begin" : 69,
      "end" : 74,
      "text" : "Cisco",
      "whiteSpace" : false
    }, {
      "id" : "s0-t14",
      "begin" : 75,
      "end" : 83,
      "text" : "Adaptive",
      "whiteSpace" : false
    }, {
      "id" : "s0-t15",
      "begin" : 84,
      "end" : 92,
      "text" : "Security",
      "whiteSpace" : false
    }, {
      "id" : "s0-t16",
      "begin" : 93,
      "end" : 102,
      "text" : "Appliance",
      "whiteSpace" : false
    }, {
      "id" : "s0-t17",
      "begin" : 103,
      "end" : 104,
      "text" : "(",
      "whiteSpace" : false
    }, {
      "id" : "s0-t18",
      "begin" : 104,
      "end" : 107,
      "text" : "ASA",
      "whiteSpace" : false
    }, {
      "id" : "s0-t19",
      "begin" : 107,
      "end" : 108,
      "text" : ")",
      "whiteSpace" : false
    }, {
      "id" : "s0-t20",
      "begin" : 109,
      "end" : 117,
      "text" : "Software",
      "whiteSpace" : false
    }, {
      "id" : "s0-t21",
      "begin" : 118,
      "end" : 121,
      "text" : "and",
      "whiteSpace" : false
    }, {
      "id" : "s0-t22",
      "begin" : 122,
      "end" : 127,
      "text" : "Cisco",
      "whiteSpace" : false
    }, {
      "id" : "s0-t23",
      "begin" : 128,
      "end" : 137,
      "text" : "Firepower",
      "whiteSpace" : false
    }, {
      "id" : "s0-t24",
      "begin" : 138,
      "end" : 144,
      "text" : "Threat",
      "whiteSpace" : false
    }, {
      "id" : "s0-t25",
      "begin" : 145,
      "end" : 152,
      "text" : "Defense",
      "whiteSpace" : false
    }, {
      "id" : "s0-t26",
      "begin" : 153,
      "end" : 154,
      "text" : "(",
      "whiteSpace" : false
    }, {
      "id" : "s0-t27",
      "begin" : 154,
      "end" : 157,
      "text" : "FTD",
      "whiteSpace" : false
    }, {
      "id" : "s0-t28",
      "begin" : 157,
      "end" : 158,
      "text" : ")",
      "whiteSpace" : false
    }, {
      "id" : "s0-t29",
      "begin" : 159,
      "end" : 167,
      "text" : "Software",
      "whiteSpace" : false
    }, {
      "id" : "s0-t30",
      "begin" : 168,
      "end" : 173,
      "text" : "could",
      "whiteSpace" : false
    }, {
      "id" : "s0-t31",
      "begin" : 174,
      "end" : 179,
      "text" : "allow",
      "whiteSpace" : false
    }, {
      "id" : "s0-t32",
      "begin" : 180,
      "end" : 182,
      "text" : "an",
      "whiteSpace" : false
    }, {
      "id" : "s0-t33",
      "begin" : 183,
      "end" : 198,
      "text" : "unauthenticated",
      "whiteSpace" : false
    }, {
      "id" : "s0-t34",
      "begin" : 198,
      "end" : 199,
      "text" : ",",
      "whiteSpace" : false
    }, {
      "id" : "s0-t35",
      "begin" : 200,
      "end" : 206,
      "text" : "remote",
      "whiteSpace" : false
    }, {
      "id" : "s0-t36",
      "begin" : 207,
      "end" : 215,
      "text" : "attacker",
      "whiteSpace" : false
    }, {
      "id" : "s0-t37",
      "begin" : 216,
      "end" : 218,
      "text" : "to",
      "whiteSpace" : false
    }, {
      "id" : "s0-t38",
      "begin" : 219,
      "end" : 225,
      "text" : "bypass",
      "whiteSpace" : false
    }, {
      "id" : "s0-t39",
      "begin" : 226,
      "end" : 228,
      "text" : "an",
      "whiteSpace" : false
    }, {
      "id" : "s0-t40",
      "begin" : 229,
      "end" : 235,
      "text" : "access",
      "whiteSpace" : false
    }, {
      "id" : "s0-t41",
      "begin" : 236,
      "end" : 243,
      "text" : "control",
      "whiteSpace" : false
    }, {
      "id" : "s0-t42",
      "begin" : 244,
      "end" : 248,
      "text" : "list",
      "whiteSpace" : false
    }, {
      "id" : "s0-t43",
      "begin" : 249,
      "end" : 250,
      "text" : "(",
      "whiteSpace" : false
    }, {
      "id" : "s0-t44",
      "begin" : 250,
      "end" : 253,
      "text" : "ACL",
      "whiteSpace" : false
    }, {
      "id" : "s0-t45",
      "begin" : 253,
      "end" : 254,
      "text" : ")",
      "whiteSpace" : false
    }, {
      "id" : "s0-t46",
      "begin" : 255,
      "end" : 259,
      "text" : "that",
      "whiteSpace" : false
    }, {
      "id" : "s0-t47",
      "begin" : 260,
      "end" : 262,
      "text" : "is",
      "whiteSpace" : false
    }, {
      "id" : "s0-t48",
      "begin" : 263,
      "end" : 273,
      "text" : "configured",
      "whiteSpace" : false
    }, {
      "id" : "s0-t49",
      "begin" : 274,
      "end" : 277,
      "text" : "for",
      "whiteSpace" : false
    }, {
      "id" : "s0-t50",
      "begin" : 278,
      "end" : 280,
      "text" : "an",
      "whiteSpace" : false
    }, {
      "id" : "s0-t51",
      "begin" : 281,
      "end" : 290,
      "text" : "interface",
      "whiteSpace" : false
    }, {
      "id" : "s0-t52",
      "begin" : 291,
      "end" : 293,
      "text" : "of",
      "whiteSpace" : false
    }, {
      "id" : "s0-t53",
      "begin" : 294,
      "end" : 296,
      "text" : "an",
      "whiteSpace" : false
    }, {
      "id" : "s0-t54",
      "begin" : 297,
      "end" : 305,
      "text" : "affected",
      "whiteSpace" : false
    }, {
      "id" : "s0-t55",
      "begin" : 306,
      "end" : 312,
      "text" : "device",
      "whiteSpace" : false
    }, {
      "id" : "s0-t56",
      "begin" : 312,
      "end" : 313,
      "text" : ".",
      "whiteSpace" : false
    } ]
  }, {
    "id" : "s1",
    "begin" : 314,
    "end" : 440,
    "text" : "The vulnerability is due to errors that could occur when the affected software constructs and applies per-user-override rules.",
    "tokens" : [ {
      "id" : "s1-t0",
      "begin" : 314,
      "end" : 317,
      "text" : "The",
      "whiteSpace" : false
    }, {
      "id" : "s1-t1",
      "begin" : 318,
      "end" : 331,
      "text" : "vulnerability",
      "whiteSpace" : false
    }, {
      "id" : "s1-t2",
      "begin" : 332,
      "end" : 334,
      "text" : "is",
      "whiteSpace" : false
    }, {
      "id" : "s1-t3",
      "begin" : 335,
      "end" : 338,
      "text" : "due",
      "whiteSpace" : false
    }, {
      "id" : "s1-t4",
      "begin" : 339,
      "end" : 341,
      "text" : "to",
      "whiteSpace" : false
    }, {
      "id" : "s1-t5",
      "begin" : 342,
      "end" : 348,
      "text" : "errors",
      "whiteSpace" : false
    }, {
      "id" : "s1-t6",
      "begin" : 349,
      "end" : 353,
      "text" : "that",
      "whiteSpace" : false
    }, {
      "id" : "s1-t7",
      "begin" : 354,
      "end" : 359,
      "text" : "could",
      "whiteSpace" : false
    }, {
      "id" : "s1-t8",
      "begin" : 360,
      "end" : 365,
      "text" : "occur",
      "whiteSpace" : false
    }, {
      "id" : "s1-t9",
      "begin" : 366,
      "end" : 370,
      "text" : "when",
      "whiteSpace" : false
    }, {
      "id" : "s1-t10",
      "begin" : 371,
      "end" : 374,
      "text" : "the",
      "whiteSpace" : false
    }, {
      "id" : "s1-t11",
      "begin" : 375,
      "end" : 383,
      "text" : "affected",
      "whiteSpace" : false
    }, {
      "id" : "s1-t12",
      "begin" : 384,
      "end" : 392,
      "text" : "software",
      "whiteSpace" : false
    }, {
      "id" : "s1-t13",
      "begin" : 393,
      "end" : 403,
      "text" : "constructs",
      "whiteSpace" : false
    }, {
      "id" : "s1-t14",
      "begin" : 404,
      "end" : 407,
      "text" : "and",
      "whiteSpace" : false
    }, {
      "id" : "s1-t15",
      "begin" : 408,
      "end" : 415,
      "text" : "applies",
      "whiteSpace" : false
    }, {
      "id" : "s1-t16",
      "begin" : 416,
      "end" : 419,
      "text" : "per",
      "whiteSpace" : false
    }, {
      "id" : "s1-t17",
      "begin" : 419,
      "end" : 420,
      "text" : "-",
      "whiteSpace" : false
    }, {
      "id" : "s1-t18",
      "begin" : 420,
      "end" : 424,
      "text" : "user",
      "whiteSpace" : false
    }, {
      "id" : "s1-t19",
      "begin" : 424,
      "end" : 425,
      "text" : "-",
      "whiteSpace" : false
    }, {
      "id" : "s1-t20",
      "begin" : 425,
      "end" : 433,
      "text" : "override",
      "whiteSpace" : false
    }, {
      "id" : "s1-t21",
      "begin" : 434,
      "end" : 439,
      "text" : "rules",
      "whiteSpace" : false
    }, {
      "id" : "s1-t22",
      "begin" : 439,
      "end" : 440,
      "text" : ".",
      "whiteSpace" : false
    } ]
  }, {
    "id" : "s2",
    "begin" : 441,
    "end" : 576,
    "text" : "An attacker could exploit this vulnerability by connecting to a network through an affected device that has a vulnerable configuration.",
    "tokens" : [ {
      "id" : "s2-t0",
      "begin" : 441,
      "end" : 443,
      "text" : "An",
      "whiteSpace" : false
    }, {
      "id" : "s2-t1",
      "begin" : 444,
      "end" : 452,
      "text" : "attacker",
      "whiteSpace" : false
    }, {
      "id" : "s2-t2",
      "begin" : 453,
      "end" : 458,
      "text" : "could",
      "whiteSpace" : false
    }, {
      "id" : "s2-t3",
      "begin" : 459,
      "end" : 466,
      "text" : "exploit",
      "whiteSpace" : false
    }, {
      "id" : "s2-t4",
      "begin" : 467,
      "end" : 471,
      "text" : "this",
      "whiteSpace" : false
    }, {
      "id" : "s2-t5",
      "begin" : 472,
      "end" : 485,
      "text" : "vulnerability",
      "whiteSpace" : false
    }, {
      "id" : "s2-t6",
      "begin" : 486,
      "end" : 488,
      "text" : "by",
      "whiteSpace" : false
    }, {
      "id" : "s2-t7",
      "begin" : 489,
      "end" : 499,
      "text" : "connecting",
      "whiteSpace" : false
    }, {
      "id" : "s2-t8",
      "begin" : 500,
      "end" : 502,
      "text" : "to",
      "whiteSpace" : false
    }, {
      "id" : "s2-t9",
      "begin" : 503,
      "end" : 504,
      "text" : "a",
      "whiteSpace" : false
    }, {
      "id" : "s2-t10",
      "begin" : 505,
      "end" : 512,
      "text" : "network",
      "whiteSpace" : false
    }, {
      "id" : "s2-t11",
      "begin" : 513,
      "end" : 520,
      "text" : "through",
      "whiteSpace" : false
    }, {
      "id" : "s2-t12",
      "begin" : 521,
      "end" : 523,
      "text" : "an",
      "whiteSpace" : false
    }, {
      "id" : "s2-t13",
      "begin" : 524,
      "end" : 532,
      "text" : "affected",
      "whiteSpace" : false
    }, {
      "id" : "s2-t14",
      "begin" : 533,
      "end" : 539,
      "text" : "device",
      "whiteSpace" : false
    }, {
      "id" : "s2-t15",
      "begin" : 540,
      "end" : 544,
      "text" : "that",
      "whiteSpace" : false
    }, {
      "id" : "s2-t16",
      "begin" : 545,
      "end" : 548,
      "text" : "has",
      "whiteSpace" : false
    }, {
      "id" : "s2-t17",
      "begin" : 549,
      "end" : 550,
      "text" : "a",
      "whiteSpace" : false
    }, {
      "id" : "s2-t18",
      "begin" : 551,
      "end" : 561,
      "text" : "vulnerable",
      "whiteSpace" : false
    }, {
      "id" : "s2-t19",
      "begin" : 562,
      "end" : 575,
      "text" : "configuration",
      "whiteSpace" : false
    }, {
      "id" : "s2-t20",
      "begin" : 575,
      "end" : 576,
      "text" : ".",
      "whiteSpace" : false
    } ]
  }, {
    "id" : "s3",
    "begin" : 577,
    "end" : 733,
    "text" : "A successful exploit could allow the attacker to access resources that are behind the affected device and would typically be protected by the interface ACL.",
    "tokens" : [ {
      "id" : "s3-t0",
      "begin" : 577,
      "end" : 578,
      "text" : "A",
      "whiteSpace" : false
    }, {
      "id" : "s3-t1",
      "begin" : 579,
      "end" : 589,
      "text" : "successful",
      "whiteSpace" : false
    }, {
      "id" : "s3-t2",
      "begin" : 590,
      "end" : 597,
      "text" : "exploit",
      "whiteSpace" : false
    }, {
      "id" : "s3-t3",
      "begin" : 598,
      "end" : 603,
      "text" : "could",
      "whiteSpace" : false
    }, {
      "id" : "s3-t4",
      "begin" : 604,
      "end" : 609,
      "text" : "allow",
      "whiteSpace" : false
    }, {
      "id" : "s3-t5",
      "begin" : 610,
      "end" : 613,
      "text" : "the",
      "whiteSpace" : false
    }, {
      "id" : "s3-t6",
      "begin" : 614,
      "end" : 622,
      "text" : "attacker",
      "whiteSpace" : false
    }, {
      "id" : "s3-t7",
      "begin" : 623,
      "end" : 625,
      "text" : "to",
      "whiteSpace" : false
    }, {
      "id" : "s3-t8",
      "begin" : 626,
      "end" : 632,
      "text" : "access",
      "whiteSpace" : false
    }, {
      "id" : "s3-t9",
      "begin" : 633,
      "end" : 642,
      "text" : "resources",
      "whiteSpace" : false
    }, {
      "id" : "s3-t10",
      "begin" : 643,
      "end" : 647,
      "text" : "that",
      "whiteSpace" : false
    }, {
      "id" : "s3-t11",
      "begin" : 648,
      "end" : 651,
      "text" : "are",
      "whiteSpace" : false
    }, {
      "id" : "s3-t12",
      "begin" : 652,
      "end" : 658,
      "text" : "behind",
      "whiteSpace" : false
    }, {
      "id" : "s3-t13",
      "begin" : 659,
      "end" : 662,
      "text" : "the",
      "whiteSpace" : false
    }, {
      "id" : "s3-t14",
      "begin" : 663,
      "end" : 671,
      "text" : "affected",
      "whiteSpace" : false
    }, {
      "id" : "s3-t15",
      "begin" : 672,
      "end" : 678,
      "text" : "device",
      "whiteSpace" : false
    }, {
      "id" : "s3-t16",
      "begin" : 679,
      "end" : 682,
      "text" : "and",
      "whiteSpace" : false
    }, {
      "id" : "s3-t17",
      "begin" : 683,
      "end" : 688,
      "text" : "would",
      "whiteSpace" : false
    }, {
      "id" : "s3-t18",
      "begin" : 689,
      "end" : 698,
      "text" : "typically",
      "whiteSpace" : false
    }, {
      "id" : "s3-t19",
      "begin" : 699,
      "end" : 701,
      "text" : "be",
      "whiteSpace" : false
    }, {
      "id" : "s3-t20",
      "begin" : 702,
      "end" : 711,
      "text" : "protected",
      "whiteSpace" : false
    }, {
      "id" : "s3-t21",
      "begin" : 712,
      "end" : 714,
      "text" : "by",
      "whiteSpace" : false
    }, {
      "id" : "s3-t22",
      "begin" : 715,
      "end" : 718,
      "text" : "the",
      "whiteSpace" : false
    }, {
      "id" : "s3-t23",
      "begin" : 719,
      "end" : 728,
      "text" : "interface",
      "whiteSpace" : false
    }, {
      "id" : "s3-t24",
      "begin" : 729,
      "end" : 732,
      "text" : "ACL",
      "whiteSpace" : false
    }, {
      "id" : "s3-t25",
      "begin" : 732,
      "end" : 733,
      "text" : ".",
      "whiteSpace" : false
    } ]
  }, {
    "id" : "s4",
    "begin" : 734,
    "end" : 1080,
    "text" : "| CISCO:20181003 Cisco Adaptive Security Appliance Access Control List Bypass Vulnerability   |   URL:https://tools.cisco.com/security/center/content/CiscoSecurityAdvisory/cisco-sa-20181003-asa-acl-bypass   |   BID:105517   |   URL:http://www.securityfocus.com/bid/105517   |   SECTRACK:1041788   |   URL:http://www.securitytracker.com/id/1041788",
    "tokens" : [ {
      "id" : "s4-t0",
      "begin" : 734,
      "end" : 735,
      "text" : "|",
      "whiteSpace" : false
    }, {
      "id" : "s4-t1",
      "begin" : 736,
      "end" : 741,
      "text" : "CISCO",
      "whiteSpace" : false
    }, {
      "id" : "s4-t2",
      "begin" : 741,
      "end" : 742,
      "text" : ":",
      "whiteSpace" : false
    }, {
      "id" : "s4-t3",
      "begin" : 742,
      "end" : 750,
      "text" : "20181003",
      "whiteSpace" : false
    }, {
      "id" : "s4-t4",
      "begin" : 751,
      "end" : 756,
      "text" : "Cisco",
      "whiteSpace" : false
    }, {
      "id" : "s4-t5",
      "begin" : 757,
      "end" : 765,
      "text" : "Adaptive",
      "whiteSpace" : false
    }, {
      "id" : "s4-t6",
      "begin" : 766,
      "end" : 774,
      "text" : "Security",
      "whiteSpace" : false
    }, {
      "id" : "s4-t7",
      "begin" : 775,
      "end" : 784,
      "text" : "Appliance",
      "whiteSpace" : false
    }, {
      "id" : "s4-t8",
      "begin" : 785,
      "end" : 791,
      "text" : "Access",
      "whiteSpace" : false
    }, {
      "id" : "s4-t9",
      "begin" : 792,
      "end" : 799,
      "text" : "Control",
      "whiteSpace" : false
    }, {
      "id" : "s4-t10",
      "begin" : 800,
      "end" : 804,
      "text" : "List",
      "whiteSpace" : false
    }, {
      "id" : "s4-t11",
      "begin" : 805,
      "end" : 811,
      "text" : "Bypass",
      "whiteSpace" : false
    }, {
      "id" : "s4-t12",
      "begin" : 812,
      "end" : 825,
      "text" : "Vulnerability",
      "whiteSpace" : false
    }, {
      "id" : "s4-t13",
      "begin" : 828,
      "end" : 829,
      "text" : "|",
      "whiteSpace" : false
    }, {
      "id" : "s4-t14",
      "begin" : 832,
      "end" : 927,
      "text" : "URL:https://tools.cisco.com/security/center/content/CiscoSecurityAdvisory/cisco-sa-20181003-asa",
      "whiteSpace" : false
    }, {
      "id" : "s4-t15",
      "begin" : 927,
      "end" : 928,
      "text" : "-",
      "whiteSpace" : false
    }, {
      "id" : "s4-t16",
      "begin" : 928,
      "end" : 931,
      "text" : "acl",
      "whiteSpace" : false
    }, {
      "id" : "s4-t17",
      "begin" : 931,
      "end" : 932,
      "text" : "-",
      "whiteSpace" : false
    }, {
      "id" : "s4-t18",
      "begin" : 932,
      "end" : 938,
      "text" : "bypass",
      "whiteSpace" : false
    }, {
      "id" : "s4-t19",
      "begin" : 941,
      "end" : 942,
      "text" : "|",
      "whiteSpace" : false
    }, {
      "id" : "s4-t20",
      "begin" : 945,
      "end" : 948,
      "text" : "BID",
      "whiteSpace" : false
    }, {
      "id" : "s4-t21",
      "begin" : 948,
      "end" : 949,
      "text" : ":",
      "whiteSpace" : false
    }, {
      "id" : "s4-t22",
      "begin" : 949,
      "end" : 955,
      "text" : "105517",
      "whiteSpace" : false
    }, {
      "id" : "s4-t23",
      "begin" : 958,
      "end" : 959,
      "text" : "|",
      "whiteSpace" : false
    }, {
      "id" : "s4-t24",
      "begin" : 962,
      "end" : 999,
      "text" : "URL:http://www.securityfocus.com/bid/",
      "whiteSpace" : false
    }, {
      "id" : "s4-t25",
      "begin" : 999,
      "end" : 1005,
      "text" : "105517",
      "whiteSpace" : false
    }, {
      "id" : "s4-t26",
      "begin" : 1008,
      "end" : 1009,
      "text" : "|",
      "whiteSpace" : false
    }, {
      "id" : "s4-t27",
      "begin" : 1012,
      "end" : 1020,
      "text" : "SECTRACK",
      "whiteSpace" : false
    }, {
      "id" : "s4-t28",
      "begin" : 1020,
      "end" : 1021,
      "text" : ":",
      "whiteSpace" : false
    }, {
      "id" : "s4-t29",
      "begin" : 1021,
      "end" : 1028,
      "text" : "1041788",
      "whiteSpace" : false
    }, {
      "id" : "s4-t30",
      "begin" : 1031,
      "end" : 1032,
      "text" : "|",
      "whiteSpace" : false
    }, {
      "id" : "s4-t31",
      "begin" : 1035,
      "end" : 1073,
      "text" : "URL:http://www.securitytracker.com/id/",
      "whiteSpace" : false
    }, {
      "id" : "s4-t32",
      "begin" : 1073,
      "end" : 1080,
      "text" : "1041788",
      "whiteSpace" : false
    } ]
  } ],
  "mentions" : [ ],
  "relations" : [ ],
  "corefs" : [ ],
  "typeResolved" : true,
  "userResolved" : false
}