{
  "id" : "cb44ad30-e5bf-11e8-ac51-0ddb2b53e7d9-2957",
  "name" : "CVE-2018-15169",
  "createdDate" : 0,
  "version" : 3,
  "text" : "CVE-2018-15169 | A reflected Cross-site scripting (XSS) vulnerability in Zoho ManageEngine Applications Manager 13 before build 13820 allows remote attackers to inject arbitrary web script or HTML via the /deleteMO.do method parameter. | MISC:https://github.com/x-f1v3/ForCve/issues/3   |   MISC:https://www.manageengine.com/products/applications_manager/issues.html   |   CONFIRM:https://www.manageengine.com/products/applications_manager/security-updates/security-updates-cve-2018-15169.html",
  "docLength" : 0,
  "language" : "EN",
  "status" : "READY",
  "modifiedDate" : 1541947254783,
  "documentSet" : [ ],
  "preannotation" : [ ],
  "sentences" : [ {
    "id" : "s0",
    "begin" : 0,
    "end" : 235,
    "text" : "CVE-2018-15169 | A reflected Cross-site scripting (XSS) vulnerability in Zoho ManageEngine Applications Manager 13 before build 13820 allows remote attackers to inject arbitrary web script or HTML via the /deleteMO.do method parameter.",
    "tokens" : [ {
      "id" : "s0-t0",
      "begin" : 0,
      "end" : 14,
      "text" : "CVE-2018-15169",
      "whiteSpace" : false
    }, {
      "id" : "s0-t1",
      "begin" : 15,
      "end" : 16,
      "text" : "|",
      "whiteSpace" : false
    }, {
      "id" : "s0-t2",
      "begin" : 17,
      "end" : 18,
      "text" : "A",
      "whiteSpace" : false
    }, {
      "id" : "s0-t3",
      "begin" : 19,
      "end" : 28,
      "text" : "reflected",
      "whiteSpace" : false
    }, {
      "id" : "s0-t4",
      "begin" : 29,
      "end" : 34,
      "text" : "Cross",
      "whiteSpace" : false
    }, {
      "id" : "s0-t5",
      "begin" : 34,
      "end" : 35,
      "text" : "-",
      "whiteSpace" : false
    }, {
      "id" : "s0-t6",
      "begin" : 35,
      "end" : 39,
      "text" : "site",
      "whiteSpace" : false
    }, {
      "id" : "s0-t7",
      "begin" : 40,
      "end" : 49,
      "text" : "scripting",
      "whiteSpace" : false
    }, {
      "id" : "s0-t8",
      "begin" : 50,
      "end" : 51,
      "text" : "(",
      "whiteSpace" : false
    }, {
      "id" : "s0-t9",
      "begin" : 51,
      "end" : 54,
      "text" : "XSS",
      "whiteSpace" : false
    }, {
      "id" : "s0-t10",
      "begin" : 54,
      "end" : 55,
      "text" : ")",
      "whiteSpace" : false
    }, {
      "id" : "s0-t11",
      "begin" : 56,
      "end" : 69,
      "text" : "vulnerability",
      "whiteSpace" : false
    }, {
      "id" : "s0-t12",
      "begin" : 70,
      "end" : 72,
      "text" : "in",
      "whiteSpace" : false
    }, {
      "id" : "s0-t13",
      "begin" : 73,
      "end" : 77,
      "text" : "Zoho",
      "whiteSpace" : false
    }, {
      "id" : "s0-t14",
      "begin" : 78,
      "end" : 90,
      "text" : "ManageEngine",
      "whiteSpace" : false
    }, {
      "id" : "s0-t15",
      "begin" : 91,
      "end" : 103,
      "text" : "Applications",
      "whiteSpace" : false
    }, {
      "id" : "s0-t16",
      "begin" : 104,
      "end" : 111,
      "text" : "Manager",
      "whiteSpace" : false
    }, {
      "id" : "s0-t17",
      "begin" : 112,
      "end" : 114,
      "text" : "13",
      "whiteSpace" : false
    }, {
      "id" : "s0-t18",
      "begin" : 115,
      "end" : 121,
      "text" : "before",
      "whiteSpace" : false
    }, {
      "id" : "s0-t19",
      "begin" : 122,
      "end" : 127,
      "text" : "build",
      "whiteSpace" : false
    }, {
      "id" : "s0-t20",
      "begin" : 128,
      "end" : 133,
      "text" : "13820",
      "whiteSpace" : false
    }, {
      "id" : "s0-t21",
      "begin" : 134,
      "end" : 140,
      "text" : "allows",
      "whiteSpace" : false
    }, {
      "id" : "s0-t22",
      "begin" : 141,
      "end" : 147,
      "text" : "remote",
      "whiteSpace" : false
    }, {
      "id" : "s0-t23",
      "begin" : 148,
      "end" : 157,
      "text" : "attackers",
      "whiteSpace" : false
    }, {
      "id" : "s0-t24",
      "begin" : 158,
      "end" : 160,
      "text" : "to",
      "whiteSpace" : false
    }, {
      "id" : "s0-t25",
      "begin" : 161,
      "end" : 167,
      "text" : "inject",
      "whiteSpace" : false
    }, {
      "id" : "s0-t26",
      "begin" : 168,
      "end" : 177,
      "text" : "arbitrary",
      "whiteSpace" : false
    }, {
      "id" : "s0-t27",
      "begin" : 178,
      "end" : 181,
      "text" : "web",
      "whiteSpace" : false
    }, {
      "id" : "s0-t28",
      "begin" : 182,
      "end" : 188,
      "text" : "script",
      "whiteSpace" : false
    }, {
      "id" : "s0-t29",
      "begin" : 189,
      "end" : 191,
      "text" : "or",
      "whiteSpace" : false
    }, {
      "id" : "s0-t30",
      "begin" : 192,
      "end" : 196,
      "text" : "HTML",
      "whiteSpace" : false
    }, {
      "id" : "s0-t31",
      "begin" : 197,
      "end" : 200,
      "text" : "via",
      "whiteSpace" : false
    }, {
      "id" : "s0-t32",
      "begin" : 201,
      "end" : 204,
      "text" : "the",
      "whiteSpace" : false
    }, {
      "id" : "s0-t33",
      "begin" : 205,
      "end" : 217,
      "text" : "/deleteMO.do",
      "whiteSpace" : false
    }, {
      "id" : "s0-t34",
      "begin" : 218,
      "end" : 224,
      "text" : "method",
      "whiteSpace" : false
    }, {
      "id" : "s0-t35",
      "begin" : 225,
      "end" : 234,
      "text" : "parameter",
      "whiteSpace" : false
    }, {
      "id" : "s0-t36",
      "begin" : 234,
      "end" : 235,
      "text" : ".",
      "whiteSpace" : false
    } ]
  }, {
    "id" : "s1",
    "begin" : 236,
    "end" : 493,
    "text" : "| MISC:https://github.com/x-f1v3/ForCve/issues/3   |   MISC:https://www.manageengine.com/products/applications_manager/issues.html   |   CONFIRM:https://www.manageengine.com/products/applications_manager/security-updates/security-updates-cve-2018-15169.html",
    "tokens" : [ {
      "id" : "s1-t0",
      "begin" : 236,
      "end" : 237,
      "text" : "|",
      "whiteSpace" : false
    }, {
      "id" : "s1-t1",
      "begin" : 238,
      "end" : 284,
      "text" : "MISC:https://github.com/x-f1v3/ForCve/issues/3",
      "whiteSpace" : false
    }, {
      "id" : "s1-t2",
      "begin" : 287,
      "end" : 288,
      "text" : "|",
      "whiteSpace" : false
    }, {
      "id" : "s1-t3",
      "begin" : 291,
      "end" : 366,
      "text" : "MISC:https://www.manageengine.com/products/applications_manager/issues.html",
      "whiteSpace" : false
    }, {
      "id" : "s1-t4",
      "begin" : 369,
      "end" : 370,
      "text" : "|",
      "whiteSpace" : false
    }, {
      "id" : "s1-t5",
      "begin" : 373,
      "end" : 448,
      "text" : "CONFIRM:https://www.manageengine.com/products/applications_manager/security",
      "whiteSpace" : false
    }, {
      "id" : "s1-t6",
      "begin" : 448,
      "end" : 449,
      "text" : "-",
      "whiteSpace" : false
    }, {
      "id" : "s1-t7",
      "begin" : 449,
      "end" : 493,
      "text" : "updates/security-updates-cve-2018-15169.html",
      "whiteSpace" : false
    } ]
  } ],
  "mentions" : [ ],
  "relations" : [ ],
  "corefs" : [ ],
  "typeResolved" : true,
  "userResolved" : false
}