{
  "id" : "cb44ad30-e5bf-11e8-ac51-0ddb2b53e7d9-2931",
  "name" : "CVE-2018-15202",
  "createdDate" : 0,
  "version" : 3,
  "text" : "CVE-2018-15202 | An issue was discovered in Juunan06 eCommerce through 2018-08-05. There is a CSRF vulnerability in ee/eBoutique/app/template/includes/crudTreatment.php that can add new users and add products. | MISC:https://github.com/Juunan06/eCommerce/issues/1",
  "docLength" : 0,
  "language" : "EN",
  "status" : "READY",
  "modifiedDate" : 1541947254783,
  "documentSet" : [ ],
  "preannotation" : [ ],
  "sentences" : [ {
    "id" : "s0",
    "begin" : 0,
    "end" : 82,
    "text" : "CVE-2018-15202 | An issue was discovered in Juunan06 eCommerce through 2018-08-05.",
    "tokens" : [ {
      "id" : "s0-t0",
      "begin" : 0,
      "end" : 14,
      "text" : "CVE-2018-15202",
      "whiteSpace" : false
    }, {
      "id" : "s0-t1",
      "begin" : 15,
      "end" : 16,
      "text" : "|",
      "whiteSpace" : false
    }, {
      "id" : "s0-t2",
      "begin" : 17,
      "end" : 19,
      "text" : "An",
      "whiteSpace" : false
    }, {
      "id" : "s0-t3",
      "begin" : 20,
      "end" : 25,
      "text" : "issue",
      "whiteSpace" : false
    }, {
      "id" : "s0-t4",
      "begin" : 26,
      "end" : 29,
      "text" : "was",
      "whiteSpace" : false
    }, {
      "id" : "s0-t5",
      "begin" : 30,
      "end" : 40,
      "text" : "discovered",
      "whiteSpace" : false
    }, {
      "id" : "s0-t6",
      "begin" : 41,
      "end" : 43,
      "text" : "in",
      "whiteSpace" : false
    }, {
      "id" : "s0-t7",
      "begin" : 44,
      "end" : 52,
      "text" : "Juunan06",
      "whiteSpace" : false
    }, {
      "id" : "s0-t8",
      "begin" : 53,
      "end" : 62,
      "text" : "eCommerce",
      "whiteSpace" : false
    }, {
      "id" : "s0-t9",
      "begin" : 63,
      "end" : 70,
      "text" : "through",
      "whiteSpace" : false
    }, {
      "id" : "s0-t10",
      "begin" : 71,
      "end" : 81,
      "text" : "2018-08-05",
      "whiteSpace" : false
    }, {
      "id" : "s0-t11",
      "begin" : 81,
      "end" : 82,
      "text" : ".",
      "whiteSpace" : false
    } ]
  }, {
    "id" : "s1",
    "begin" : 83,
    "end" : 209,
    "text" : "There is a CSRF vulnerability in ee/eBoutique/app/template/includes/crudTreatment.php that can add new users and add products.",
    "tokens" : [ {
      "id" : "s1-t0",
      "begin" : 83,
      "end" : 88,
      "text" : "There",
      "whiteSpace" : false
    }, {
      "id" : "s1-t1",
      "begin" : 89,
      "end" : 91,
      "text" : "is",
      "whiteSpace" : false
    }, {
      "id" : "s1-t2",
      "begin" : 92,
      "end" : 93,
      "text" : "a",
      "whiteSpace" : false
    }, {
      "id" : "s1-t3",
      "begin" : 94,
      "end" : 98,
      "text" : "CSRF",
      "whiteSpace" : false
    }, {
      "id" : "s1-t4",
      "begin" : 99,
      "end" : 112,
      "text" : "vulnerability",
      "whiteSpace" : false
    }, {
      "id" : "s1-t5",
      "begin" : 113,
      "end" : 115,
      "text" : "in",
      "whiteSpace" : false
    }, {
      "id" : "s1-t6",
      "begin" : 116,
      "end" : 118,
      "text" : "ee",
      "whiteSpace" : false
    }, {
      "id" : "s1-t7",
      "begin" : 118,
      "end" : 119,
      "text" : "/",
      "whiteSpace" : false
    }, {
      "id" : "s1-t8",
      "begin" : 119,
      "end" : 168,
      "text" : "eBoutique/app/template/includes/crudTreatment.php",
      "whiteSpace" : false
    }, {
      "id" : "s1-t9",
      "begin" : 169,
      "end" : 173,
      "text" : "that",
      "whiteSpace" : false
    }, {
      "id" : "s1-t10",
      "begin" : 174,
      "end" : 177,
      "text" : "can",
      "whiteSpace" : false
    }, {
      "id" : "s1-t11",
      "begin" : 178,
      "end" : 181,
      "text" : "add",
      "whiteSpace" : false
    }, {
      "id" : "s1-t12",
      "begin" : 182,
      "end" : 185,
      "text" : "new",
      "whiteSpace" : false
    }, {
      "id" : "s1-t13",
      "begin" : 186,
      "end" : 191,
      "text" : "users",
      "whiteSpace" : false
    }, {
      "id" : "s1-t14",
      "begin" : 192,
      "end" : 195,
      "text" : "and",
      "whiteSpace" : false
    }, {
      "id" : "s1-t15",
      "begin" : 196,
      "end" : 199,
      "text" : "add",
      "whiteSpace" : false
    }, {
      "id" : "s1-t16",
      "begin" : 200,
      "end" : 208,
      "text" : "products",
      "whiteSpace" : false
    }, {
      "id" : "s1-t17",
      "begin" : 208,
      "end" : 209,
      "text" : ".",
      "whiteSpace" : false
    } ]
  }, {
    "id" : "s2",
    "begin" : 210,
    "end" : 263,
    "text" : "| MISC:https://github.com/Juunan06/eCommerce/issues/1",
    "tokens" : [ {
      "id" : "s2-t0",
      "begin" : 210,
      "end" : 211,
      "text" : "|",
      "whiteSpace" : false
    }, {
      "id" : "s2-t1",
      "begin" : 212,
      "end" : 263,
      "text" : "MISC:https://github.com/Juunan06/eCommerce/issues/1",
      "whiteSpace" : false
    } ]
  } ],
  "mentions" : [ ],
  "relations" : [ ],
  "corefs" : [ ],
  "typeResolved" : true,
  "userResolved" : false
}