{
  "id" : "cb44ad30-e5bf-11e8-ac51-0ddb2b53e7d9-2877",
  "name" : "CVE-2018-15374",
  "createdDate" : 0,
  "version" : 3,
  "text" : "CVE-2018-15374 | A vulnerability in the Image Verification feature of Cisco IOS XE Software could allow an authenticated, local attacker to install a malicious software image or file on an affected device. The vulnerability is due to the affected software improperly verifying digital signatures for software images and files that are uploaded to a device. An attacker could exploit this vulnerability by uploading a malicious software image or file to an affected device. A successful exploit could allow the attacker to bypass digital signature verification checks for software images and files and install a malicious software image or file on the affected device. | CISCO:20180926 Cisco IOS XE Software Digital Signature Verification Bypass Vulnerability   |   URL:https://tools.cisco.com/security/center/content/CiscoSecurityAdvisory/cisco-sa-20180926-digsig   |   BID:105415   |   URL:http://www.securityfocus.com/bid/105415",
  "docLength" : 0,
  "language" : "EN",
  "status" : "READY",
  "modifiedDate" : 1541947254783,
  "documentSet" : [ ],
  "preannotation" : [ ],
  "sentences" : [ {
    "id" : "s0",
    "begin" : 0,
    "end" : 205,
    "text" : "CVE-2018-15374 | A vulnerability in the Image Verification feature of Cisco IOS XE Software could allow an authenticated, local attacker to install a malicious software image or file on an affected device.",
    "tokens" : [ {
      "id" : "s0-t0",
      "begin" : 0,
      "end" : 14,
      "text" : "CVE-2018-15374",
      "whiteSpace" : false
    }, {
      "id" : "s0-t1",
      "begin" : 15,
      "end" : 16,
      "text" : "|",
      "whiteSpace" : false
    }, {
      "id" : "s0-t2",
      "begin" : 17,
      "end" : 18,
      "text" : "A",
      "whiteSpace" : false
    }, {
      "id" : "s0-t3",
      "begin" : 19,
      "end" : 32,
      "text" : "vulnerability",
      "whiteSpace" : false
    }, {
      "id" : "s0-t4",
      "begin" : 33,
      "end" : 35,
      "text" : "in",
      "whiteSpace" : false
    }, {
      "id" : "s0-t5",
      "begin" : 36,
      "end" : 39,
      "text" : "the",
      "whiteSpace" : false
    }, {
      "id" : "s0-t6",
      "begin" : 40,
      "end" : 45,
      "text" : "Image",
      "whiteSpace" : false
    }, {
      "id" : "s0-t7",
      "begin" : 46,
      "end" : 58,
      "text" : "Verification",
      "whiteSpace" : false
    }, {
      "id" : "s0-t8",
      "begin" : 59,
      "end" : 66,
      "text" : "feature",
      "whiteSpace" : false
    }, {
      "id" : "s0-t9",
      "begin" : 67,
      "end" : 69,
      "text" : "of",
      "whiteSpace" : false
    }, {
      "id" : "s0-t10",
      "begin" : 70,
      "end" : 75,
      "text" : "Cisco",
      "whiteSpace" : false
    }, {
      "id" : "s0-t11",
      "begin" : 76,
      "end" : 79,
      "text" : "IOS",
      "whiteSpace" : false
    }, {
      "id" : "s0-t12",
      "begin" : 80,
      "end" : 82,
      "text" : "XE",
      "whiteSpace" : false
    }, {
      "id" : "s0-t13",
      "begin" : 83,
      "end" : 91,
      "text" : "Software",
      "whiteSpace" : false
    }, {
      "id" : "s0-t14",
      "begin" : 92,
      "end" : 97,
      "text" : "could",
      "whiteSpace" : false
    }, {
      "id" : "s0-t15",
      "begin" : 98,
      "end" : 103,
      "text" : "allow",
      "whiteSpace" : false
    }, {
      "id" : "s0-t16",
      "begin" : 104,
      "end" : 106,
      "text" : "an",
      "whiteSpace" : false
    }, {
      "id" : "s0-t17",
      "begin" : 107,
      "end" : 120,
      "text" : "authenticated",
      "whiteSpace" : false
    }, {
      "id" : "s0-t18",
      "begin" : 120,
      "end" : 121,
      "text" : ",",
      "whiteSpace" : false
    }, {
      "id" : "s0-t19",
      "begin" : 122,
      "end" : 127,
      "text" : "local",
      "whiteSpace" : false
    }, {
      "id" : "s0-t20",
      "begin" : 128,
      "end" : 136,
      "text" : "attacker",
      "whiteSpace" : false
    }, {
      "id" : "s0-t21",
      "begin" : 137,
      "end" : 139,
      "text" : "to",
      "whiteSpace" : false
    }, {
      "id" : "s0-t22",
      "begin" : 140,
      "end" : 147,
      "text" : "install",
      "whiteSpace" : false
    }, {
      "id" : "s0-t23",
      "begin" : 148,
      "end" : 149,
      "text" : "a",
      "whiteSpace" : false
    }, {
      "id" : "s0-t24",
      "begin" : 150,
      "end" : 159,
      "text" : "malicious",
      "whiteSpace" : false
    }, {
      "id" : "s0-t25",
      "begin" : 160,
      "end" : 168,
      "text" : "software",
      "whiteSpace" : false
    }, {
      "id" : "s0-t26",
      "begin" : 169,
      "end" : 174,
      "text" : "image",
      "whiteSpace" : false
    }, {
      "id" : "s0-t27",
      "begin" : 175,
      "end" : 177,
      "text" : "or",
      "whiteSpace" : false
    }, {
      "id" : "s0-t28",
      "begin" : 178,
      "end" : 182,
      "text" : "file",
      "whiteSpace" : false
    }, {
      "id" : "s0-t29",
      "begin" : 183,
      "end" : 185,
      "text" : "on",
      "whiteSpace" : false
    }, {
      "id" : "s0-t30",
      "begin" : 186,
      "end" : 188,
      "text" : "an",
      "whiteSpace" : false
    }, {
      "id" : "s0-t31",
      "begin" : 189,
      "end" : 197,
      "text" : "affected",
      "whiteSpace" : false
    }, {
      "id" : "s0-t32",
      "begin" : 198,
      "end" : 204,
      "text" : "device",
      "whiteSpace" : false
    }, {
      "id" : "s0-t33",
      "begin" : 204,
      "end" : 205,
      "text" : ".",
      "whiteSpace" : false
    } ]
  }, {
    "id" : "s1",
    "begin" : 206,
    "end" : 356,
    "text" : "The vulnerability is due to the affected software improperly verifying digital signatures for software images and files that are uploaded to a device.",
    "tokens" : [ {
      "id" : "s1-t0",
      "begin" : 206,
      "end" : 209,
      "text" : "The",
      "whiteSpace" : false
    }, {
      "id" : "s1-t1",
      "begin" : 210,
      "end" : 223,
      "text" : "vulnerability",
      "whiteSpace" : false
    }, {
      "id" : "s1-t2",
      "begin" : 224,
      "end" : 226,
      "text" : "is",
      "whiteSpace" : false
    }, {
      "id" : "s1-t3",
      "begin" : 227,
      "end" : 230,
      "text" : "due",
      "whiteSpace" : false
    }, {
      "id" : "s1-t4",
      "begin" : 231,
      "end" : 233,
      "text" : "to",
      "whiteSpace" : false
    }, {
      "id" : "s1-t5",
      "begin" : 234,
      "end" : 237,
      "text" : "the",
      "whiteSpace" : false
    }, {
      "id" : "s1-t6",
      "begin" : 238,
      "end" : 246,
      "text" : "affected",
      "whiteSpace" : false
    }, {
      "id" : "s1-t7",
      "begin" : 247,
      "end" : 255,
      "text" : "software",
      "whiteSpace" : false
    }, {
      "id" : "s1-t8",
      "begin" : 256,
      "end" : 266,
      "text" : "improperly",
      "whiteSpace" : false
    }, {
      "id" : "s1-t9",
      "begin" : 267,
      "end" : 276,
      "text" : "verifying",
      "whiteSpace" : false
    }, {
      "id" : "s1-t10",
      "begin" : 277,
      "end" : 284,
      "text" : "digital",
      "whiteSpace" : false
    }, {
      "id" : "s1-t11",
      "begin" : 285,
      "end" : 295,
      "text" : "signatures",
      "whiteSpace" : false
    }, {
      "id" : "s1-t12",
      "begin" : 296,
      "end" : 299,
      "text" : "for",
      "whiteSpace" : false
    }, {
      "id" : "s1-t13",
      "begin" : 300,
      "end" : 308,
      "text" : "software",
      "whiteSpace" : false
    }, {
      "id" : "s1-t14",
      "begin" : 309,
      "end" : 315,
      "text" : "images",
      "whiteSpace" : false
    }, {
      "id" : "s1-t15",
      "begin" : 316,
      "end" : 319,
      "text" : "and",
      "whiteSpace" : false
    }, {
      "id" : "s1-t16",
      "begin" : 320,
      "end" : 325,
      "text" : "files",
      "whiteSpace" : false
    }, {
      "id" : "s1-t17",
      "begin" : 326,
      "end" : 330,
      "text" : "that",
      "whiteSpace" : false
    }, {
      "id" : "s1-t18",
      "begin" : 331,
      "end" : 334,
      "text" : "are",
      "whiteSpace" : false
    }, {
      "id" : "s1-t19",
      "begin" : 335,
      "end" : 343,
      "text" : "uploaded",
      "whiteSpace" : false
    }, {
      "id" : "s1-t20",
      "begin" : 344,
      "end" : 346,
      "text" : "to",
      "whiteSpace" : false
    }, {
      "id" : "s1-t21",
      "begin" : 347,
      "end" : 348,
      "text" : "a",
      "whiteSpace" : false
    }, {
      "id" : "s1-t22",
      "begin" : 349,
      "end" : 355,
      "text" : "device",
      "whiteSpace" : false
    }, {
      "id" : "s1-t23",
      "begin" : 355,
      "end" : 356,
      "text" : ".",
      "whiteSpace" : false
    } ]
  }, {
    "id" : "s2",
    "begin" : 357,
    "end" : 472,
    "text" : "An attacker could exploit this vulnerability by uploading a malicious software image or file to an affected device.",
    "tokens" : [ {
      "id" : "s2-t0",
      "begin" : 357,
      "end" : 359,
      "text" : "An",
      "whiteSpace" : false
    }, {
      "id" : "s2-t1",
      "begin" : 360,
      "end" : 368,
      "text" : "attacker",
      "whiteSpace" : false
    }, {
      "id" : "s2-t2",
      "begin" : 369,
      "end" : 374,
      "text" : "could",
      "whiteSpace" : false
    }, {
      "id" : "s2-t3",
      "begin" : 375,
      "end" : 382,
      "text" : "exploit",
      "whiteSpace" : false
    }, {
      "id" : "s2-t4",
      "begin" : 383,
      "end" : 387,
      "text" : "this",
      "whiteSpace" : false
    }, {
      "id" : "s2-t5",
      "begin" : 388,
      "end" : 401,
      "text" : "vulnerability",
      "whiteSpace" : false
    }, {
      "id" : "s2-t6",
      "begin" : 402,
      "end" : 404,
      "text" : "by",
      "whiteSpace" : false
    }, {
      "id" : "s2-t7",
      "begin" : 405,
      "end" : 414,
      "text" : "uploading",
      "whiteSpace" : false
    }, {
      "id" : "s2-t8",
      "begin" : 415,
      "end" : 416,
      "text" : "a",
      "whiteSpace" : false
    }, {
      "id" : "s2-t9",
      "begin" : 417,
      "end" : 426,
      "text" : "malicious",
      "whiteSpace" : false
    }, {
      "id" : "s2-t10",
      "begin" : 427,
      "end" : 435,
      "text" : "software",
      "whiteSpace" : false
    }, {
      "id" : "s2-t11",
      "begin" : 436,
      "end" : 441,
      "text" : "image",
      "whiteSpace" : false
    }, {
      "id" : "s2-t12",
      "begin" : 442,
      "end" : 444,
      "text" : "or",
      "whiteSpace" : false
    }, {
      "id" : "s2-t13",
      "begin" : 445,
      "end" : 449,
      "text" : "file",
      "whiteSpace" : false
    }, {
      "id" : "s2-t14",
      "begin" : 450,
      "end" : 452,
      "text" : "to",
      "whiteSpace" : false
    }, {
      "id" : "s2-t15",
      "begin" : 453,
      "end" : 455,
      "text" : "an",
      "whiteSpace" : false
    }, {
      "id" : "s2-t16",
      "begin" : 456,
      "end" : 464,
      "text" : "affected",
      "whiteSpace" : false
    }, {
      "id" : "s2-t17",
      "begin" : 465,
      "end" : 471,
      "text" : "device",
      "whiteSpace" : false
    }, {
      "id" : "s2-t18",
      "begin" : 471,
      "end" : 472,
      "text" : ".",
      "whiteSpace" : false
    } ]
  }, {
    "id" : "s3",
    "begin" : 473,
    "end" : 667,
    "text" : "A successful exploit could allow the attacker to bypass digital signature verification checks for software images and files and install a malicious software image or file on the affected device.",
    "tokens" : [ {
      "id" : "s3-t0",
      "begin" : 473,
      "end" : 474,
      "text" : "A",
      "whiteSpace" : false
    }, {
      "id" : "s3-t1",
      "begin" : 475,
      "end" : 485,
      "text" : "successful",
      "whiteSpace" : false
    }, {
      "id" : "s3-t2",
      "begin" : 486,
      "end" : 493,
      "text" : "exploit",
      "whiteSpace" : false
    }, {
      "id" : "s3-t3",
      "begin" : 494,
      "end" : 499,
      "text" : "could",
      "whiteSpace" : false
    }, {
      "id" : "s3-t4",
      "begin" : 500,
      "end" : 505,
      "text" : "allow",
      "whiteSpace" : false
    }, {
      "id" : "s3-t5",
      "begin" : 506,
      "end" : 509,
      "text" : "the",
      "whiteSpace" : false
    }, {
      "id" : "s3-t6",
      "begin" : 510,
      "end" : 518,
      "text" : "attacker",
      "whiteSpace" : false
    }, {
      "id" : "s3-t7",
      "begin" : 519,
      "end" : 521,
      "text" : "to",
      "whiteSpace" : false
    }, {
      "id" : "s3-t8",
      "begin" : 522,
      "end" : 528,
      "text" : "bypass",
      "whiteSpace" : false
    }, {
      "id" : "s3-t9",
      "begin" : 529,
      "end" : 536,
      "text" : "digital",
      "whiteSpace" : false
    }, {
      "id" : "s3-t10",
      "begin" : 537,
      "end" : 546,
      "text" : "signature",
      "whiteSpace" : false
    }, {
      "id" : "s3-t11",
      "begin" : 547,
      "end" : 559,
      "text" : "verification",
      "whiteSpace" : false
    }, {
      "id" : "s3-t12",
      "begin" : 560,
      "end" : 566,
      "text" : "checks",
      "whiteSpace" : false
    }, {
      "id" : "s3-t13",
      "begin" : 567,
      "end" : 570,
      "text" : "for",
      "whiteSpace" : false
    }, {
      "id" : "s3-t14",
      "begin" : 571,
      "end" : 579,
      "text" : "software",
      "whiteSpace" : false
    }, {
      "id" : "s3-t15",
      "begin" : 580,
      "end" : 586,
      "text" : "images",
      "whiteSpace" : false
    }, {
      "id" : "s3-t16",
      "begin" : 587,
      "end" : 590,
      "text" : "and",
      "whiteSpace" : false
    }, {
      "id" : "s3-t17",
      "begin" : 591,
      "end" : 596,
      "text" : "files",
      "whiteSpace" : false
    }, {
      "id" : "s3-t18",
      "begin" : 597,
      "end" : 600,
      "text" : "and",
      "whiteSpace" : false
    }, {
      "id" : "s3-t19",
      "begin" : 601,
      "end" : 608,
      "text" : "install",
      "whiteSpace" : false
    }, {
      "id" : "s3-t20",
      "begin" : 609,
      "end" : 610,
      "text" : "a",
      "whiteSpace" : false
    }, {
      "id" : "s3-t21",
      "begin" : 611,
      "end" : 620,
      "text" : "malicious",
      "whiteSpace" : false
    }, {
      "id" : "s3-t22",
      "begin" : 621,
      "end" : 629,
      "text" : "software",
      "whiteSpace" : false
    }, {
      "id" : "s3-t23",
      "begin" : 630,
      "end" : 635,
      "text" : "image",
      "whiteSpace" : false
    }, {
      "id" : "s3-t24",
      "begin" : 636,
      "end" : 638,
      "text" : "or",
      "whiteSpace" : false
    }, {
      "id" : "s3-t25",
      "begin" : 639,
      "end" : 643,
      "text" : "file",
      "whiteSpace" : false
    }, {
      "id" : "s3-t26",
      "begin" : 644,
      "end" : 646,
      "text" : "on",
      "whiteSpace" : false
    }, {
      "id" : "s3-t27",
      "begin" : 647,
      "end" : 650,
      "text" : "the",
      "whiteSpace" : false
    }, {
      "id" : "s3-t28",
      "begin" : 651,
      "end" : 659,
      "text" : "affected",
      "whiteSpace" : false
    }, {
      "id" : "s3-t29",
      "begin" : 660,
      "end" : 666,
      "text" : "device",
      "whiteSpace" : false
    }, {
      "id" : "s3-t30",
      "begin" : 666,
      "end" : 667,
      "text" : ".",
      "whiteSpace" : false
    } ]
  }, {
    "id" : "s4",
    "begin" : 668,
    "end" : 930,
    "text" : "| CISCO:20180926 Cisco IOS XE Software Digital Signature Verification Bypass Vulnerability   |   URL:https://tools.cisco.com/security/center/content/CiscoSecurityAdvisory/cisco-sa-20180926-digsig   |   BID:105415   |   URL:http://www.securityfocus.com/bid/105415",
    "tokens" : [ {
      "id" : "s4-t0",
      "begin" : 668,
      "end" : 669,
      "text" : "|",
      "whiteSpace" : false
    }, {
      "id" : "s4-t1",
      "begin" : 670,
      "end" : 675,
      "text" : "CISCO",
      "whiteSpace" : false
    }, {
      "id" : "s4-t2",
      "begin" : 675,
      "end" : 676,
      "text" : ":",
      "whiteSpace" : false
    }, {
      "id" : "s4-t3",
      "begin" : 676,
      "end" : 684,
      "text" : "20180926",
      "whiteSpace" : false
    }, {
      "id" : "s4-t4",
      "begin" : 685,
      "end" : 690,
      "text" : "Cisco",
      "whiteSpace" : false
    }, {
      "id" : "s4-t5",
      "begin" : 691,
      "end" : 694,
      "text" : "IOS",
      "whiteSpace" : false
    }, {
      "id" : "s4-t6",
      "begin" : 695,
      "end" : 697,
      "text" : "XE",
      "whiteSpace" : false
    }, {
      "id" : "s4-t7",
      "begin" : 698,
      "end" : 706,
      "text" : "Software",
      "whiteSpace" : false
    }, {
      "id" : "s4-t8",
      "begin" : 707,
      "end" : 714,
      "text" : "Digital",
      "whiteSpace" : false
    }, {
      "id" : "s4-t9",
      "begin" : 715,
      "end" : 724,
      "text" : "Signature",
      "whiteSpace" : false
    }, {
      "id" : "s4-t10",
      "begin" : 725,
      "end" : 737,
      "text" : "Verification",
      "whiteSpace" : false
    }, {
      "id" : "s4-t11",
      "begin" : 738,
      "end" : 744,
      "text" : "Bypass",
      "whiteSpace" : false
    }, {
      "id" : "s4-t12",
      "begin" : 745,
      "end" : 758,
      "text" : "Vulnerability",
      "whiteSpace" : false
    }, {
      "id" : "s4-t13",
      "begin" : 761,
      "end" : 762,
      "text" : "|",
      "whiteSpace" : false
    }, {
      "id" : "s4-t14",
      "begin" : 765,
      "end" : 863,
      "text" : "URL:https://tools.cisco.com/security/center/content/CiscoSecurityAdvisory/cisco-sa-20180926-digsig",
      "whiteSpace" : false
    }, {
      "id" : "s4-t15",
      "begin" : 866,
      "end" : 867,
      "text" : "|",
      "whiteSpace" : false
    }, {
      "id" : "s4-t16",
      "begin" : 870,
      "end" : 873,
      "text" : "BID",
      "whiteSpace" : false
    }, {
      "id" : "s4-t17",
      "begin" : 873,
      "end" : 874,
      "text" : ":",
      "whiteSpace" : false
    }, {
      "id" : "s4-t18",
      "begin" : 874,
      "end" : 880,
      "text" : "105415",
      "whiteSpace" : false
    }, {
      "id" : "s4-t19",
      "begin" : 883,
      "end" : 884,
      "text" : "|",
      "whiteSpace" : false
    }, {
      "id" : "s4-t20",
      "begin" : 887,
      "end" : 924,
      "text" : "URL:http://www.securityfocus.com/bid/",
      "whiteSpace" : false
    }, {
      "id" : "s4-t21",
      "begin" : 924,
      "end" : 930,
      "text" : "105415",
      "whiteSpace" : false
    } ]
  } ],
  "mentions" : [ ],
  "relations" : [ ],
  "corefs" : [ ],
  "typeResolved" : true,
  "userResolved" : false
}