{
  "id" : "cb44ad30-e5bf-11e8-ac51-0ddb2b53e7d9-2851",
  "name" : "CVE-2018-15403",
  "createdDate" : 0,
  "version" : 3,
  "text" : "CVE-2018-15403 | A vulnerability in the web interface of Cisco Emergency Responder, Cisco Unified Communications Manager, Cisco Unified Communications Manager IM & Presence Service, and Cisco Unity Connection could allow an authenticated, remote attacker to redirect a user to a malicious web page. The vulnerability is due to improper input validation of the parameters of an HTTP request. An attacker could exploit this vulnerability by crafting an HTTP request that causes the web interface to redirect a request to a specific malicious URL. This type of vulnerability is known as an open redirect attack and is used in phishing attacks that get users to unknowingly visit malicious sites. | CISCO:20181003 Multiple Cisco Unified Communications Products Open Redirect Vulnerability   |   URL:https://tools.cisco.com/security/center/content/CiscoSecurityAdvisory/cisco-sa-20181003-er-ucm-redirect   |   SECTRACK:1041780   |   URL:http://www.securitytracker.com/id/1041780   |   SECTRACK:1041789   |   URL:http://www.securitytracker.com/id/1041789",
  "docLength" : 0,
  "language" : "EN",
  "status" : "READY",
  "modifiedDate" : 1541947254783,
  "documentSet" : [ ],
  "preannotation" : [ ],
  "sentences" : [ {
    "id" : "s0",
    "begin" : 0,
    "end" : 298,
    "text" : "CVE-2018-15403 | A vulnerability in the web interface of Cisco Emergency Responder, Cisco Unified Communications Manager, Cisco Unified Communications Manager IM & Presence Service, and Cisco Unity Connection could allow an authenticated, remote attacker to redirect a user to a malicious web page.",
    "tokens" : [ {
      "id" : "s0-t0",
      "begin" : 0,
      "end" : 14,
      "text" : "CVE-2018-15403",
      "whiteSpace" : false
    }, {
      "id" : "s0-t1",
      "begin" : 15,
      "end" : 16,
      "text" : "|",
      "whiteSpace" : false
    }, {
      "id" : "s0-t2",
      "begin" : 17,
      "end" : 18,
      "text" : "A",
      "whiteSpace" : false
    }, {
      "id" : "s0-t3",
      "begin" : 19,
      "end" : 32,
      "text" : "vulnerability",
      "whiteSpace" : false
    }, {
      "id" : "s0-t4",
      "begin" : 33,
      "end" : 35,
      "text" : "in",
      "whiteSpace" : false
    }, {
      "id" : "s0-t5",
      "begin" : 36,
      "end" : 39,
      "text" : "the",
      "whiteSpace" : false
    }, {
      "id" : "s0-t6",
      "begin" : 40,
      "end" : 43,
      "text" : "web",
      "whiteSpace" : false
    }, {
      "id" : "s0-t7",
      "begin" : 44,
      "end" : 53,
      "text" : "interface",
      "whiteSpace" : false
    }, {
      "id" : "s0-t8",
      "begin" : 54,
      "end" : 56,
      "text" : "of",
      "whiteSpace" : false
    }, {
      "id" : "s0-t9",
      "begin" : 57,
      "end" : 62,
      "text" : "Cisco",
      "whiteSpace" : false
    }, {
      "id" : "s0-t10",
      "begin" : 63,
      "end" : 72,
      "text" : "Emergency",
      "whiteSpace" : false
    }, {
      "id" : "s0-t11",
      "begin" : 73,
      "end" : 82,
      "text" : "Responder",
      "whiteSpace" : false
    }, {
      "id" : "s0-t12",
      "begin" : 82,
      "end" : 83,
      "text" : ",",
      "whiteSpace" : false
    }, {
      "id" : "s0-t13",
      "begin" : 84,
      "end" : 89,
      "text" : "Cisco",
      "whiteSpace" : false
    }, {
      "id" : "s0-t14",
      "begin" : 90,
      "end" : 97,
      "text" : "Unified",
      "whiteSpace" : false
    }, {
      "id" : "s0-t15",
      "begin" : 98,
      "end" : 112,
      "text" : "Communications",
      "whiteSpace" : false
    }, {
      "id" : "s0-t16",
      "begin" : 113,
      "end" : 120,
      "text" : "Manager",
      "whiteSpace" : false
    }, {
      "id" : "s0-t17",
      "begin" : 120,
      "end" : 121,
      "text" : ",",
      "whiteSpace" : false
    }, {
      "id" : "s0-t18",
      "begin" : 122,
      "end" : 127,
      "text" : "Cisco",
      "whiteSpace" : false
    }, {
      "id" : "s0-t19",
      "begin" : 128,
      "end" : 135,
      "text" : "Unified",
      "whiteSpace" : false
    }, {
      "id" : "s0-t20",
      "begin" : 136,
      "end" : 150,
      "text" : "Communications",
      "whiteSpace" : false
    }, {
      "id" : "s0-t21",
      "begin" : 151,
      "end" : 158,
      "text" : "Manager",
      "whiteSpace" : false
    }, {
      "id" : "s0-t22",
      "begin" : 159,
      "end" : 161,
      "text" : "IM",
      "whiteSpace" : false
    }, {
      "id" : "s0-t23",
      "begin" : 162,
      "end" : 163,
      "text" : "&",
      "whiteSpace" : false
    }, {
      "id" : "s0-t24",
      "begin" : 164,
      "end" : 172,
      "text" : "Presence",
      "whiteSpace" : false
    }, {
      "id" : "s0-t25",
      "begin" : 173,
      "end" : 180,
      "text" : "Service",
      "whiteSpace" : false
    }, {
      "id" : "s0-t26",
      "begin" : 180,
      "end" : 181,
      "text" : ",",
      "whiteSpace" : false
    }, {
      "id" : "s0-t27",
      "begin" : 182,
      "end" : 185,
      "text" : "and",
      "whiteSpace" : false
    }, {
      "id" : "s0-t28",
      "begin" : 186,
      "end" : 191,
      "text" : "Cisco",
      "whiteSpace" : false
    }, {
      "id" : "s0-t29",
      "begin" : 192,
      "end" : 197,
      "text" : "Unity",
      "whiteSpace" : false
    }, {
      "id" : "s0-t30",
      "begin" : 198,
      "end" : 208,
      "text" : "Connection",
      "whiteSpace" : false
    }, {
      "id" : "s0-t31",
      "begin" : 209,
      "end" : 214,
      "text" : "could",
      "whiteSpace" : false
    }, {
      "id" : "s0-t32",
      "begin" : 215,
      "end" : 220,
      "text" : "allow",
      "whiteSpace" : false
    }, {
      "id" : "s0-t33",
      "begin" : 221,
      "end" : 223,
      "text" : "an",
      "whiteSpace" : false
    }, {
      "id" : "s0-t34",
      "begin" : 224,
      "end" : 237,
      "text" : "authenticated",
      "whiteSpace" : false
    }, {
      "id" : "s0-t35",
      "begin" : 237,
      "end" : 238,
      "text" : ",",
      "whiteSpace" : false
    }, {
      "id" : "s0-t36",
      "begin" : 239,
      "end" : 245,
      "text" : "remote",
      "whiteSpace" : false
    }, {
      "id" : "s0-t37",
      "begin" : 246,
      "end" : 254,
      "text" : "attacker",
      "whiteSpace" : false
    }, {
      "id" : "s0-t38",
      "begin" : 255,
      "end" : 257,
      "text" : "to",
      "whiteSpace" : false
    }, {
      "id" : "s0-t39",
      "begin" : 258,
      "end" : 266,
      "text" : "redirect",
      "whiteSpace" : false
    }, {
      "id" : "s0-t40",
      "begin" : 267,
      "end" : 268,
      "text" : "a",
      "whiteSpace" : false
    }, {
      "id" : "s0-t41",
      "begin" : 269,
      "end" : 273,
      "text" : "user",
      "whiteSpace" : false
    }, {
      "id" : "s0-t42",
      "begin" : 274,
      "end" : 276,
      "text" : "to",
      "whiteSpace" : false
    }, {
      "id" : "s0-t43",
      "begin" : 277,
      "end" : 278,
      "text" : "a",
      "whiteSpace" : false
    }, {
      "id" : "s0-t44",
      "begin" : 279,
      "end" : 288,
      "text" : "malicious",
      "whiteSpace" : false
    }, {
      "id" : "s0-t45",
      "begin" : 289,
      "end" : 292,
      "text" : "web",
      "whiteSpace" : false
    }, {
      "id" : "s0-t46",
      "begin" : 293,
      "end" : 297,
      "text" : "page",
      "whiteSpace" : false
    }, {
      "id" : "s0-t47",
      "begin" : 297,
      "end" : 298,
      "text" : ".",
      "whiteSpace" : false
    } ]
  }, {
    "id" : "s1",
    "begin" : 299,
    "end" : 390,
    "text" : "The vulnerability is due to improper input validation of the parameters of an HTTP request.",
    "tokens" : [ {
      "id" : "s1-t0",
      "begin" : 299,
      "end" : 302,
      "text" : "The",
      "whiteSpace" : false
    }, {
      "id" : "s1-t1",
      "begin" : 303,
      "end" : 316,
      "text" : "vulnerability",
      "whiteSpace" : false
    }, {
      "id" : "s1-t2",
      "begin" : 317,
      "end" : 319,
      "text" : "is",
      "whiteSpace" : false
    }, {
      "id" : "s1-t3",
      "begin" : 320,
      "end" : 323,
      "text" : "due",
      "whiteSpace" : false
    }, {
      "id" : "s1-t4",
      "begin" : 324,
      "end" : 326,
      "text" : "to",
      "whiteSpace" : false
    }, {
      "id" : "s1-t5",
      "begin" : 327,
      "end" : 335,
      "text" : "improper",
      "whiteSpace" : false
    }, {
      "id" : "s1-t6",
      "begin" : 336,
      "end" : 341,
      "text" : "input",
      "whiteSpace" : false
    }, {
      "id" : "s1-t7",
      "begin" : 342,
      "end" : 352,
      "text" : "validation",
      "whiteSpace" : false
    }, {
      "id" : "s1-t8",
      "begin" : 353,
      "end" : 355,
      "text" : "of",
      "whiteSpace" : false
    }, {
      "id" : "s1-t9",
      "begin" : 356,
      "end" : 359,
      "text" : "the",
      "whiteSpace" : false
    }, {
      "id" : "s1-t10",
      "begin" : 360,
      "end" : 370,
      "text" : "parameters",
      "whiteSpace" : false
    }, {
      "id" : "s1-t11",
      "begin" : 371,
      "end" : 373,
      "text" : "of",
      "whiteSpace" : false
    }, {
      "id" : "s1-t12",
      "begin" : 374,
      "end" : 376,
      "text" : "an",
      "whiteSpace" : false
    }, {
      "id" : "s1-t13",
      "begin" : 377,
      "end" : 381,
      "text" : "HTTP",
      "whiteSpace" : false
    }, {
      "id" : "s1-t14",
      "begin" : 382,
      "end" : 389,
      "text" : "request",
      "whiteSpace" : false
    }, {
      "id" : "s1-t15",
      "begin" : 389,
      "end" : 390,
      "text" : ".",
      "whiteSpace" : false
    } ]
  }, {
    "id" : "s2",
    "begin" : 391,
    "end" : 544,
    "text" : "An attacker could exploit this vulnerability by crafting an HTTP request that causes the web interface to redirect a request to a specific malicious URL.",
    "tokens" : [ {
      "id" : "s2-t0",
      "begin" : 391,
      "end" : 393,
      "text" : "An",
      "whiteSpace" : false
    }, {
      "id" : "s2-t1",
      "begin" : 394,
      "end" : 402,
      "text" : "attacker",
      "whiteSpace" : false
    }, {
      "id" : "s2-t2",
      "begin" : 403,
      "end" : 408,
      "text" : "could",
      "whiteSpace" : false
    }, {
      "id" : "s2-t3",
      "begin" : 409,
      "end" : 416,
      "text" : "exploit",
      "whiteSpace" : false
    }, {
      "id" : "s2-t4",
      "begin" : 417,
      "end" : 421,
      "text" : "this",
      "whiteSpace" : false
    }, {
      "id" : "s2-t5",
      "begin" : 422,
      "end" : 435,
      "text" : "vulnerability",
      "whiteSpace" : false
    }, {
      "id" : "s2-t6",
      "begin" : 436,
      "end" : 438,
      "text" : "by",
      "whiteSpace" : false
    }, {
      "id" : "s2-t7",
      "begin" : 439,
      "end" : 447,
      "text" : "crafting",
      "whiteSpace" : false
    }, {
      "id" : "s2-t8",
      "begin" : 448,
      "end" : 450,
      "text" : "an",
      "whiteSpace" : false
    }, {
      "id" : "s2-t9",
      "begin" : 451,
      "end" : 455,
      "text" : "HTTP",
      "whiteSpace" : false
    }, {
      "id" : "s2-t10",
      "begin" : 456,
      "end" : 463,
      "text" : "request",
      "whiteSpace" : false
    }, {
      "id" : "s2-t11",
      "begin" : 464,
      "end" : 468,
      "text" : "that",
      "whiteSpace" : false
    }, {
      "id" : "s2-t12",
      "begin" : 469,
      "end" : 475,
      "text" : "causes",
      "whiteSpace" : false
    }, {
      "id" : "s2-t13",
      "begin" : 476,
      "end" : 479,
      "text" : "the",
      "whiteSpace" : false
    }, {
      "id" : "s2-t14",
      "begin" : 480,
      "end" : 483,
      "text" : "web",
      "whiteSpace" : false
    }, {
      "id" : "s2-t15",
      "begin" : 484,
      "end" : 493,
      "text" : "interface",
      "whiteSpace" : false
    }, {
      "id" : "s2-t16",
      "begin" : 494,
      "end" : 496,
      "text" : "to",
      "whiteSpace" : false
    }, {
      "id" : "s2-t17",
      "begin" : 497,
      "end" : 505,
      "text" : "redirect",
      "whiteSpace" : false
    }, {
      "id" : "s2-t18",
      "begin" : 506,
      "end" : 507,
      "text" : "a",
      "whiteSpace" : false
    }, {
      "id" : "s2-t19",
      "begin" : 508,
      "end" : 515,
      "text" : "request",
      "whiteSpace" : false
    }, {
      "id" : "s2-t20",
      "begin" : 516,
      "end" : 518,
      "text" : "to",
      "whiteSpace" : false
    }, {
      "id" : "s2-t21",
      "begin" : 519,
      "end" : 520,
      "text" : "a",
      "whiteSpace" : false
    }, {
      "id" : "s2-t22",
      "begin" : 521,
      "end" : 529,
      "text" : "specific",
      "whiteSpace" : false
    }, {
      "id" : "s2-t23",
      "begin" : 530,
      "end" : 539,
      "text" : "malicious",
      "whiteSpace" : false
    }, {
      "id" : "s2-t24",
      "begin" : 540,
      "end" : 543,
      "text" : "URL",
      "whiteSpace" : false
    }, {
      "id" : "s2-t25",
      "begin" : 543,
      "end" : 544,
      "text" : ".",
      "whiteSpace" : false
    } ]
  }, {
    "id" : "s3",
    "begin" : 545,
    "end" : 692,
    "text" : "This type of vulnerability is known as an open redirect attack and is used in phishing attacks that get users to unknowingly visit malicious sites.",
    "tokens" : [ {
      "id" : "s3-t0",
      "begin" : 545,
      "end" : 549,
      "text" : "This",
      "whiteSpace" : false
    }, {
      "id" : "s3-t1",
      "begin" : 550,
      "end" : 554,
      "text" : "type",
      "whiteSpace" : false
    }, {
      "id" : "s3-t2",
      "begin" : 555,
      "end" : 557,
      "text" : "of",
      "whiteSpace" : false
    }, {
      "id" : "s3-t3",
      "begin" : 558,
      "end" : 571,
      "text" : "vulnerability",
      "whiteSpace" : false
    }, {
      "id" : "s3-t4",
      "begin" : 572,
      "end" : 574,
      "text" : "is",
      "whiteSpace" : false
    }, {
      "id" : "s3-t5",
      "begin" : 575,
      "end" : 580,
      "text" : "known",
      "whiteSpace" : false
    }, {
      "id" : "s3-t6",
      "begin" : 581,
      "end" : 583,
      "text" : "as",
      "whiteSpace" : false
    }, {
      "id" : "s3-t7",
      "begin" : 584,
      "end" : 586,
      "text" : "an",
      "whiteSpace" : false
    }, {
      "id" : "s3-t8",
      "begin" : 587,
      "end" : 591,
      "text" : "open",
      "whiteSpace" : false
    }, {
      "id" : "s3-t9",
      "begin" : 592,
      "end" : 600,
      "text" : "redirect",
      "whiteSpace" : false
    }, {
      "id" : "s3-t10",
      "begin" : 601,
      "end" : 607,
      "text" : "attack",
      "whiteSpace" : false
    }, {
      "id" : "s3-t11",
      "begin" : 608,
      "end" : 611,
      "text" : "and",
      "whiteSpace" : false
    }, {
      "id" : "s3-t12",
      "begin" : 612,
      "end" : 614,
      "text" : "is",
      "whiteSpace" : false
    }, {
      "id" : "s3-t13",
      "begin" : 615,
      "end" : 619,
      "text" : "used",
      "whiteSpace" : false
    }, {
      "id" : "s3-t14",
      "begin" : 620,
      "end" : 622,
      "text" : "in",
      "whiteSpace" : false
    }, {
      "id" : "s3-t15",
      "begin" : 623,
      "end" : 631,
      "text" : "phishing",
      "whiteSpace" : false
    }, {
      "id" : "s3-t16",
      "begin" : 632,
      "end" : 639,
      "text" : "attacks",
      "whiteSpace" : false
    }, {
      "id" : "s3-t17",
      "begin" : 640,
      "end" : 644,
      "text" : "that",
      "whiteSpace" : false
    }, {
      "id" : "s3-t18",
      "begin" : 645,
      "end" : 648,
      "text" : "get",
      "whiteSpace" : false
    }, {
      "id" : "s3-t19",
      "begin" : 649,
      "end" : 654,
      "text" : "users",
      "whiteSpace" : false
    }, {
      "id" : "s3-t20",
      "begin" : 655,
      "end" : 657,
      "text" : "to",
      "whiteSpace" : false
    }, {
      "id" : "s3-t21",
      "begin" : 658,
      "end" : 669,
      "text" : "unknowingly",
      "whiteSpace" : false
    }, {
      "id" : "s3-t22",
      "begin" : 670,
      "end" : 675,
      "text" : "visit",
      "whiteSpace" : false
    }, {
      "id" : "s3-t23",
      "begin" : 676,
      "end" : 685,
      "text" : "malicious",
      "whiteSpace" : false
    }, {
      "id" : "s3-t24",
      "begin" : 686,
      "end" : 691,
      "text" : "sites",
      "whiteSpace" : false
    }, {
      "id" : "s3-t25",
      "begin" : 691,
      "end" : 692,
      "text" : ".",
      "whiteSpace" : false
    } ]
  }, {
    "id" : "s4",
    "begin" : 693,
    "end" : 1048,
    "text" : "| CISCO:20181003 Multiple Cisco Unified Communications Products Open Redirect Vulnerability   |   URL:https://tools.cisco.com/security/center/content/CiscoSecurityAdvisory/cisco-sa-20181003-er-ucm-redirect   |   SECTRACK:1041780   |   URL:http://www.securitytracker.com/id/1041780   |   SECTRACK:1041789   |   URL:http://www.securitytracker.com/id/1041789",
    "tokens" : [ {
      "id" : "s4-t0",
      "begin" : 693,
      "end" : 694,
      "text" : "|",
      "whiteSpace" : false
    }, {
      "id" : "s4-t1",
      "begin" : 695,
      "end" : 700,
      "text" : "CISCO",
      "whiteSpace" : false
    }, {
      "id" : "s4-t2",
      "begin" : 700,
      "end" : 701,
      "text" : ":",
      "whiteSpace" : false
    }, {
      "id" : "s4-t3",
      "begin" : 701,
      "end" : 709,
      "text" : "20181003",
      "whiteSpace" : false
    }, {
      "id" : "s4-t4",
      "begin" : 710,
      "end" : 718,
      "text" : "Multiple",
      "whiteSpace" : false
    }, {
      "id" : "s4-t5",
      "begin" : 719,
      "end" : 724,
      "text" : "Cisco",
      "whiteSpace" : false
    }, {
      "id" : "s4-t6",
      "begin" : 725,
      "end" : 732,
      "text" : "Unified",
      "whiteSpace" : false
    }, {
      "id" : "s4-t7",
      "begin" : 733,
      "end" : 747,
      "text" : "Communications",
      "whiteSpace" : false
    }, {
      "id" : "s4-t8",
      "begin" : 748,
      "end" : 756,
      "text" : "Products",
      "whiteSpace" : false
    }, {
      "id" : "s4-t9",
      "begin" : 757,
      "end" : 761,
      "text" : "Open",
      "whiteSpace" : false
    }, {
      "id" : "s4-t10",
      "begin" : 762,
      "end" : 770,
      "text" : "Redirect",
      "whiteSpace" : false
    }, {
      "id" : "s4-t11",
      "begin" : 771,
      "end" : 784,
      "text" : "Vulnerability",
      "whiteSpace" : false
    }, {
      "id" : "s4-t12",
      "begin" : 787,
      "end" : 788,
      "text" : "|",
      "whiteSpace" : false
    }, {
      "id" : "s4-t13",
      "begin" : 791,
      "end" : 885,
      "text" : "URL:https://tools.cisco.com/security/center/content/CiscoSecurityAdvisory/cisco-sa-20181003-er",
      "whiteSpace" : false
    }, {
      "id" : "s4-t14",
      "begin" : 885,
      "end" : 886,
      "text" : "-",
      "whiteSpace" : false
    }, {
      "id" : "s4-t15",
      "begin" : 886,
      "end" : 889,
      "text" : "ucm",
      "whiteSpace" : false
    }, {
      "id" : "s4-t16",
      "begin" : 889,
      "end" : 890,
      "text" : "-",
      "whiteSpace" : false
    }, {
      "id" : "s4-t17",
      "begin" : 890,
      "end" : 898,
      "text" : "redirect",
      "whiteSpace" : false
    }, {
      "id" : "s4-t18",
      "begin" : 901,
      "end" : 902,
      "text" : "|",
      "whiteSpace" : false
    }, {
      "id" : "s4-t19",
      "begin" : 905,
      "end" : 913,
      "text" : "SECTRACK",
      "whiteSpace" : false
    }, {
      "id" : "s4-t20",
      "begin" : 913,
      "end" : 914,
      "text" : ":",
      "whiteSpace" : false
    }, {
      "id" : "s4-t21",
      "begin" : 914,
      "end" : 921,
      "text" : "1041780",
      "whiteSpace" : false
    }, {
      "id" : "s4-t22",
      "begin" : 924,
      "end" : 925,
      "text" : "|",
      "whiteSpace" : false
    }, {
      "id" : "s4-t23",
      "begin" : 928,
      "end" : 966,
      "text" : "URL:http://www.securitytracker.com/id/",
      "whiteSpace" : false
    }, {
      "id" : "s4-t24",
      "begin" : 966,
      "end" : 973,
      "text" : "1041780",
      "whiteSpace" : false
    }, {
      "id" : "s4-t25",
      "begin" : 976,
      "end" : 977,
      "text" : "|",
      "whiteSpace" : false
    }, {
      "id" : "s4-t26",
      "begin" : 980,
      "end" : 988,
      "text" : "SECTRACK",
      "whiteSpace" : false
    }, {
      "id" : "s4-t27",
      "begin" : 988,
      "end" : 989,
      "text" : ":",
      "whiteSpace" : false
    }, {
      "id" : "s4-t28",
      "begin" : 989,
      "end" : 996,
      "text" : "1041789",
      "whiteSpace" : false
    }, {
      "id" : "s4-t29",
      "begin" : 999,
      "end" : 1000,
      "text" : "|",
      "whiteSpace" : false
    }, {
      "id" : "s4-t30",
      "begin" : 1003,
      "end" : 1041,
      "text" : "URL:http://www.securitytracker.com/id/",
      "whiteSpace" : false
    }, {
      "id" : "s4-t31",
      "begin" : 1041,
      "end" : 1048,
      "text" : "1041789",
      "whiteSpace" : false
    } ]
  } ],
  "mentions" : [ ],
  "relations" : [ ],
  "corefs" : [ ],
  "typeResolved" : true,
  "userResolved" : false
}