{
  "id" : "cb44ad30-e5bf-11e8-ac51-0ddb2b53e7d9-2992",
  "name" : "CVE-2018-1509",
  "createdDate" : 0,
  "version" : 3,
  "text" : "CVE-2018-1509 | IBM Security Guardium EcoSystem 10.5 does not validate, or incorrectly validates, a certificate.This weakness might allow an attacker to spoof a trusted entity by using a man-in-the-middle (MITM) attack. The software might connect to a malicious host while believing it is a trusted host, or the software might be deceived into accepting spoofed data that appears to originate from a trusted host. IBM X-Force ID: 141417. | CONFIRM:http://www.ibm.com/support/docview.wss?uid=ibm10730321   |   SECTRACK:1041759   |   URL:http://www.securitytracker.com/id/1041759   |   XF:ibm-guardium-cve20181509-cert-validation(141417)   |   URL:https://exchange.xforce.ibmcloud.com/vulnerabilities/141417",
  "docLength" : 0,
  "language" : "EN",
  "status" : "READY",
  "modifiedDate" : 1541947254783,
  "documentSet" : [ ],
  "preannotation" : [ ],
  "sentences" : [ {
    "id" : "s0",
    "begin" : 0,
    "end" : 112,
    "text" : "CVE-2018-1509 | IBM Security Guardium EcoSystem 10.5 does not validate, or incorrectly validates, a certificate.",
    "tokens" : [ {
      "id" : "s0-t0",
      "begin" : 0,
      "end" : 13,
      "text" : "CVE-2018-1509",
      "whiteSpace" : false
    }, {
      "id" : "s0-t1",
      "begin" : 14,
      "end" : 15,
      "text" : "|",
      "whiteSpace" : false
    }, {
      "id" : "s0-t2",
      "begin" : 16,
      "end" : 19,
      "text" : "IBM",
      "whiteSpace" : false
    }, {
      "id" : "s0-t3",
      "begin" : 20,
      "end" : 28,
      "text" : "Security",
      "whiteSpace" : false
    }, {
      "id" : "s0-t4",
      "begin" : 29,
      "end" : 37,
      "text" : "Guardium",
      "whiteSpace" : false
    }, {
      "id" : "s0-t5",
      "begin" : 38,
      "end" : 47,
      "text" : "EcoSystem",
      "whiteSpace" : false
    }, {
      "id" : "s0-t6",
      "begin" : 48,
      "end" : 52,
      "text" : "10.5",
      "whiteSpace" : false
    }, {
      "id" : "s0-t7",
      "begin" : 53,
      "end" : 57,
      "text" : "does",
      "whiteSpace" : false
    }, {
      "id" : "s0-t8",
      "begin" : 58,
      "end" : 61,
      "text" : "not",
      "whiteSpace" : false
    }, {
      "id" : "s0-t9",
      "begin" : 62,
      "end" : 70,
      "text" : "validate",
      "whiteSpace" : false
    }, {
      "id" : "s0-t10",
      "begin" : 70,
      "end" : 71,
      "text" : ",",
      "whiteSpace" : false
    }, {
      "id" : "s0-t11",
      "begin" : 72,
      "end" : 74,
      "text" : "or",
      "whiteSpace" : false
    }, {
      "id" : "s0-t12",
      "begin" : 75,
      "end" : 86,
      "text" : "incorrectly",
      "whiteSpace" : false
    }, {
      "id" : "s0-t13",
      "begin" : 87,
      "end" : 96,
      "text" : "validates",
      "whiteSpace" : false
    }, {
      "id" : "s0-t14",
      "begin" : 96,
      "end" : 97,
      "text" : ",",
      "whiteSpace" : false
    }, {
      "id" : "s0-t15",
      "begin" : 98,
      "end" : 99,
      "text" : "a",
      "whiteSpace" : false
    }, {
      "id" : "s0-t16",
      "begin" : 100,
      "end" : 111,
      "text" : "certificate",
      "whiteSpace" : false
    }, {
      "id" : "s0-t17",
      "begin" : 111,
      "end" : 112,
      "text" : ".",
      "whiteSpace" : false
    } ]
  }, {
    "id" : "s1",
    "begin" : 112,
    "end" : 219,
    "text" : "This weakness might allow an attacker to spoof a trusted entity by using a man-in-the-middle (MITM) attack.",
    "tokens" : [ {
      "id" : "s1-t0",
      "begin" : 112,
      "end" : 116,
      "text" : "This",
      "whiteSpace" : false
    }, {
      "id" : "s1-t1",
      "begin" : 117,
      "end" : 125,
      "text" : "weakness",
      "whiteSpace" : false
    }, {
      "id" : "s1-t2",
      "begin" : 126,
      "end" : 131,
      "text" : "might",
      "whiteSpace" : false
    }, {
      "id" : "s1-t3",
      "begin" : 132,
      "end" : 137,
      "text" : "allow",
      "whiteSpace" : false
    }, {
      "id" : "s1-t4",
      "begin" : 138,
      "end" : 140,
      "text" : "an",
      "whiteSpace" : false
    }, {
      "id" : "s1-t5",
      "begin" : 141,
      "end" : 149,
      "text" : "attacker",
      "whiteSpace" : false
    }, {
      "id" : "s1-t6",
      "begin" : 150,
      "end" : 152,
      "text" : "to",
      "whiteSpace" : false
    }, {
      "id" : "s1-t7",
      "begin" : 153,
      "end" : 158,
      "text" : "spoof",
      "whiteSpace" : false
    }, {
      "id" : "s1-t8",
      "begin" : 159,
      "end" : 160,
      "text" : "a",
      "whiteSpace" : false
    }, {
      "id" : "s1-t9",
      "begin" : 161,
      "end" : 168,
      "text" : "trusted",
      "whiteSpace" : false
    }, {
      "id" : "s1-t10",
      "begin" : 169,
      "end" : 175,
      "text" : "entity",
      "whiteSpace" : false
    }, {
      "id" : "s1-t11",
      "begin" : 176,
      "end" : 178,
      "text" : "by",
      "whiteSpace" : false
    }, {
      "id" : "s1-t12",
      "begin" : 179,
      "end" : 184,
      "text" : "using",
      "whiteSpace" : false
    }, {
      "id" : "s1-t13",
      "begin" : 185,
      "end" : 186,
      "text" : "a",
      "whiteSpace" : false
    }, {
      "id" : "s1-t14",
      "begin" : 187,
      "end" : 190,
      "text" : "man",
      "whiteSpace" : false
    }, {
      "id" : "s1-t15",
      "begin" : 190,
      "end" : 191,
      "text" : "-",
      "whiteSpace" : false
    }, {
      "id" : "s1-t16",
      "begin" : 191,
      "end" : 193,
      "text" : "in",
      "whiteSpace" : false
    }, {
      "id" : "s1-t17",
      "begin" : 193,
      "end" : 194,
      "text" : "-",
      "whiteSpace" : false
    }, {
      "id" : "s1-t18",
      "begin" : 194,
      "end" : 197,
      "text" : "the",
      "whiteSpace" : false
    }, {
      "id" : "s1-t19",
      "begin" : 197,
      "end" : 198,
      "text" : "-",
      "whiteSpace" : false
    }, {
      "id" : "s1-t20",
      "begin" : 198,
      "end" : 204,
      "text" : "middle",
      "whiteSpace" : false
    }, {
      "id" : "s1-t21",
      "begin" : 205,
      "end" : 206,
      "text" : "(",
      "whiteSpace" : false
    }, {
      "id" : "s1-t22",
      "begin" : 206,
      "end" : 210,
      "text" : "MITM",
      "whiteSpace" : false
    }, {
      "id" : "s1-t23",
      "begin" : 210,
      "end" : 211,
      "text" : ")",
      "whiteSpace" : false
    }, {
      "id" : "s1-t24",
      "begin" : 212,
      "end" : 218,
      "text" : "attack",
      "whiteSpace" : false
    }, {
      "id" : "s1-t25",
      "begin" : 218,
      "end" : 219,
      "text" : ".",
      "whiteSpace" : false
    } ]
  }, {
    "id" : "s2",
    "begin" : 220,
    "end" : 413,
    "text" : "The software might connect to a malicious host while believing it is a trusted host, or the software might be deceived into accepting spoofed data that appears to originate from a trusted host.",
    "tokens" : [ {
      "id" : "s2-t0",
      "begin" : 220,
      "end" : 223,
      "text" : "The",
      "whiteSpace" : false
    }, {
      "id" : "s2-t1",
      "begin" : 224,
      "end" : 232,
      "text" : "software",
      "whiteSpace" : false
    }, {
      "id" : "s2-t2",
      "begin" : 233,
      "end" : 238,
      "text" : "might",
      "whiteSpace" : false
    }, {
      "id" : "s2-t3",
      "begin" : 239,
      "end" : 246,
      "text" : "connect",
      "whiteSpace" : false
    }, {
      "id" : "s2-t4",
      "begin" : 247,
      "end" : 249,
      "text" : "to",
      "whiteSpace" : false
    }, {
      "id" : "s2-t5",
      "begin" : 250,
      "end" : 251,
      "text" : "a",
      "whiteSpace" : false
    }, {
      "id" : "s2-t6",
      "begin" : 252,
      "end" : 261,
      "text" : "malicious",
      "whiteSpace" : false
    }, {
      "id" : "s2-t7",
      "begin" : 262,
      "end" : 266,
      "text" : "host",
      "whiteSpace" : false
    }, {
      "id" : "s2-t8",
      "begin" : 267,
      "end" : 272,
      "text" : "while",
      "whiteSpace" : false
    }, {
      "id" : "s2-t9",
      "begin" : 273,
      "end" : 282,
      "text" : "believing",
      "whiteSpace" : false
    }, {
      "id" : "s2-t10",
      "begin" : 283,
      "end" : 285,
      "text" : "it",
      "whiteSpace" : false
    }, {
      "id" : "s2-t11",
      "begin" : 286,
      "end" : 288,
      "text" : "is",
      "whiteSpace" : false
    }, {
      "id" : "s2-t12",
      "begin" : 289,
      "end" : 290,
      "text" : "a",
      "whiteSpace" : false
    }, {
      "id" : "s2-t13",
      "begin" : 291,
      "end" : 298,
      "text" : "trusted",
      "whiteSpace" : false
    }, {
      "id" : "s2-t14",
      "begin" : 299,
      "end" : 303,
      "text" : "host",
      "whiteSpace" : false
    }, {
      "id" : "s2-t15",
      "begin" : 303,
      "end" : 304,
      "text" : ",",
      "whiteSpace" : false
    }, {
      "id" : "s2-t16",
      "begin" : 305,
      "end" : 307,
      "text" : "or",
      "whiteSpace" : false
    }, {
      "id" : "s2-t17",
      "begin" : 308,
      "end" : 311,
      "text" : "the",
      "whiteSpace" : false
    }, {
      "id" : "s2-t18",
      "begin" : 312,
      "end" : 320,
      "text" : "software",
      "whiteSpace" : false
    }, {
      "id" : "s2-t19",
      "begin" : 321,
      "end" : 326,
      "text" : "might",
      "whiteSpace" : false
    }, {
      "id" : "s2-t20",
      "begin" : 327,
      "end" : 329,
      "text" : "be",
      "whiteSpace" : false
    }, {
      "id" : "s2-t21",
      "begin" : 330,
      "end" : 338,
      "text" : "deceived",
      "whiteSpace" : false
    }, {
      "id" : "s2-t22",
      "begin" : 339,
      "end" : 343,
      "text" : "into",
      "whiteSpace" : false
    }, {
      "id" : "s2-t23",
      "begin" : 344,
      "end" : 353,
      "text" : "accepting",
      "whiteSpace" : false
    }, {
      "id" : "s2-t24",
      "begin" : 354,
      "end" : 361,
      "text" : "spoofed",
      "whiteSpace" : false
    }, {
      "id" : "s2-t25",
      "begin" : 362,
      "end" : 366,
      "text" : "data",
      "whiteSpace" : false
    }, {
      "id" : "s2-t26",
      "begin" : 367,
      "end" : 371,
      "text" : "that",
      "whiteSpace" : false
    }, {
      "id" : "s2-t27",
      "begin" : 372,
      "end" : 379,
      "text" : "appears",
      "whiteSpace" : false
    }, {
      "id" : "s2-t28",
      "begin" : 380,
      "end" : 382,
      "text" : "to",
      "whiteSpace" : false
    }, {
      "id" : "s2-t29",
      "begin" : 383,
      "end" : 392,
      "text" : "originate",
      "whiteSpace" : false
    }, {
      "id" : "s2-t30",
      "begin" : 393,
      "end" : 397,
      "text" : "from",
      "whiteSpace" : false
    }, {
      "id" : "s2-t31",
      "begin" : 398,
      "end" : 399,
      "text" : "a",
      "whiteSpace" : false
    }, {
      "id" : "s2-t32",
      "begin" : 400,
      "end" : 407,
      "text" : "trusted",
      "whiteSpace" : false
    }, {
      "id" : "s2-t33",
      "begin" : 408,
      "end" : 412,
      "text" : "host",
      "whiteSpace" : false
    }, {
      "id" : "s2-t34",
      "begin" : 412,
      "end" : 413,
      "text" : ".",
      "whiteSpace" : false
    } ]
  }, {
    "id" : "s3",
    "begin" : 414,
    "end" : 437,
    "text" : "IBM X-Force ID: 141417.",
    "tokens" : [ {
      "id" : "s3-t0",
      "begin" : 414,
      "end" : 417,
      "text" : "IBM",
      "whiteSpace" : false
    }, {
      "id" : "s3-t1",
      "begin" : 418,
      "end" : 425,
      "text" : "X-Force",
      "whiteSpace" : false
    }, {
      "id" : "s3-t2",
      "begin" : 426,
      "end" : 428,
      "text" : "ID",
      "whiteSpace" : false
    }, {
      "id" : "s3-t3",
      "begin" : 428,
      "end" : 429,
      "text" : ":",
      "whiteSpace" : false
    }, {
      "id" : "s3-t4",
      "begin" : 430,
      "end" : 436,
      "text" : "141417",
      "whiteSpace" : false
    }, {
      "id" : "s3-t5",
      "begin" : 436,
      "end" : 437,
      "text" : ".",
      "whiteSpace" : false
    } ]
  }, {
    "id" : "s4",
    "begin" : 438,
    "end" : 705,
    "text" : "| CONFIRM:http://www.ibm.com/support/docview.wss?uid=ibm10730321   |   SECTRACK:1041759   |   URL:http://www.securitytracker.com/id/1041759   |   XF:ibm-guardium-cve20181509-cert-validation(141417)   |   URL:https://exchange.xforce.ibmcloud.com/vulnerabilities/141417",
    "tokens" : [ {
      "id" : "s4-t0",
      "begin" : 438,
      "end" : 439,
      "text" : "|",
      "whiteSpace" : false
    }, {
      "id" : "s4-t1",
      "begin" : 440,
      "end" : 502,
      "text" : "CONFIRM:http://www.ibm.com/support/docview.wss?uid=ibm10730321",
      "whiteSpace" : false
    }, {
      "id" : "s4-t2",
      "begin" : 505,
      "end" : 506,
      "text" : "|",
      "whiteSpace" : false
    }, {
      "id" : "s4-t3",
      "begin" : 509,
      "end" : 517,
      "text" : "SECTRACK",
      "whiteSpace" : false
    }, {
      "id" : "s4-t4",
      "begin" : 517,
      "end" : 518,
      "text" : ":",
      "whiteSpace" : false
    }, {
      "id" : "s4-t5",
      "begin" : 518,
      "end" : 525,
      "text" : "1041759",
      "whiteSpace" : false
    }, {
      "id" : "s4-t6",
      "begin" : 528,
      "end" : 529,
      "text" : "|",
      "whiteSpace" : false
    }, {
      "id" : "s4-t7",
      "begin" : 532,
      "end" : 570,
      "text" : "URL:http://www.securitytracker.com/id/",
      "whiteSpace" : false
    }, {
      "id" : "s4-t8",
      "begin" : 570,
      "end" : 577,
      "text" : "1041759",
      "whiteSpace" : false
    }, {
      "id" : "s4-t9",
      "begin" : 580,
      "end" : 581,
      "text" : "|",
      "whiteSpace" : false
    }, {
      "id" : "s4-t10",
      "begin" : 584,
      "end" : 586,
      "text" : "XF",
      "whiteSpace" : false
    }, {
      "id" : "s4-t11",
      "begin" : 586,
      "end" : 590,
      "text" : ":ibm",
      "whiteSpace" : false
    }, {
      "id" : "s4-t12",
      "begin" : 590,
      "end" : 591,
      "text" : "-",
      "whiteSpace" : false
    }, {
      "id" : "s4-t13",
      "begin" : 591,
      "end" : 599,
      "text" : "guardium",
      "whiteSpace" : false
    }, {
      "id" : "s4-t14",
      "begin" : 599,
      "end" : 600,
      "text" : "-",
      "whiteSpace" : false
    }, {
      "id" : "s4-t15",
      "begin" : 600,
      "end" : 611,
      "text" : "cve20181509",
      "whiteSpace" : false
    }, {
      "id" : "s4-t16",
      "begin" : 611,
      "end" : 612,
      "text" : "-",
      "whiteSpace" : false
    }, {
      "id" : "s4-t17",
      "begin" : 612,
      "end" : 616,
      "text" : "cert",
      "whiteSpace" : false
    }, {
      "id" : "s4-t18",
      "begin" : 616,
      "end" : 617,
      "text" : "-",
      "whiteSpace" : false
    }, {
      "id" : "s4-t19",
      "begin" : 617,
      "end" : 627,
      "text" : "validation",
      "whiteSpace" : false
    }, {
      "id" : "s4-t20",
      "begin" : 627,
      "end" : 628,
      "text" : "(",
      "whiteSpace" : false
    }, {
      "id" : "s4-t21",
      "begin" : 628,
      "end" : 634,
      "text" : "141417",
      "whiteSpace" : false
    }, {
      "id" : "s4-t22",
      "begin" : 634,
      "end" : 635,
      "text" : ")",
      "whiteSpace" : false
    }, {
      "id" : "s4-t23",
      "begin" : 638,
      "end" : 639,
      "text" : "|",
      "whiteSpace" : false
    }, {
      "id" : "s4-t24",
      "begin" : 642,
      "end" : 699,
      "text" : "URL:https://exchange.xforce.ibmcloud.com/vulnerabilities/",
      "whiteSpace" : false
    }, {
      "id" : "s4-t25",
      "begin" : 699,
      "end" : 705,
      "text" : "141417",
      "whiteSpace" : false
    } ]
  } ],
  "mentions" : [ ],
  "relations" : [ ],
  "corefs" : [ ],
  "typeResolved" : true,
  "userResolved" : false
}