{
  "id" : "cb44ad30-e5bf-11e8-ac51-0ddb2b53e7d9-2888",
  "name" : "CVE-2018-15363",
  "createdDate" : 0,
  "version" : 3,
  "text" : "CVE-2018-15363 | An Out-of-Bounds Read Privilege Escalation vulnerability in Trend Micro Security 2018 (Consumer) products could allow a local attacker to escalate privileges on vulnerable installations. An attacker must first obtain the ability to execute low-privileged code on the target system in order to exploit the vulnerability. | MISC:https://www.zerodayinitiative.com/advisories/ZDI-18-963/   |   CONFIRM:https://esupport.trendmicro.com/en-US/home/pages/technical-support/1120742.aspx",
  "docLength" : 0,
  "language" : "EN",
  "status" : "READY",
  "modifiedDate" : 1541947254783,
  "documentSet" : [ ],
  "preannotation" : [ ],
  "sentences" : [ {
    "id" : "s0",
    "begin" : 0,
    "end" : 203,
    "text" : "CVE-2018-15363 | An Out-of-Bounds Read Privilege Escalation vulnerability in Trend Micro Security 2018 (Consumer) products could allow a local attacker to escalate privileges on vulnerable installations.",
    "tokens" : [ {
      "id" : "s0-t0",
      "begin" : 0,
      "end" : 14,
      "text" : "CVE-2018-15363",
      "whiteSpace" : false
    }, {
      "id" : "s0-t1",
      "begin" : 15,
      "end" : 16,
      "text" : "|",
      "whiteSpace" : false
    }, {
      "id" : "s0-t2",
      "begin" : 17,
      "end" : 19,
      "text" : "An",
      "whiteSpace" : false
    }, {
      "id" : "s0-t3",
      "begin" : 20,
      "end" : 23,
      "text" : "Out",
      "whiteSpace" : false
    }, {
      "id" : "s0-t4",
      "begin" : 23,
      "end" : 24,
      "text" : "-",
      "whiteSpace" : false
    }, {
      "id" : "s0-t5",
      "begin" : 24,
      "end" : 26,
      "text" : "of",
      "whiteSpace" : false
    }, {
      "id" : "s0-t6",
      "begin" : 26,
      "end" : 27,
      "text" : "-",
      "whiteSpace" : false
    }, {
      "id" : "s0-t7",
      "begin" : 27,
      "end" : 33,
      "text" : "Bounds",
      "whiteSpace" : false
    }, {
      "id" : "s0-t8",
      "begin" : 34,
      "end" : 38,
      "text" : "Read",
      "whiteSpace" : false
    }, {
      "id" : "s0-t9",
      "begin" : 39,
      "end" : 48,
      "text" : "Privilege",
      "whiteSpace" : false
    }, {
      "id" : "s0-t10",
      "begin" : 49,
      "end" : 59,
      "text" : "Escalation",
      "whiteSpace" : false
    }, {
      "id" : "s0-t11",
      "begin" : 60,
      "end" : 73,
      "text" : "vulnerability",
      "whiteSpace" : false
    }, {
      "id" : "s0-t12",
      "begin" : 74,
      "end" : 76,
      "text" : "in",
      "whiteSpace" : false
    }, {
      "id" : "s0-t13",
      "begin" : 77,
      "end" : 82,
      "text" : "Trend",
      "whiteSpace" : false
    }, {
      "id" : "s0-t14",
      "begin" : 83,
      "end" : 88,
      "text" : "Micro",
      "whiteSpace" : false
    }, {
      "id" : "s0-t15",
      "begin" : 89,
      "end" : 97,
      "text" : "Security",
      "whiteSpace" : false
    }, {
      "id" : "s0-t16",
      "begin" : 98,
      "end" : 102,
      "text" : "2018",
      "whiteSpace" : false
    }, {
      "id" : "s0-t17",
      "begin" : 103,
      "end" : 104,
      "text" : "(",
      "whiteSpace" : false
    }, {
      "id" : "s0-t18",
      "begin" : 104,
      "end" : 112,
      "text" : "Consumer",
      "whiteSpace" : false
    }, {
      "id" : "s0-t19",
      "begin" : 112,
      "end" : 113,
      "text" : ")",
      "whiteSpace" : false
    }, {
      "id" : "s0-t20",
      "begin" : 114,
      "end" : 122,
      "text" : "products",
      "whiteSpace" : false
    }, {
      "id" : "s0-t21",
      "begin" : 123,
      "end" : 128,
      "text" : "could",
      "whiteSpace" : false
    }, {
      "id" : "s0-t22",
      "begin" : 129,
      "end" : 134,
      "text" : "allow",
      "whiteSpace" : false
    }, {
      "id" : "s0-t23",
      "begin" : 135,
      "end" : 136,
      "text" : "a",
      "whiteSpace" : false
    }, {
      "id" : "s0-t24",
      "begin" : 137,
      "end" : 142,
      "text" : "local",
      "whiteSpace" : false
    }, {
      "id" : "s0-t25",
      "begin" : 143,
      "end" : 151,
      "text" : "attacker",
      "whiteSpace" : false
    }, {
      "id" : "s0-t26",
      "begin" : 152,
      "end" : 154,
      "text" : "to",
      "whiteSpace" : false
    }, {
      "id" : "s0-t27",
      "begin" : 155,
      "end" : 163,
      "text" : "escalate",
      "whiteSpace" : false
    }, {
      "id" : "s0-t28",
      "begin" : 164,
      "end" : 174,
      "text" : "privileges",
      "whiteSpace" : false
    }, {
      "id" : "s0-t29",
      "begin" : 175,
      "end" : 177,
      "text" : "on",
      "whiteSpace" : false
    }, {
      "id" : "s0-t30",
      "begin" : 178,
      "end" : 188,
      "text" : "vulnerable",
      "whiteSpace" : false
    }, {
      "id" : "s0-t31",
      "begin" : 189,
      "end" : 202,
      "text" : "installations",
      "whiteSpace" : false
    }, {
      "id" : "s0-t32",
      "begin" : 202,
      "end" : 203,
      "text" : ".",
      "whiteSpace" : false
    } ]
  }, {
    "id" : "s1",
    "begin" : 204,
    "end" : 336,
    "text" : "An attacker must first obtain the ability to execute low-privileged code on the target system in order to exploit the vulnerability.",
    "tokens" : [ {
      "id" : "s1-t0",
      "begin" : 204,
      "end" : 206,
      "text" : "An",
      "whiteSpace" : false
    }, {
      "id" : "s1-t1",
      "begin" : 207,
      "end" : 215,
      "text" : "attacker",
      "whiteSpace" : false
    }, {
      "id" : "s1-t2",
      "begin" : 216,
      "end" : 220,
      "text" : "must",
      "whiteSpace" : false
    }, {
      "id" : "s1-t3",
      "begin" : 221,
      "end" : 226,
      "text" : "first",
      "whiteSpace" : false
    }, {
      "id" : "s1-t4",
      "begin" : 227,
      "end" : 233,
      "text" : "obtain",
      "whiteSpace" : false
    }, {
      "id" : "s1-t5",
      "begin" : 234,
      "end" : 237,
      "text" : "the",
      "whiteSpace" : false
    }, {
      "id" : "s1-t6",
      "begin" : 238,
      "end" : 245,
      "text" : "ability",
      "whiteSpace" : false
    }, {
      "id" : "s1-t7",
      "begin" : 246,
      "end" : 248,
      "text" : "to",
      "whiteSpace" : false
    }, {
      "id" : "s1-t8",
      "begin" : 249,
      "end" : 256,
      "text" : "execute",
      "whiteSpace" : false
    }, {
      "id" : "s1-t9",
      "begin" : 257,
      "end" : 260,
      "text" : "low",
      "whiteSpace" : false
    }, {
      "id" : "s1-t10",
      "begin" : 260,
      "end" : 261,
      "text" : "-",
      "whiteSpace" : false
    }, {
      "id" : "s1-t11",
      "begin" : 261,
      "end" : 271,
      "text" : "privileged",
      "whiteSpace" : false
    }, {
      "id" : "s1-t12",
      "begin" : 272,
      "end" : 276,
      "text" : "code",
      "whiteSpace" : false
    }, {
      "id" : "s1-t13",
      "begin" : 277,
      "end" : 279,
      "text" : "on",
      "whiteSpace" : false
    }, {
      "id" : "s1-t14",
      "begin" : 280,
      "end" : 283,
      "text" : "the",
      "whiteSpace" : false
    }, {
      "id" : "s1-t15",
      "begin" : 284,
      "end" : 290,
      "text" : "target",
      "whiteSpace" : false
    }, {
      "id" : "s1-t16",
      "begin" : 291,
      "end" : 297,
      "text" : "system",
      "whiteSpace" : false
    }, {
      "id" : "s1-t17",
      "begin" : 298,
      "end" : 300,
      "text" : "in",
      "whiteSpace" : false
    }, {
      "id" : "s1-t18",
      "begin" : 301,
      "end" : 306,
      "text" : "order",
      "whiteSpace" : false
    }, {
      "id" : "s1-t19",
      "begin" : 307,
      "end" : 309,
      "text" : "to",
      "whiteSpace" : false
    }, {
      "id" : "s1-t20",
      "begin" : 310,
      "end" : 317,
      "text" : "exploit",
      "whiteSpace" : false
    }, {
      "id" : "s1-t21",
      "begin" : 318,
      "end" : 321,
      "text" : "the",
      "whiteSpace" : false
    }, {
      "id" : "s1-t22",
      "begin" : 322,
      "end" : 335,
      "text" : "vulnerability",
      "whiteSpace" : false
    }, {
      "id" : "s1-t23",
      "begin" : 335,
      "end" : 336,
      "text" : ".",
      "whiteSpace" : false
    } ]
  }, {
    "id" : "s2",
    "begin" : 337,
    "end" : 494,
    "text" : "| MISC:https://www.zerodayinitiative.com/advisories/ZDI-18-963/   |   CONFIRM:https://esupport.trendmicro.com/en-US/home/pages/technical-support/1120742.aspx",
    "tokens" : [ {
      "id" : "s2-t0",
      "begin" : 337,
      "end" : 338,
      "text" : "|",
      "whiteSpace" : false
    }, {
      "id" : "s2-t1",
      "begin" : 339,
      "end" : 399,
      "text" : "MISC:https://www.zerodayinitiative.com/advisories/ZDI-18-963",
      "whiteSpace" : false
    }, {
      "id" : "s2-t2",
      "begin" : 399,
      "end" : 400,
      "text" : "/",
      "whiteSpace" : false
    }, {
      "id" : "s2-t3",
      "begin" : 403,
      "end" : 404,
      "text" : "|",
      "whiteSpace" : false
    }, {
      "id" : "s2-t4",
      "begin" : 407,
      "end" : 494,
      "text" : "CONFIRM:https://esupport.trendmicro.com/en-US/home/pages/technical-support/1120742.aspx",
      "whiteSpace" : false
    } ]
  } ],
  "mentions" : [ ],
  "relations" : [ ],
  "corefs" : [ ],
  "typeResolved" : true,
  "userResolved" : false
}