{
  "id" : "cb44ad30-e5bf-11e8-ac51-0ddb2b53e7d9-2917",
  "name" : "CVE-2018-15315",
  "createdDate" : 0,
  "version" : 3,
  "text" : "CVE-2018-15315 | On F5 BIG-IP 13.0.0-13.1.1.1 and 12.1.0-12.1.3.6, there is a reflected Cross Site Scripting (XSS) vulnerability in an undisclosed Configuration Utility page. | CONFIRM:https://support.f5.com/csp/article/K41704442   |   SECTRACK:1041935   |   URL:http://www.securitytracker.com/id/1041935",
  "docLength" : 0,
  "language" : "EN",
  "status" : "READY",
  "modifiedDate" : 1541947254783,
  "documentSet" : [ ],
  "preannotation" : [ ],
  "sentences" : [ {
    "id" : "s0",
    "begin" : 0,
    "end" : 174,
    "text" : "CVE-2018-15315 | On F5 BIG-IP 13.0.0-13.1.1.1 and 12.1.0-12.1.3.6, there is a reflected Cross Site Scripting (XSS) vulnerability in an undisclosed Configuration Utility page.",
    "tokens" : [ {
      "id" : "s0-t0",
      "begin" : 0,
      "end" : 14,
      "text" : "CVE-2018-15315",
      "whiteSpace" : false
    }, {
      "id" : "s0-t1",
      "begin" : 15,
      "end" : 16,
      "text" : "|",
      "whiteSpace" : false
    }, {
      "id" : "s0-t2",
      "begin" : 17,
      "end" : 19,
      "text" : "On",
      "whiteSpace" : false
    }, {
      "id" : "s0-t3",
      "begin" : 20,
      "end" : 22,
      "text" : "F5",
      "whiteSpace" : false
    }, {
      "id" : "s0-t4",
      "begin" : 23,
      "end" : 26,
      "text" : "BIG",
      "whiteSpace" : false
    }, {
      "id" : "s0-t5",
      "begin" : 26,
      "end" : 27,
      "text" : "-",
      "whiteSpace" : false
    }, {
      "id" : "s0-t6",
      "begin" : 27,
      "end" : 29,
      "text" : "IP",
      "whiteSpace" : false
    }, {
      "id" : "s0-t7",
      "begin" : 30,
      "end" : 45,
      "text" : "13.0.0-13.1.1.1",
      "whiteSpace" : false
    }, {
      "id" : "s0-t8",
      "begin" : 46,
      "end" : 49,
      "text" : "and",
      "whiteSpace" : false
    }, {
      "id" : "s0-t9",
      "begin" : 50,
      "end" : 65,
      "text" : "12.1.0-12.1.3.6",
      "whiteSpace" : false
    }, {
      "id" : "s0-t10",
      "begin" : 65,
      "end" : 66,
      "text" : ",",
      "whiteSpace" : false
    }, {
      "id" : "s0-t11",
      "begin" : 67,
      "end" : 72,
      "text" : "there",
      "whiteSpace" : false
    }, {
      "id" : "s0-t12",
      "begin" : 73,
      "end" : 75,
      "text" : "is",
      "whiteSpace" : false
    }, {
      "id" : "s0-t13",
      "begin" : 76,
      "end" : 77,
      "text" : "a",
      "whiteSpace" : false
    }, {
      "id" : "s0-t14",
      "begin" : 78,
      "end" : 87,
      "text" : "reflected",
      "whiteSpace" : false
    }, {
      "id" : "s0-t15",
      "begin" : 88,
      "end" : 93,
      "text" : "Cross",
      "whiteSpace" : false
    }, {
      "id" : "s0-t16",
      "begin" : 94,
      "end" : 98,
      "text" : "Site",
      "whiteSpace" : false
    }, {
      "id" : "s0-t17",
      "begin" : 99,
      "end" : 108,
      "text" : "Scripting",
      "whiteSpace" : false
    }, {
      "id" : "s0-t18",
      "begin" : 109,
      "end" : 110,
      "text" : "(",
      "whiteSpace" : false
    }, {
      "id" : "s0-t19",
      "begin" : 110,
      "end" : 113,
      "text" : "XSS",
      "whiteSpace" : false
    }, {
      "id" : "s0-t20",
      "begin" : 113,
      "end" : 114,
      "text" : ")",
      "whiteSpace" : false
    }, {
      "id" : "s0-t21",
      "begin" : 115,
      "end" : 128,
      "text" : "vulnerability",
      "whiteSpace" : false
    }, {
      "id" : "s0-t22",
      "begin" : 129,
      "end" : 131,
      "text" : "in",
      "whiteSpace" : false
    }, {
      "id" : "s0-t23",
      "begin" : 132,
      "end" : 134,
      "text" : "an",
      "whiteSpace" : false
    }, {
      "id" : "s0-t24",
      "begin" : 135,
      "end" : 146,
      "text" : "undisclosed",
      "whiteSpace" : false
    }, {
      "id" : "s0-t25",
      "begin" : 147,
      "end" : 160,
      "text" : "Configuration",
      "whiteSpace" : false
    }, {
      "id" : "s0-t26",
      "begin" : 161,
      "end" : 168,
      "text" : "Utility",
      "whiteSpace" : false
    }, {
      "id" : "s0-t27",
      "begin" : 169,
      "end" : 173,
      "text" : "page",
      "whiteSpace" : false
    }, {
      "id" : "s0-t28",
      "begin" : 173,
      "end" : 174,
      "text" : ".",
      "whiteSpace" : false
    } ]
  }, {
    "id" : "s1",
    "begin" : 175,
    "end" : 304,
    "text" : "| CONFIRM:https://support.f5.com/csp/article/K41704442   |   SECTRACK:1041935   |   URL:http://www.securitytracker.com/id/1041935",
    "tokens" : [ {
      "id" : "s1-t0",
      "begin" : 175,
      "end" : 176,
      "text" : "|",
      "whiteSpace" : false
    }, {
      "id" : "s1-t1",
      "begin" : 177,
      "end" : 229,
      "text" : "CONFIRM:https://support.f5.com/csp/article/K41704442",
      "whiteSpace" : false
    }, {
      "id" : "s1-t2",
      "begin" : 232,
      "end" : 233,
      "text" : "|",
      "whiteSpace" : false
    }, {
      "id" : "s1-t3",
      "begin" : 236,
      "end" : 244,
      "text" : "SECTRACK",
      "whiteSpace" : false
    }, {
      "id" : "s1-t4",
      "begin" : 244,
      "end" : 245,
      "text" : ":",
      "whiteSpace" : false
    }, {
      "id" : "s1-t5",
      "begin" : 245,
      "end" : 252,
      "text" : "1041935",
      "whiteSpace" : false
    }, {
      "id" : "s1-t6",
      "begin" : 255,
      "end" : 256,
      "text" : "|",
      "whiteSpace" : false
    }, {
      "id" : "s1-t7",
      "begin" : 259,
      "end" : 297,
      "text" : "URL:http://www.securitytracker.com/id/",
      "whiteSpace" : false
    }, {
      "id" : "s1-t8",
      "begin" : 297,
      "end" : 304,
      "text" : "1041935",
      "whiteSpace" : false
    } ]
  } ],
  "mentions" : [ ],
  "relations" : [ ],
  "corefs" : [ ],
  "typeResolved" : true,
  "userResolved" : false
}