{
  "id" : "cb44ad30-e5bf-11e8-ac51-0ddb2b53e7d9-2883",
  "name" : "CVE-2018-15368",
  "createdDate" : 0,
  "version" : 3,
  "text" : "CVE-2018-15368 | A vulnerability in the CLI parser of Cisco IOS XE Software could allow an authenticated, local attacker to gain access to the underlying Linux shell of an affected device and execute arbitrary commands with root privileges on the device. The vulnerability is due to the affected software improperly sanitizing command arguments to prevent modifications to the underlying Linux filesystem on a device. An attacker who has privileged EXEC mode (privilege level 15) access to an affected device could exploit this vulnerability on the device by executing CLI commands that contain crafted arguments. A successful exploit could allow the attacker to gain access to the underlying Linux shell of the affected device and execute arbitrary commands with root privileges on the device. | CISCO:20180926 Cisco IOS XE Software Privileged EXEC Mode Root Shell Access Vulnerability   |   URL:https://tools.cisco.com/security/center/content/CiscoSecurityAdvisory/cisco-sa-20180926-privesc",
  "docLength" : 0,
  "language" : "EN",
  "status" : "READY",
  "modifiedDate" : 1541947254783,
  "documentSet" : [ ],
  "preannotation" : [ ],
  "sentences" : [ {
    "id" : "s0",
    "begin" : 0,
    "end" : 254,
    "text" : "CVE-2018-15368 | A vulnerability in the CLI parser of Cisco IOS XE Software could allow an authenticated, local attacker to gain access to the underlying Linux shell of an affected device and execute arbitrary commands with root privileges on the device.",
    "tokens" : [ {
      "id" : "s0-t0",
      "begin" : 0,
      "end" : 14,
      "text" : "CVE-2018-15368",
      "whiteSpace" : false
    }, {
      "id" : "s0-t1",
      "begin" : 15,
      "end" : 16,
      "text" : "|",
      "whiteSpace" : false
    }, {
      "id" : "s0-t2",
      "begin" : 17,
      "end" : 18,
      "text" : "A",
      "whiteSpace" : false
    }, {
      "id" : "s0-t3",
      "begin" : 19,
      "end" : 32,
      "text" : "vulnerability",
      "whiteSpace" : false
    }, {
      "id" : "s0-t4",
      "begin" : 33,
      "end" : 35,
      "text" : "in",
      "whiteSpace" : false
    }, {
      "id" : "s0-t5",
      "begin" : 36,
      "end" : 39,
      "text" : "the",
      "whiteSpace" : false
    }, {
      "id" : "s0-t6",
      "begin" : 40,
      "end" : 43,
      "text" : "CLI",
      "whiteSpace" : false
    }, {
      "id" : "s0-t7",
      "begin" : 44,
      "end" : 50,
      "text" : "parser",
      "whiteSpace" : false
    }, {
      "id" : "s0-t8",
      "begin" : 51,
      "end" : 53,
      "text" : "of",
      "whiteSpace" : false
    }, {
      "id" : "s0-t9",
      "begin" : 54,
      "end" : 59,
      "text" : "Cisco",
      "whiteSpace" : false
    }, {
      "id" : "s0-t10",
      "begin" : 60,
      "end" : 63,
      "text" : "IOS",
      "whiteSpace" : false
    }, {
      "id" : "s0-t11",
      "begin" : 64,
      "end" : 66,
      "text" : "XE",
      "whiteSpace" : false
    }, {
      "id" : "s0-t12",
      "begin" : 67,
      "end" : 75,
      "text" : "Software",
      "whiteSpace" : false
    }, {
      "id" : "s0-t13",
      "begin" : 76,
      "end" : 81,
      "text" : "could",
      "whiteSpace" : false
    }, {
      "id" : "s0-t14",
      "begin" : 82,
      "end" : 87,
      "text" : "allow",
      "whiteSpace" : false
    }, {
      "id" : "s0-t15",
      "begin" : 88,
      "end" : 90,
      "text" : "an",
      "whiteSpace" : false
    }, {
      "id" : "s0-t16",
      "begin" : 91,
      "end" : 104,
      "text" : "authenticated",
      "whiteSpace" : false
    }, {
      "id" : "s0-t17",
      "begin" : 104,
      "end" : 105,
      "text" : ",",
      "whiteSpace" : false
    }, {
      "id" : "s0-t18",
      "begin" : 106,
      "end" : 111,
      "text" : "local",
      "whiteSpace" : false
    }, {
      "id" : "s0-t19",
      "begin" : 112,
      "end" : 120,
      "text" : "attacker",
      "whiteSpace" : false
    }, {
      "id" : "s0-t20",
      "begin" : 121,
      "end" : 123,
      "text" : "to",
      "whiteSpace" : false
    }, {
      "id" : "s0-t21",
      "begin" : 124,
      "end" : 128,
      "text" : "gain",
      "whiteSpace" : false
    }, {
      "id" : "s0-t22",
      "begin" : 129,
      "end" : 135,
      "text" : "access",
      "whiteSpace" : false
    }, {
      "id" : "s0-t23",
      "begin" : 136,
      "end" : 138,
      "text" : "to",
      "whiteSpace" : false
    }, {
      "id" : "s0-t24",
      "begin" : 139,
      "end" : 142,
      "text" : "the",
      "whiteSpace" : false
    }, {
      "id" : "s0-t25",
      "begin" : 143,
      "end" : 153,
      "text" : "underlying",
      "whiteSpace" : false
    }, {
      "id" : "s0-t26",
      "begin" : 154,
      "end" : 159,
      "text" : "Linux",
      "whiteSpace" : false
    }, {
      "id" : "s0-t27",
      "begin" : 160,
      "end" : 165,
      "text" : "shell",
      "whiteSpace" : false
    }, {
      "id" : "s0-t28",
      "begin" : 166,
      "end" : 168,
      "text" : "of",
      "whiteSpace" : false
    }, {
      "id" : "s0-t29",
      "begin" : 169,
      "end" : 171,
      "text" : "an",
      "whiteSpace" : false
    }, {
      "id" : "s0-t30",
      "begin" : 172,
      "end" : 180,
      "text" : "affected",
      "whiteSpace" : false
    }, {
      "id" : "s0-t31",
      "begin" : 181,
      "end" : 187,
      "text" : "device",
      "whiteSpace" : false
    }, {
      "id" : "s0-t32",
      "begin" : 188,
      "end" : 191,
      "text" : "and",
      "whiteSpace" : false
    }, {
      "id" : "s0-t33",
      "begin" : 192,
      "end" : 199,
      "text" : "execute",
      "whiteSpace" : false
    }, {
      "id" : "s0-t34",
      "begin" : 200,
      "end" : 209,
      "text" : "arbitrary",
      "whiteSpace" : false
    }, {
      "id" : "s0-t35",
      "begin" : 210,
      "end" : 218,
      "text" : "commands",
      "whiteSpace" : false
    }, {
      "id" : "s0-t36",
      "begin" : 219,
      "end" : 223,
      "text" : "with",
      "whiteSpace" : false
    }, {
      "id" : "s0-t37",
      "begin" : 224,
      "end" : 228,
      "text" : "root",
      "whiteSpace" : false
    }, {
      "id" : "s0-t38",
      "begin" : 229,
      "end" : 239,
      "text" : "privileges",
      "whiteSpace" : false
    }, {
      "id" : "s0-t39",
      "begin" : 240,
      "end" : 242,
      "text" : "on",
      "whiteSpace" : false
    }, {
      "id" : "s0-t40",
      "begin" : 243,
      "end" : 246,
      "text" : "the",
      "whiteSpace" : false
    }, {
      "id" : "s0-t41",
      "begin" : 247,
      "end" : 253,
      "text" : "device",
      "whiteSpace" : false
    }, {
      "id" : "s0-t42",
      "begin" : 253,
      "end" : 254,
      "text" : ".",
      "whiteSpace" : false
    } ]
  }, {
    "id" : "s1",
    "begin" : 255,
    "end" : 417,
    "text" : "The vulnerability is due to the affected software improperly sanitizing command arguments to prevent modifications to the underlying Linux filesystem on a device.",
    "tokens" : [ {
      "id" : "s1-t0",
      "begin" : 255,
      "end" : 258,
      "text" : "The",
      "whiteSpace" : false
    }, {
      "id" : "s1-t1",
      "begin" : 259,
      "end" : 272,
      "text" : "vulnerability",
      "whiteSpace" : false
    }, {
      "id" : "s1-t2",
      "begin" : 273,
      "end" : 275,
      "text" : "is",
      "whiteSpace" : false
    }, {
      "id" : "s1-t3",
      "begin" : 276,
      "end" : 279,
      "text" : "due",
      "whiteSpace" : false
    }, {
      "id" : "s1-t4",
      "begin" : 280,
      "end" : 282,
      "text" : "to",
      "whiteSpace" : false
    }, {
      "id" : "s1-t5",
      "begin" : 283,
      "end" : 286,
      "text" : "the",
      "whiteSpace" : false
    }, {
      "id" : "s1-t6",
      "begin" : 287,
      "end" : 295,
      "text" : "affected",
      "whiteSpace" : false
    }, {
      "id" : "s1-t7",
      "begin" : 296,
      "end" : 304,
      "text" : "software",
      "whiteSpace" : false
    }, {
      "id" : "s1-t8",
      "begin" : 305,
      "end" : 315,
      "text" : "improperly",
      "whiteSpace" : false
    }, {
      "id" : "s1-t9",
      "begin" : 316,
      "end" : 326,
      "text" : "sanitizing",
      "whiteSpace" : false
    }, {
      "id" : "s1-t10",
      "begin" : 327,
      "end" : 334,
      "text" : "command",
      "whiteSpace" : false
    }, {
      "id" : "s1-t11",
      "begin" : 335,
      "end" : 344,
      "text" : "arguments",
      "whiteSpace" : false
    }, {
      "id" : "s1-t12",
      "begin" : 345,
      "end" : 347,
      "text" : "to",
      "whiteSpace" : false
    }, {
      "id" : "s1-t13",
      "begin" : 348,
      "end" : 355,
      "text" : "prevent",
      "whiteSpace" : false
    }, {
      "id" : "s1-t14",
      "begin" : 356,
      "end" : 369,
      "text" : "modifications",
      "whiteSpace" : false
    }, {
      "id" : "s1-t15",
      "begin" : 370,
      "end" : 372,
      "text" : "to",
      "whiteSpace" : false
    }, {
      "id" : "s1-t16",
      "begin" : 373,
      "end" : 376,
      "text" : "the",
      "whiteSpace" : false
    }, {
      "id" : "s1-t17",
      "begin" : 377,
      "end" : 387,
      "text" : "underlying",
      "whiteSpace" : false
    }, {
      "id" : "s1-t18",
      "begin" : 388,
      "end" : 393,
      "text" : "Linux",
      "whiteSpace" : false
    }, {
      "id" : "s1-t19",
      "begin" : 394,
      "end" : 404,
      "text" : "filesystem",
      "whiteSpace" : false
    }, {
      "id" : "s1-t20",
      "begin" : 405,
      "end" : 407,
      "text" : "on",
      "whiteSpace" : false
    }, {
      "id" : "s1-t21",
      "begin" : 408,
      "end" : 409,
      "text" : "a",
      "whiteSpace" : false
    }, {
      "id" : "s1-t22",
      "begin" : 410,
      "end" : 416,
      "text" : "device",
      "whiteSpace" : false
    }, {
      "id" : "s1-t23",
      "begin" : 416,
      "end" : 417,
      "text" : ".",
      "whiteSpace" : false
    } ]
  }, {
    "id" : "s2",
    "begin" : 418,
    "end" : 613,
    "text" : "An attacker who has privileged EXEC mode (privilege level 15) access to an affected device could exploit this vulnerability on the device by executing CLI commands that contain crafted arguments.",
    "tokens" : [ {
      "id" : "s2-t0",
      "begin" : 418,
      "end" : 420,
      "text" : "An",
      "whiteSpace" : false
    }, {
      "id" : "s2-t1",
      "begin" : 421,
      "end" : 429,
      "text" : "attacker",
      "whiteSpace" : false
    }, {
      "id" : "s2-t2",
      "begin" : 430,
      "end" : 433,
      "text" : "who",
      "whiteSpace" : false
    }, {
      "id" : "s2-t3",
      "begin" : 434,
      "end" : 437,
      "text" : "has",
      "whiteSpace" : false
    }, {
      "id" : "s2-t4",
      "begin" : 438,
      "end" : 448,
      "text" : "privileged",
      "whiteSpace" : false
    }, {
      "id" : "s2-t5",
      "begin" : 449,
      "end" : 453,
      "text" : "EXEC",
      "whiteSpace" : false
    }, {
      "id" : "s2-t6",
      "begin" : 454,
      "end" : 458,
      "text" : "mode",
      "whiteSpace" : false
    }, {
      "id" : "s2-t7",
      "begin" : 459,
      "end" : 460,
      "text" : "(",
      "whiteSpace" : false
    }, {
      "id" : "s2-t8",
      "begin" : 460,
      "end" : 469,
      "text" : "privilege",
      "whiteSpace" : false
    }, {
      "id" : "s2-t9",
      "begin" : 470,
      "end" : 475,
      "text" : "level",
      "whiteSpace" : false
    }, {
      "id" : "s2-t10",
      "begin" : 476,
      "end" : 478,
      "text" : "15",
      "whiteSpace" : false
    }, {
      "id" : "s2-t11",
      "begin" : 478,
      "end" : 479,
      "text" : ")",
      "whiteSpace" : false
    }, {
      "id" : "s2-t12",
      "begin" : 480,
      "end" : 486,
      "text" : "access",
      "whiteSpace" : false
    }, {
      "id" : "s2-t13",
      "begin" : 487,
      "end" : 489,
      "text" : "to",
      "whiteSpace" : false
    }, {
      "id" : "s2-t14",
      "begin" : 490,
      "end" : 492,
      "text" : "an",
      "whiteSpace" : false
    }, {
      "id" : "s2-t15",
      "begin" : 493,
      "end" : 501,
      "text" : "affected",
      "whiteSpace" : false
    }, {
      "id" : "s2-t16",
      "begin" : 502,
      "end" : 508,
      "text" : "device",
      "whiteSpace" : false
    }, {
      "id" : "s2-t17",
      "begin" : 509,
      "end" : 514,
      "text" : "could",
      "whiteSpace" : false
    }, {
      "id" : "s2-t18",
      "begin" : 515,
      "end" : 522,
      "text" : "exploit",
      "whiteSpace" : false
    }, {
      "id" : "s2-t19",
      "begin" : 523,
      "end" : 527,
      "text" : "this",
      "whiteSpace" : false
    }, {
      "id" : "s2-t20",
      "begin" : 528,
      "end" : 541,
      "text" : "vulnerability",
      "whiteSpace" : false
    }, {
      "id" : "s2-t21",
      "begin" : 542,
      "end" : 544,
      "text" : "on",
      "whiteSpace" : false
    }, {
      "id" : "s2-t22",
      "begin" : 545,
      "end" : 548,
      "text" : "the",
      "whiteSpace" : false
    }, {
      "id" : "s2-t23",
      "begin" : 549,
      "end" : 555,
      "text" : "device",
      "whiteSpace" : false
    }, {
      "id" : "s2-t24",
      "begin" : 556,
      "end" : 558,
      "text" : "by",
      "whiteSpace" : false
    }, {
      "id" : "s2-t25",
      "begin" : 559,
      "end" : 568,
      "text" : "executing",
      "whiteSpace" : false
    }, {
      "id" : "s2-t26",
      "begin" : 569,
      "end" : 572,
      "text" : "CLI",
      "whiteSpace" : false
    }, {
      "id" : "s2-t27",
      "begin" : 573,
      "end" : 581,
      "text" : "commands",
      "whiteSpace" : false
    }, {
      "id" : "s2-t28",
      "begin" : 582,
      "end" : 586,
      "text" : "that",
      "whiteSpace" : false
    }, {
      "id" : "s2-t29",
      "begin" : 587,
      "end" : 594,
      "text" : "contain",
      "whiteSpace" : false
    }, {
      "id" : "s2-t30",
      "begin" : 595,
      "end" : 602,
      "text" : "crafted",
      "whiteSpace" : false
    }, {
      "id" : "s2-t31",
      "begin" : 603,
      "end" : 612,
      "text" : "arguments",
      "whiteSpace" : false
    }, {
      "id" : "s2-t32",
      "begin" : 612,
      "end" : 613,
      "text" : ".",
      "whiteSpace" : false
    } ]
  }, {
    "id" : "s3",
    "begin" : 614,
    "end" : 794,
    "text" : "A successful exploit could allow the attacker to gain access to the underlying Linux shell of the affected device and execute arbitrary commands with root privileges on the device.",
    "tokens" : [ {
      "id" : "s3-t0",
      "begin" : 614,
      "end" : 615,
      "text" : "A",
      "whiteSpace" : false
    }, {
      "id" : "s3-t1",
      "begin" : 616,
      "end" : 626,
      "text" : "successful",
      "whiteSpace" : false
    }, {
      "id" : "s3-t2",
      "begin" : 627,
      "end" : 634,
      "text" : "exploit",
      "whiteSpace" : false
    }, {
      "id" : "s3-t3",
      "begin" : 635,
      "end" : 640,
      "text" : "could",
      "whiteSpace" : false
    }, {
      "id" : "s3-t4",
      "begin" : 641,
      "end" : 646,
      "text" : "allow",
      "whiteSpace" : false
    }, {
      "id" : "s3-t5",
      "begin" : 647,
      "end" : 650,
      "text" : "the",
      "whiteSpace" : false
    }, {
      "id" : "s3-t6",
      "begin" : 651,
      "end" : 659,
      "text" : "attacker",
      "whiteSpace" : false
    }, {
      "id" : "s3-t7",
      "begin" : 660,
      "end" : 662,
      "text" : "to",
      "whiteSpace" : false
    }, {
      "id" : "s3-t8",
      "begin" : 663,
      "end" : 667,
      "text" : "gain",
      "whiteSpace" : false
    }, {
      "id" : "s3-t9",
      "begin" : 668,
      "end" : 674,
      "text" : "access",
      "whiteSpace" : false
    }, {
      "id" : "s3-t10",
      "begin" : 675,
      "end" : 677,
      "text" : "to",
      "whiteSpace" : false
    }, {
      "id" : "s3-t11",
      "begin" : 678,
      "end" : 681,
      "text" : "the",
      "whiteSpace" : false
    }, {
      "id" : "s3-t12",
      "begin" : 682,
      "end" : 692,
      "text" : "underlying",
      "whiteSpace" : false
    }, {
      "id" : "s3-t13",
      "begin" : 693,
      "end" : 698,
      "text" : "Linux",
      "whiteSpace" : false
    }, {
      "id" : "s3-t14",
      "begin" : 699,
      "end" : 704,
      "text" : "shell",
      "whiteSpace" : false
    }, {
      "id" : "s3-t15",
      "begin" : 705,
      "end" : 707,
      "text" : "of",
      "whiteSpace" : false
    }, {
      "id" : "s3-t16",
      "begin" : 708,
      "end" : 711,
      "text" : "the",
      "whiteSpace" : false
    }, {
      "id" : "s3-t17",
      "begin" : 712,
      "end" : 720,
      "text" : "affected",
      "whiteSpace" : false
    }, {
      "id" : "s3-t18",
      "begin" : 721,
      "end" : 727,
      "text" : "device",
      "whiteSpace" : false
    }, {
      "id" : "s3-t19",
      "begin" : 728,
      "end" : 731,
      "text" : "and",
      "whiteSpace" : false
    }, {
      "id" : "s3-t20",
      "begin" : 732,
      "end" : 739,
      "text" : "execute",
      "whiteSpace" : false
    }, {
      "id" : "s3-t21",
      "begin" : 740,
      "end" : 749,
      "text" : "arbitrary",
      "whiteSpace" : false
    }, {
      "id" : "s3-t22",
      "begin" : 750,
      "end" : 758,
      "text" : "commands",
      "whiteSpace" : false
    }, {
      "id" : "s3-t23",
      "begin" : 759,
      "end" : 763,
      "text" : "with",
      "whiteSpace" : false
    }, {
      "id" : "s3-t24",
      "begin" : 764,
      "end" : 768,
      "text" : "root",
      "whiteSpace" : false
    }, {
      "id" : "s3-t25",
      "begin" : 769,
      "end" : 779,
      "text" : "privileges",
      "whiteSpace" : false
    }, {
      "id" : "s3-t26",
      "begin" : 780,
      "end" : 782,
      "text" : "on",
      "whiteSpace" : false
    }, {
      "id" : "s3-t27",
      "begin" : 783,
      "end" : 786,
      "text" : "the",
      "whiteSpace" : false
    }, {
      "id" : "s3-t28",
      "begin" : 787,
      "end" : 793,
      "text" : "device",
      "whiteSpace" : false
    }, {
      "id" : "s3-t29",
      "begin" : 793,
      "end" : 794,
      "text" : ".",
      "whiteSpace" : false
    } ]
  }, {
    "id" : "s4",
    "begin" : 795,
    "end" : 992,
    "text" : "| CISCO:20180926 Cisco IOS XE Software Privileged EXEC Mode Root Shell Access Vulnerability   |   URL:https://tools.cisco.com/security/center/content/CiscoSecurityAdvisory/cisco-sa-20180926-privesc",
    "tokens" : [ {
      "id" : "s4-t0",
      "begin" : 795,
      "end" : 796,
      "text" : "|",
      "whiteSpace" : false
    }, {
      "id" : "s4-t1",
      "begin" : 797,
      "end" : 802,
      "text" : "CISCO",
      "whiteSpace" : false
    }, {
      "id" : "s4-t2",
      "begin" : 802,
      "end" : 803,
      "text" : ":",
      "whiteSpace" : false
    }, {
      "id" : "s4-t3",
      "begin" : 803,
      "end" : 811,
      "text" : "20180926",
      "whiteSpace" : false
    }, {
      "id" : "s4-t4",
      "begin" : 812,
      "end" : 817,
      "text" : "Cisco",
      "whiteSpace" : false
    }, {
      "id" : "s4-t5",
      "begin" : 818,
      "end" : 821,
      "text" : "IOS",
      "whiteSpace" : false
    }, {
      "id" : "s4-t6",
      "begin" : 822,
      "end" : 824,
      "text" : "XE",
      "whiteSpace" : false
    }, {
      "id" : "s4-t7",
      "begin" : 825,
      "end" : 833,
      "text" : "Software",
      "whiteSpace" : false
    }, {
      "id" : "s4-t8",
      "begin" : 834,
      "end" : 844,
      "text" : "Privileged",
      "whiteSpace" : false
    }, {
      "id" : "s4-t9",
      "begin" : 845,
      "end" : 849,
      "text" : "EXEC",
      "whiteSpace" : false
    }, {
      "id" : "s4-t10",
      "begin" : 850,
      "end" : 854,
      "text" : "Mode",
      "whiteSpace" : false
    }, {
      "id" : "s4-t11",
      "begin" : 855,
      "end" : 859,
      "text" : "Root",
      "whiteSpace" : false
    }, {
      "id" : "s4-t12",
      "begin" : 860,
      "end" : 865,
      "text" : "Shell",
      "whiteSpace" : false
    }, {
      "id" : "s4-t13",
      "begin" : 866,
      "end" : 872,
      "text" : "Access",
      "whiteSpace" : false
    }, {
      "id" : "s4-t14",
      "begin" : 873,
      "end" : 886,
      "text" : "Vulnerability",
      "whiteSpace" : false
    }, {
      "id" : "s4-t15",
      "begin" : 889,
      "end" : 890,
      "text" : "|",
      "whiteSpace" : false
    }, {
      "id" : "s4-t16",
      "begin" : 893,
      "end" : 992,
      "text" : "URL:https://tools.cisco.com/security/center/content/CiscoSecurityAdvisory/cisco-sa-20180926-privesc",
      "whiteSpace" : false
    } ]
  } ],
  "mentions" : [ ],
  "relations" : [ ],
  "corefs" : [ ],
  "typeResolved" : true,
  "userResolved" : false
}