{
  "id" : "cb44ad30-e5bf-11e8-ac51-0ddb2b53e7d9-2895",
  "name" : "CVE-2018-15355",
  "createdDate" : 0,
  "version" : 3,
  "text" : "CVE-2018-15355 | Usage of SSLv2 and SSLv3 leads to transmitted data decryption in Kraftway 24F2XG Router firmware 3.5.30.1118. | MISC:https://ics-cert.kaspersky.com/advisories/klcert-advisories/2018/08/17/klcert-18-011-kraftway-24f2xg-router-outdated-certificate-usage/",
  "docLength" : 0,
  "language" : "EN",
  "status" : "READY",
  "modifiedDate" : 1541947254783,
  "documentSet" : [ ],
  "preannotation" : [ ],
  "sentences" : [ {
    "id" : "s0",
    "begin" : 0,
    "end" : 126,
    "text" : "CVE-2018-15355 | Usage of SSLv2 and SSLv3 leads to transmitted data decryption in Kraftway 24F2XG Router firmware 3.5.30.1118.",
    "tokens" : [ {
      "id" : "s0-t0",
      "begin" : 0,
      "end" : 14,
      "text" : "CVE-2018-15355",
      "whiteSpace" : false
    }, {
      "id" : "s0-t1",
      "begin" : 15,
      "end" : 16,
      "text" : "|",
      "whiteSpace" : false
    }, {
      "id" : "s0-t2",
      "begin" : 17,
      "end" : 22,
      "text" : "Usage",
      "whiteSpace" : false
    }, {
      "id" : "s0-t3",
      "begin" : 23,
      "end" : 25,
      "text" : "of",
      "whiteSpace" : false
    }, {
      "id" : "s0-t4",
      "begin" : 26,
      "end" : 31,
      "text" : "SSLv2",
      "whiteSpace" : false
    }, {
      "id" : "s0-t5",
      "begin" : 32,
      "end" : 35,
      "text" : "and",
      "whiteSpace" : false
    }, {
      "id" : "s0-t6",
      "begin" : 36,
      "end" : 41,
      "text" : "SSLv3",
      "whiteSpace" : false
    }, {
      "id" : "s0-t7",
      "begin" : 42,
      "end" : 47,
      "text" : "leads",
      "whiteSpace" : false
    }, {
      "id" : "s0-t8",
      "begin" : 48,
      "end" : 50,
      "text" : "to",
      "whiteSpace" : false
    }, {
      "id" : "s0-t9",
      "begin" : 51,
      "end" : 62,
      "text" : "transmitted",
      "whiteSpace" : false
    }, {
      "id" : "s0-t10",
      "begin" : 63,
      "end" : 67,
      "text" : "data",
      "whiteSpace" : false
    }, {
      "id" : "s0-t11",
      "begin" : 68,
      "end" : 78,
      "text" : "decryption",
      "whiteSpace" : false
    }, {
      "id" : "s0-t12",
      "begin" : 79,
      "end" : 81,
      "text" : "in",
      "whiteSpace" : false
    }, {
      "id" : "s0-t13",
      "begin" : 82,
      "end" : 90,
      "text" : "Kraftway",
      "whiteSpace" : false
    }, {
      "id" : "s0-t14",
      "begin" : 91,
      "end" : 97,
      "text" : "24F2XG",
      "whiteSpace" : false
    }, {
      "id" : "s0-t15",
      "begin" : 98,
      "end" : 104,
      "text" : "Router",
      "whiteSpace" : false
    }, {
      "id" : "s0-t16",
      "begin" : 105,
      "end" : 113,
      "text" : "firmware",
      "whiteSpace" : false
    }, {
      "id" : "s0-t17",
      "begin" : 114,
      "end" : 125,
      "text" : "3.5.30.1118",
      "whiteSpace" : false
    }, {
      "id" : "s0-t18",
      "begin" : 125,
      "end" : 126,
      "text" : ".",
      "whiteSpace" : false
    } ]
  }, {
    "id" : "s1",
    "begin" : 127,
    "end" : 269,
    "text" : "| MISC:https://ics-cert.kaspersky.com/advisories/klcert-advisories/2018/08/17/klcert-18-011-kraftway-24f2xg-router-outdated-certificate-usage/",
    "tokens" : [ {
      "id" : "s1-t0",
      "begin" : 127,
      "end" : 128,
      "text" : "|",
      "whiteSpace" : false
    }, {
      "id" : "s1-t1",
      "begin" : 129,
      "end" : 145,
      "text" : "MISC:https://ics",
      "whiteSpace" : false
    }, {
      "id" : "s1-t2",
      "begin" : 145,
      "end" : 146,
      "text" : "-",
      "whiteSpace" : false
    }, {
      "id" : "s1-t3",
      "begin" : 146,
      "end" : 182,
      "text" : "cert.kaspersky.com/advisories/klcert",
      "whiteSpace" : false
    }, {
      "id" : "s1-t4",
      "begin" : 182,
      "end" : 183,
      "text" : "-",
      "whiteSpace" : false
    }, {
      "id" : "s1-t5",
      "begin" : 183,
      "end" : 269,
      "text" : "advisories/2018/08/17/klcert-18-011-kraftway-24f2xg-router-outdated-certificate-usage/",
      "whiteSpace" : false
    } ]
  } ],
  "mentions" : [ ],
  "relations" : [ ],
  "corefs" : [ ],
  "typeResolved" : true,
  "userResolved" : false
}