{
  "id" : "cb44ad30-e5bf-11e8-ac51-0ddb2b53e7d9-2844",
  "name" : "CVE-2018-1541",
  "createdDate" : 0,
  "version" : 3,
  "text" : "CVE-2018-1541 | IBM WebSphere Commerce Enterprise V7, V8, and V9 is vulnerable to cross-site scripting. This vulnerability allows users to embed arbitrary JavaScript code in the Web UI thus altering the intended functionality potentially leading to credentials disclosure within a trusted session. IBM X-Force ID: 142596. | CONFIRM:https://www.ibm.com/support/docview.wss?uid=ibm10731225   |   BID:105744   |   URL:http://www.securityfocus.com/bid/105744   |   XF:ibm-websphere-cve20181541-xss(142596)   |   URL:https://exchange.xforce.ibmcloud.com/vulnerabilities/142596",
  "docLength" : 0,
  "language" : "EN",
  "status" : "READY",
  "modifiedDate" : 1541947254783,
  "documentSet" : [ ],
  "preannotation" : [ ],
  "sentences" : [ {
    "id" : "s0",
    "begin" : 0,
    "end" : 103,
    "text" : "CVE-2018-1541 | IBM WebSphere Commerce Enterprise V7, V8, and V9 is vulnerable to cross-site scripting.",
    "tokens" : [ {
      "id" : "s0-t0",
      "begin" : 0,
      "end" : 13,
      "text" : "CVE-2018-1541",
      "whiteSpace" : false
    }, {
      "id" : "s0-t1",
      "begin" : 14,
      "end" : 15,
      "text" : "|",
      "whiteSpace" : false
    }, {
      "id" : "s0-t2",
      "begin" : 16,
      "end" : 19,
      "text" : "IBM",
      "whiteSpace" : false
    }, {
      "id" : "s0-t3",
      "begin" : 20,
      "end" : 29,
      "text" : "WebSphere",
      "whiteSpace" : false
    }, {
      "id" : "s0-t4",
      "begin" : 30,
      "end" : 38,
      "text" : "Commerce",
      "whiteSpace" : false
    }, {
      "id" : "s0-t5",
      "begin" : 39,
      "end" : 49,
      "text" : "Enterprise",
      "whiteSpace" : false
    }, {
      "id" : "s0-t6",
      "begin" : 50,
      "end" : 52,
      "text" : "V7",
      "whiteSpace" : false
    }, {
      "id" : "s0-t7",
      "begin" : 52,
      "end" : 53,
      "text" : ",",
      "whiteSpace" : false
    }, {
      "id" : "s0-t8",
      "begin" : 54,
      "end" : 56,
      "text" : "V8",
      "whiteSpace" : false
    }, {
      "id" : "s0-t9",
      "begin" : 56,
      "end" : 57,
      "text" : ",",
      "whiteSpace" : false
    }, {
      "id" : "s0-t10",
      "begin" : 58,
      "end" : 61,
      "text" : "and",
      "whiteSpace" : false
    }, {
      "id" : "s0-t11",
      "begin" : 62,
      "end" : 64,
      "text" : "V9",
      "whiteSpace" : false
    }, {
      "id" : "s0-t12",
      "begin" : 65,
      "end" : 67,
      "text" : "is",
      "whiteSpace" : false
    }, {
      "id" : "s0-t13",
      "begin" : 68,
      "end" : 78,
      "text" : "vulnerable",
      "whiteSpace" : false
    }, {
      "id" : "s0-t14",
      "begin" : 79,
      "end" : 81,
      "text" : "to",
      "whiteSpace" : false
    }, {
      "id" : "s0-t15",
      "begin" : 82,
      "end" : 87,
      "text" : "cross",
      "whiteSpace" : false
    }, {
      "id" : "s0-t16",
      "begin" : 87,
      "end" : 88,
      "text" : "-",
      "whiteSpace" : false
    }, {
      "id" : "s0-t17",
      "begin" : 88,
      "end" : 92,
      "text" : "site",
      "whiteSpace" : false
    }, {
      "id" : "s0-t18",
      "begin" : 93,
      "end" : 102,
      "text" : "scripting",
      "whiteSpace" : false
    }, {
      "id" : "s0-t19",
      "begin" : 102,
      "end" : 103,
      "text" : ".",
      "whiteSpace" : false
    } ]
  }, {
    "id" : "s1",
    "begin" : 104,
    "end" : 297,
    "text" : "This vulnerability allows users to embed arbitrary JavaScript code in the Web UI thus altering the intended functionality potentially leading to credentials disclosure within a trusted session.",
    "tokens" : [ {
      "id" : "s1-t0",
      "begin" : 104,
      "end" : 108,
      "text" : "This",
      "whiteSpace" : false
    }, {
      "id" : "s1-t1",
      "begin" : 109,
      "end" : 122,
      "text" : "vulnerability",
      "whiteSpace" : false
    }, {
      "id" : "s1-t2",
      "begin" : 123,
      "end" : 129,
      "text" : "allows",
      "whiteSpace" : false
    }, {
      "id" : "s1-t3",
      "begin" : 130,
      "end" : 135,
      "text" : "users",
      "whiteSpace" : false
    }, {
      "id" : "s1-t4",
      "begin" : 136,
      "end" : 138,
      "text" : "to",
      "whiteSpace" : false
    }, {
      "id" : "s1-t5",
      "begin" : 139,
      "end" : 144,
      "text" : "embed",
      "whiteSpace" : false
    }, {
      "id" : "s1-t6",
      "begin" : 145,
      "end" : 154,
      "text" : "arbitrary",
      "whiteSpace" : false
    }, {
      "id" : "s1-t7",
      "begin" : 155,
      "end" : 165,
      "text" : "JavaScript",
      "whiteSpace" : false
    }, {
      "id" : "s1-t8",
      "begin" : 166,
      "end" : 170,
      "text" : "code",
      "whiteSpace" : false
    }, {
      "id" : "s1-t9",
      "begin" : 171,
      "end" : 173,
      "text" : "in",
      "whiteSpace" : false
    }, {
      "id" : "s1-t10",
      "begin" : 174,
      "end" : 177,
      "text" : "the",
      "whiteSpace" : false
    }, {
      "id" : "s1-t11",
      "begin" : 178,
      "end" : 181,
      "text" : "Web",
      "whiteSpace" : false
    }, {
      "id" : "s1-t12",
      "begin" : 182,
      "end" : 184,
      "text" : "UI",
      "whiteSpace" : false
    }, {
      "id" : "s1-t13",
      "begin" : 185,
      "end" : 189,
      "text" : "thus",
      "whiteSpace" : false
    }, {
      "id" : "s1-t14",
      "begin" : 190,
      "end" : 198,
      "text" : "altering",
      "whiteSpace" : false
    }, {
      "id" : "s1-t15",
      "begin" : 199,
      "end" : 202,
      "text" : "the",
      "whiteSpace" : false
    }, {
      "id" : "s1-t16",
      "begin" : 203,
      "end" : 211,
      "text" : "intended",
      "whiteSpace" : false
    }, {
      "id" : "s1-t17",
      "begin" : 212,
      "end" : 225,
      "text" : "functionality",
      "whiteSpace" : false
    }, {
      "id" : "s1-t18",
      "begin" : 226,
      "end" : 237,
      "text" : "potentially",
      "whiteSpace" : false
    }, {
      "id" : "s1-t19",
      "begin" : 238,
      "end" : 245,
      "text" : "leading",
      "whiteSpace" : false
    }, {
      "id" : "s1-t20",
      "begin" : 246,
      "end" : 248,
      "text" : "to",
      "whiteSpace" : false
    }, {
      "id" : "s1-t21",
      "begin" : 249,
      "end" : 260,
      "text" : "credentials",
      "whiteSpace" : false
    }, {
      "id" : "s1-t22",
      "begin" : 261,
      "end" : 271,
      "text" : "disclosure",
      "whiteSpace" : false
    }, {
      "id" : "s1-t23",
      "begin" : 272,
      "end" : 278,
      "text" : "within",
      "whiteSpace" : false
    }, {
      "id" : "s1-t24",
      "begin" : 279,
      "end" : 280,
      "text" : "a",
      "whiteSpace" : false
    }, {
      "id" : "s1-t25",
      "begin" : 281,
      "end" : 288,
      "text" : "trusted",
      "whiteSpace" : false
    }, {
      "id" : "s1-t26",
      "begin" : 289,
      "end" : 296,
      "text" : "session",
      "whiteSpace" : false
    }, {
      "id" : "s1-t27",
      "begin" : 296,
      "end" : 297,
      "text" : ".",
      "whiteSpace" : false
    } ]
  }, {
    "id" : "s2",
    "begin" : 298,
    "end" : 321,
    "text" : "IBM X-Force ID: 142596.",
    "tokens" : [ {
      "id" : "s2-t0",
      "begin" : 298,
      "end" : 301,
      "text" : "IBM",
      "whiteSpace" : false
    }, {
      "id" : "s2-t1",
      "begin" : 302,
      "end" : 309,
      "text" : "X-Force",
      "whiteSpace" : false
    }, {
      "id" : "s2-t2",
      "begin" : 310,
      "end" : 312,
      "text" : "ID",
      "whiteSpace" : false
    }, {
      "id" : "s2-t3",
      "begin" : 312,
      "end" : 313,
      "text" : ":",
      "whiteSpace" : false
    }, {
      "id" : "s2-t4",
      "begin" : 314,
      "end" : 320,
      "text" : "142596",
      "whiteSpace" : false
    }, {
      "id" : "s2-t5",
      "begin" : 320,
      "end" : 321,
      "text" : ".",
      "whiteSpace" : false
    } ]
  }, {
    "id" : "s3",
    "begin" : 322,
    "end" : 571,
    "text" : "| CONFIRM:https://www.ibm.com/support/docview.wss?uid=ibm10731225   |   BID:105744   |   URL:http://www.securityfocus.com/bid/105744   |   XF:ibm-websphere-cve20181541-xss(142596)   |   URL:https://exchange.xforce.ibmcloud.com/vulnerabilities/142596",
    "tokens" : [ {
      "id" : "s3-t0",
      "begin" : 322,
      "end" : 323,
      "text" : "|",
      "whiteSpace" : false
    }, {
      "id" : "s3-t1",
      "begin" : 324,
      "end" : 387,
      "text" : "CONFIRM:https://www.ibm.com/support/docview.wss?uid=ibm10731225",
      "whiteSpace" : false
    }, {
      "id" : "s3-t2",
      "begin" : 390,
      "end" : 391,
      "text" : "|",
      "whiteSpace" : false
    }, {
      "id" : "s3-t3",
      "begin" : 394,
      "end" : 397,
      "text" : "BID",
      "whiteSpace" : false
    }, {
      "id" : "s3-t4",
      "begin" : 397,
      "end" : 398,
      "text" : ":",
      "whiteSpace" : false
    }, {
      "id" : "s3-t5",
      "begin" : 398,
      "end" : 404,
      "text" : "105744",
      "whiteSpace" : false
    }, {
      "id" : "s3-t6",
      "begin" : 407,
      "end" : 408,
      "text" : "|",
      "whiteSpace" : false
    }, {
      "id" : "s3-t7",
      "begin" : 411,
      "end" : 448,
      "text" : "URL:http://www.securityfocus.com/bid/",
      "whiteSpace" : false
    }, {
      "id" : "s3-t8",
      "begin" : 448,
      "end" : 454,
      "text" : "105744",
      "whiteSpace" : false
    }, {
      "id" : "s3-t9",
      "begin" : 457,
      "end" : 458,
      "text" : "|",
      "whiteSpace" : false
    }, {
      "id" : "s3-t10",
      "begin" : 461,
      "end" : 463,
      "text" : "XF",
      "whiteSpace" : false
    }, {
      "id" : "s3-t11",
      "begin" : 463,
      "end" : 467,
      "text" : ":ibm",
      "whiteSpace" : false
    }, {
      "id" : "s3-t12",
      "begin" : 467,
      "end" : 468,
      "text" : "-",
      "whiteSpace" : false
    }, {
      "id" : "s3-t13",
      "begin" : 468,
      "end" : 477,
      "text" : "websphere",
      "whiteSpace" : false
    }, {
      "id" : "s3-t14",
      "begin" : 477,
      "end" : 478,
      "text" : "-",
      "whiteSpace" : false
    }, {
      "id" : "s3-t15",
      "begin" : 478,
      "end" : 489,
      "text" : "cve20181541",
      "whiteSpace" : false
    }, {
      "id" : "s3-t16",
      "begin" : 489,
      "end" : 490,
      "text" : "-",
      "whiteSpace" : false
    }, {
      "id" : "s3-t17",
      "begin" : 490,
      "end" : 493,
      "text" : "xss",
      "whiteSpace" : false
    }, {
      "id" : "s3-t18",
      "begin" : 493,
      "end" : 494,
      "text" : "(",
      "whiteSpace" : false
    }, {
      "id" : "s3-t19",
      "begin" : 494,
      "end" : 500,
      "text" : "142596",
      "whiteSpace" : false
    }, {
      "id" : "s3-t20",
      "begin" : 500,
      "end" : 501,
      "text" : ")",
      "whiteSpace" : false
    }, {
      "id" : "s3-t21",
      "begin" : 504,
      "end" : 505,
      "text" : "|",
      "whiteSpace" : false
    }, {
      "id" : "s3-t22",
      "begin" : 508,
      "end" : 565,
      "text" : "URL:https://exchange.xforce.ibmcloud.com/vulnerabilities/",
      "whiteSpace" : false
    }, {
      "id" : "s3-t23",
      "begin" : 565,
      "end" : 571,
      "text" : "142596",
      "whiteSpace" : false
    } ]
  } ],
  "mentions" : [ ],
  "relations" : [ ],
  "corefs" : [ ],
  "typeResolved" : true,
  "userResolved" : false
}