{
  "id" : "cb44ad30-e5bf-11e8-ac51-0ddb2b53e7d9-2968",
  "name" : "CVE-2018-15148",
  "createdDate" : 0,
  "version" : 3,
  "text" : "CVE-2018-15148 | SQL injection vulnerability in interface/patient_file/encounter/search_code.php in versions of OpenEMR before 5.0.1.4 allows a remote authenticated attacker to execute arbitrary SQL commands via the 'text' parameter. | MISC:https://insecurity.sh/reports/openemr.pdf   |   MISC:https://www.databreaches.net/openemr-patches-serious-vulnerabilities-uncovered-by-project-insecurity/   |   CONFIRM:https://github.com/openemr/openemr/pull/1757/files   |   CONFIRM:https://www.open-emr.org/wiki/index.php/OpenEMR_Patches",
  "docLength" : 0,
  "language" : "EN",
  "status" : "READY",
  "modifiedDate" : 1541947254783,
  "documentSet" : [ ],
  "preannotation" : [ ],
  "sentences" : [ {
    "id" : "s0",
    "begin" : 0,
    "end" : 233,
    "text" : "CVE-2018-15148 | SQL injection vulnerability in interface/patient_file/encounter/search_code.php in versions of OpenEMR before 5.0.1.4 allows a remote authenticated attacker to execute arbitrary SQL commands via the 'text' parameter.",
    "tokens" : [ {
      "id" : "s0-t0",
      "begin" : 0,
      "end" : 14,
      "text" : "CVE-2018-15148",
      "whiteSpace" : false
    }, {
      "id" : "s0-t1",
      "begin" : 15,
      "end" : 16,
      "text" : "|",
      "whiteSpace" : false
    }, {
      "id" : "s0-t2",
      "begin" : 17,
      "end" : 20,
      "text" : "SQL",
      "whiteSpace" : false
    }, {
      "id" : "s0-t3",
      "begin" : 21,
      "end" : 30,
      "text" : "injection",
      "whiteSpace" : false
    }, {
      "id" : "s0-t4",
      "begin" : 31,
      "end" : 44,
      "text" : "vulnerability",
      "whiteSpace" : false
    }, {
      "id" : "s0-t5",
      "begin" : 45,
      "end" : 47,
      "text" : "in",
      "whiteSpace" : false
    }, {
      "id" : "s0-t6",
      "begin" : 48,
      "end" : 57,
      "text" : "interface",
      "whiteSpace" : false
    }, {
      "id" : "s0-t7",
      "begin" : 57,
      "end" : 58,
      "text" : "/",
      "whiteSpace" : false
    }, {
      "id" : "s0-t8",
      "begin" : 58,
      "end" : 96,
      "text" : "patient_file/encounter/search_code.php",
      "whiteSpace" : false
    }, {
      "id" : "s0-t9",
      "begin" : 97,
      "end" : 99,
      "text" : "in",
      "whiteSpace" : false
    }, {
      "id" : "s0-t10",
      "begin" : 100,
      "end" : 108,
      "text" : "versions",
      "whiteSpace" : false
    }, {
      "id" : "s0-t11",
      "begin" : 109,
      "end" : 111,
      "text" : "of",
      "whiteSpace" : false
    }, {
      "id" : "s0-t12",
      "begin" : 112,
      "end" : 119,
      "text" : "OpenEMR",
      "whiteSpace" : false
    }, {
      "id" : "s0-t13",
      "begin" : 120,
      "end" : 126,
      "text" : "before",
      "whiteSpace" : false
    }, {
      "id" : "s0-t14",
      "begin" : 127,
      "end" : 134,
      "text" : "5.0.1.4",
      "whiteSpace" : false
    }, {
      "id" : "s0-t15",
      "begin" : 135,
      "end" : 141,
      "text" : "allows",
      "whiteSpace" : false
    }, {
      "id" : "s0-t16",
      "begin" : 142,
      "end" : 143,
      "text" : "a",
      "whiteSpace" : false
    }, {
      "id" : "s0-t17",
      "begin" : 144,
      "end" : 150,
      "text" : "remote",
      "whiteSpace" : false
    }, {
      "id" : "s0-t18",
      "begin" : 151,
      "end" : 164,
      "text" : "authenticated",
      "whiteSpace" : false
    }, {
      "id" : "s0-t19",
      "begin" : 165,
      "end" : 173,
      "text" : "attacker",
      "whiteSpace" : false
    }, {
      "id" : "s0-t20",
      "begin" : 174,
      "end" : 176,
      "text" : "to",
      "whiteSpace" : false
    }, {
      "id" : "s0-t21",
      "begin" : 177,
      "end" : 184,
      "text" : "execute",
      "whiteSpace" : false
    }, {
      "id" : "s0-t22",
      "begin" : 185,
      "end" : 194,
      "text" : "arbitrary",
      "whiteSpace" : false
    }, {
      "id" : "s0-t23",
      "begin" : 195,
      "end" : 198,
      "text" : "SQL",
      "whiteSpace" : false
    }, {
      "id" : "s0-t24",
      "begin" : 199,
      "end" : 207,
      "text" : "commands",
      "whiteSpace" : false
    }, {
      "id" : "s0-t25",
      "begin" : 208,
      "end" : 211,
      "text" : "via",
      "whiteSpace" : false
    }, {
      "id" : "s0-t26",
      "begin" : 212,
      "end" : 215,
      "text" : "the",
      "whiteSpace" : false
    }, {
      "id" : "s0-t27",
      "begin" : 216,
      "end" : 217,
      "text" : "'",
      "whiteSpace" : false
    }, {
      "id" : "s0-t28",
      "begin" : 217,
      "end" : 221,
      "text" : "text",
      "whiteSpace" : false
    }, {
      "id" : "s0-t29",
      "begin" : 221,
      "end" : 222,
      "text" : "'",
      "whiteSpace" : false
    }, {
      "id" : "s0-t30",
      "begin" : 223,
      "end" : 232,
      "text" : "parameter",
      "whiteSpace" : false
    }, {
      "id" : "s0-t31",
      "begin" : 232,
      "end" : 233,
      "text" : ".",
      "whiteSpace" : false
    } ]
  }, {
    "id" : "s1",
    "begin" : 234,
    "end" : 530,
    "text" : "| MISC:https://insecurity.sh/reports/openemr.pdf   |   MISC:https://www.databreaches.net/openemr-patches-serious-vulnerabilities-uncovered-by-project-insecurity/   |   CONFIRM:https://github.com/openemr/openemr/pull/1757/files   |   CONFIRM:https://www.open-emr.org/wiki/index.php/OpenEMR_Patches",
    "tokens" : [ {
      "id" : "s1-t0",
      "begin" : 234,
      "end" : 235,
      "text" : "|",
      "whiteSpace" : false
    }, {
      "id" : "s1-t1",
      "begin" : 236,
      "end" : 282,
      "text" : "MISC:https://insecurity.sh/reports/openemr.pdf",
      "whiteSpace" : false
    }, {
      "id" : "s1-t2",
      "begin" : 285,
      "end" : 286,
      "text" : "|",
      "whiteSpace" : false
    }, {
      "id" : "s1-t3",
      "begin" : 289,
      "end" : 395,
      "text" : "MISC:https://www.databreaches.net/openemr-patches-serious-vulnerabilities-uncovered-by-project-insecurity/",
      "whiteSpace" : false
    }, {
      "id" : "s1-t4",
      "begin" : 398,
      "end" : 399,
      "text" : "|",
      "whiteSpace" : false
    }, {
      "id" : "s1-t5",
      "begin" : 402,
      "end" : 460,
      "text" : "CONFIRM:https://github.com/openemr/openemr/pull/1757/files",
      "whiteSpace" : false
    }, {
      "id" : "s1-t6",
      "begin" : 463,
      "end" : 464,
      "text" : "|",
      "whiteSpace" : false
    }, {
      "id" : "s1-t7",
      "begin" : 467,
      "end" : 530,
      "text" : "CONFIRM:https://www.open-emr.org/wiki/index.php/OpenEMR_Patches",
      "whiteSpace" : false
    } ]
  } ],
  "mentions" : [ ],
  "relations" : [ ],
  "corefs" : [ ],
  "typeResolved" : true,
  "userResolved" : false
}