{
  "id" : "cb44ad30-e5bf-11e8-ac51-0ddb2b53e7d9-2850",
  "name" : "CVE-2018-15404",
  "createdDate" : 0,
  "version" : 3,
  "text" : "CVE-2018-15404 | A vulnerability in the web interface of Cisco Integrated Management Controller (IMC) Supervisor and Cisco UCS Director could allow an authenticated, remote attacker to cause a denial of service (DoS) condition on an affected system. The vulnerability is due to insufficient restrictions on the size or total amount of resources allowed via the web interface. An attacker who has valid credentials for the application could exploit this vulnerability by sending a crafted or malformed HTTP request to the web interface. A successful exploit could allow the attacker to cause oversubscription of system resources or cause a component to become unresponsive, resulting in a DoS condition. | CISCO:20181003 Cisco Integrated Management Controller Supervisor and Cisco UCS Director System Resources Denial of Service Vulnerability   |   URL:https://tools.cisco.com/security/center/content/CiscoSecurityAdvisory/cisco-sa-20181003-imcs-ucsd-dos",
  "docLength" : 0,
  "language" : "EN",
  "status" : "READY",
  "modifiedDate" : 1541947254783,
  "documentSet" : [ ],
  "preannotation" : [ ],
  "sentences" : [ {
    "id" : "s0",
    "begin" : 0,
    "end" : 249,
    "text" : "CVE-2018-15404 | A vulnerability in the web interface of Cisco Integrated Management Controller (IMC) Supervisor and Cisco UCS Director could allow an authenticated, remote attacker to cause a denial of service (DoS) condition on an affected system.",
    "tokens" : [ {
      "id" : "s0-t0",
      "begin" : 0,
      "end" : 14,
      "text" : "CVE-2018-15404",
      "whiteSpace" : false
    }, {
      "id" : "s0-t1",
      "begin" : 15,
      "end" : 16,
      "text" : "|",
      "whiteSpace" : false
    }, {
      "id" : "s0-t2",
      "begin" : 17,
      "end" : 18,
      "text" : "A",
      "whiteSpace" : false
    }, {
      "id" : "s0-t3",
      "begin" : 19,
      "end" : 32,
      "text" : "vulnerability",
      "whiteSpace" : false
    }, {
      "id" : "s0-t4",
      "begin" : 33,
      "end" : 35,
      "text" : "in",
      "whiteSpace" : false
    }, {
      "id" : "s0-t5",
      "begin" : 36,
      "end" : 39,
      "text" : "the",
      "whiteSpace" : false
    }, {
      "id" : "s0-t6",
      "begin" : 40,
      "end" : 43,
      "text" : "web",
      "whiteSpace" : false
    }, {
      "id" : "s0-t7",
      "begin" : 44,
      "end" : 53,
      "text" : "interface",
      "whiteSpace" : false
    }, {
      "id" : "s0-t8",
      "begin" : 54,
      "end" : 56,
      "text" : "of",
      "whiteSpace" : false
    }, {
      "id" : "s0-t9",
      "begin" : 57,
      "end" : 62,
      "text" : "Cisco",
      "whiteSpace" : false
    }, {
      "id" : "s0-t10",
      "begin" : 63,
      "end" : 73,
      "text" : "Integrated",
      "whiteSpace" : false
    }, {
      "id" : "s0-t11",
      "begin" : 74,
      "end" : 84,
      "text" : "Management",
      "whiteSpace" : false
    }, {
      "id" : "s0-t12",
      "begin" : 85,
      "end" : 95,
      "text" : "Controller",
      "whiteSpace" : false
    }, {
      "id" : "s0-t13",
      "begin" : 96,
      "end" : 97,
      "text" : "(",
      "whiteSpace" : false
    }, {
      "id" : "s0-t14",
      "begin" : 97,
      "end" : 100,
      "text" : "IMC",
      "whiteSpace" : false
    }, {
      "id" : "s0-t15",
      "begin" : 100,
      "end" : 101,
      "text" : ")",
      "whiteSpace" : false
    }, {
      "id" : "s0-t16",
      "begin" : 102,
      "end" : 112,
      "text" : "Supervisor",
      "whiteSpace" : false
    }, {
      "id" : "s0-t17",
      "begin" : 113,
      "end" : 116,
      "text" : "and",
      "whiteSpace" : false
    }, {
      "id" : "s0-t18",
      "begin" : 117,
      "end" : 122,
      "text" : "Cisco",
      "whiteSpace" : false
    }, {
      "id" : "s0-t19",
      "begin" : 123,
      "end" : 126,
      "text" : "UCS",
      "whiteSpace" : false
    }, {
      "id" : "s0-t20",
      "begin" : 127,
      "end" : 135,
      "text" : "Director",
      "whiteSpace" : false
    }, {
      "id" : "s0-t21",
      "begin" : 136,
      "end" : 141,
      "text" : "could",
      "whiteSpace" : false
    }, {
      "id" : "s0-t22",
      "begin" : 142,
      "end" : 147,
      "text" : "allow",
      "whiteSpace" : false
    }, {
      "id" : "s0-t23",
      "begin" : 148,
      "end" : 150,
      "text" : "an",
      "whiteSpace" : false
    }, {
      "id" : "s0-t24",
      "begin" : 151,
      "end" : 164,
      "text" : "authenticated",
      "whiteSpace" : false
    }, {
      "id" : "s0-t25",
      "begin" : 164,
      "end" : 165,
      "text" : ",",
      "whiteSpace" : false
    }, {
      "id" : "s0-t26",
      "begin" : 166,
      "end" : 172,
      "text" : "remote",
      "whiteSpace" : false
    }, {
      "id" : "s0-t27",
      "begin" : 173,
      "end" : 181,
      "text" : "attacker",
      "whiteSpace" : false
    }, {
      "id" : "s0-t28",
      "begin" : 182,
      "end" : 184,
      "text" : "to",
      "whiteSpace" : false
    }, {
      "id" : "s0-t29",
      "begin" : 185,
      "end" : 190,
      "text" : "cause",
      "whiteSpace" : false
    }, {
      "id" : "s0-t30",
      "begin" : 191,
      "end" : 192,
      "text" : "a",
      "whiteSpace" : false
    }, {
      "id" : "s0-t31",
      "begin" : 193,
      "end" : 199,
      "text" : "denial",
      "whiteSpace" : false
    }, {
      "id" : "s0-t32",
      "begin" : 200,
      "end" : 202,
      "text" : "of",
      "whiteSpace" : false
    }, {
      "id" : "s0-t33",
      "begin" : 203,
      "end" : 210,
      "text" : "service",
      "whiteSpace" : false
    }, {
      "id" : "s0-t34",
      "begin" : 211,
      "end" : 212,
      "text" : "(",
      "whiteSpace" : false
    }, {
      "id" : "s0-t35",
      "begin" : 212,
      "end" : 215,
      "text" : "DoS",
      "whiteSpace" : false
    }, {
      "id" : "s0-t36",
      "begin" : 215,
      "end" : 216,
      "text" : ")",
      "whiteSpace" : false
    }, {
      "id" : "s0-t37",
      "begin" : 217,
      "end" : 226,
      "text" : "condition",
      "whiteSpace" : false
    }, {
      "id" : "s0-t38",
      "begin" : 227,
      "end" : 229,
      "text" : "on",
      "whiteSpace" : false
    }, {
      "id" : "s0-t39",
      "begin" : 230,
      "end" : 232,
      "text" : "an",
      "whiteSpace" : false
    }, {
      "id" : "s0-t40",
      "begin" : 233,
      "end" : 241,
      "text" : "affected",
      "whiteSpace" : false
    }, {
      "id" : "s0-t41",
      "begin" : 242,
      "end" : 248,
      "text" : "system",
      "whiteSpace" : false
    }, {
      "id" : "s0-t42",
      "begin" : 248,
      "end" : 249,
      "text" : ".",
      "whiteSpace" : false
    } ]
  }, {
    "id" : "s1",
    "begin" : 250,
    "end" : 375,
    "text" : "The vulnerability is due to insufficient restrictions on the size or total amount of resources allowed via the web interface.",
    "tokens" : [ {
      "id" : "s1-t0",
      "begin" : 250,
      "end" : 253,
      "text" : "The",
      "whiteSpace" : false
    }, {
      "id" : "s1-t1",
      "begin" : 254,
      "end" : 267,
      "text" : "vulnerability",
      "whiteSpace" : false
    }, {
      "id" : "s1-t2",
      "begin" : 268,
      "end" : 270,
      "text" : "is",
      "whiteSpace" : false
    }, {
      "id" : "s1-t3",
      "begin" : 271,
      "end" : 274,
      "text" : "due",
      "whiteSpace" : false
    }, {
      "id" : "s1-t4",
      "begin" : 275,
      "end" : 277,
      "text" : "to",
      "whiteSpace" : false
    }, {
      "id" : "s1-t5",
      "begin" : 278,
      "end" : 290,
      "text" : "insufficient",
      "whiteSpace" : false
    }, {
      "id" : "s1-t6",
      "begin" : 291,
      "end" : 303,
      "text" : "restrictions",
      "whiteSpace" : false
    }, {
      "id" : "s1-t7",
      "begin" : 304,
      "end" : 306,
      "text" : "on",
      "whiteSpace" : false
    }, {
      "id" : "s1-t8",
      "begin" : 307,
      "end" : 310,
      "text" : "the",
      "whiteSpace" : false
    }, {
      "id" : "s1-t9",
      "begin" : 311,
      "end" : 315,
      "text" : "size",
      "whiteSpace" : false
    }, {
      "id" : "s1-t10",
      "begin" : 316,
      "end" : 318,
      "text" : "or",
      "whiteSpace" : false
    }, {
      "id" : "s1-t11",
      "begin" : 319,
      "end" : 324,
      "text" : "total",
      "whiteSpace" : false
    }, {
      "id" : "s1-t12",
      "begin" : 325,
      "end" : 331,
      "text" : "amount",
      "whiteSpace" : false
    }, {
      "id" : "s1-t13",
      "begin" : 332,
      "end" : 334,
      "text" : "of",
      "whiteSpace" : false
    }, {
      "id" : "s1-t14",
      "begin" : 335,
      "end" : 344,
      "text" : "resources",
      "whiteSpace" : false
    }, {
      "id" : "s1-t15",
      "begin" : 345,
      "end" : 352,
      "text" : "allowed",
      "whiteSpace" : false
    }, {
      "id" : "s1-t16",
      "begin" : 353,
      "end" : 356,
      "text" : "via",
      "whiteSpace" : false
    }, {
      "id" : "s1-t17",
      "begin" : 357,
      "end" : 360,
      "text" : "the",
      "whiteSpace" : false
    }, {
      "id" : "s1-t18",
      "begin" : 361,
      "end" : 364,
      "text" : "web",
      "whiteSpace" : false
    }, {
      "id" : "s1-t19",
      "begin" : 365,
      "end" : 374,
      "text" : "interface",
      "whiteSpace" : false
    }, {
      "id" : "s1-t20",
      "begin" : 374,
      "end" : 375,
      "text" : ".",
      "whiteSpace" : false
    } ]
  }, {
    "id" : "s2",
    "begin" : 376,
    "end" : 535,
    "text" : "An attacker who has valid credentials for the application could exploit this vulnerability by sending a crafted or malformed HTTP request to the web interface.",
    "tokens" : [ {
      "id" : "s2-t0",
      "begin" : 376,
      "end" : 378,
      "text" : "An",
      "whiteSpace" : false
    }, {
      "id" : "s2-t1",
      "begin" : 379,
      "end" : 387,
      "text" : "attacker",
      "whiteSpace" : false
    }, {
      "id" : "s2-t2",
      "begin" : 388,
      "end" : 391,
      "text" : "who",
      "whiteSpace" : false
    }, {
      "id" : "s2-t3",
      "begin" : 392,
      "end" : 395,
      "text" : "has",
      "whiteSpace" : false
    }, {
      "id" : "s2-t4",
      "begin" : 396,
      "end" : 401,
      "text" : "valid",
      "whiteSpace" : false
    }, {
      "id" : "s2-t5",
      "begin" : 402,
      "end" : 413,
      "text" : "credentials",
      "whiteSpace" : false
    }, {
      "id" : "s2-t6",
      "begin" : 414,
      "end" : 417,
      "text" : "for",
      "whiteSpace" : false
    }, {
      "id" : "s2-t7",
      "begin" : 418,
      "end" : 421,
      "text" : "the",
      "whiteSpace" : false
    }, {
      "id" : "s2-t8",
      "begin" : 422,
      "end" : 433,
      "text" : "application",
      "whiteSpace" : false
    }, {
      "id" : "s2-t9",
      "begin" : 434,
      "end" : 439,
      "text" : "could",
      "whiteSpace" : false
    }, {
      "id" : "s2-t10",
      "begin" : 440,
      "end" : 447,
      "text" : "exploit",
      "whiteSpace" : false
    }, {
      "id" : "s2-t11",
      "begin" : 448,
      "end" : 452,
      "text" : "this",
      "whiteSpace" : false
    }, {
      "id" : "s2-t12",
      "begin" : 453,
      "end" : 466,
      "text" : "vulnerability",
      "whiteSpace" : false
    }, {
      "id" : "s2-t13",
      "begin" : 467,
      "end" : 469,
      "text" : "by",
      "whiteSpace" : false
    }, {
      "id" : "s2-t14",
      "begin" : 470,
      "end" : 477,
      "text" : "sending",
      "whiteSpace" : false
    }, {
      "id" : "s2-t15",
      "begin" : 478,
      "end" : 479,
      "text" : "a",
      "whiteSpace" : false
    }, {
      "id" : "s2-t16",
      "begin" : 480,
      "end" : 487,
      "text" : "crafted",
      "whiteSpace" : false
    }, {
      "id" : "s2-t17",
      "begin" : 488,
      "end" : 490,
      "text" : "or",
      "whiteSpace" : false
    }, {
      "id" : "s2-t18",
      "begin" : 491,
      "end" : 500,
      "text" : "malformed",
      "whiteSpace" : false
    }, {
      "id" : "s2-t19",
      "begin" : 501,
      "end" : 505,
      "text" : "HTTP",
      "whiteSpace" : false
    }, {
      "id" : "s2-t20",
      "begin" : 506,
      "end" : 513,
      "text" : "request",
      "whiteSpace" : false
    }, {
      "id" : "s2-t21",
      "begin" : 514,
      "end" : 516,
      "text" : "to",
      "whiteSpace" : false
    }, {
      "id" : "s2-t22",
      "begin" : 517,
      "end" : 520,
      "text" : "the",
      "whiteSpace" : false
    }, {
      "id" : "s2-t23",
      "begin" : 521,
      "end" : 524,
      "text" : "web",
      "whiteSpace" : false
    }, {
      "id" : "s2-t24",
      "begin" : 525,
      "end" : 534,
      "text" : "interface",
      "whiteSpace" : false
    }, {
      "id" : "s2-t25",
      "begin" : 534,
      "end" : 535,
      "text" : ".",
      "whiteSpace" : false
    } ]
  }, {
    "id" : "s3",
    "begin" : 536,
    "end" : 702,
    "text" : "A successful exploit could allow the attacker to cause oversubscription of system resources or cause a component to become unresponsive, resulting in a DoS condition.",
    "tokens" : [ {
      "id" : "s3-t0",
      "begin" : 536,
      "end" : 537,
      "text" : "A",
      "whiteSpace" : false
    }, {
      "id" : "s3-t1",
      "begin" : 538,
      "end" : 548,
      "text" : "successful",
      "whiteSpace" : false
    }, {
      "id" : "s3-t2",
      "begin" : 549,
      "end" : 556,
      "text" : "exploit",
      "whiteSpace" : false
    }, {
      "id" : "s3-t3",
      "begin" : 557,
      "end" : 562,
      "text" : "could",
      "whiteSpace" : false
    }, {
      "id" : "s3-t4",
      "begin" : 563,
      "end" : 568,
      "text" : "allow",
      "whiteSpace" : false
    }, {
      "id" : "s3-t5",
      "begin" : 569,
      "end" : 572,
      "text" : "the",
      "whiteSpace" : false
    }, {
      "id" : "s3-t6",
      "begin" : 573,
      "end" : 581,
      "text" : "attacker",
      "whiteSpace" : false
    }, {
      "id" : "s3-t7",
      "begin" : 582,
      "end" : 584,
      "text" : "to",
      "whiteSpace" : false
    }, {
      "id" : "s3-t8",
      "begin" : 585,
      "end" : 590,
      "text" : "cause",
      "whiteSpace" : false
    }, {
      "id" : "s3-t9",
      "begin" : 591,
      "end" : 607,
      "text" : "oversubscription",
      "whiteSpace" : false
    }, {
      "id" : "s3-t10",
      "begin" : 608,
      "end" : 610,
      "text" : "of",
      "whiteSpace" : false
    }, {
      "id" : "s3-t11",
      "begin" : 611,
      "end" : 617,
      "text" : "system",
      "whiteSpace" : false
    }, {
      "id" : "s3-t12",
      "begin" : 618,
      "end" : 627,
      "text" : "resources",
      "whiteSpace" : false
    }, {
      "id" : "s3-t13",
      "begin" : 628,
      "end" : 630,
      "text" : "or",
      "whiteSpace" : false
    }, {
      "id" : "s3-t14",
      "begin" : 631,
      "end" : 636,
      "text" : "cause",
      "whiteSpace" : false
    }, {
      "id" : "s3-t15",
      "begin" : 637,
      "end" : 638,
      "text" : "a",
      "whiteSpace" : false
    }, {
      "id" : "s3-t16",
      "begin" : 639,
      "end" : 648,
      "text" : "component",
      "whiteSpace" : false
    }, {
      "id" : "s3-t17",
      "begin" : 649,
      "end" : 651,
      "text" : "to",
      "whiteSpace" : false
    }, {
      "id" : "s3-t18",
      "begin" : 652,
      "end" : 658,
      "text" : "become",
      "whiteSpace" : false
    }, {
      "id" : "s3-t19",
      "begin" : 659,
      "end" : 671,
      "text" : "unresponsive",
      "whiteSpace" : false
    }, {
      "id" : "s3-t20",
      "begin" : 671,
      "end" : 672,
      "text" : ",",
      "whiteSpace" : false
    }, {
      "id" : "s3-t21",
      "begin" : 673,
      "end" : 682,
      "text" : "resulting",
      "whiteSpace" : false
    }, {
      "id" : "s3-t22",
      "begin" : 683,
      "end" : 685,
      "text" : "in",
      "whiteSpace" : false
    }, {
      "id" : "s3-t23",
      "begin" : 686,
      "end" : 687,
      "text" : "a",
      "whiteSpace" : false
    }, {
      "id" : "s3-t24",
      "begin" : 688,
      "end" : 691,
      "text" : "DoS",
      "whiteSpace" : false
    }, {
      "id" : "s3-t25",
      "begin" : 692,
      "end" : 701,
      "text" : "condition",
      "whiteSpace" : false
    }, {
      "id" : "s3-t26",
      "begin" : 701,
      "end" : 702,
      "text" : ".",
      "whiteSpace" : false
    } ]
  }, {
    "id" : "s4",
    "begin" : 703,
    "end" : 953,
    "text" : "| CISCO:20181003 Cisco Integrated Management Controller Supervisor and Cisco UCS Director System Resources Denial of Service Vulnerability   |   URL:https://tools.cisco.com/security/center/content/CiscoSecurityAdvisory/cisco-sa-20181003-imcs-ucsd-dos",
    "tokens" : [ {
      "id" : "s4-t0",
      "begin" : 703,
      "end" : 704,
      "text" : "|",
      "whiteSpace" : false
    }, {
      "id" : "s4-t1",
      "begin" : 705,
      "end" : 710,
      "text" : "CISCO",
      "whiteSpace" : false
    }, {
      "id" : "s4-t2",
      "begin" : 710,
      "end" : 711,
      "text" : ":",
      "whiteSpace" : false
    }, {
      "id" : "s4-t3",
      "begin" : 711,
      "end" : 719,
      "text" : "20181003",
      "whiteSpace" : false
    }, {
      "id" : "s4-t4",
      "begin" : 720,
      "end" : 725,
      "text" : "Cisco",
      "whiteSpace" : false
    }, {
      "id" : "s4-t5",
      "begin" : 726,
      "end" : 736,
      "text" : "Integrated",
      "whiteSpace" : false
    }, {
      "id" : "s4-t6",
      "begin" : 737,
      "end" : 747,
      "text" : "Management",
      "whiteSpace" : false
    }, {
      "id" : "s4-t7",
      "begin" : 748,
      "end" : 758,
      "text" : "Controller",
      "whiteSpace" : false
    }, {
      "id" : "s4-t8",
      "begin" : 759,
      "end" : 769,
      "text" : "Supervisor",
      "whiteSpace" : false
    }, {
      "id" : "s4-t9",
      "begin" : 770,
      "end" : 773,
      "text" : "and",
      "whiteSpace" : false
    }, {
      "id" : "s4-t10",
      "begin" : 774,
      "end" : 779,
      "text" : "Cisco",
      "whiteSpace" : false
    }, {
      "id" : "s4-t11",
      "begin" : 780,
      "end" : 783,
      "text" : "UCS",
      "whiteSpace" : false
    }, {
      "id" : "s4-t12",
      "begin" : 784,
      "end" : 792,
      "text" : "Director",
      "whiteSpace" : false
    }, {
      "id" : "s4-t13",
      "begin" : 793,
      "end" : 799,
      "text" : "System",
      "whiteSpace" : false
    }, {
      "id" : "s4-t14",
      "begin" : 800,
      "end" : 809,
      "text" : "Resources",
      "whiteSpace" : false
    }, {
      "id" : "s4-t15",
      "begin" : 810,
      "end" : 816,
      "text" : "Denial",
      "whiteSpace" : false
    }, {
      "id" : "s4-t16",
      "begin" : 817,
      "end" : 819,
      "text" : "of",
      "whiteSpace" : false
    }, {
      "id" : "s4-t17",
      "begin" : 820,
      "end" : 827,
      "text" : "Service",
      "whiteSpace" : false
    }, {
      "id" : "s4-t18",
      "begin" : 828,
      "end" : 841,
      "text" : "Vulnerability",
      "whiteSpace" : false
    }, {
      "id" : "s4-t19",
      "begin" : 844,
      "end" : 845,
      "text" : "|",
      "whiteSpace" : false
    }, {
      "id" : "s4-t20",
      "begin" : 848,
      "end" : 944,
      "text" : "URL:https://tools.cisco.com/security/center/content/CiscoSecurityAdvisory/cisco-sa-20181003-imcs",
      "whiteSpace" : false
    }, {
      "id" : "s4-t21",
      "begin" : 944,
      "end" : 945,
      "text" : "-",
      "whiteSpace" : false
    }, {
      "id" : "s4-t22",
      "begin" : 945,
      "end" : 949,
      "text" : "ucsd",
      "whiteSpace" : false
    }, {
      "id" : "s4-t23",
      "begin" : 949,
      "end" : 950,
      "text" : "-",
      "whiteSpace" : false
    }, {
      "id" : "s4-t24",
      "begin" : 950,
      "end" : 953,
      "text" : "dos",
      "whiteSpace" : false
    } ]
  } ],
  "mentions" : [ ],
  "relations" : [ ],
  "corefs" : [ ],
  "typeResolved" : true,
  "userResolved" : false
}