{
  "id" : "cb44ad30-e5bf-11e8-ac51-0ddb2b53e7d9-2921",
  "name" : "CVE-2018-15311",
  "createdDate" : 0,
  "version" : 3,
  "text" : "CVE-2018-15311 | When F5 BIG-IP 13.0.0-13.1.0.5, 12.1.0-12.1.3.5, 11.6.0-11.6.3.2, or 11.5.1-11.5.6 is processing specially crafted TCP traffic with the Large Receive Offload (LRO) feature enabled, TMM may crash, leading to a failover event. This vulnerability is not exposed unless LRO is enabled, so most affected customers will be on 13.1.x. LRO has been available since 11.4.0 but is not enabled by default until 13.1.0. | CONFIRM:https://support.f5.com/csp/article/K07550539",
  "docLength" : 0,
  "language" : "EN",
  "status" : "READY",
  "modifiedDate" : 1541947254783,
  "documentSet" : [ ],
  "preannotation" : [ ],
  "sentences" : [ {
    "id" : "s0",
    "begin" : 0,
    "end" : 241,
    "text" : "CVE-2018-15311 | When F5 BIG-IP 13.0.0-13.1.0.5, 12.1.0-12.1.3.5, 11.6.0-11.6.3.2, or 11.5.1-11.5.6 is processing specially crafted TCP traffic with the Large Receive Offload (LRO) feature enabled, TMM may crash, leading to a failover event.",
    "tokens" : [ {
      "id" : "s0-t0",
      "begin" : 0,
      "end" : 14,
      "text" : "CVE-2018-15311",
      "whiteSpace" : false
    }, {
      "id" : "s0-t1",
      "begin" : 15,
      "end" : 16,
      "text" : "|",
      "whiteSpace" : false
    }, {
      "id" : "s0-t2",
      "begin" : 17,
      "end" : 21,
      "text" : "When",
      "whiteSpace" : false
    }, {
      "id" : "s0-t3",
      "begin" : 22,
      "end" : 24,
      "text" : "F5",
      "whiteSpace" : false
    }, {
      "id" : "s0-t4",
      "begin" : 25,
      "end" : 28,
      "text" : "BIG",
      "whiteSpace" : false
    }, {
      "id" : "s0-t5",
      "begin" : 28,
      "end" : 29,
      "text" : "-",
      "whiteSpace" : false
    }, {
      "id" : "s0-t6",
      "begin" : 29,
      "end" : 31,
      "text" : "IP",
      "whiteSpace" : false
    }, {
      "id" : "s0-t7",
      "begin" : 32,
      "end" : 47,
      "text" : "13.0.0-13.1.0.5",
      "whiteSpace" : false
    }, {
      "id" : "s0-t8",
      "begin" : 47,
      "end" : 48,
      "text" : ",",
      "whiteSpace" : false
    }, {
      "id" : "s0-t9",
      "begin" : 49,
      "end" : 64,
      "text" : "12.1.0-12.1.3.5",
      "whiteSpace" : false
    }, {
      "id" : "s0-t10",
      "begin" : 64,
      "end" : 65,
      "text" : ",",
      "whiteSpace" : false
    }, {
      "id" : "s0-t11",
      "begin" : 66,
      "end" : 81,
      "text" : "11.6.0-11.6.3.2",
      "whiteSpace" : false
    }, {
      "id" : "s0-t12",
      "begin" : 81,
      "end" : 82,
      "text" : ",",
      "whiteSpace" : false
    }, {
      "id" : "s0-t13",
      "begin" : 83,
      "end" : 85,
      "text" : "or",
      "whiteSpace" : false
    }, {
      "id" : "s0-t14",
      "begin" : 86,
      "end" : 99,
      "text" : "11.5.1-11.5.6",
      "whiteSpace" : false
    }, {
      "id" : "s0-t15",
      "begin" : 100,
      "end" : 102,
      "text" : "is",
      "whiteSpace" : false
    }, {
      "id" : "s0-t16",
      "begin" : 103,
      "end" : 113,
      "text" : "processing",
      "whiteSpace" : false
    }, {
      "id" : "s0-t17",
      "begin" : 114,
      "end" : 123,
      "text" : "specially",
      "whiteSpace" : false
    }, {
      "id" : "s0-t18",
      "begin" : 124,
      "end" : 131,
      "text" : "crafted",
      "whiteSpace" : false
    }, {
      "id" : "s0-t19",
      "begin" : 132,
      "end" : 135,
      "text" : "TCP",
      "whiteSpace" : false
    }, {
      "id" : "s0-t20",
      "begin" : 136,
      "end" : 143,
      "text" : "traffic",
      "whiteSpace" : false
    }, {
      "id" : "s0-t21",
      "begin" : 144,
      "end" : 148,
      "text" : "with",
      "whiteSpace" : false
    }, {
      "id" : "s0-t22",
      "begin" : 149,
      "end" : 152,
      "text" : "the",
      "whiteSpace" : false
    }, {
      "id" : "s0-t23",
      "begin" : 153,
      "end" : 158,
      "text" : "Large",
      "whiteSpace" : false
    }, {
      "id" : "s0-t24",
      "begin" : 159,
      "end" : 166,
      "text" : "Receive",
      "whiteSpace" : false
    }, {
      "id" : "s0-t25",
      "begin" : 167,
      "end" : 174,
      "text" : "Offload",
      "whiteSpace" : false
    }, {
      "id" : "s0-t26",
      "begin" : 175,
      "end" : 176,
      "text" : "(",
      "whiteSpace" : false
    }, {
      "id" : "s0-t27",
      "begin" : 176,
      "end" : 179,
      "text" : "LRO",
      "whiteSpace" : false
    }, {
      "id" : "s0-t28",
      "begin" : 179,
      "end" : 180,
      "text" : ")",
      "whiteSpace" : false
    }, {
      "id" : "s0-t29",
      "begin" : 181,
      "end" : 188,
      "text" : "feature",
      "whiteSpace" : false
    }, {
      "id" : "s0-t30",
      "begin" : 189,
      "end" : 196,
      "text" : "enabled",
      "whiteSpace" : false
    }, {
      "id" : "s0-t31",
      "begin" : 196,
      "end" : 197,
      "text" : ",",
      "whiteSpace" : false
    }, {
      "id" : "s0-t32",
      "begin" : 198,
      "end" : 201,
      "text" : "TMM",
      "whiteSpace" : false
    }, {
      "id" : "s0-t33",
      "begin" : 202,
      "end" : 205,
      "text" : "may",
      "whiteSpace" : false
    }, {
      "id" : "s0-t34",
      "begin" : 206,
      "end" : 211,
      "text" : "crash",
      "whiteSpace" : false
    }, {
      "id" : "s0-t35",
      "begin" : 211,
      "end" : 212,
      "text" : ",",
      "whiteSpace" : false
    }, {
      "id" : "s0-t36",
      "begin" : 213,
      "end" : 220,
      "text" : "leading",
      "whiteSpace" : false
    }, {
      "id" : "s0-t37",
      "begin" : 221,
      "end" : 223,
      "text" : "to",
      "whiteSpace" : false
    }, {
      "id" : "s0-t38",
      "begin" : 224,
      "end" : 225,
      "text" : "a",
      "whiteSpace" : false
    }, {
      "id" : "s0-t39",
      "begin" : 226,
      "end" : 234,
      "text" : "failover",
      "whiteSpace" : false
    }, {
      "id" : "s0-t40",
      "begin" : 235,
      "end" : 240,
      "text" : "event",
      "whiteSpace" : false
    }, {
      "id" : "s0-t41",
      "begin" : 240,
      "end" : 241,
      "text" : ".",
      "whiteSpace" : false
    } ]
  }, {
    "id" : "s1",
    "begin" : 242,
    "end" : 344,
    "text" : "This vulnerability is not exposed unless LRO is enabled, so most affected customers will be on 13.1.x.",
    "tokens" : [ {
      "id" : "s1-t0",
      "begin" : 242,
      "end" : 246,
      "text" : "This",
      "whiteSpace" : false
    }, {
      "id" : "s1-t1",
      "begin" : 247,
      "end" : 260,
      "text" : "vulnerability",
      "whiteSpace" : false
    }, {
      "id" : "s1-t2",
      "begin" : 261,
      "end" : 263,
      "text" : "is",
      "whiteSpace" : false
    }, {
      "id" : "s1-t3",
      "begin" : 264,
      "end" : 267,
      "text" : "not",
      "whiteSpace" : false
    }, {
      "id" : "s1-t4",
      "begin" : 268,
      "end" : 275,
      "text" : "exposed",
      "whiteSpace" : false
    }, {
      "id" : "s1-t5",
      "begin" : 276,
      "end" : 282,
      "text" : "unless",
      "whiteSpace" : false
    }, {
      "id" : "s1-t6",
      "begin" : 283,
      "end" : 286,
      "text" : "LRO",
      "whiteSpace" : false
    }, {
      "id" : "s1-t7",
      "begin" : 287,
      "end" : 289,
      "text" : "is",
      "whiteSpace" : false
    }, {
      "id" : "s1-t8",
      "begin" : 290,
      "end" : 297,
      "text" : "enabled",
      "whiteSpace" : false
    }, {
      "id" : "s1-t9",
      "begin" : 297,
      "end" : 298,
      "text" : ",",
      "whiteSpace" : false
    }, {
      "id" : "s1-t10",
      "begin" : 299,
      "end" : 301,
      "text" : "so",
      "whiteSpace" : false
    }, {
      "id" : "s1-t11",
      "begin" : 302,
      "end" : 306,
      "text" : "most",
      "whiteSpace" : false
    }, {
      "id" : "s1-t12",
      "begin" : 307,
      "end" : 315,
      "text" : "affected",
      "whiteSpace" : false
    }, {
      "id" : "s1-t13",
      "begin" : 316,
      "end" : 325,
      "text" : "customers",
      "whiteSpace" : false
    }, {
      "id" : "s1-t14",
      "begin" : 326,
      "end" : 330,
      "text" : "will",
      "whiteSpace" : false
    }, {
      "id" : "s1-t15",
      "begin" : 331,
      "end" : 333,
      "text" : "be",
      "whiteSpace" : false
    }, {
      "id" : "s1-t16",
      "begin" : 334,
      "end" : 336,
      "text" : "on",
      "whiteSpace" : false
    }, {
      "id" : "s1-t17",
      "begin" : 337,
      "end" : 343,
      "text" : "13.1.x",
      "whiteSpace" : false
    }, {
      "id" : "s1-t18",
      "begin" : 343,
      "end" : 344,
      "text" : ".",
      "whiteSpace" : false
    } ]
  }, {
    "id" : "s2",
    "begin" : 345,
    "end" : 424,
    "text" : "LRO has been available since 11.4.0 but is not enabled by default until 13.1.0.",
    "tokens" : [ {
      "id" : "s2-t0",
      "begin" : 345,
      "end" : 348,
      "text" : "LRO",
      "whiteSpace" : false
    }, {
      "id" : "s2-t1",
      "begin" : 349,
      "end" : 352,
      "text" : "has",
      "whiteSpace" : false
    }, {
      "id" : "s2-t2",
      "begin" : 353,
      "end" : 357,
      "text" : "been",
      "whiteSpace" : false
    }, {
      "id" : "s2-t3",
      "begin" : 358,
      "end" : 367,
      "text" : "available",
      "whiteSpace" : false
    }, {
      "id" : "s2-t4",
      "begin" : 368,
      "end" : 373,
      "text" : "since",
      "whiteSpace" : false
    }, {
      "id" : "s2-t5",
      "begin" : 374,
      "end" : 380,
      "text" : "11.4.0",
      "whiteSpace" : false
    }, {
      "id" : "s2-t6",
      "begin" : 381,
      "end" : 384,
      "text" : "but",
      "whiteSpace" : false
    }, {
      "id" : "s2-t7",
      "begin" : 385,
      "end" : 387,
      "text" : "is",
      "whiteSpace" : false
    }, {
      "id" : "s2-t8",
      "begin" : 388,
      "end" : 391,
      "text" : "not",
      "whiteSpace" : false
    }, {
      "id" : "s2-t9",
      "begin" : 392,
      "end" : 399,
      "text" : "enabled",
      "whiteSpace" : false
    }, {
      "id" : "s2-t10",
      "begin" : 400,
      "end" : 402,
      "text" : "by",
      "whiteSpace" : false
    }, {
      "id" : "s2-t11",
      "begin" : 403,
      "end" : 410,
      "text" : "default",
      "whiteSpace" : false
    }, {
      "id" : "s2-t12",
      "begin" : 411,
      "end" : 416,
      "text" : "until",
      "whiteSpace" : false
    }, {
      "id" : "s2-t13",
      "begin" : 417,
      "end" : 423,
      "text" : "13.1.0",
      "whiteSpace" : false
    }, {
      "id" : "s2-t14",
      "begin" : 423,
      "end" : 424,
      "text" : ".",
      "whiteSpace" : false
    } ]
  }, {
    "id" : "s3",
    "begin" : 425,
    "end" : 479,
    "text" : "| CONFIRM:https://support.f5.com/csp/article/K07550539",
    "tokens" : [ {
      "id" : "s3-t0",
      "begin" : 425,
      "end" : 426,
      "text" : "|",
      "whiteSpace" : false
    }, {
      "id" : "s3-t1",
      "begin" : 427,
      "end" : 479,
      "text" : "CONFIRM:https://support.f5.com/csp/article/K07550539",
      "whiteSpace" : false
    } ]
  } ],
  "mentions" : [ ],
  "relations" : [ ],
  "corefs" : [ ],
  "typeResolved" : true,
  "userResolved" : false
}