{
  "id" : "cb44ad30-e5bf-11e8-ac51-0ddb2b53e7d9-2901",
  "name" : "CVE-2018-1535",
  "createdDate" : 0,
  "version" : 3,
  "text" : "CVE-2018-1535 | IBM Rational Rhapsody Design Manager 5.0 through 5.0.2 and 6.0 through 6.0.5 and IBM Rational Software Architect Design Manager 5.0 through 5.0.2 and 6.0 through 6.0.1 are vulnerable to cross-site scripting. This vulnerability allows users to embed arbitrary JavaScript code in the Web UI thus altering the intended functionality potentially leading to credentials disclosure within a trusted session. IBM X-Force ID: 124557. | CONFIRM:http://www.ibm.com/support/docview.wss?uid=ibm10716029   |   XF:ibm-rhapsody-cve20181535-xss(142557)   |   URL:https://exchange.xforce.ibmcloud.com/vulnerabilities/142557",
  "docLength" : 0,
  "language" : "EN",
  "status" : "READY",
  "modifiedDate" : 1541947254783,
  "documentSet" : [ ],
  "preannotation" : [ ],
  "sentences" : [ {
    "id" : "s0",
    "begin" : 0,
    "end" : 223,
    "text" : "CVE-2018-1535 | IBM Rational Rhapsody Design Manager 5.0 through 5.0.2 and 6.0 through 6.0.5 and IBM Rational Software Architect Design Manager 5.0 through 5.0.2 and 6.0 through 6.0.1 are vulnerable to cross-site scripting.",
    "tokens" : [ {
      "id" : "s0-t0",
      "begin" : 0,
      "end" : 13,
      "text" : "CVE-2018-1535",
      "whiteSpace" : false
    }, {
      "id" : "s0-t1",
      "begin" : 14,
      "end" : 15,
      "text" : "|",
      "whiteSpace" : false
    }, {
      "id" : "s0-t2",
      "begin" : 16,
      "end" : 19,
      "text" : "IBM",
      "whiteSpace" : false
    }, {
      "id" : "s0-t3",
      "begin" : 20,
      "end" : 28,
      "text" : "Rational",
      "whiteSpace" : false
    }, {
      "id" : "s0-t4",
      "begin" : 29,
      "end" : 37,
      "text" : "Rhapsody",
      "whiteSpace" : false
    }, {
      "id" : "s0-t5",
      "begin" : 38,
      "end" : 44,
      "text" : "Design",
      "whiteSpace" : false
    }, {
      "id" : "s0-t6",
      "begin" : 45,
      "end" : 52,
      "text" : "Manager",
      "whiteSpace" : false
    }, {
      "id" : "s0-t7",
      "begin" : 53,
      "end" : 56,
      "text" : "5.0",
      "whiteSpace" : false
    }, {
      "id" : "s0-t8",
      "begin" : 57,
      "end" : 64,
      "text" : "through",
      "whiteSpace" : false
    }, {
      "id" : "s0-t9",
      "begin" : 65,
      "end" : 70,
      "text" : "5.0.2",
      "whiteSpace" : false
    }, {
      "id" : "s0-t10",
      "begin" : 71,
      "end" : 74,
      "text" : "and",
      "whiteSpace" : false
    }, {
      "id" : "s0-t11",
      "begin" : 75,
      "end" : 78,
      "text" : "6.0",
      "whiteSpace" : false
    }, {
      "id" : "s0-t12",
      "begin" : 79,
      "end" : 86,
      "text" : "through",
      "whiteSpace" : false
    }, {
      "id" : "s0-t13",
      "begin" : 87,
      "end" : 92,
      "text" : "6.0.5",
      "whiteSpace" : false
    }, {
      "id" : "s0-t14",
      "begin" : 93,
      "end" : 96,
      "text" : "and",
      "whiteSpace" : false
    }, {
      "id" : "s0-t15",
      "begin" : 97,
      "end" : 100,
      "text" : "IBM",
      "whiteSpace" : false
    }, {
      "id" : "s0-t16",
      "begin" : 101,
      "end" : 109,
      "text" : "Rational",
      "whiteSpace" : false
    }, {
      "id" : "s0-t17",
      "begin" : 110,
      "end" : 118,
      "text" : "Software",
      "whiteSpace" : false
    }, {
      "id" : "s0-t18",
      "begin" : 119,
      "end" : 128,
      "text" : "Architect",
      "whiteSpace" : false
    }, {
      "id" : "s0-t19",
      "begin" : 129,
      "end" : 135,
      "text" : "Design",
      "whiteSpace" : false
    }, {
      "id" : "s0-t20",
      "begin" : 136,
      "end" : 143,
      "text" : "Manager",
      "whiteSpace" : false
    }, {
      "id" : "s0-t21",
      "begin" : 144,
      "end" : 147,
      "text" : "5.0",
      "whiteSpace" : false
    }, {
      "id" : "s0-t22",
      "begin" : 148,
      "end" : 155,
      "text" : "through",
      "whiteSpace" : false
    }, {
      "id" : "s0-t23",
      "begin" : 156,
      "end" : 161,
      "text" : "5.0.2",
      "whiteSpace" : false
    }, {
      "id" : "s0-t24",
      "begin" : 162,
      "end" : 165,
      "text" : "and",
      "whiteSpace" : false
    }, {
      "id" : "s0-t25",
      "begin" : 166,
      "end" : 169,
      "text" : "6.0",
      "whiteSpace" : false
    }, {
      "id" : "s0-t26",
      "begin" : 170,
      "end" : 177,
      "text" : "through",
      "whiteSpace" : false
    }, {
      "id" : "s0-t27",
      "begin" : 178,
      "end" : 183,
      "text" : "6.0.1",
      "whiteSpace" : false
    }, {
      "id" : "s0-t28",
      "begin" : 184,
      "end" : 187,
      "text" : "are",
      "whiteSpace" : false
    }, {
      "id" : "s0-t29",
      "begin" : 188,
      "end" : 198,
      "text" : "vulnerable",
      "whiteSpace" : false
    }, {
      "id" : "s0-t30",
      "begin" : 199,
      "end" : 201,
      "text" : "to",
      "whiteSpace" : false
    }, {
      "id" : "s0-t31",
      "begin" : 202,
      "end" : 207,
      "text" : "cross",
      "whiteSpace" : false
    }, {
      "id" : "s0-t32",
      "begin" : 207,
      "end" : 208,
      "text" : "-",
      "whiteSpace" : false
    }, {
      "id" : "s0-t33",
      "begin" : 208,
      "end" : 212,
      "text" : "site",
      "whiteSpace" : false
    }, {
      "id" : "s0-t34",
      "begin" : 213,
      "end" : 222,
      "text" : "scripting",
      "whiteSpace" : false
    }, {
      "id" : "s0-t35",
      "begin" : 222,
      "end" : 223,
      "text" : ".",
      "whiteSpace" : false
    } ]
  }, {
    "id" : "s1",
    "begin" : 224,
    "end" : 417,
    "text" : "This vulnerability allows users to embed arbitrary JavaScript code in the Web UI thus altering the intended functionality potentially leading to credentials disclosure within a trusted session.",
    "tokens" : [ {
      "id" : "s1-t0",
      "begin" : 224,
      "end" : 228,
      "text" : "This",
      "whiteSpace" : false
    }, {
      "id" : "s1-t1",
      "begin" : 229,
      "end" : 242,
      "text" : "vulnerability",
      "whiteSpace" : false
    }, {
      "id" : "s1-t2",
      "begin" : 243,
      "end" : 249,
      "text" : "allows",
      "whiteSpace" : false
    }, {
      "id" : "s1-t3",
      "begin" : 250,
      "end" : 255,
      "text" : "users",
      "whiteSpace" : false
    }, {
      "id" : "s1-t4",
      "begin" : 256,
      "end" : 258,
      "text" : "to",
      "whiteSpace" : false
    }, {
      "id" : "s1-t5",
      "begin" : 259,
      "end" : 264,
      "text" : "embed",
      "whiteSpace" : false
    }, {
      "id" : "s1-t6",
      "begin" : 265,
      "end" : 274,
      "text" : "arbitrary",
      "whiteSpace" : false
    }, {
      "id" : "s1-t7",
      "begin" : 275,
      "end" : 285,
      "text" : "JavaScript",
      "whiteSpace" : false
    }, {
      "id" : "s1-t8",
      "begin" : 286,
      "end" : 290,
      "text" : "code",
      "whiteSpace" : false
    }, {
      "id" : "s1-t9",
      "begin" : 291,
      "end" : 293,
      "text" : "in",
      "whiteSpace" : false
    }, {
      "id" : "s1-t10",
      "begin" : 294,
      "end" : 297,
      "text" : "the",
      "whiteSpace" : false
    }, {
      "id" : "s1-t11",
      "begin" : 298,
      "end" : 301,
      "text" : "Web",
      "whiteSpace" : false
    }, {
      "id" : "s1-t12",
      "begin" : 302,
      "end" : 304,
      "text" : "UI",
      "whiteSpace" : false
    }, {
      "id" : "s1-t13",
      "begin" : 305,
      "end" : 309,
      "text" : "thus",
      "whiteSpace" : false
    }, {
      "id" : "s1-t14",
      "begin" : 310,
      "end" : 318,
      "text" : "altering",
      "whiteSpace" : false
    }, {
      "id" : "s1-t15",
      "begin" : 319,
      "end" : 322,
      "text" : "the",
      "whiteSpace" : false
    }, {
      "id" : "s1-t16",
      "begin" : 323,
      "end" : 331,
      "text" : "intended",
      "whiteSpace" : false
    }, {
      "id" : "s1-t17",
      "begin" : 332,
      "end" : 345,
      "text" : "functionality",
      "whiteSpace" : false
    }, {
      "id" : "s1-t18",
      "begin" : 346,
      "end" : 357,
      "text" : "potentially",
      "whiteSpace" : false
    }, {
      "id" : "s1-t19",
      "begin" : 358,
      "end" : 365,
      "text" : "leading",
      "whiteSpace" : false
    }, {
      "id" : "s1-t20",
      "begin" : 366,
      "end" : 368,
      "text" : "to",
      "whiteSpace" : false
    }, {
      "id" : "s1-t21",
      "begin" : 369,
      "end" : 380,
      "text" : "credentials",
      "whiteSpace" : false
    }, {
      "id" : "s1-t22",
      "begin" : 381,
      "end" : 391,
      "text" : "disclosure",
      "whiteSpace" : false
    }, {
      "id" : "s1-t23",
      "begin" : 392,
      "end" : 398,
      "text" : "within",
      "whiteSpace" : false
    }, {
      "id" : "s1-t24",
      "begin" : 399,
      "end" : 400,
      "text" : "a",
      "whiteSpace" : false
    }, {
      "id" : "s1-t25",
      "begin" : 401,
      "end" : 408,
      "text" : "trusted",
      "whiteSpace" : false
    }, {
      "id" : "s1-t26",
      "begin" : 409,
      "end" : 416,
      "text" : "session",
      "whiteSpace" : false
    }, {
      "id" : "s1-t27",
      "begin" : 416,
      "end" : 417,
      "text" : ".",
      "whiteSpace" : false
    } ]
  }, {
    "id" : "s2",
    "begin" : 418,
    "end" : 441,
    "text" : "IBM X-Force ID: 124557.",
    "tokens" : [ {
      "id" : "s2-t0",
      "begin" : 418,
      "end" : 421,
      "text" : "IBM",
      "whiteSpace" : false
    }, {
      "id" : "s2-t1",
      "begin" : 422,
      "end" : 429,
      "text" : "X-Force",
      "whiteSpace" : false
    }, {
      "id" : "s2-t2",
      "begin" : 430,
      "end" : 432,
      "text" : "ID",
      "whiteSpace" : false
    }, {
      "id" : "s2-t3",
      "begin" : 432,
      "end" : 433,
      "text" : ":",
      "whiteSpace" : false
    }, {
      "id" : "s2-t4",
      "begin" : 434,
      "end" : 440,
      "text" : "124557",
      "whiteSpace" : false
    }, {
      "id" : "s2-t5",
      "begin" : 440,
      "end" : 441,
      "text" : ".",
      "whiteSpace" : false
    } ]
  }, {
    "id" : "s3",
    "begin" : 442,
    "end" : 622,
    "text" : "| CONFIRM:http://www.ibm.com/support/docview.wss?uid=ibm10716029   |   XF:ibm-rhapsody-cve20181535-xss(142557)   |   URL:https://exchange.xforce.ibmcloud.com/vulnerabilities/142557",
    "tokens" : [ {
      "id" : "s3-t0",
      "begin" : 442,
      "end" : 443,
      "text" : "|",
      "whiteSpace" : false
    }, {
      "id" : "s3-t1",
      "begin" : 444,
      "end" : 506,
      "text" : "CONFIRM:http://www.ibm.com/support/docview.wss?uid=ibm10716029",
      "whiteSpace" : false
    }, {
      "id" : "s3-t2",
      "begin" : 509,
      "end" : 510,
      "text" : "|",
      "whiteSpace" : false
    }, {
      "id" : "s3-t3",
      "begin" : 513,
      "end" : 515,
      "text" : "XF",
      "whiteSpace" : false
    }, {
      "id" : "s3-t4",
      "begin" : 515,
      "end" : 519,
      "text" : ":ibm",
      "whiteSpace" : false
    }, {
      "id" : "s3-t5",
      "begin" : 519,
      "end" : 520,
      "text" : "-",
      "whiteSpace" : false
    }, {
      "id" : "s3-t6",
      "begin" : 520,
      "end" : 528,
      "text" : "rhapsody",
      "whiteSpace" : false
    }, {
      "id" : "s3-t7",
      "begin" : 528,
      "end" : 529,
      "text" : "-",
      "whiteSpace" : false
    }, {
      "id" : "s3-t8",
      "begin" : 529,
      "end" : 540,
      "text" : "cve20181535",
      "whiteSpace" : false
    }, {
      "id" : "s3-t9",
      "begin" : 540,
      "end" : 541,
      "text" : "-",
      "whiteSpace" : false
    }, {
      "id" : "s3-t10",
      "begin" : 541,
      "end" : 544,
      "text" : "xss",
      "whiteSpace" : false
    }, {
      "id" : "s3-t11",
      "begin" : 544,
      "end" : 545,
      "text" : "(",
      "whiteSpace" : false
    }, {
      "id" : "s3-t12",
      "begin" : 545,
      "end" : 551,
      "text" : "142557",
      "whiteSpace" : false
    }, {
      "id" : "s3-t13",
      "begin" : 551,
      "end" : 552,
      "text" : ")",
      "whiteSpace" : false
    }, {
      "id" : "s3-t14",
      "begin" : 555,
      "end" : 556,
      "text" : "|",
      "whiteSpace" : false
    }, {
      "id" : "s3-t15",
      "begin" : 559,
      "end" : 616,
      "text" : "URL:https://exchange.xforce.ibmcloud.com/vulnerabilities/",
      "whiteSpace" : false
    }, {
      "id" : "s3-t16",
      "begin" : 616,
      "end" : 622,
      "text" : "142557",
      "whiteSpace" : false
    } ]
  } ],
  "mentions" : [ ],
  "relations" : [ ],
  "corefs" : [ ],
  "typeResolved" : true,
  "userResolved" : false
}