{
  "id" : "cb44ad30-e5bf-11e8-ac51-0ddb2b53e7d9-2980",
  "name" : "CVE-2018-15137",
  "createdDate" : 0,
  "version" : 3,
  "text" : "CVE-2018-15137 | CeLa Link CLR-M20 devices allow unauthorized users to upload any file (e.g., asp, aspx, cfm, html, jhtml, jsp, or shtml), which causes remote code execution as well. Because of the WebDAV feature, it is possible to upload arbitrary files by utilizing the PUT method. | EXPLOIT-DB:45021   |   URL:https://www.exploit-db.com/exploits/45021/   |   MISC:https://github.com/safakaslan/CelaLinkCLRM20/issues/1",
  "docLength" : 0,
  "language" : "EN",
  "status" : "READY",
  "modifiedDate" : 1541947254783,
  "documentSet" : [ ],
  "preannotation" : [ ],
  "sentences" : [ {
    "id" : "s0",
    "begin" : 0,
    "end" : 182,
    "text" : "CVE-2018-15137 | CeLa Link CLR-M20 devices allow unauthorized users to upload any file (e.g., asp, aspx, cfm, html, jhtml, jsp, or shtml), which causes remote code execution as well.",
    "tokens" : [ {
      "id" : "s0-t0",
      "begin" : 0,
      "end" : 14,
      "text" : "CVE-2018-15137",
      "whiteSpace" : false
    }, {
      "id" : "s0-t1",
      "begin" : 15,
      "end" : 16,
      "text" : "|",
      "whiteSpace" : false
    }, {
      "id" : "s0-t2",
      "begin" : 17,
      "end" : 21,
      "text" : "CeLa",
      "whiteSpace" : false
    }, {
      "id" : "s0-t3",
      "begin" : 22,
      "end" : 26,
      "text" : "Link",
      "whiteSpace" : false
    }, {
      "id" : "s0-t4",
      "begin" : 27,
      "end" : 34,
      "text" : "CLR-M20",
      "whiteSpace" : false
    }, {
      "id" : "s0-t5",
      "begin" : 35,
      "end" : 42,
      "text" : "devices",
      "whiteSpace" : false
    }, {
      "id" : "s0-t6",
      "begin" : 43,
      "end" : 48,
      "text" : "allow",
      "whiteSpace" : false
    }, {
      "id" : "s0-t7",
      "begin" : 49,
      "end" : 61,
      "text" : "unauthorized",
      "whiteSpace" : false
    }, {
      "id" : "s0-t8",
      "begin" : 62,
      "end" : 67,
      "text" : "users",
      "whiteSpace" : false
    }, {
      "id" : "s0-t9",
      "begin" : 68,
      "end" : 70,
      "text" : "to",
      "whiteSpace" : false
    }, {
      "id" : "s0-t10",
      "begin" : 71,
      "end" : 77,
      "text" : "upload",
      "whiteSpace" : false
    }, {
      "id" : "s0-t11",
      "begin" : 78,
      "end" : 81,
      "text" : "any",
      "whiteSpace" : false
    }, {
      "id" : "s0-t12",
      "begin" : 82,
      "end" : 86,
      "text" : "file",
      "whiteSpace" : false
    }, {
      "id" : "s0-t13",
      "begin" : 87,
      "end" : 88,
      "text" : "(",
      "whiteSpace" : false
    }, {
      "id" : "s0-t14",
      "begin" : 88,
      "end" : 92,
      "text" : "e.g.",
      "whiteSpace" : false
    }, {
      "id" : "s0-t15",
      "begin" : 92,
      "end" : 93,
      "text" : ",",
      "whiteSpace" : false
    }, {
      "id" : "s0-t16",
      "begin" : 94,
      "end" : 97,
      "text" : "asp",
      "whiteSpace" : false
    }, {
      "id" : "s0-t17",
      "begin" : 97,
      "end" : 98,
      "text" : ",",
      "whiteSpace" : false
    }, {
      "id" : "s0-t18",
      "begin" : 99,
      "end" : 103,
      "text" : "aspx",
      "whiteSpace" : false
    }, {
      "id" : "s0-t19",
      "begin" : 103,
      "end" : 104,
      "text" : ",",
      "whiteSpace" : false
    }, {
      "id" : "s0-t20",
      "begin" : 105,
      "end" : 108,
      "text" : "cfm",
      "whiteSpace" : false
    }, {
      "id" : "s0-t21",
      "begin" : 108,
      "end" : 109,
      "text" : ",",
      "whiteSpace" : false
    }, {
      "id" : "s0-t22",
      "begin" : 110,
      "end" : 114,
      "text" : "html",
      "whiteSpace" : false
    }, {
      "id" : "s0-t23",
      "begin" : 114,
      "end" : 115,
      "text" : ",",
      "whiteSpace" : false
    }, {
      "id" : "s0-t24",
      "begin" : 116,
      "end" : 121,
      "text" : "jhtml",
      "whiteSpace" : false
    }, {
      "id" : "s0-t25",
      "begin" : 121,
      "end" : 122,
      "text" : ",",
      "whiteSpace" : false
    }, {
      "id" : "s0-t26",
      "begin" : 123,
      "end" : 126,
      "text" : "jsp",
      "whiteSpace" : false
    }, {
      "id" : "s0-t27",
      "begin" : 126,
      "end" : 127,
      "text" : ",",
      "whiteSpace" : false
    }, {
      "id" : "s0-t28",
      "begin" : 128,
      "end" : 130,
      "text" : "or",
      "whiteSpace" : false
    }, {
      "id" : "s0-t29",
      "begin" : 131,
      "end" : 136,
      "text" : "shtml",
      "whiteSpace" : false
    }, {
      "id" : "s0-t30",
      "begin" : 136,
      "end" : 137,
      "text" : ")",
      "whiteSpace" : false
    }, {
      "id" : "s0-t31",
      "begin" : 137,
      "end" : 138,
      "text" : ",",
      "whiteSpace" : false
    }, {
      "id" : "s0-t32",
      "begin" : 139,
      "end" : 144,
      "text" : "which",
      "whiteSpace" : false
    }, {
      "id" : "s0-t33",
      "begin" : 145,
      "end" : 151,
      "text" : "causes",
      "whiteSpace" : false
    }, {
      "id" : "s0-t34",
      "begin" : 152,
      "end" : 158,
      "text" : "remote",
      "whiteSpace" : false
    }, {
      "id" : "s0-t35",
      "begin" : 159,
      "end" : 163,
      "text" : "code",
      "whiteSpace" : false
    }, {
      "id" : "s0-t36",
      "begin" : 164,
      "end" : 173,
      "text" : "execution",
      "whiteSpace" : false
    }, {
      "id" : "s0-t37",
      "begin" : 174,
      "end" : 176,
      "text" : "as",
      "whiteSpace" : false
    }, {
      "id" : "s0-t38",
      "begin" : 177,
      "end" : 181,
      "text" : "well",
      "whiteSpace" : false
    }, {
      "id" : "s0-t39",
      "begin" : 181,
      "end" : 182,
      "text" : ".",
      "whiteSpace" : false
    } ]
  }, {
    "id" : "s1",
    "begin" : 183,
    "end" : 283,
    "text" : "Because of the WebDAV feature, it is possible to upload arbitrary files by utilizing the PUT method.",
    "tokens" : [ {
      "id" : "s1-t0",
      "begin" : 183,
      "end" : 190,
      "text" : "Because",
      "whiteSpace" : false
    }, {
      "id" : "s1-t1",
      "begin" : 191,
      "end" : 193,
      "text" : "of",
      "whiteSpace" : false
    }, {
      "id" : "s1-t2",
      "begin" : 194,
      "end" : 197,
      "text" : "the",
      "whiteSpace" : false
    }, {
      "id" : "s1-t3",
      "begin" : 198,
      "end" : 204,
      "text" : "WebDAV",
      "whiteSpace" : false
    }, {
      "id" : "s1-t4",
      "begin" : 205,
      "end" : 212,
      "text" : "feature",
      "whiteSpace" : false
    }, {
      "id" : "s1-t5",
      "begin" : 212,
      "end" : 213,
      "text" : ",",
      "whiteSpace" : false
    }, {
      "id" : "s1-t6",
      "begin" : 214,
      "end" : 216,
      "text" : "it",
      "whiteSpace" : false
    }, {
      "id" : "s1-t7",
      "begin" : 217,
      "end" : 219,
      "text" : "is",
      "whiteSpace" : false
    }, {
      "id" : "s1-t8",
      "begin" : 220,
      "end" : 228,
      "text" : "possible",
      "whiteSpace" : false
    }, {
      "id" : "s1-t9",
      "begin" : 229,
      "end" : 231,
      "text" : "to",
      "whiteSpace" : false
    }, {
      "id" : "s1-t10",
      "begin" : 232,
      "end" : 238,
      "text" : "upload",
      "whiteSpace" : false
    }, {
      "id" : "s1-t11",
      "begin" : 239,
      "end" : 248,
      "text" : "arbitrary",
      "whiteSpace" : false
    }, {
      "id" : "s1-t12",
      "begin" : 249,
      "end" : 254,
      "text" : "files",
      "whiteSpace" : false
    }, {
      "id" : "s1-t13",
      "begin" : 255,
      "end" : 257,
      "text" : "by",
      "whiteSpace" : false
    }, {
      "id" : "s1-t14",
      "begin" : 258,
      "end" : 267,
      "text" : "utilizing",
      "whiteSpace" : false
    }, {
      "id" : "s1-t15",
      "begin" : 268,
      "end" : 271,
      "text" : "the",
      "whiteSpace" : false
    }, {
      "id" : "s1-t16",
      "begin" : 272,
      "end" : 275,
      "text" : "PUT",
      "whiteSpace" : false
    }, {
      "id" : "s1-t17",
      "begin" : 276,
      "end" : 282,
      "text" : "method",
      "whiteSpace" : false
    }, {
      "id" : "s1-t18",
      "begin" : 282,
      "end" : 283,
      "text" : ".",
      "whiteSpace" : false
    } ]
  }, {
    "id" : "s2",
    "begin" : 284,
    "end" : 420,
    "text" : "| EXPLOIT-DB:45021   |   URL:https://www.exploit-db.com/exploits/45021/   |   MISC:https://github.com/safakaslan/CelaLinkCLRM20/issues/1",
    "tokens" : [ {
      "id" : "s2-t0",
      "begin" : 284,
      "end" : 285,
      "text" : "|",
      "whiteSpace" : false
    }, {
      "id" : "s2-t1",
      "begin" : 286,
      "end" : 296,
      "text" : "EXPLOIT-DB",
      "whiteSpace" : false
    }, {
      "id" : "s2-t2",
      "begin" : 296,
      "end" : 297,
      "text" : ":",
      "whiteSpace" : false
    }, {
      "id" : "s2-t3",
      "begin" : 297,
      "end" : 302,
      "text" : "45021",
      "whiteSpace" : false
    }, {
      "id" : "s2-t4",
      "begin" : 305,
      "end" : 306,
      "text" : "|",
      "whiteSpace" : false
    }, {
      "id" : "s2-t5",
      "begin" : 309,
      "end" : 354,
      "text" : "URL:https://www.exploit-db.com/exploits/45021",
      "whiteSpace" : false
    }, {
      "id" : "s2-t6",
      "begin" : 354,
      "end" : 355,
      "text" : "/",
      "whiteSpace" : false
    }, {
      "id" : "s2-t7",
      "begin" : 358,
      "end" : 359,
      "text" : "|",
      "whiteSpace" : false
    }, {
      "id" : "s2-t8",
      "begin" : 362,
      "end" : 420,
      "text" : "MISC:https://github.com/safakaslan/CelaLinkCLRM20/issues/1",
      "whiteSpace" : false
    } ]
  } ],
  "mentions" : [ ],
  "relations" : [ ],
  "corefs" : [ ],
  "typeResolved" : true,
  "userResolved" : false
}