{
  "id" : "cb44ad30-e5bf-11e8-ac51-0ddb2b53e7d9-2987",
  "name" : "CVE-2018-15124",
  "createdDate" : 0,
  "version" : 3,
  "text" : "CVE-2018-15124 | Weak hashing algorithm in Zipato Zipabox Smart Home Controller BOARD REV - 1 with System Version -118 allows unauthenticated attacker extract clear text passwords and get root access on the device. | MISC:https://ics-cert.kaspersky.com/advisories/klcert-advisories/2018/08/08/klcert-18-004-zipato-zipabox-weak-hash-algorithm/",
  "docLength" : 0,
  "language" : "EN",
  "status" : "READY",
  "modifiedDate" : 1541947254783,
  "documentSet" : [ ],
  "preannotation" : [ ],
  "sentences" : [ {
    "id" : "s0",
    "begin" : 0,
    "end" : 214,
    "text" : "CVE-2018-15124 | Weak hashing algorithm in Zipato Zipabox Smart Home Controller BOARD REV - 1 with System Version -118 allows unauthenticated attacker extract clear text passwords and get root access on the device.",
    "tokens" : [ {
      "id" : "s0-t0",
      "begin" : 0,
      "end" : 14,
      "text" : "CVE-2018-15124",
      "whiteSpace" : false
    }, {
      "id" : "s0-t1",
      "begin" : 15,
      "end" : 16,
      "text" : "|",
      "whiteSpace" : false
    }, {
      "id" : "s0-t2",
      "begin" : 17,
      "end" : 21,
      "text" : "Weak",
      "whiteSpace" : false
    }, {
      "id" : "s0-t3",
      "begin" : 22,
      "end" : 29,
      "text" : "hashing",
      "whiteSpace" : false
    }, {
      "id" : "s0-t4",
      "begin" : 30,
      "end" : 39,
      "text" : "algorithm",
      "whiteSpace" : false
    }, {
      "id" : "s0-t5",
      "begin" : 40,
      "end" : 42,
      "text" : "in",
      "whiteSpace" : false
    }, {
      "id" : "s0-t6",
      "begin" : 43,
      "end" : 49,
      "text" : "Zipato",
      "whiteSpace" : false
    }, {
      "id" : "s0-t7",
      "begin" : 50,
      "end" : 57,
      "text" : "Zipabox",
      "whiteSpace" : false
    }, {
      "id" : "s0-t8",
      "begin" : 58,
      "end" : 63,
      "text" : "Smart",
      "whiteSpace" : false
    }, {
      "id" : "s0-t9",
      "begin" : 64,
      "end" : 68,
      "text" : "Home",
      "whiteSpace" : false
    }, {
      "id" : "s0-t10",
      "begin" : 69,
      "end" : 79,
      "text" : "Controller",
      "whiteSpace" : false
    }, {
      "id" : "s0-t11",
      "begin" : 80,
      "end" : 85,
      "text" : "BOARD",
      "whiteSpace" : false
    }, {
      "id" : "s0-t12",
      "begin" : 86,
      "end" : 89,
      "text" : "REV",
      "whiteSpace" : false
    }, {
      "id" : "s0-t13",
      "begin" : 90,
      "end" : 91,
      "text" : "-",
      "whiteSpace" : false
    }, {
      "id" : "s0-t14",
      "begin" : 92,
      "end" : 93,
      "text" : "1",
      "whiteSpace" : false
    }, {
      "id" : "s0-t15",
      "begin" : 94,
      "end" : 98,
      "text" : "with",
      "whiteSpace" : false
    }, {
      "id" : "s0-t16",
      "begin" : 99,
      "end" : 105,
      "text" : "System",
      "whiteSpace" : false
    }, {
      "id" : "s0-t17",
      "begin" : 106,
      "end" : 113,
      "text" : "Version",
      "whiteSpace" : false
    }, {
      "id" : "s0-t18",
      "begin" : 114,
      "end" : 118,
      "text" : "-118",
      "whiteSpace" : false
    }, {
      "id" : "s0-t19",
      "begin" : 119,
      "end" : 125,
      "text" : "allows",
      "whiteSpace" : false
    }, {
      "id" : "s0-t20",
      "begin" : 126,
      "end" : 141,
      "text" : "unauthenticated",
      "whiteSpace" : false
    }, {
      "id" : "s0-t21",
      "begin" : 142,
      "end" : 150,
      "text" : "attacker",
      "whiteSpace" : false
    }, {
      "id" : "s0-t22",
      "begin" : 151,
      "end" : 158,
      "text" : "extract",
      "whiteSpace" : false
    }, {
      "id" : "s0-t23",
      "begin" : 159,
      "end" : 164,
      "text" : "clear",
      "whiteSpace" : false
    }, {
      "id" : "s0-t24",
      "begin" : 165,
      "end" : 169,
      "text" : "text",
      "whiteSpace" : false
    }, {
      "id" : "s0-t25",
      "begin" : 170,
      "end" : 179,
      "text" : "passwords",
      "whiteSpace" : false
    }, {
      "id" : "s0-t26",
      "begin" : 180,
      "end" : 183,
      "text" : "and",
      "whiteSpace" : false
    }, {
      "id" : "s0-t27",
      "begin" : 184,
      "end" : 187,
      "text" : "get",
      "whiteSpace" : false
    }, {
      "id" : "s0-t28",
      "begin" : 188,
      "end" : 192,
      "text" : "root",
      "whiteSpace" : false
    }, {
      "id" : "s0-t29",
      "begin" : 193,
      "end" : 199,
      "text" : "access",
      "whiteSpace" : false
    }, {
      "id" : "s0-t30",
      "begin" : 200,
      "end" : 202,
      "text" : "on",
      "whiteSpace" : false
    }, {
      "id" : "s0-t31",
      "begin" : 203,
      "end" : 206,
      "text" : "the",
      "whiteSpace" : false
    }, {
      "id" : "s0-t32",
      "begin" : 207,
      "end" : 213,
      "text" : "device",
      "whiteSpace" : false
    }, {
      "id" : "s0-t33",
      "begin" : 213,
      "end" : 214,
      "text" : ".",
      "whiteSpace" : false
    } ]
  }, {
    "id" : "s1",
    "begin" : 215,
    "end" : 342,
    "text" : "| MISC:https://ics-cert.kaspersky.com/advisories/klcert-advisories/2018/08/08/klcert-18-004-zipato-zipabox-weak-hash-algorithm/",
    "tokens" : [ {
      "id" : "s1-t0",
      "begin" : 215,
      "end" : 216,
      "text" : "|",
      "whiteSpace" : false
    }, {
      "id" : "s1-t1",
      "begin" : 217,
      "end" : 233,
      "text" : "MISC:https://ics",
      "whiteSpace" : false
    }, {
      "id" : "s1-t2",
      "begin" : 233,
      "end" : 234,
      "text" : "-",
      "whiteSpace" : false
    }, {
      "id" : "s1-t3",
      "begin" : 234,
      "end" : 270,
      "text" : "cert.kaspersky.com/advisories/klcert",
      "whiteSpace" : false
    }, {
      "id" : "s1-t4",
      "begin" : 270,
      "end" : 271,
      "text" : "-",
      "whiteSpace" : false
    }, {
      "id" : "s1-t5",
      "begin" : 271,
      "end" : 342,
      "text" : "advisories/2018/08/08/klcert-18-004-zipato-zipabox-weak-hash-algorithm/",
      "whiteSpace" : false
    } ]
  } ],
  "mentions" : [ ],
  "relations" : [ ],
  "corefs" : [ ],
  "typeResolved" : true,
  "userResolved" : false
}