{
  "id" : "cb44ad30-e5bf-11e8-ac51-0ddb2b53e7d9-2923",
  "name" : "CVE-2018-1529",
  "createdDate" : 0,
  "version" : 3,
  "text" : "CVE-2018-1529 | IBM Rational DOORS Next Generation 5.0 through 5.0.2, 6.0 through 6.0.5 and IBM Rational Requirements Composer 5.0 through 5.0.2 are vulnerable to cross-site scripting. This vulnerability allows users to embed arbitrary JavaScript code in the Web UI thus altering the intended functionality potentially leading to credentials disclosure within a trusted session. IBM X-Force ID: 142291. | CONFIRM:http://www.ibm.com/support/docview.wss?uid=ibm10717531   |   BID:104928   |   URL:http://www.securityfocus.com/bid/104928   |   XF:ibm-dng-cve20181529-xss(142291)   |   URL:https://exchange.xforce.ibmcloud.com/vulnerabilities/142291",
  "docLength" : 0,
  "language" : "EN",
  "status" : "READY",
  "modifiedDate" : 1541947254783,
  "documentSet" : [ ],
  "preannotation" : [ ],
  "sentences" : [ {
    "id" : "s0",
    "begin" : 0,
    "end" : 184,
    "text" : "CVE-2018-1529 | IBM Rational DOORS Next Generation 5.0 through 5.0.2, 6.0 through 6.0.5 and IBM Rational Requirements Composer 5.0 through 5.0.2 are vulnerable to cross-site scripting.",
    "tokens" : [ {
      "id" : "s0-t0",
      "begin" : 0,
      "end" : 13,
      "text" : "CVE-2018-1529",
      "whiteSpace" : false
    }, {
      "id" : "s0-t1",
      "begin" : 14,
      "end" : 15,
      "text" : "|",
      "whiteSpace" : false
    }, {
      "id" : "s0-t2",
      "begin" : 16,
      "end" : 19,
      "text" : "IBM",
      "whiteSpace" : false
    }, {
      "id" : "s0-t3",
      "begin" : 20,
      "end" : 28,
      "text" : "Rational",
      "whiteSpace" : false
    }, {
      "id" : "s0-t4",
      "begin" : 29,
      "end" : 34,
      "text" : "DOORS",
      "whiteSpace" : false
    }, {
      "id" : "s0-t5",
      "begin" : 35,
      "end" : 39,
      "text" : "Next",
      "whiteSpace" : false
    }, {
      "id" : "s0-t6",
      "begin" : 40,
      "end" : 50,
      "text" : "Generation",
      "whiteSpace" : false
    }, {
      "id" : "s0-t7",
      "begin" : 51,
      "end" : 54,
      "text" : "5.0",
      "whiteSpace" : false
    }, {
      "id" : "s0-t8",
      "begin" : 55,
      "end" : 62,
      "text" : "through",
      "whiteSpace" : false
    }, {
      "id" : "s0-t9",
      "begin" : 63,
      "end" : 68,
      "text" : "5.0.2",
      "whiteSpace" : false
    }, {
      "id" : "s0-t10",
      "begin" : 68,
      "end" : 69,
      "text" : ",",
      "whiteSpace" : false
    }, {
      "id" : "s0-t11",
      "begin" : 70,
      "end" : 73,
      "text" : "6.0",
      "whiteSpace" : false
    }, {
      "id" : "s0-t12",
      "begin" : 74,
      "end" : 81,
      "text" : "through",
      "whiteSpace" : false
    }, {
      "id" : "s0-t13",
      "begin" : 82,
      "end" : 87,
      "text" : "6.0.5",
      "whiteSpace" : false
    }, {
      "id" : "s0-t14",
      "begin" : 88,
      "end" : 91,
      "text" : "and",
      "whiteSpace" : false
    }, {
      "id" : "s0-t15",
      "begin" : 92,
      "end" : 95,
      "text" : "IBM",
      "whiteSpace" : false
    }, {
      "id" : "s0-t16",
      "begin" : 96,
      "end" : 104,
      "text" : "Rational",
      "whiteSpace" : false
    }, {
      "id" : "s0-t17",
      "begin" : 105,
      "end" : 117,
      "text" : "Requirements",
      "whiteSpace" : false
    }, {
      "id" : "s0-t18",
      "begin" : 118,
      "end" : 126,
      "text" : "Composer",
      "whiteSpace" : false
    }, {
      "id" : "s0-t19",
      "begin" : 127,
      "end" : 130,
      "text" : "5.0",
      "whiteSpace" : false
    }, {
      "id" : "s0-t20",
      "begin" : 131,
      "end" : 138,
      "text" : "through",
      "whiteSpace" : false
    }, {
      "id" : "s0-t21",
      "begin" : 139,
      "end" : 144,
      "text" : "5.0.2",
      "whiteSpace" : false
    }, {
      "id" : "s0-t22",
      "begin" : 145,
      "end" : 148,
      "text" : "are",
      "whiteSpace" : false
    }, {
      "id" : "s0-t23",
      "begin" : 149,
      "end" : 159,
      "text" : "vulnerable",
      "whiteSpace" : false
    }, {
      "id" : "s0-t24",
      "begin" : 160,
      "end" : 162,
      "text" : "to",
      "whiteSpace" : false
    }, {
      "id" : "s0-t25",
      "begin" : 163,
      "end" : 168,
      "text" : "cross",
      "whiteSpace" : false
    }, {
      "id" : "s0-t26",
      "begin" : 168,
      "end" : 169,
      "text" : "-",
      "whiteSpace" : false
    }, {
      "id" : "s0-t27",
      "begin" : 169,
      "end" : 173,
      "text" : "site",
      "whiteSpace" : false
    }, {
      "id" : "s0-t28",
      "begin" : 174,
      "end" : 183,
      "text" : "scripting",
      "whiteSpace" : false
    }, {
      "id" : "s0-t29",
      "begin" : 183,
      "end" : 184,
      "text" : ".",
      "whiteSpace" : false
    } ]
  }, {
    "id" : "s1",
    "begin" : 185,
    "end" : 378,
    "text" : "This vulnerability allows users to embed arbitrary JavaScript code in the Web UI thus altering the intended functionality potentially leading to credentials disclosure within a trusted session.",
    "tokens" : [ {
      "id" : "s1-t0",
      "begin" : 185,
      "end" : 189,
      "text" : "This",
      "whiteSpace" : false
    }, {
      "id" : "s1-t1",
      "begin" : 190,
      "end" : 203,
      "text" : "vulnerability",
      "whiteSpace" : false
    }, {
      "id" : "s1-t2",
      "begin" : 204,
      "end" : 210,
      "text" : "allows",
      "whiteSpace" : false
    }, {
      "id" : "s1-t3",
      "begin" : 211,
      "end" : 216,
      "text" : "users",
      "whiteSpace" : false
    }, {
      "id" : "s1-t4",
      "begin" : 217,
      "end" : 219,
      "text" : "to",
      "whiteSpace" : false
    }, {
      "id" : "s1-t5",
      "begin" : 220,
      "end" : 225,
      "text" : "embed",
      "whiteSpace" : false
    }, {
      "id" : "s1-t6",
      "begin" : 226,
      "end" : 235,
      "text" : "arbitrary",
      "whiteSpace" : false
    }, {
      "id" : "s1-t7",
      "begin" : 236,
      "end" : 246,
      "text" : "JavaScript",
      "whiteSpace" : false
    }, {
      "id" : "s1-t8",
      "begin" : 247,
      "end" : 251,
      "text" : "code",
      "whiteSpace" : false
    }, {
      "id" : "s1-t9",
      "begin" : 252,
      "end" : 254,
      "text" : "in",
      "whiteSpace" : false
    }, {
      "id" : "s1-t10",
      "begin" : 255,
      "end" : 258,
      "text" : "the",
      "whiteSpace" : false
    }, {
      "id" : "s1-t11",
      "begin" : 259,
      "end" : 262,
      "text" : "Web",
      "whiteSpace" : false
    }, {
      "id" : "s1-t12",
      "begin" : 263,
      "end" : 265,
      "text" : "UI",
      "whiteSpace" : false
    }, {
      "id" : "s1-t13",
      "begin" : 266,
      "end" : 270,
      "text" : "thus",
      "whiteSpace" : false
    }, {
      "id" : "s1-t14",
      "begin" : 271,
      "end" : 279,
      "text" : "altering",
      "whiteSpace" : false
    }, {
      "id" : "s1-t15",
      "begin" : 280,
      "end" : 283,
      "text" : "the",
      "whiteSpace" : false
    }, {
      "id" : "s1-t16",
      "begin" : 284,
      "end" : 292,
      "text" : "intended",
      "whiteSpace" : false
    }, {
      "id" : "s1-t17",
      "begin" : 293,
      "end" : 306,
      "text" : "functionality",
      "whiteSpace" : false
    }, {
      "id" : "s1-t18",
      "begin" : 307,
      "end" : 318,
      "text" : "potentially",
      "whiteSpace" : false
    }, {
      "id" : "s1-t19",
      "begin" : 319,
      "end" : 326,
      "text" : "leading",
      "whiteSpace" : false
    }, {
      "id" : "s1-t20",
      "begin" : 327,
      "end" : 329,
      "text" : "to",
      "whiteSpace" : false
    }, {
      "id" : "s1-t21",
      "begin" : 330,
      "end" : 341,
      "text" : "credentials",
      "whiteSpace" : false
    }, {
      "id" : "s1-t22",
      "begin" : 342,
      "end" : 352,
      "text" : "disclosure",
      "whiteSpace" : false
    }, {
      "id" : "s1-t23",
      "begin" : 353,
      "end" : 359,
      "text" : "within",
      "whiteSpace" : false
    }, {
      "id" : "s1-t24",
      "begin" : 360,
      "end" : 361,
      "text" : "a",
      "whiteSpace" : false
    }, {
      "id" : "s1-t25",
      "begin" : 362,
      "end" : 369,
      "text" : "trusted",
      "whiteSpace" : false
    }, {
      "id" : "s1-t26",
      "begin" : 370,
      "end" : 377,
      "text" : "session",
      "whiteSpace" : false
    }, {
      "id" : "s1-t27",
      "begin" : 377,
      "end" : 378,
      "text" : ".",
      "whiteSpace" : false
    } ]
  }, {
    "id" : "s2",
    "begin" : 379,
    "end" : 402,
    "text" : "IBM X-Force ID: 142291.",
    "tokens" : [ {
      "id" : "s2-t0",
      "begin" : 379,
      "end" : 382,
      "text" : "IBM",
      "whiteSpace" : false
    }, {
      "id" : "s2-t1",
      "begin" : 383,
      "end" : 390,
      "text" : "X-Force",
      "whiteSpace" : false
    }, {
      "id" : "s2-t2",
      "begin" : 391,
      "end" : 393,
      "text" : "ID",
      "whiteSpace" : false
    }, {
      "id" : "s2-t3",
      "begin" : 393,
      "end" : 394,
      "text" : ":",
      "whiteSpace" : false
    }, {
      "id" : "s2-t4",
      "begin" : 395,
      "end" : 401,
      "text" : "142291",
      "whiteSpace" : false
    }, {
      "id" : "s2-t5",
      "begin" : 401,
      "end" : 402,
      "text" : ".",
      "whiteSpace" : false
    } ]
  }, {
    "id" : "s3",
    "begin" : 403,
    "end" : 645,
    "text" : "| CONFIRM:http://www.ibm.com/support/docview.wss?uid=ibm10717531   |   BID:104928   |   URL:http://www.securityfocus.com/bid/104928   |   XF:ibm-dng-cve20181529-xss(142291)   |   URL:https://exchange.xforce.ibmcloud.com/vulnerabilities/142291",
    "tokens" : [ {
      "id" : "s3-t0",
      "begin" : 403,
      "end" : 404,
      "text" : "|",
      "whiteSpace" : false
    }, {
      "id" : "s3-t1",
      "begin" : 405,
      "end" : 467,
      "text" : "CONFIRM:http://www.ibm.com/support/docview.wss?uid=ibm10717531",
      "whiteSpace" : false
    }, {
      "id" : "s3-t2",
      "begin" : 470,
      "end" : 471,
      "text" : "|",
      "whiteSpace" : false
    }, {
      "id" : "s3-t3",
      "begin" : 474,
      "end" : 477,
      "text" : "BID",
      "whiteSpace" : false
    }, {
      "id" : "s3-t4",
      "begin" : 477,
      "end" : 478,
      "text" : ":",
      "whiteSpace" : false
    }, {
      "id" : "s3-t5",
      "begin" : 478,
      "end" : 484,
      "text" : "104928",
      "whiteSpace" : false
    }, {
      "id" : "s3-t6",
      "begin" : 487,
      "end" : 488,
      "text" : "|",
      "whiteSpace" : false
    }, {
      "id" : "s3-t7",
      "begin" : 491,
      "end" : 528,
      "text" : "URL:http://www.securityfocus.com/bid/",
      "whiteSpace" : false
    }, {
      "id" : "s3-t8",
      "begin" : 528,
      "end" : 534,
      "text" : "104928",
      "whiteSpace" : false
    }, {
      "id" : "s3-t9",
      "begin" : 537,
      "end" : 538,
      "text" : "|",
      "whiteSpace" : false
    }, {
      "id" : "s3-t10",
      "begin" : 541,
      "end" : 543,
      "text" : "XF",
      "whiteSpace" : false
    }, {
      "id" : "s3-t11",
      "begin" : 543,
      "end" : 547,
      "text" : ":ibm",
      "whiteSpace" : false
    }, {
      "id" : "s3-t12",
      "begin" : 547,
      "end" : 548,
      "text" : "-",
      "whiteSpace" : false
    }, {
      "id" : "s3-t13",
      "begin" : 548,
      "end" : 551,
      "text" : "dng",
      "whiteSpace" : false
    }, {
      "id" : "s3-t14",
      "begin" : 551,
      "end" : 552,
      "text" : "-",
      "whiteSpace" : false
    }, {
      "id" : "s3-t15",
      "begin" : 552,
      "end" : 563,
      "text" : "cve20181529",
      "whiteSpace" : false
    }, {
      "id" : "s3-t16",
      "begin" : 563,
      "end" : 564,
      "text" : "-",
      "whiteSpace" : false
    }, {
      "id" : "s3-t17",
      "begin" : 564,
      "end" : 567,
      "text" : "xss",
      "whiteSpace" : false
    }, {
      "id" : "s3-t18",
      "begin" : 567,
      "end" : 568,
      "text" : "(",
      "whiteSpace" : false
    }, {
      "id" : "s3-t19",
      "begin" : 568,
      "end" : 574,
      "text" : "142291",
      "whiteSpace" : false
    }, {
      "id" : "s3-t20",
      "begin" : 574,
      "end" : 575,
      "text" : ")",
      "whiteSpace" : false
    }, {
      "id" : "s3-t21",
      "begin" : 578,
      "end" : 579,
      "text" : "|",
      "whiteSpace" : false
    }, {
      "id" : "s3-t22",
      "begin" : 582,
      "end" : 639,
      "text" : "URL:https://exchange.xforce.ibmcloud.com/vulnerabilities/",
      "whiteSpace" : false
    }, {
      "id" : "s3-t23",
      "begin" : 639,
      "end" : 645,
      "text" : "142291",
      "whiteSpace" : false
    } ]
  } ],
  "mentions" : [ ],
  "relations" : [ ],
  "corefs" : [ ],
  "typeResolved" : true,
  "userResolved" : false
}