{
  "id" : "cb44ad30-e5bf-11e8-ac51-0ddb2b53e7d9-2900",
  "name" : "CVE-2018-15350",
  "createdDate" : 0,
  "version" : 3,
  "text" : "CVE-2018-15350 | Router Default Credentials in Kraftway 24F2XG Router firmware version 3.5.30.1118 allow remote attackers to get privileged access to the router. | MISC:https://ics-cert.kaspersky.com/advisories/klcert-advisories/2018/08/17/klcert-18-006-kraftway-24f2xg-router-default-credentials/",
  "docLength" : 0,
  "language" : "EN",
  "status" : "READY",
  "modifiedDate" : 1541947254783,
  "documentSet" : [ ],
  "preannotation" : [ ],
  "sentences" : [ {
    "id" : "s0",
    "begin" : 0,
    "end" : 161,
    "text" : "CVE-2018-15350 | Router Default Credentials in Kraftway 24F2XG Router firmware version 3.5.30.1118 allow remote attackers to get privileged access to the router.",
    "tokens" : [ {
      "id" : "s0-t0",
      "begin" : 0,
      "end" : 14,
      "text" : "CVE-2018-15350",
      "whiteSpace" : false
    }, {
      "id" : "s0-t1",
      "begin" : 15,
      "end" : 16,
      "text" : "|",
      "whiteSpace" : false
    }, {
      "id" : "s0-t2",
      "begin" : 17,
      "end" : 23,
      "text" : "Router",
      "whiteSpace" : false
    }, {
      "id" : "s0-t3",
      "begin" : 24,
      "end" : 31,
      "text" : "Default",
      "whiteSpace" : false
    }, {
      "id" : "s0-t4",
      "begin" : 32,
      "end" : 43,
      "text" : "Credentials",
      "whiteSpace" : false
    }, {
      "id" : "s0-t5",
      "begin" : 44,
      "end" : 46,
      "text" : "in",
      "whiteSpace" : false
    }, {
      "id" : "s0-t6",
      "begin" : 47,
      "end" : 55,
      "text" : "Kraftway",
      "whiteSpace" : false
    }, {
      "id" : "s0-t7",
      "begin" : 56,
      "end" : 62,
      "text" : "24F2XG",
      "whiteSpace" : false
    }, {
      "id" : "s0-t8",
      "begin" : 63,
      "end" : 69,
      "text" : "Router",
      "whiteSpace" : false
    }, {
      "id" : "s0-t9",
      "begin" : 70,
      "end" : 78,
      "text" : "firmware",
      "whiteSpace" : false
    }, {
      "id" : "s0-t10",
      "begin" : 79,
      "end" : 86,
      "text" : "version",
      "whiteSpace" : false
    }, {
      "id" : "s0-t11",
      "begin" : 87,
      "end" : 98,
      "text" : "3.5.30.1118",
      "whiteSpace" : false
    }, {
      "id" : "s0-t12",
      "begin" : 99,
      "end" : 104,
      "text" : "allow",
      "whiteSpace" : false
    }, {
      "id" : "s0-t13",
      "begin" : 105,
      "end" : 111,
      "text" : "remote",
      "whiteSpace" : false
    }, {
      "id" : "s0-t14",
      "begin" : 112,
      "end" : 121,
      "text" : "attackers",
      "whiteSpace" : false
    }, {
      "id" : "s0-t15",
      "begin" : 122,
      "end" : 124,
      "text" : "to",
      "whiteSpace" : false
    }, {
      "id" : "s0-t16",
      "begin" : 125,
      "end" : 128,
      "text" : "get",
      "whiteSpace" : false
    }, {
      "id" : "s0-t17",
      "begin" : 129,
      "end" : 139,
      "text" : "privileged",
      "whiteSpace" : false
    }, {
      "id" : "s0-t18",
      "begin" : 140,
      "end" : 146,
      "text" : "access",
      "whiteSpace" : false
    }, {
      "id" : "s0-t19",
      "begin" : 147,
      "end" : 149,
      "text" : "to",
      "whiteSpace" : false
    }, {
      "id" : "s0-t20",
      "begin" : 150,
      "end" : 153,
      "text" : "the",
      "whiteSpace" : false
    }, {
      "id" : "s0-t21",
      "begin" : 154,
      "end" : 160,
      "text" : "router",
      "whiteSpace" : false
    }, {
      "id" : "s0-t22",
      "begin" : 160,
      "end" : 161,
      "text" : ".",
      "whiteSpace" : false
    } ]
  }, {
    "id" : "s1",
    "begin" : 162,
    "end" : 297,
    "text" : "| MISC:https://ics-cert.kaspersky.com/advisories/klcert-advisories/2018/08/17/klcert-18-006-kraftway-24f2xg-router-default-credentials/",
    "tokens" : [ {
      "id" : "s1-t0",
      "begin" : 162,
      "end" : 163,
      "text" : "|",
      "whiteSpace" : false
    }, {
      "id" : "s1-t1",
      "begin" : 164,
      "end" : 180,
      "text" : "MISC:https://ics",
      "whiteSpace" : false
    }, {
      "id" : "s1-t2",
      "begin" : 180,
      "end" : 181,
      "text" : "-",
      "whiteSpace" : false
    }, {
      "id" : "s1-t3",
      "begin" : 181,
      "end" : 217,
      "text" : "cert.kaspersky.com/advisories/klcert",
      "whiteSpace" : false
    }, {
      "id" : "s1-t4",
      "begin" : 217,
      "end" : 218,
      "text" : "-",
      "whiteSpace" : false
    }, {
      "id" : "s1-t5",
      "begin" : 218,
      "end" : 297,
      "text" : "advisories/2018/08/17/klcert-18-006-kraftway-24f2xg-router-default-credentials/",
      "whiteSpace" : false
    } ]
  } ],
  "mentions" : [ ],
  "relations" : [ ],
  "corefs" : [ ],
  "typeResolved" : true,
  "userResolved" : false
}